1.797195487757033920e+10,1.921417967694396591e+10,2.573086660617979050e+10,1.579168324570667076e+10,1.613262477281105804e+10,1.336144230762690163e+10,1.745585199479861832e+10,1.807827491022331619e+10,1.680702699950428963e+10,2.181686710692375183e+10,2.073703210017393875e+10,2.618079563203879929e+10,2.042904112481101227e+10,1.512176467094470787e+10,1.634568107937290001e+10,2.028138033094427490e+10,2.134694374056619263e+10,2.296667718605690765e+10,3.893656409929354858e+10,2.514629805077558136e+10,2.545037046909410858e+10,2.483958376090402222e+10,2.262914787779081726e+10,2.451422664478378677e+10,3.121737320688648224e+10,2.133040785797117233e+10,2.368246910209666824e+10,2.447027490882183075e+10,2.352475207341913223e+10,2.508141600267569351e+10,2.534080120485769272e+10,2.473860850218752289e+10,2.151745864653568268e+10,2.154773928988264465e+10,3.501365340137390900e+10,2.162681265901880646e+10,2.561542723418336868e+10,2.064232305048568344e+10,1.772839192022755051e+10,2.023678299925444794e+10,1.926144544078449631e+10,2.362932148239936066e+10,1.503324118891727257e+10,1.994816240606610870e+10,2.371992692004267120e+10,1.748898832881167984e+10,1.794196410848883820e+10,2.006605633174499512e+10,2.297049972577285004e+10,1.806252056798593903e+10,1.953597371033950806e+10,2.201715008935670471e+10,2.083761776022668457e+10,2.822933450802202988e+10,1.807074590884544373e+10,1.536257413800006485e+10,2.648372452777050018e+10,2.756986649287371063e+10,2.384890946915636826e+10,2.102520242894625854e+10,1.814695798616791916e+10,1.649569245620031357e+10,2.321196937261625671e+10,1.557954950932903099e+10,1.678591518219015694e+10,2.313558602564324188e+10,2.286680458959832001e+10,2.632407083473438263e+10,2.026687895888178253e+10,2.116055869380406189e+10,2.480814403953031921e+10,1.846808615474494553e+10,2.516374574702647018e+10,2.345805540566736603e+10,2.718526726352639771e+10,2.213730005943919373e+10,2.854978693375508881e+10,2.277964928768518829e+10,3.884783880060089874e+10,2.014139733797011566e+10,2.270474036750128174e+10,1.960419680186712265e+10,2.120349297017777634e+10,2.667860614590475845e+10,2.066565928806110764e+10,1.864231923924805069e+10,2.672911846812533569e+10,1.766954420950353241e+10,2.610335604983701706e+10,2.002605419762062836e+10,2.423075081558903122e+10,2.051206161464701843e+10,1.880392242269437790e+10,1.733805352699465179e+10,1.909706645675841904e+10,1.754577581727182007e+10,1.707234939248515129e+10,2.198668247925159454e+10,1.616883602786003876e+10,1.542968887107895279e+10
1.390427249728025818e+10,2.133107821823871994e+10,1.639417575817353249e+10,2.163094239841124344e+10,2.288466903208961487e+10,2.651170143350426483e+10,1.721604228984682465e+10,1.747747379822076035e+10,1.564009323507831955e+10,2.405156743278904724e+10,1.801187266505533600e+10,3.263236876110571671e+10,2.484898058309297180e+10,1.884198039126006699e+10,2.008827234685204697e+10,1.792039916766177750e+10,2.618819144665425110e+10,1.857558167041769028e+10,1.727788042705737305e+10,2.290061233747969437e+10,1.833860746625327301e+10,1.952575479202264404e+10,1.585441468023204613e+10,1.945140750568503571e+10,2.418860267997301102e+10,1.661157328197239494e+10,2.211266232561304855e+10,2.295040000192610550e+10,1.684154616016459274e+10,2.487665131013682556e+10,2.294432140604968262e+10,1.707945843237403297e+10,2.432197521813809586e+10,1.848222856047535324e+10,2.172029480983618164e+10,2.524662697219299698e+10,1.847411086686566544e+10,2.834983420115720749e+10,2.240599100047682953e+10,1.895615930323286438e+10,3.780657879708819580e+10,3.191219730430692673e+10,1.840304341287385559e+10,1.877083909609618378e+10,1.915746073516758728e+10,1.551217796235296631e+10,2.412783653466946793e+10,2.124581342030862808e+10,2.079505477038586426e+10,1.937114034827292252e+10,1.808461707721191406e+10,2.007386373929056168e+10,2.269777992711174774e+10,1.878997319780699539e+10,1.891195516975331497e+10,1.942959684770212555e+10,2.232689099133552933e+10,2.341974854888006592e+10,1.774919073510674286e+10,2.156352573688735580e+10,1.931623590626165771e+10,2.251764089365404892e+10,2.052097057392169189e+10,2.610038287045972824e+10,2.797355300479331970e+10,2.259164252667926407e+10,1.709748239489630127e+10,1.928324243697597885e+10,2.107743515881200027e+10,1.939133427420663452e+10,1.928496992170346451e+10,1.684263718997858620e+10,3.392898351993785095e+10,2.857561441826237488e+10,2.292827510241525650e+10,2.440944986934518814e+10,2.891813468152095795e+10,1.478796093345387268e+10,1.896025064419464111e+10,1.978013347845712280e+10,2.465097093211154175e+10,1.873032099232832718e+10,3.361577429471404266e+10,2.377283526496947479e+10,3.467661724836533356e+10,2.289766510349591446e+10,2.010440623556736755e+10,2.247837780825311661e+10,1.953542165741188812e+10,1.666645069060939217e+10,1.941060698106062317e+10,1.398372838601850510e+10,2.257832027576488876e+10,1.942567180140461731e+10,1.697125465351937485e+10,2.159327134021990204e+10,1.927809326333598709e+10,1.664563843832255936e+10,2.203640466433543396e+10,2.113199529617887878e+10
2.320846829813414764e+10,1.561634130411923790e+10,1.795689441696966171e+10,2.310870767631086349e+10,2.370112956250979996e+10,1.641475140570170212e+10,2.398228352556767273e+10,2.117091173830817795e+10,1.896781733453749084e+10,2.337820875656474304e+10,2.267758976207082748e+10,2.525466117720716476e+10,2.256480090437517929e+10,2.879098234049304581e+10,2.342589168693922424e+10,2.695223119850498962e+10,1.835114298131679916e+10,2.345138063184545517e+10,1.895214218729565048e+10,2.458564862620617676e+10,3.991242115022338104e+10,1.870459761874052048e+10,1.847441833273166656e+10,2.654513161615916443e+10,2.001662223540689087e+10,1.978144261803952789e+10,1.751749585026665497e+10,2.710865710898364258e+10,1.839654546412623978e+10,1.772393321251059341e+10,2.275135857013939667e+10,2.046541899055833435e+10,2.020918732247714615e+10,1.958681798258445740e+10,2.365775709493447113e+10,1.915458068438785172e+10,2.144413864924877167e+10,1.693084927045276451e+10,2.629728812146268082e+10,2.160755758823020554e+10,2.223064298423801422e+10,2.492345179258110809e+10,2.853181882494440079e+10,2.193949439052410126e+10,1.595406828013936234e+10,1.859948661235622406e+10,1.685115693939291763e+10,2.038730804304671097e+10,2.377881439890130615e+10,1.932788667907506180e+10,1.870365126384384918e+10,2.556587504231680298e+10,1.989106356194334412e+10,1.758018836486004257e+10,2.562475683547024536e+10,2.236593851844890213e+10,2.670269632574222946e+10,2.015982635385346985e+10,2.755882661319415665e+10,2.524953812859258270e+10,2.595218394247111130e+10,4.241489931187220764e+10,2.395011045634636307e+10,2.132557059645812225e+10,1.776883174279032135e+10,2.192244302610240173e+10,1.795655067089599609e+10,2.466696099961576462e+10,1.772581298631433487e+10,1.771885747806355667e+10,2.909260502813330460e+10,1.927305587855313110e+10,2.654179094342029190e+10,2.026467627253125000e+10,2.471682663584764862e+10,1.703513945119090462e+10,1.626269616745034409e+10,2.366888713220485306e+10,1.523968702152078819e+10,2.406148925710261536e+10,2.144699220690194321e+10,2.258124141099785995e+10,2.035827404346512604e+10,2.411844525763288116e+10,1.436064656421542168e+10,2.063540678244731522e+10,2.784159517858099365e+10,1.729413306552483749e+10,2.468390993705821609e+10,2.126235735477069855e+10,2.147505597161710739e+10,2.511572251857692337e+10,2.691811502288000107e+10,1.763954898598149109e+10,1.826837844230179214e+10,1.891334287054596710e+10,1.593869583771920013e+10,2.706190500042583466e+10,1.899447806526901245e+10,1.789547617392886734e+10
1.585863217643511772e+10,2.013185555668889618e+10,1.678733283205827713e+10,2.028102236182139969e+10,2.855534356492803955e+10,2.346169560889805603e+10,2.532836756280074310e+10,2.856929916481370926e+10,2.036637398546198273e+10,1.445493125246042061e+10,2.105022137434221268e+10,2.291661213484990692e+10,1.884874268123641968e+10,2.263100791391669083e+10,1.663108839469526863e+10,2.174067385446891403e+10,2.784477718708335495e+10,1.724720776574878693e+10,1.710239491034667015e+10,2.962221708419819260e+10,1.793937903366925049e+10,1.912917589036441040e+10,1.977935592456795502e+10,2.494141339672741699e+10,1.891065875470746231e+10,2.194556130896361923e+10,2.752032597317624283e+10,2.473677117645808792e+10,1.804378197071858978e+10,1.752951468123730850e+10,2.117487216266287994e+10,2.804586790990396500e+10,2.383685792024598312e+10,2.119090117508838654e+10,2.816896012905556107e+10,2.146767776177634811e+10,1.496843617344059372e+10,2.652595299272492981e+10,2.800190362930709839e+10,2.392429577163705826e+10,2.054745387725303268e+10,2.422444654904255295e+10,1.912203891023620224e+10,2.961653601686968231e+10,2.092891258965402985e+10,1.939438813196975327e+10,2.517025719006953812e+10,2.150678408101374435e+10,2.189822831374442673e+10,2.657890678782294083e+10,1.957869978005737305e+10,2.019180537255085754e+10,2.042490325979969788e+10,2.397972005179384995e+10,2.307778805199835205e+10,2.152654090073546219e+10,2.529213459683843613e+10,2.416038995732716370e+10,2.518669951396978760e+10,1.908875315294029236e+10,2.594817478177591705e+10,1.985911506253357315e+10,2.851952574282651138e+10,2.884157832708676147e+10,2.455629551130389404e+10,1.924478937265757370e+10,1.687414340853300858e+10,1.850092066091443253e+10,1.547540010275044632e+10,1.864830093101746368e+10,2.075775511376744080e+10,2.080274747030110550e+10,1.727058884367863464e+10,2.096206671256898880e+10,2.665103687215263748e+10,1.722905710939822388e+10,1.991214849344173813e+10,1.664324046561197090e+10,1.928064029411385345e+10,2.033902088532756805e+10,2.193772862977411652e+10,2.008019322973581696e+10,1.770364650342883682e+10,3.165973525985916138e+10,2.381105356883362579e+10,2.417189263424684143e+10,1.830879159632195663e+10,1.936382329631242752e+10,2.452777857941184616e+10,1.734238712589578629e+10,1.936198461979913330e+10,1.840194561705179214e+10,3.158110193506465149e+10,2.327889708261173248e+10,1.870592589130740738e+10,2.192872905040947723e+10,2.066769042875773621e+10,1.909774004793431473e+10,2.152470734660652924e+10,2.085834479671156311e+10
2.916604069414294815e+10,1.745320622388667679e+10,1.593606582502722168e+10,2.368914056665093994e+10,2.690501042841186523e+10,2.154376721088666916e+10,2.082219967297552490e+10,1.911027786615623856e+10,2.056846951772756958e+10,1.732538214296596527e+10,2.010434260371576309e+10,1.973738112234684372e+10,2.258273937841323090e+10,2.425128023295701599e+10,1.919599624508172989e+10,1.996465608552441788e+10,1.768576119490989685e+10,1.810660449875561142e+10,2.115844234977794266e+10,1.914814473436358643e+10,3.100043417726141739e+10,1.706223329966783905e+10,1.677828816197767639e+10,2.358530813096896362e+10,1.982288628068347168e+10,1.857508765193739319e+10,1.885341323399272537e+10,1.767687092615582275e+10,1.794302125744427872e+10,2.319085109345323563e+10,1.695233926603709412e+10,1.894423393530387497e+10,2.002972703026471710e+10,1.838244704394164658e+10,1.612890046643786240e+10,1.965579569086706543e+10,3.092596463928421783e+10,1.425161826940025139e+10,2.216379060970126724e+10,3.790965453445908356e+10,1.492280700424353218e+10,1.763798174398849487e+10,2.538590285240219116e+10,1.761978135611928558e+10,2.401948752319708633e+10,2.609888910838696289e+10,2.210724884454829407e+10,1.866086092683181381e+10,3.091154925004397964e+10,2.530657286361839676e+10,2.310709946077341080e+10,2.369846384830926132e+10,2.552700118211475372e+10,2.359171276700182724e+10,2.132895781653479004e+10,2.441649762274571609e+10,1.932024661394474030e+10,2.756071731668764496e+10,2.585243139538300323e+10,2.056748498412052917e+10,2.527680833346931458e+10,2.143792073327161789e+10,2.335775129952476501e+10,2.563448942970626068e+10,1.807655176678031921e+10,1.844934825212503433e+10,3.024112034248118973e+10,1.912630728550653458e+10,1.939054261900995255e+10,2.037698463034989548e+10,2.692342977236818314e+10,1.984969476834633636e+10,1.937882506408670044e+10,2.284428526568910599e+10,2.357054309277632523e+10,2.112374445969807053e+10,2.066877567984970474e+10,1.829625484327987289e+10,1.732086963356724930e+10,1.851118279904182816e+10,1.953581801452482986e+10,2.201984362470064926e+10,2.113820101709752274e+10,2.659212448821831131e+10,1.856402500655215073e+10,2.579245035854389572e+10,1.578108775352705383e+10,1.994816229832574463e+10,2.444804443497858429e+10,2.134110070537361908e+10,1.847522519208192062e+10,1.935991290126699066e+10,1.791124683640418625e+10,1.804983629454289246e+10,2.759053198959717178e+10,2.971302843044487762e+10,1.905044742163242722e+10,2.528472709128151321e+10,2.306543901914194489e+10,2.726695030203113556e+10
1.828335863748995590e+10,1.634246665228322411e+10,2.113115143839589310e+10,2.098274293886882019e+10,2.409302187220256805e+10,2.910359661691501617e+10,1.608986228032381439e+10,2.223791303271519089e+10,2.325074028177181244e+10,2.327072143036883545e+10,2.042266108901491928e+10,2.447917954498756409e+10,2.503619540056800461e+10,1.895190705175979233e+10,1.770146173351711273e+10,2.148131910845473480e+10,2.123508452339774323e+10,1.964292948362311935e+10,2.444219569688018799e+10,2.001529657883940506e+10,1.794202074894970322e+10,2.494357043093492889e+10,1.918567819190528870e+10,1.900130653439649582e+10,1.507523773022237587e+10,2.681886694040859222e+10,1.993725667493230820e+10,2.456441232614193726e+10,2.440734509803353500e+10,2.068363329243395996e+10,2.832324175799809647e+10,1.948664106713751221e+10,2.404270757866350174e+10,2.912939846467969513e+10,2.089283886080673599e+10,2.689797816680662918e+10,2.064444226291974258e+10,1.871251347699121475e+10,1.755103550028334808e+10,3.184055979685564041e+10,2.375602866151259613e+10,2.019799461523244858e+10,2.410713972696048737e+10,2.524810432234732819e+10,2.247611365479808044e+10,3.918172702653544617e+10,2.011768342189884949e+10,2.140256025954165268e+10,2.263152285111143494e+10,4.436316912407855225e+10,2.309068639378949738e+10,2.623310216093203354e+10,2.694279329285359573e+10,2.620372555704032135e+10,2.557913044601041412e+10,1.757696693773207092e+10,2.384705955552037430e+10,1.898204045467785263e+10,1.710642143224664688e+10,2.340952562977272034e+10,2.591428378389938736e+10,1.870388212084476471e+10,2.646570387742035294e+10,2.076993844768281555e+10,1.648178439827232361e+10,1.956899795402233124e+10,2.336676033087451553e+10,2.531817797581429291e+10,2.186122453228535461e+10,3.020955928364080048e+10,1.837348615992232132e+10,3.046698584299213409e+10,1.788241456256328201e+10,1.580398509857334709e+10,2.180874328838695908e+10,1.981049289175977325e+10,2.143248051310314560e+10,2.157794610274099350e+10,2.449683718284156799e+10,1.967688626546496964e+10,2.369701552090429306e+10,1.742327525616140366e+10,2.119556190125630569e+10,2.343339356947358704e+10,1.953787536481892014e+10,1.897857264646780014e+10,2.620014101590460587e+10,2.038917092713687515e+10,2.015981505274418640e+10,3.374740926410717010e+10,2.356812827717934036e+10,1.707298782862533760e+10,2.066489293016495514e+10,2.527266402036502075e+10,2.062473840230060577e+10,2.139804694630776596e+10,2.635222545303790283e+10,2.413604031856208038e+10,1.581962779672130394e+10,1.588006618399307060e+10
2.831982776914426041e+10,2.111252114797691345e+10,1.869800715529275513e+10,2.360708796484294510e+10,2.498930113455364227e+10,2.123226360797931290e+10,2.309334341936089706e+10,2.180542613470705414e+10,2.151237777144350433e+10,2.395779208102401352e+10,1.504909935880191803e+10,2.634845770705124283e+10,2.154464651730321503e+10,1.905701440549815369e+10,2.213658441018027496e+10,1.850057790692464828e+10,2.188803172348715973e+10,2.036201708630181122e+10,1.931098757919989014e+10,1.759237406115502930e+10,2.093390303653118134e+10,1.982218221621422577e+10,2.149438805256205368e+10,1.672296868586352348e+10,1.845413022932036591e+10,2.111000637963241959e+10,2.197809411580712128e+10,2.741471617517825699e+10,2.434886624478909683e+10,2.799931483323785019e+10,2.585955419950720596e+10,2.101031806380472946e+10,1.886714758293028641e+10,1.946213596801092529e+10,2.237699555542943954e+10,1.986632376821179962e+10,2.443543542281464386e+10,1.861093775256337357e+10,1.768170771472513962e+10,2.198284663584595108e+10,2.221181225222060776e+10,2.227240190290932083e+10,2.260537341332892609e+10,2.251017620961627579e+10,2.135258167462120438e+10,1.931130453709891891e+10,1.939505785149368286e+10,2.147918374756120682e+10,2.354906939227028656e+10,2.501922392143045807e+10,2.606746340548862457e+10,3.342090803588049316e+10,2.153638634956688690e+10,2.467713020743643188e+10,1.760049332744158173e+10,1.759749329090179825e+10,2.103248313366133118e+10,2.715112286407702637e+10,2.203002774066226959e+10,2.028140816613385010e+10,1.690395242544006538e+10,1.802412754930222702e+10,2.476842209327935028e+10,2.251452840456827545e+10,2.389072375285323715e+10,2.069254642168796158e+10,2.023620865210567093e+10,1.987587933176428223e+10,2.484373790891909027e+10,2.185979498738771439e+10,2.299282563224957275e+10,2.062302233259261703e+10,2.307721379345201492e+10,2.676988272105678940e+10,2.910723513235024643e+10,2.345194463852774811e+10,2.551659047779922104e+10,2.230573686479588318e+10,1.900374064109696960e+10,2.000232203294402695e+10,2.045320395793045425e+10,1.994348354044595718e+10,1.661749828722047806e+10,2.442096268004896927e+10,2.452344217741804504e+10,2.016142538875327301e+10,2.416366126350763321e+10,1.734623298606688690e+10,2.411343256906981277e+10,1.982547322201887131e+10,2.106037515323316193e+10,1.902417083328784180e+10,2.339925289257572174e+10,2.069180963586427689e+10,2.128629574459934235e+10,2.093713470841607666e+10,2.164820603176060486e+10,2.124596952037028122e+10,1.918473302801181793e+10,1.917414713472647095e+10
2.278104838683432007e+10,2.131208587672426224e+10,1.828876730061071014e+10,1.858596610926710510e+10,1.828548833684035110e+10,1.928290295000728989e+10,1.570141052112681007e+10,2.713381545212140274e+10,1.796403063813223648e+10,1.851420917269699097e+10,1.817025096049458313e+10,1.836315099400698853e+10,2.380511794944316864e+10,1.941319396433401108e+10,3.207214062554626083e+10,2.028287329157897949e+10,1.749700128380803680e+10,2.305664504318799591e+10,2.508582063996164322e+10,2.059567774366681290e+10,1.828289244557345581e+10,2.588844791505541229e+10,1.815007921621935272e+10,1.913409759796195602e+10,1.789701577476497269e+10,2.209861661999650192e+10,1.693537287060133362e+10,1.849670156888738632e+10,2.407047525747189713e+10,2.508963808434490204e+10,2.498823652717031479e+10,2.202143373035931015e+10,2.156343884664710236e+10,2.014211137658488464e+10,3.021845270592127991e+10,1.489483191601461792e+10,2.814463509181219101e+10,2.774491973515817261e+10,2.061250000399440765e+10,2.546106147812353897e+10,1.885899330820112991e+10,2.205763347894187927e+10,2.053520380386909103e+10,3.362569858247110748e+10,2.716157555609412384e+10,1.984882246076848984e+10,1.999948677094936371e+10,1.890036462214432907e+10,3.253345560677623749e+10,2.293784765492464447e+10,2.581875755447545242e+10,2.446236297723793793e+10,2.267795414216890717e+10,2.025071297593386459e+10,1.814865226689881134e+10,1.867277970969849777e+10,2.538887042906222534e+10,1.541381953843675041e+10,1.346438038027600861e+10,1.801120102852738190e+10,2.252306607548805237e+10,1.935372016840258026e+10,2.156477695160336685e+10,1.795092912696197891e+10,1.738234230565394974e+10,2.606437940359785843e+10,1.965647036250197983e+10,1.893765387596001053e+10,2.005504461144231415e+10,2.648857954921856689e+10,1.966103644120816040e+10,2.242203045496204758e+10,1.496784699748416519e+10,2.613247202165605927e+10,2.520883896702319336e+10,2.345776424525885391e+10,3.783125973273182678e+10,2.824079733679304504e+10,1.943004691503576279e+10,1.965086668882256317e+10,1.830727832023176956e+10,2.714741892813077927e+10,1.857843686716971588e+10,3.065377658698560333e+10,1.836875317314693451e+10,1.812571041496124649e+10,2.190343049178533936e+10,1.937463334473091507e+10,1.586102969764212990e+10,2.791367323511244202e+10,1.728490137725061035e+10,1.956806658320198059e+10,1.761738513066937637e+10,1.521251708076825142e+10,2.896686884141332626e+10,1.880395569526950455e+10,2.397013393464793777e+10,2.137736550949422455e+10,1.838023314212393951e+10,3.196151344415193176e+10
1.757910264347276688e+10,2.269830050044210815e+10,2.070456902500973129e+10,1.574042305005879402e+10,2.102394549610618591e+10,2.034571200524108887e+10,1.790406353970279694e+10,2.113413026193252945e+10,2.451773139980178833e+10,2.065879303981134033e+10,2.330130561103559494e+10,1.749489435157410812e+10,1.896734585614150620e+10,2.328195562648402405e+10,2.315286688237604904e+10,2.057995696657532120e+10,2.377549381609217072e+10,2.401888418518131638e+10,2.200726590493531036e+10,2.732727839633546448e+10,1.678362110644883156e+10,1.892833923832872391e+10,1.705838434451069069e+10,2.099825564196229553e+10,2.577041629603044128e+10,1.867211299124802780e+10,1.988911862970421219e+10,2.288446004828889465e+10,2.128747074559432602e+10,1.866256234556204605e+10,1.908016951958042145e+10,2.435026300878635025e+10,1.960931930912571716e+10,1.880289700343838501e+10,2.008628999693603897e+10,2.322594010289288712e+10,2.474183823676614380e+10,1.884008741778648376e+10,2.182793078104304886e+10,2.540651996136719894e+10,2.074255084746430588e+10,2.345112042568939972e+10,2.096661691318556595e+10,2.114627680024083328e+10,2.519140924081217194e+10,2.655296328770630646e+10,1.959104957395950317e+10,2.802249306767161179e+10,2.632642074945729065e+10,1.975906579859599304e+10,2.310278457748930740e+10,1.999741960072707367e+10,2.116865106011195755e+10,2.620991266303028870e+10,1.914396680063888550e+10,1.751883568309199142e+10,1.723968137924880981e+10,1.986200293346819305e+10,1.803511248541724777e+10,2.094386134475986862e+10,3.097409389196273041e+10,2.074513492145448685e+10,2.285008050105273056e+10,2.011886120296996689e+10,2.568029369526614761e+10,3.134509418218538666e+10,2.351296701980614471e+10,2.216228843980996323e+10,1.671856531154605675e+10,2.166655196629471207e+10,1.895778171587574768e+10,2.053014384168104935e+10,2.087843197552346802e+10,2.953270162533721161e+10,2.265206792895317078e+10,1.831204056480155563e+10,1.836121955911554337e+10,2.473838076788383484e+10,1.967563930022981262e+10,2.835283239323278809e+10,3.682839092392867279e+10,2.646983348344546509e+10,2.920091253278357315e+10,2.307361468368260193e+10,2.689792792199472046e+10,2.126806243577319336e+10,1.708573867096984100e+10,3.107409434453705597e+10,2.086252307613396454e+10,2.544231967429301071e+10,1.694705248259573936e+10,2.203871003894084167e+10,2.111008576002608871e+10,2.210971583532996368e+10,1.983155168143972397e+10,1.770359223777477646e+10,1.973224602963790894e+10,2.023864197641685104e+10,1.993178433111276627e+10,1.898279071754066467e+10
1.676645629516891861e+10,2.148523642993886948e+10,2.520633951749118805e+10,1.654773286245149040e+10,1.657689979499728203e+10,1.852734869065485764e+10,2.150753352940525055e+10,2.096076029184431839e+10,1.830829939195024109e+10,1.703528916101519585e+10,2.576442075339022827e+10,2.254431792591112900e+10,1.634107152674592590e+10,2.594455847081499481e+10,1.830106783868926239e+10,2.023282544923986053e+10,2.092944043826694870e+10,1.988753019432385635e+10,2.264295676213232040e+10,2.560543817114213562e+10,1.913261988073882675e+10,1.789710193407167053e+10,1.734575303174279404e+10,2.542493054810082626e+10,2.053736795402972794e+10,2.304926875939319229e+10,1.872206674479899216e+10,3.015695539186553574e+10,2.226483641732836151e+10,2.234689126413801193e+10,2.103409981795370865e+10,2.085603207393375778e+10,2.432967409919018936e+10,1.827961501948843765e+10,1.986088635729332733e+10,2.365515803026677704e+10,2.136234923250108337e+10,2.698417502860800552e+10,2.091802908694504547e+10,2.260174097549731827e+10,2.587085701817559814e+10,2.576907259699320984e+10,2.351929096955565643e+10,3.734838634368489075e+10,2.523508646384860992e+10,2.886950592809677505e+10,2.796836057281634903e+10,2.040052754181341934e+10,2.120613172682666397e+10,2.213109050749888992e+10,2.500984150968652344e+10,2.246582649154907608e+10,2.211529332369272995e+10,1.916844182623014832e+10,2.524086112242874908e+10,3.015798841527613831e+10,2.162701842453762817e+10,2.022148293964652252e+10,2.475930160424977875e+10,2.409205881534011078e+10,2.093210025637844086e+10,1.835665776777494812e+10,1.939071390571856308e+10,2.455961638345489502e+10,2.125263318464150238e+10,2.978875654713953400e+10,2.307321243748040390e+10,2.155905147300641632e+10,2.043997113834746170e+10,2.275563517586645508e+10,2.704487065780828476e+10,2.536594654581315613e+10,1.785714088802876282e+10,2.301134935541602325e+10,2.954490544306982422e+10,1.993826750350387192e+10,1.745787397355340958e+10,2.577548173409826660e+10,1.724182190577915573e+10,2.483005509453100204e+10,2.781705811079222107e+10,1.967822715525307846e+10,2.882012722018326569e+10,1.855770797977175140e+10,2.798423896139986801e+10,2.303805328325334930e+10,2.259770607721334457e+10,2.106181984856120300e+10,2.144853666959049606e+10,1.525292906173423004e+10,1.802914187224512100e+10,1.926788351874948502e+10,1.716564469248720551e+10,1.824474566547187805e+10,2.064337462120839310e+10,2.037406550759336853e+10,1.530085761906913948e+10,1.389073116431789017e+10,1.723043894631276703e+10,3.529193462083069611e+10
1.713084929216893768e+10,2.007219169842959976e+10,1.926469185505736160e+10,2.006275015848850632e+10,2.047716198670208359e+10,1.778445565127060699e+10,1.810897881832738113e+10,2.035143164964741516e+10,1.847471193209050369e+10,2.052852038108467102e+10,2.528678549633810043e+10,1.939788805004328918e+10,2.110398633145259094e+10,1.896910086183731842e+10,1.763097554774057770e+10,2.355034167058134079e+10,1.981146633319021225e+10,2.299161481307138824e+10,1.876853284044301987e+10,2.235542800274545288e+10,2.000921459386939240e+10,2.093697309359338760e+10,2.392337120990480423e+10,2.383932210770889282e+10,1.872469165359622955e+10,2.508644394128898621e+10,2.410730857973130798e+10,2.016835942926272964e+10,2.038008627070574570e+10,2.924284242862460709e+10,2.157135539398274231e+10,2.132362384658846283e+10,2.178355468276059341e+10,1.975247586452317810e+10,2.331781167292671967e+10,3.029405337755862808e+10,2.580520825240710831e+10,1.897167872126532364e+10,2.157302357334539413e+10,4.151412791147140503e+10,3.025046331936940765e+10,2.201642728081502533e+10,2.747347363296292877e+10,2.340899906841629410e+10,3.310927198974667740e+10,2.153894716304916382e+10,2.384754183529146957e+10,2.853566049112765503e+10,2.077460191888574219e+10,3.242493767826477051e+10,2.210903016021204376e+10,2.389878264111468124e+10,3.152059981210825729e+10,2.638405865172905350e+10,2.263670638241458130e+10,2.174166984801274872e+10,2.489469034845649719e+10,3.323547019992176056e+10,1.995954784763702774e+10,2.143355885294691086e+10,2.443216704869515991e+10,1.982478691207664490e+10,2.409570403896461105e+10,3.000101483929529190e+10,1.725164278730510712e+10,3.105267319986890030e+10,2.513285339216084290e+10,2.353181343728505707e+10,1.990874375354012680e+10,2.337799306286413574e+10,2.638720568601824188e+10,2.544294587119097137e+10,1.931995363204802322e+10,2.742444700300287628e+10,2.296559991982593536e+10,2.174970717955075836e+10,2.984646408422140121e+10,2.128119796798257446e+10,2.284365100956473160e+10,2.439037920303310394e+10,1.730343884668470383e+10,2.105396561754837418e+10,2.160721336822277832e+10,2.056955176646100998e+10,2.641197704523802185e+10,3.675843714742875671e+10,1.956306298536971283e+10,3.105511993495222855e+10,2.474328063883660507e+10,2.563571919899236298e+10,2.689362093517107391e+10,2.494408193454685974e+10,2.091133212403383636e+10,2.735858626041014099e+10,2.105973455231079483e+10,1.791674509209915161e+10,2.178317096242060852e+10,1.804692709605188751e+10,2.126349104718436432e+10,3.224230692041057968e+10
2.118478589126964188e+10,2.149395313277192307e+10,2.609053187692545319e+10,1.927803765057145309e+10,2.016895145451806259e+10,2.104142573251678848e+10,1.641118942576013565e+10,2.182153660848240280e+10,2.680578046444977188e+10,2.478103445513340378e+10,2.011846275779976654e+10,2.027636762407881165e+10,3.071937529478628159e+10,2.526345831733407211e+10,2.478146890538420868e+10,2.085420404750346375e+10,2.053619793885459137e+10,1.848173339852212906e+10,2.719975420935926819e+10,2.669730614649140930e+10,2.569580084028386307e+10,2.013062562008232880e+10,1.947847270408148575e+10,1.940792423165682602e+10,1.874110355498974228e+10,2.402689972644509888e+10,2.633878128027729034e+10,1.794224099691104507e+10,1.833304782791019058e+10,2.031112411730054855e+10,2.127146532118279648e+10,1.869876241321758652e+10,3.013855000877709961e+10,2.134741560107716751e+10,3.192496382984357452e+10,2.561441651068289185e+10,2.349609021713275528e+10,2.036169995756056213e+10,3.111620042128730011e+10,3.181434882398602676e+10,2.006780817560385895e+10,2.618289215397208023e+10,2.738023189699459076e+10,2.972112279401043320e+10,3.578047515928384399e+10,2.036042354979066467e+10,2.142099496844441986e+10,2.611450544211492538e+10,3.213045702278519821e+10,2.561633116122672653e+10,2.863443879174382401e+10,2.050521163139939499e+10,2.427456048741607666e+10,2.119463751089819336e+10,1.986615850449389267e+10,2.033442031918991470e+10,2.456500076933134842e+10,2.737322895719922256e+10,2.553680752500586319e+10,2.457138892349839020e+10,2.356352347350892258e+10,2.612928302622475433e+10,2.371187086725493622e+10,2.345748323740196991e+10,3.172540944554594803e+10,2.422068405429584885e+10,1.984368260538267899e+10,2.274396758746417999e+10,1.997680217138734818e+10,2.370531750732117462e+10,2.595171890944264221e+10,2.175634149462328720e+10,2.145095935312875748e+10,1.821949882375311661e+10,1.937179676437362289e+10,2.697133147300125122e+10,2.363475985794056320e+10,2.055648144104364777e+10,1.821974829912962723e+10,2.627305018228385925e+10,2.486865949678640366e+10,1.777439414614770889e+10,2.148195430692472839e+10,2.325650197175776291e+10,2.181705881912451935e+10,1.878728492880849075e+10,2.698732026927671432e+10,1.922636386209016800e+10,1.880103319315785599e+10,2.099012419206209564e+10,1.971992913326487350e+10,2.103493618087232590e+10,2.483528354584979248e+10,1.823076838844369507e+10,2.457253689194255447e+10,1.622541810374693489e+10,1.976181809054264450e+10,1.708850079866846848e+10,1.725949835832721329e+10,1.926640512641076660e+10
2.395949727713162231e+10,1.816951309939431000e+10,2.183977727408462906e+10,2.034390978732901001e+10,2.201647963981681824e+10,2.324284427628593445e+10,2.065942109164739609e+10,1.936093455447269058e+10,1.870602646491878891e+10,2.377314903388559341e+10,1.856608213800802994e+10,2.094009328072805405e+10,2.677687233546434402e+10,2.051940026935558701e+10,2.323410616828474808e+10,2.705022948343026733e+10,1.611580080450872421e+10,1.718717418165989685e+10,2.288406373136850357e+10,2.138563802103255844e+10,2.561774011403731537e+10,1.966626372504965210e+10,2.084730750288744354e+10,2.647021202222648621e+10,2.305149994524934006e+10,2.498645203015403366e+10,2.674514447526318359e+10,2.235684939810262299e+10,1.897382333430197144e+10,2.647522054852439499e+10,2.448183997179312134e+10,1.966249957587454605e+10,3.758302143239898682e+10,2.140716256968829727e+10,2.054987393329452896e+10,2.290004137572183990e+10,1.778031330399059296e+10,2.384912754516083908e+10,2.459156457047751236e+10,1.970612316842359161e+10,2.712685305960790634e+10,2.481997752941335678e+10,3.277194690004641724e+10,2.753529640050155640e+10,2.411342144444927216e+10,2.264721011433714676e+10,3.025818826153573990e+10,2.156454417314286423e+10,2.212857562325120926e+10,2.188732165872946548e+10,2.139785744823795700e+10,2.557271615782813644e+10,1.947425514296533585e+10,2.155627631239545059e+10,2.312668787147458649e+10,2.952035373223352051e+10,2.458186008334410858e+10,2.334515569022339249e+10,2.343278679392132187e+10,5.159275020479563141e+10,3.074970668341968536e+10,2.632391462227547455e+10,2.687130538215488052e+10,2.388603855536758804e+10,2.408876226213053894e+10,2.102849641209141922e+10,1.990689446052132416e+10,2.025146610193484879e+10,2.477409875836066818e+10,3.077308914036458206e+10,2.103163963064534760e+10,2.386082598090269470e+10,1.876219612435946655e+10,2.279053629192982101e+10,2.177319116629039383e+10,2.853469481010599518e+10,2.157773476490789795e+10,1.699705573113750458e+10,2.178567409186720657e+10,2.128242925581948471e+10,1.814013813733481598e+10,2.235721447479870224e+10,2.077262953010350418e+10,2.193683164583700180e+10,2.876579461074868393e+10,1.833990923082829285e+10,2.406621906600505066e+10,2.443895604927582550e+10,2.084051291460032654e+10,2.512110965840532684e+10,2.949940933124626160e+10,1.522555449017033768e+10,2.153585827226505661e+10,1.876491487799882889e+10,1.990264488613826752e+10,1.853544351888498688e+10,2.141800849862691498e+10,2.279750384864706039e+10,2.899319807586056519e+10,2.031495770720640182e+10
1.909766322707573318e+10,2.021458019988328934e+10,1.871547426588873672e+10,1.988449091647550201e+10,2.660183519134862900e+10,2.231737081495275879e+10,1.542463341861892509e+10,1.816443059248355103e+10,2.146039258823333740e+10,2.389966540934851074e+10,1.825063753781051636e+10,1.850886317972283554e+10,2.973923835933170700e+10,2.588679259077669907e+10,1.613362060362495041e+10,2.058011738012520218e+10,1.820254702254478455e+10,2.260406341685924149e+10,1.954195095745829773e+10,1.886327232278150558e+10,2.600591934463077927e+10,2.357713718674828720e+10,1.843900277368747711e+10,2.405041066780488586e+10,1.910455468067248535e+10,2.534057909021257782e+10,2.004670439904389191e+10,2.024297170041037750e+10,2.076631574265697861e+10,2.240208550617642593e+10,2.031781182741613007e+10,2.660434243765346146e+10,1.907716261739981842e+10,3.209841436093304443e+10,3.117965384422343063e+10,2.899671416740634537e+10,1.519680749434682274e+10,2.503445588914371872e+10,2.375871072413339996e+10,2.817313854671406174e+10,2.415242717832878876e+10,2.328039690394733429e+10,2.663193887422526169e+10,1.903249952609619141e+10,2.054491072702222443e+10,2.504709943491478729e+10,2.100839910808081436e+10,2.469412310799088287e+10,2.256561310268799973e+10,2.240793538681262589e+10,3.421875480277616882e+10,2.273484264743257141e+10,2.013550517385629272e+10,1.847052586014034653e+10,2.380778461297142792e+10,2.709707173766013336e+10,2.385218687769446182e+10,2.029100165090028000e+10,2.547225709764191055e+10,2.919663504755146027e+10,2.526514168056964874e+10,2.140051952795384216e+10,1.816231838747706604e+10,1.901160164326679993e+10,2.221715309981109238e+10,2.026563437739204788e+10,3.031350119894870377e+10,1.973096119777175903e+10,2.916262193746648407e+10,2.312176717404567337e+10,2.229394755594037247e+10,2.382565256549071503e+10,2.289788086011711121e+10,1.995443625533018112e+10,1.781842483160563660e+10,1.576071108845609665e+10,1.947456887993959427e+10,2.401079885085706329e+10,1.662321206110261345e+10,1.695248378217357254e+10,2.161469954145788956e+10,2.144288718183630371e+10,2.929649341813513947e+10,2.387025763121356201e+10,1.748341709485293961e+10,1.892878309253099060e+10,2.014508726973402023e+10,1.629193985137414742e+10,1.940919432160462952e+10,1.755956056228288269e+10,2.097562821729012680e+10,2.034469570943173218e+10,2.542971411785308838e+10,2.066050637260015106e+10,1.736251007143389893e+10,2.393199102083983612e+10,2.416858617204072952e+10,1.696083546825571442e+10,1.570310812156794357e+10,1.905010053361890030e+10
1.909680654554750824e+10,1.729640053430050278e+10,2.250056592385344315e+10,1.902358831355827713e+10,2.236214114432757187e+10,2.338926137187317276e+10,1.747990877727298737e+10,2.261212072148884583e+10,1.727291098069073105e+10,2.068966139288286591e+10,2.138400834250061035e+10,2.090671725948639679e+10,2.358713212650611877e+10,2.290473959066536713e+10,3.282551646309295654e+10,3.110609100416539764e+10,2.185565981683684158e+10,2.735387127413481903e+10,2.341411560869634247e+10,2.154027753341025543e+10,1.951642547742271423e+10,2.235917594856245804e+10,1.942062338150600815e+10,2.474966899002543640e+10,2.095154748957221603e+10,2.504630939879303741e+10,2.065206919811305618e+10,2.601300999822280121e+10,2.085032804226280212e+10,2.050977261336134720e+10,2.662023353150654984e+10,1.942212657322513580e+10,2.490940157597455215e+10,2.568954155101691437e+10,2.660741466178601837e+10,2.514652155517630005e+10,2.130966293959953690e+10,2.713006303628625488e+10,2.016610746253426743e+10,2.266033400795731354e+10,2.700999201736660385e+10,2.470419467347096634e+10,2.525995585748076248e+10,2.626840354681174469e+10,2.255629915298176956e+10,3.023291494166826248e+10,2.425413239203635025e+10,2.225549343410779190e+10,2.143801949187332916e+10,2.708621928254397583e+10,2.441549335057099152e+10,2.909846264260823059e+10,2.635978604563321686e+10,3.178791753907995987e+10,2.558729254079007339e+10,2.505621239717652512e+10,2.835120696873630142e+10,2.270968574755098724e+10,2.276005131506729126e+10,3.467581847530947876e+10,2.436878352251527786e+10,2.489561218359609985e+10,2.387624144591371155e+10,2.619738169905574036e+10,2.530198382710879517e+10,3.060019749387704086e+10,2.483991915226365662e+10,2.130439491411466217e+10,2.159293173384421539e+10,2.133261674682980728e+10,2.317655794320930481e+10,2.268555230329806519e+10,2.367349317834343719e+10,2.109525360931438446e+10,2.151710703202198410e+10,1.885146270882864380e+10,2.238642855850741196e+10,2.010598669910616302e+10,1.903744893838017273e+10,2.052723858599165344e+10,1.959668924042468643e+10,2.587160658480746078e+10,1.919015248810840607e+10,2.340822010328470230e+10,2.149585964453586960e+10,2.283401596700767517e+10,2.241123048163772583e+10,1.764308072184059143e+10,3.200445572013333893e+10,2.393265164132016754e+10,2.143071939054988480e+10,2.014385034492678452e+10,1.798782542415928650e+10,1.881843295486993408e+10,2.444643307319314957e+10,2.215132019552089310e+10,2.856938683083935928e+10,2.142997029507297897e+10,2.798546195805481720e+10,1.864009386432189178e+10
1.873985161061391449e+10,2.301322900950431442e+10,2.047616293599602127e+10,1.808446900391406250e+10,2.701904373647813797e+10,1.790954311405407333e+10,1.781518625571783829e+10,1.955002613796622849e+10,1.724190951562148666e+10,2.020942410277759171e+10,3.295144219724542999e+10,2.735501980225293350e+10,2.367809531321772385e+10,1.893113195968310928e+10,2.830447179791301346e+10,2.066753224583743286e+10,2.674598927288523483e+10,2.831465246971873093e+10,2.314935347562042236e+10,2.550652383516685486e+10,2.293111709637751770e+10,2.582627416086808777e+10,2.573019534177249146e+10,3.404825711115412140e+10,2.767593049885828400e+10,2.429670717016965103e+10,1.821157441420802689e+10,2.422962783891951370e+10,2.578530815766460037e+10,2.189955876493213654e+10,2.612177780462502289e+10,2.139825868809297943e+10,2.267623276055201721e+10,2.196379539769039917e+10,2.961409589418920898e+10,2.615688424648680878e+10,2.069147767662339783e+10,2.244064360905007553e+10,2.943015186652633286e+10,2.404345973757640457e+10,2.749915151550363922e+10,2.926503662297286224e+10,2.422814918388546753e+10,2.514522183121231842e+10,2.133574236465105820e+10,2.116809273664081955e+10,2.203913148982054138e+10,2.452567282970792389e+10,2.334773803229972076e+10,2.795048041035473633e+10,3.777735191558885956e+10,2.224333230468062592e+10,2.321027540964698029e+10,2.148266119108987808e+10,2.404438327145998764e+10,3.108988369216366959e+10,1.963511424109319305e+10,2.747743646231373978e+10,2.479913545165965271e+10,2.325700257353960800e+10,2.541663414578894043e+10,2.788214205910092163e+10,2.329430355206882858e+10,2.402617004056704330e+10,2.628582908231206512e+10,1.966505982217491531e+10,2.177403729725122452e+10,2.575761778390102768e+10,3.327969107716541672e+10,2.514086384660337448e+10,2.373447546978294373e+10,2.079133076715907288e+10,2.739835729785780716e+10,2.021569208998686218e+10,1.909041749360512161e+10,3.310380440737365341e+10,2.294901227538932800e+10,2.516807493370215225e+10,2.410845640892761230e+10,1.922030603071652603e+10,2.605383390588993073e+10,1.800522556000867462e+10,2.309096498099754333e+10,2.131364553841831207e+10,1.903643225380550766e+10,1.681965054742336273e+10,3.226239135289312744e+10,2.492003308514152527e+10,2.068343178513034058e+10,2.019011649724179077e+10,1.792940599339012146e+10,2.227110148038088989e+10,2.024038356728767776e+10,2.032083414810953903e+10,1.646599609725076866e+10,2.900997948629222107e+10,1.799682019522518158e+10,1.707635513776795387e+10,1.978881169413177109e+10,2.078799366918339157e+10
2.242104923594419098e+10,3.029934241751108551e+10,2.079491207635961914e+10,2.450379403157355499e+10,1.808715681003384399e+10,2.622450701436617661e+10,2.333332408880891800e+10,2.520671890311104965e+10,2.350507786271949387e+10,2.550568650093134689e+10,2.027490920543358994e+10,2.433900289767594910e+10,2.009555561186394119e+10,2.145817168318790054e+10,3.016451201686250687e+10,2.262951440334009171e+10,2.144606053709233856e+10,2.874295427557944489e+10,2.585207426086279297e+10,2.411412745396462631e+10,2.191996195434555817e+10,2.242102798622563171e+10,2.203803111302031326e+10,2.867855881418422699e+10,1.966334981893513870e+10,2.666989332734106827e+10,1.769104537729624557e+10,2.787466884463439178e+10,1.516016902316194153e+10,3.600304986722047424e+10,2.349251787529736710e+10,2.278845405868640518e+10,2.794786006690237427e+10,2.116269331098800278e+10,2.885797877636013031e+10,2.338916088797844315e+10,2.948862722150062561e+10,2.481895233931409454e+10,2.891473389343478012e+10,2.178692170791803360e+10,2.930504915966058350e+10,2.139744024908752823e+10,1.903549715708315277e+10,2.270012216130932236e+10,2.185552548261437607e+10,3.635662410115971375e+10,2.259994520308308411e+10,2.041199872541496658e+10,2.146324695759989548e+10,2.930158822468648529e+10,2.526545987387109756e+10,2.523566237899063110e+10,2.478197161499851227e+10,2.502804253525894165e+10,2.309126997447917557e+10,2.030479681405683899e+10,2.306959459141372681e+10,2.053173988830675888e+10,3.180037035344586182e+10,2.738685790404946136e+10,2.520123563610361099e+10,2.291447174934473038e+10,2.891530524528463364e+10,2.796428918231949615e+10,2.326061327089603043e+10,1.954519636892494583e+10,3.145823872554657745e+10,3.160275046691674423e+10,1.803333707614452362e+10,2.045235231175591660e+10,2.556241470420085526e+10,2.783980952621136475e+10,2.504660175357397842e+10,2.252326684191081619e+10,2.372463523449924469e+10,3.917123361225117493e+10,2.354146870444236755e+10,1.883368274464341354e+10,2.131699946312380219e+10,2.563615067922733688e+10,2.599936044090092468e+10,2.654157894657744217e+10,2.523918741030617523e+10,2.419890071995618057e+10,1.752022357885553360e+10,3.629586010107323456e+10,2.514555792846604156e+10,2.157627658792333221e+10,1.954751673309607315e+10,2.738062148079994202e+10,2.295655798674811172e+10,2.089227280956803513e+10,2.277914875591595840e+10,2.737145688085683823e+10,2.972905852975666809e+10,1.841931874617757797e+10,2.188236187965513611e+10,2.000199684697554779e+10,1.694099993006404495e+10,1.634846611184808350e+10
2.102914865388502121e+10,1.648440869339979362e+10,2.093333446885572052e+10,2.032089212737335587e+10,2.250813611807598877e+10,2.578662160783166504e+10,2.311382850789833450e+10,3.041534644233272552e+10,2.098789860337577057e+10,2.182120053678473663e+10,2.181853891241435242e+10,2.078702917763324356e+10,2.642100754014049149e+10,2.279879526620131302e+10,2.174013767501823044e+10,2.035282921478389740e+10,2.253872759482617950e+10,2.325371658056862259e+10,2.523337931577051163e+10,2.097982376404190826e+10,3.130374536440589523e+10,2.535748737194147873e+10,2.434263287819638062e+10,2.658873143282471466e+10,2.378786778849193573e+10,2.375163270358375168e+10,2.184371355947484207e+10,2.220530275759167099e+10,2.050269744430363464e+10,2.157781452235295486e+10,2.277040396428289032e+10,2.227280603239747238e+10,2.097136555465232849e+10,2.386288539577662277e+10,2.161476904247881317e+10,2.775332891383347321e+10,2.221338696712733459e+10,2.477533888912517548e+10,3.121197785558811569e+10,2.389711399043931198e+10,2.695321965850312424e+10,2.642120472616529465e+10,1.958843769875006485e+10,3.400142240936384583e+10,2.270697019952975464e+10,3.350822115474255753e+10,2.793370340661661148e+10,2.214957283223390961e+10,3.139927122915452957e+10,3.414327643967474747e+10,3.047278834342959976e+10,2.187476433947376633e+10,2.548392698719917297e+10,2.233222798849645615e+10,2.636243930704253769e+10,2.768666050382044220e+10,3.791629300017432404e+10,2.479097454390620041e+10,2.366748977061988449e+10,2.549338494428799057e+10,2.659823956214057541e+10,2.207097289798093796e+10,2.942519455774442673e+10,2.593549341565648651e+10,3.019270577110414886e+10,2.162890371329457092e+10,2.918612564694343567e+10,2.975072663567823410e+10,2.494842605690125275e+10,2.651003180017264175e+10,2.497691926263410950e+10,3.086573132165354919e+10,2.182742860567961121e+10,2.155383702219021988e+10,2.149108413473717880e+10,2.542482464889448547e+10,2.438443465979705811e+10,2.005226919979391861e+10,2.109203849971022034e+10,2.238037595855284882e+10,2.657365748846115875e+10,2.534190780661896515e+10,1.680546953216304970e+10,1.895420536473623657e+10,2.342090932815063477e+10,2.672051178533034515e+10,2.256804480668052673e+10,2.622735142590869522e+10,2.396518098761342239e+10,2.583987413980461884e+10,2.736652978510393524e+10,2.679164335384272766e+10,1.926135611284210205e+10,2.793714045105607224e+10,2.086207557487595749e+10,2.040194966590002060e+10,1.865279196496452332e+10,1.871830318971279144e+10,1.958973666222955322e+10,1.670258957538168526e+10
2.593273832449930954e+10,2.258580866908735657e+10,2.094027802872409821e+10,2.269027437737568283e+10,1.984517638700203323e+10,1.901603754389011383e+10,2.245352537060479355e+10,2.526156184409440231e+10,2.287041776359683609e+10,2.268340662778318024e+10,2.771657357724175262e+10,1.856652033484453964e+10,3.129567769120790482e+10,2.302778903180522537e+10,2.205986439306846619e+10,2.081853475853085327e+10,1.939737806742570496e+10,2.210359060970395660e+10,2.363227576460130692e+10,2.041556531635208893e+10,2.218317159999673462e+10,2.468049415210113525e+10,2.402482770005969620e+10,2.836731705234910583e+10,2.150316168691471481e+10,2.462689507048706436e+10,2.109628587679124832e+10,2.757962489968001175e+10,3.013102818988152313e+10,3.327778005554390717e+10,2.118507596201149750e+10,2.642536250159714508e+10,2.171916430540441132e+10,3.464979564728868103e+10,2.144323378691374969e+10,2.902975363649023056e+10,2.655303204722189331e+10,2.712275691544121933e+10,2.873632232911909485e+10,1.990232786436486053e+10,2.621443262936194992e+10,2.435124643413031006e+10,2.890031181869011307e+10,2.347503667935628128e+10,2.596771369488209152e+10,2.701608097479663467e+10,2.212974922370172882e+10,2.533734693466886139e+10,2.050153554019815826e+10,3.026338560331175995e+10,3.121999627848174667e+10,2.767999980405694580e+10,2.716838639999711990e+10,3.260524611996754456e+10,3.615225965145686340e+10,2.561237479261822891e+10,2.917057572526008987e+10,2.165613162304392242e+10,2.401505262249764633e+10,2.217894592292472839e+10,1.951120968724250031e+10,2.786089890596737671e+10,3.344988517164829636e+10,3.144519817146892929e+10,2.243966797404224014e+10,2.602979773103162384e+10,2.537376157554037094e+10,2.409764620221113205e+10,2.311770826810449600e+10,3.054191960448518753e+10,2.445579313221775436e+10,2.273291381867303085e+10,2.350839370305038071e+10,2.952663883841094589e+10,2.640969926167515945e+10,2.763803078012114334e+10,2.424000980414619827e+10,2.134721632340124512e+10,2.553285946133829117e+10,2.178213834243228912e+10,2.309697586826494598e+10,2.649542253750524139e+10,2.048127290867673874e+10,2.413743804646612930e+10,2.474520325895116043e+10,2.043181768054711914e+10,2.535367387115014267e+10,2.202189768207631683e+10,3.223924719010695648e+10,2.065598075519536591e+10,2.315686004318306732e+10,2.879468812298895645e+10,2.144154421822762680e+10,2.968263083438199997e+10,1.719673877732608032e+10,1.590579971764781189e+10,2.408340101043208313e+10,2.743817995360011292e+10,2.421749236149572372e+10,2.110587298737464142e+10
2.595420694082250595e+10,2.735882373326783752e+10,2.195579346350853348e+10,1.913985277265867233e+10,1.727956644754549408e+10,1.766619184925488663e+10,2.155431282742461395e+10,2.233494555651535034e+10,2.199205918461298370e+10,2.489877409711803436e+10,1.963939966887327576e+10,3.389605605250339508e+10,2.282992852611141586e+10,1.833548291387330246e+10,1.968730391290347672e+10,2.220174505571701050e+10,2.822314424115475464e+10,2.010676302581450272e+10,2.262254462968037796e+10,2.571115305931347275e+10,2.430380941317461395e+10,2.442748530567897797e+10,2.453490719440653992e+10,2.120858732873588181e+10,2.731898133398704910e+10,2.922230692335077286e+10,2.911801552646834946e+10,2.345113078720117950e+10,2.884331658424427414e+10,2.268669346585414124e+10,3.105685033439572144e+10,2.901812380792821884e+10,2.527189168828495026e+10,2.667297013485823822e+10,3.409715571648831940e+10,3.241774353232903290e+10,3.229855079565690231e+10,2.384049340391589737e+10,2.399534966952796936e+10,2.959635599444988251e+10,2.611689182426560974e+10,2.685220594622848892e+10,2.529306790200022507e+10,1.896198335289901352e+10,3.313050547603322983e+10,2.788774202146915817e+10,2.821084537922993469e+10,2.851984491241384125e+10,2.032779004255808640e+10,2.124686627867726135e+10,2.122628264748456955e+10,2.619885733211985397e+10,2.617459414420309448e+10,3.223805915422442245e+10,1.956252584212916565e+10,2.011062734030105591e+10,2.842862599257509613e+10,1.963381220839946747e+10,2.963145758398788834e+10,2.439027782451083374e+10,2.785629192472424698e+10,2.811439668887372589e+10,2.519571141205939865e+10,3.558541240379683685e+10,3.428027873283703232e+10,2.199566806950762177e+10,2.873213089476879120e+10,2.282767868560903168e+10,2.984990994600898361e+10,2.475323704131170654e+10,2.055331015358187485e+10,2.159422724839436340e+10,2.678417931445720673e+10,2.265978274545751572e+10,2.522038744815324402e+10,2.327248182460646820e+10,2.142605916604103470e+10,2.086001355679975128e+10,2.451476371900167847e+10,2.273738027367962646e+10,2.221121214686894608e+10,2.326863716743329239e+10,2.269325755923969269e+10,2.488889493970615387e+10,2.162956788676868057e+10,2.191145169171218872e+10,3.117551845031972504e+10,2.317046956513756943e+10,3.923482903671514893e+10,2.618616131444556046e+10,2.599943012515350723e+10,2.714600617814190674e+10,2.505202153634876633e+10,2.488735428065972900e+10,1.975718535450220108e+10,1.922066204692207336e+10,2.751257226947253036e+10,1.645155067721961594e+10,2.004673728208712769e+10,1.928660825251881790e+10
1.671299255909040260e+10,2.728101143504893112e+10,2.014523538237820435e+10,2.391978032444369507e+10,2.011820477688234711e+10,2.645678623020164490e+10,2.465609137699927521e+10,2.428034634205881882e+10,2.443964037415732956e+10,1.926334217983466339e+10,2.879777907948257446e+10,1.956879421862263107e+10,2.135793347296317673e+10,3.282138934929722595e+10,2.252383762675157166e+10,1.981404482386170578e+10,2.362471849080984879e+10,3.908825393314510345e+10,2.479475590074044800e+10,2.688090130867532349e+10,1.974758476674929428e+10,2.440054907245923996e+10,2.237822029713650894e+10,3.379680039131335068e+10,2.045153575919824982e+10,2.147183995855398941e+10,2.955233296544409561e+10,2.474576311679397964e+10,2.402520074868205643e+10,2.773732516419774628e+10,2.723412894102543259e+10,2.435159769600151825e+10,2.982988546599401855e+10,2.793240490564982605e+10,3.791874461504885864e+10,2.929636122582518768e+10,2.622890429454626083e+10,2.088658909962064743e+10,3.102408732749693298e+10,2.527972685179844666e+10,3.251931524215360641e+10,2.733993605317436600e+10,2.269275339948351288e+10,1.860340645905239105e+10,2.999941546902699280e+10,2.415961438763212204e+10,2.504380040057159805e+10,1.837208650248512268e+10,2.235300884321232986e+10,3.111255668839403915e+10,2.274800544988019943e+10,2.739859623271920395e+10,2.547289252392198181e+10,3.509880557476956177e+10,2.675139634953210831e+10,2.425052590951759338e+10,2.620686945417166138e+10,2.511174782011969757e+10,2.297661355565676498e+10,3.486458217090031433e+10,2.638929304798791122e+10,2.734050564998962402e+10,2.802778723086489105e+10,2.182879409375569916e+10,3.235852403048892593e+10,2.279800207321859360e+10,3.108532994980942535e+10,2.383179711354890442e+10,2.382092175561790466e+10,2.999059437472364807e+10,3.828063371704082489e+10,3.256810553434067154e+10,2.614138355500927734e+10,2.205960985101605988e+10,2.921239795755134583e+10,2.644147335471950150e+10,2.184413616846850967e+10,3.122106404274470520e+10,2.355678603157550049e+10,2.362903202773627472e+10,2.365881961531692123e+10,2.006609088642500687e+10,2.567383096030005264e+10,2.062988136797821426e+10,2.471506282068812561e+10,2.896844500484753036e+10,2.118837449280103683e+10,1.794367957655490875e+10,2.493343267396099854e+10,2.230591653993624115e+10,2.061099606240972137e+10,2.496757393989419174e+10,2.354595270716073990e+10,2.338092708062088013e+10,1.894785020776436234e+10,1.782048156171123886e+10,2.064102178382561493e+10,2.816709212073149109e+10,2.454241878457080841e+10,2.346795312924280548e+10
1.976808443510080719e+10,2.042611893321428680e+10,2.463629648957955933e+10,2.395192937822614288e+10,2.054919343348342514e+10,3.164889976625282288e+10,2.049780376542515945e+10,5.063816746210001373e+10,2.003907169190667725e+10,1.892723410915081024e+10,2.114354700046878433e+10,2.600403731144182587e+10,2.717775345187370300e+10,2.363748836875838852e+10,3.251395754959300995e+10,1.945218524231308746e+10,2.398788434193379974e+10,2.722187107380766678e+10,2.081855671686434174e+10,2.666161269042379379e+10,3.432397062126541519e+10,2.717968272122410202e+10,2.114555180198196030e+10,2.519787817461575317e+10,2.781064021452146912e+10,2.495055399253032303e+10,2.161991421347115326e+10,2.140916627116614914e+10,2.543393807399242401e+10,2.459473013258887863e+10,2.364326576317791748e+10,2.446596782699727249e+10,2.932347754175208664e+10,2.808230418942845917e+10,2.796360342562047577e+10,2.327365833832842255e+10,2.288782874950473404e+10,2.110140012121526337e+10,2.532770163485381317e+10,2.561740308789010620e+10,2.550845356081537628e+10,2.858903798131965256e+10,2.958321623364784241e+10,2.157817688797705460e+10,2.966298005835323715e+10,2.317942866269266129e+10,2.842962575296637726e+10,2.218534942354677200e+10,2.460099868098033524e+10,2.486331818430179596e+10,2.491204199383937073e+10,2.261513789368323517e+10,2.341684771583725739e+10,2.358318145257237625e+10,2.240397187025682831e+10,2.786838369381906891e+10,2.675107088241719818e+10,3.070900620341681290e+10,3.499398769067276764e+10,2.206783040392795944e+10,2.309438643782643890e+10,2.557126943180339432e+10,3.457853330732688904e+10,2.437548594546835327e+10,2.664253604724214935e+10,2.433956055402231979e+10,2.242748020958718872e+10,2.128985145080440140e+10,2.904728086404390717e+10,2.405065860034998703e+10,2.627501020144250870e+10,2.422674140217121887e+10,2.566912670941423035e+10,3.197814124720205688e+10,3.605128210244405365e+10,2.748508334239398575e+10,2.175788246019989014e+10,2.899461429914036942e+10,1.940432901141496277e+10,2.542442676128810501e+10,2.660570171346181107e+10,2.639305134696284485e+10,2.205565522880176163e+10,2.316327904590505219e+10,2.298332065215797043e+10,2.791941835032070160e+10,2.517947713825061798e+10,2.680778290786237717e+10,2.423968854473114777e+10,2.896901447220237350e+10,3.717075834504208374e+10,2.289268132523291016e+10,2.613844743366753006e+10,1.928695283985862350e+10,2.113219636953818130e+10,2.020400495549114227e+10,2.290800651605010223e+10,3.059810191995704269e+10,2.177234025418981171e+10,1.900833111119752502e+10
2.395411805286200714e+10,2.190612731703336716e+10,2.191194285152642441e+10,2.388084235326632309e+10,2.206472587193130875e+10,2.044833406531962967e+10,2.098140570563105774e+10,2.287108812042601776e+10,2.736010548403639984e+10,3.210337795437899399e+10,1.854574337450308228e+10,2.612803259223598480e+10,2.164464288497174835e+10,2.968617034197548294e+10,2.375890487226389313e+10,2.894392177765838623e+10,2.325621135432230759e+10,2.164508528904818344e+10,2.798266959893198776e+10,2.959649359010758209e+10,2.095410328156645584e+10,2.800326026674018097e+10,2.350190131867704773e+10,2.633478828992986298e+10,2.515925425927376938e+10,2.183772896110924911e+10,2.942813542123708344e+10,2.322526972863001633e+10,2.012710323629420090e+10,2.428794280119860458e+10,3.016569811183324051e+10,2.964827982580638504e+10,2.810383193329050827e+10,3.280255320463665009e+10,2.549368722567103958e+10,2.351969867694863510e+10,2.856402494435013580e+10,2.523774231315332794e+10,2.443127500828911972e+10,1.846378130872892761e+10,2.632915532710963821e+10,2.526991050312789154e+10,2.009619912758231735e+10,2.414032460677945709e+10,2.309839238596687317e+10,2.161608970520504379e+10,2.810237093159916306e+10,2.115558484468482971e+10,2.587560306139279175e+10,2.288817262437789917e+10,2.876449306850948334e+10,2.823794456916856384e+10,2.546871735799438095e+10,2.435912579936760712e+10,2.454369191707500076e+10,2.297608477812858200e+10,3.641886032497076416e+10,2.262010617702298355e+10,2.474074150430046463e+10,2.468313430423075867e+10,2.327929955534189606e+10,3.154000112635849380e+10,2.710661611267799377e+10,2.523743380748016739e+10,2.102695827131055832e+10,3.317070785354998779e+10,3.532234656572014618e+10,2.464267351807983780e+10,2.645521608114334869e+10,2.759042819456955719e+10,2.758883953630068588e+10,2.564768512532850266e+10,2.278549533667225647e+10,3.843046360123992920e+10,2.762804862771507263e+10,2.204058773101592636e+10,2.395918065361653900e+10,2.602553865833579254e+10,2.209287400908477783e+10,3.429094878068598557e+10,1.784624210125335693e+10,2.483132438380580139e+10,2.268705039254122925e+10,1.844168913027100754e+10,2.381233909354285812e+10,2.701999209478942871e+10,2.175539132201154709e+10,2.533551495596768188e+10,3.712987576940443420e+10,3.638817983361936951e+10,2.275567984066756821e+10,2.256581703582261658e+10,2.385507851776819611e+10,2.412305211978451538e+10,1.726756295291754913e+10,2.314026580444990921e+10,2.359897382200179672e+10,1.766595658835433960e+10,2.875354848238075638e+10,1.521809259462759781e+10
1.840192066172892380e+10,1.952703963152046967e+10,2.164677143080515671e+10,2.038090394565650940e+10,4.762819101856140137e+10,3.675273376885456085e+10,2.052162710148601532e+10,2.129942055215563583e+10,3.864871540176036072e+10,2.045433452806420517e+10,3.788526917048060608e+10,1.786780665392798996e+10,1.941873581619098663e+10,2.693841557004677582e+10,2.881599269799404907e+10,2.319774233528628159e+10,2.985135987170168686e+10,2.742729914253480148e+10,2.717296935744106674e+10,2.861297004589904785e+10,2.619596792808686447e+10,2.537123501025997925e+10,1.936109941925138855e+10,2.254722293263430405e+10,2.297831962263851929e+10,2.865995449761202240e+10,2.015673451493209839e+10,2.850966921157221603e+10,3.129542986122078323e+10,3.286187631453103256e+10,2.928483443046946716e+10,2.090965669143482208e+10,3.128052549569529343e+10,3.633269501256947327e+10,1.836826665536991119e+10,2.875053872033776093e+10,3.106216283557563019e+10,2.552654659790478134e+10,2.621949963849459839e+10,2.272220257705817413e+10,2.577325965306658173e+10,2.766061441020540237e+10,2.804154004796409607e+10,2.295562979072155380e+10,1.559511517678328133e+10,3.106651305639292145e+10,2.685580439938491821e+10,2.944177730708215714e+10,2.103882480455653381e+10,2.392376422573435593e+10,3.112995034274239731e+10,2.277480948583342743e+10,2.639340631961930847e+10,1.909862803352400970e+10,2.735700427337305069e+10,2.911860668774840164e+10,3.821040616513669586e+10,2.354503110267599487e+10,2.396137416676300812e+10,2.724861105010117340e+10,2.142836614572352600e+10,2.164239510266392517e+10,3.129110569236617279e+10,2.580081786941894913e+10,3.583667698539427948e+10,2.626437686957773590e+10,2.222289176958794403e+10,3.280357252966913223e+10,2.609815249712466431e+10,2.826276107182557678e+10,2.540987450469729614e+10,2.810907860230055618e+10,2.522891096085051346e+10,2.739879464044137955e+10,3.185168329670769119e+10,2.648241174834492111e+10,2.714291749270856476e+10,2.540955758643807602e+10,2.703436434318708420e+10,2.311194792706486893e+10,2.433738192243218231e+10,2.402338381556577682e+10,2.727436661431874847e+10,3.187035535538354492e+10,2.811864294859974289e+10,1.882549405488488007e+10,2.278880250841802979e+10,2.123434726135441971e+10,2.710964459066876984e+10,2.842537435728085709e+10,2.286223448456930542e+10,1.951804852626805115e+10,2.285341635975932312e+10,1.682541980040035820e+10,2.315683580381921005e+10,2.439386251845372391e+10,3.088945038206633759e+10,2.435371250322234344e+10,2.318667256438908768e+10,2.364437584744235611e+10
2.091804458578343201e+10,2.645386012730821609e+10,2.657048493431750488e+10,2.645820285753689957e+10,2.097208793815398788e+10,1.964132424401726913e+10,3.125623541350691605e+10,2.034499850210436249e+10,2.162946056023927307e+10,1.995968154055517578e+10,2.502856869626740646e+10,2.153751295546183014e+10,2.126754797399070740e+10,2.003812017127467346e+10,2.489095719039340973e+10,2.841551515384529114e+10,2.196619477335456467e+10,2.711891740167878342e+10,3.089766930461549377e+10,2.510491370216934204e+10,2.844560304817785645e+10,2.535081740773979568e+10,3.005087104697441864e+10,2.760856757208355713e+10,3.194842344334093857e+10,2.473188832120487213e+10,2.883225841545929718e+10,2.916573388671785736e+10,3.016466373201778412e+10,3.279009040227518845e+10,2.352360130256524658e+10,2.571278797299906158e+10,2.690025636739229584e+10,2.597534295558753967e+10,2.689420443185974503e+10,3.193463103591843033e+10,2.875501603472019196e+10,2.285672193262368011e+10,2.972751545206566238e+10,3.193573045071128845e+10,1.738176163752746964e+10,2.868759759725498962e+10,2.814702231933091354e+10,2.748861829899650955e+10,2.780757936829909515e+10,2.574488658375368500e+10,2.897556644188261795e+10,3.179956973454055405e+10,2.100654131709508896e+10,2.134907780974636841e+10,2.446524415305003357e+10,2.902789935236078644e+10,3.404843324040837860e+10,2.207168321058016205e+10,4.036545205991572571e+10,2.847654812189735031e+10,2.881141021518958282e+10,3.566455142542411041e+10,2.592757549308919144e+10,2.478650024733917236e+10,2.503059340410173798e+10,2.510311365913911819e+10,2.644958958461083221e+10,2.621916271560309982e+10,2.564877618124757767e+10,2.055362877168718338e+10,2.767082037203251266e+10,2.681112259796183014e+10,3.415191099840140152e+10,2.539384052542461014e+10,2.379797150603216171e+10,2.399552263256708145e+10,2.779487212153371429e+10,1.722924435240847397e+10,3.318734676163357925e+10,4.283617297270848083e+10,2.281659271714044189e+10,2.868883656365080261e+10,2.570719389016992188e+10,2.352983023578598404e+10,2.326932680207363892e+10,2.998730701292914581e+10,2.498077797210758591e+10,2.817788369761751938e+10,2.234630050744489288e+10,2.925652696532182312e+10,2.368802443975262451e+10,2.367255369148855591e+10,2.949978607284849167e+10,2.526705697949264145e+10,2.459603991611254883e+10,2.394423188665175629e+10,3.109203168257405090e+10,2.222663267645295715e+10,2.306999410512714005e+10,1.764525508659115219e+10,2.271629183884532166e+10,2.080447608794020462e+10,2.046783567491884613e+10,2.223869621628950882e+10
2.573421213390847778e+10,2.052381403106700134e+10,1.945261969985841751e+10,1.914609637707272720e+10,4.528892939977394867e+10,2.353035155328366089e+10,1.696353016154079628e+10,2.082473081553669357e+10,2.343087135354195404e+10,2.651005291035985947e+10,2.847092109800226593e+10,2.655465264165131760e+10,2.620899836122967148e+10,1.989123928848670959e+10,2.382597924116468811e+10,3.085711654281204605e+10,3.087573551609746933e+10,2.689544126393429947e+10,2.455752917264997864e+10,2.460323055458719254e+10,4.035168517984594727e+10,3.100624023485253906e+10,2.644161652056361008e+10,2.113546763653777313e+10,2.995650273529219437e+10,3.351418693839466476e+10,2.706300832450824738e+10,2.574303065277003860e+10,3.336852660961042786e+10,2.377725864663783264e+10,3.092602983674277115e+10,3.408535684806624222e+10,2.540676873295960236e+10,2.693950988692962646e+10,3.487974126174188232e+10,3.208739675127464676e+10,2.483746228415687943e+10,2.969572260125334549e+10,2.795778143429085541e+10,1.919819493165851593e+10,2.177234892352162552e+10,2.611842657898052216e+10,3.125313046756081772e+10,2.986469193105282593e+10,2.366123178945244217e+10,2.512657676488491821e+10,3.530828227843154144e+10,1.983976641986989212e+10,2.647650189634723663e+10,2.316223276420491791e+10,2.811283178656369400e+10,2.510337704432478714e+10,2.926057187181919479e+10,2.896794828328904724e+10,3.330461490826425934e+10,2.773594053299135590e+10,2.607938621671234894e+10,2.909888003049149704e+10,2.538213248910179520e+10,2.203835887554061890e+10,2.242769017984002304e+10,2.996637942640749359e+10,2.706836424963891220e+10,4.368848945987033844e+10,2.928929607531961441e+10,2.623924160660808945e+10,2.503213084778466797e+10,2.877222202952705765e+10,3.274182690832561493e+10,2.588471173041876221e+10,2.630750243922123718e+10,2.613367561167103958e+10,2.070176018823254395e+10,2.743953283943893814e+10,2.827966615722953033e+10,3.119234145873974991e+10,2.860483148566324997e+10,2.397767048861569214e+10,2.399586700734266663e+10,2.679477901864706039e+10,1.983792760304757309e+10,1.781706838750035858e+10,2.449222681101449966e+10,2.445573842366116714e+10,2.736065043570217514e+10,3.078470848878505325e+10,2.830723276280004883e+10,2.479008065210913086e+10,3.048110987451847839e+10,2.360238197390492630e+10,2.924606045852186203e+10,2.172718583655191040e+10,2.006029139784336472e+10,2.096703538198808670e+10,2.493765230932829666e+10,3.172710670640741348e+10,2.467249527354124451e+10,2.181974681134292221e+10,1.966022068095537186e+10,2.528183123267675018e+10
2.072446675030296326e+10,2.123410086915541077e+10,2.174333132497875214e+10,2.161617562770783234e+10,2.158701362718702698e+10,1.990857466340411377e+10,2.304964802252637100e+10,2.570895019866453171e+10,2.298495750121765900e+10,2.412711179979796600e+10,2.981108049596490860e+10,1.976815852450426102e+10,3.344600074247314835e+10,3.315761531268711090e+10,2.291763482392520142e+10,2.499515993247394943e+10,2.939937555900606918e+10,2.052531245558606720e+10,2.656391014828219986e+10,3.729818794864913940e+10,2.483177385061212921e+10,2.139661816712081909e+10,3.928781226960870361e+10,2.634640841355050278e+10,2.934386244174654007e+10,2.512996661952215958e+10,2.808508947509226227e+10,2.180487438201195526e+10,2.904290393596681213e+10,2.828727763879117584e+10,3.099094446297411728e+10,3.488575491714315033e+10,3.467243952188961792e+10,2.401701813224363327e+10,3.108287909041698456e+10,3.009098788813168716e+10,2.839792301812169266e+10,2.963419406925606918e+10,2.093208743562188339e+10,2.729168376778162384e+10,2.537774544496955872e+10,2.809348959436750793e+10,3.046048298374791336e+10,2.736763401219403458e+10,2.683216380989610672e+10,2.253376807462230301e+10,3.092104392453760147e+10,2.237315929023273087e+10,2.976455753260314941e+10,2.796601310004859161e+10,3.131899797475057983e+10,2.454909236174796295e+10,2.748025958230963898e+10,2.971602506443605423e+10,3.284937521444285965e+10,2.271212284824983597e+10,2.516432370967724228e+10,2.464848999886278534e+10,2.370136421150082397e+10,3.542416941419011688e+10,2.864795429393378830e+10,2.365814293762129593e+10,2.413710179380712891e+10,2.439734956022610855e+10,3.164760345471450424e+10,2.849089750244184113e+10,3.644501335421425629e+10,3.794647291318381500e+10,3.908354321623924255e+10,2.830164078842718506e+10,1.987816306568852615e+10,2.490708744104245758e+10,2.482340114485478592e+10,2.244252951941639328e+10,2.358376760262128067e+10,2.003239858830864334e+10,2.784084674988161850e+10,2.562313273278437805e+10,2.180786060941217041e+10,3.117476933414201355e+10,2.217876959350646591e+10,2.688022566721518326e+10,3.117356800505941391e+10,2.420549648775090027e+10,2.459833521472409058e+10,2.644041001166430664e+10,1.952837833571597290e+10,2.850784882006988907e+10,2.152291292540642166e+10,2.574881701140018845e+10,2.425230563935866928e+10,3.592800526061041260e+10,1.912494004808193207e+10,2.154941539018616867e+10,2.001250646084270096e+10,2.352242862504891968e+10,3.109597442918803406e+10,2.781961556952072906e+10,2.297848769282119751e+10,1.895757436288013840e+10
1.832049979252193832e+10,2.125689126068697739e+10,2.075772733799855804e+10,2.417576292280315399e+10,2.728700310406729126e+10,2.506437521020911789e+10,2.144171751330648041e+10,3.565037216557928467e+10,2.706370413621835327e+10,2.189241820331951523e+10,2.299333851174779129e+10,2.593198164463174057e+10,1.970803223206304550e+10,2.372699735579227066e+10,2.938933157970113754e+10,2.880597232391870117e+10,3.330400016704751968e+10,2.947933264977206039e+10,2.417502001193218994e+10,2.637727888675165558e+10,2.662102399982357407e+10,2.959301582653376770e+10,3.804788683124511719e+10,2.302832636090034866e+10,2.601653724805786514e+10,2.581526685987949371e+10,2.375918727142275620e+10,2.605762481895675278e+10,3.753885465798847198e+10,2.988361285356531143e+10,3.761383364501530457e+10,2.585272666356240463e+10,2.278015763541696548e+10,2.551291869821253967e+10,2.650629213636561584e+10,2.350151786638153076e+10,3.186244141133755493e+10,2.768673282557192612e+10,3.116161100976812363e+10,2.269969773189488983e+10,3.595901296987865448e+10,2.472084415685149002e+10,3.707323234722611237e+10,2.633591797439253616e+10,2.762128956944300461e+10,2.622483212896710205e+10,1.975817138725116730e+10,2.755683231897728729e+10,2.770992104588045883e+10,2.264208931677050400e+10,3.498159966291718292e+10,2.850450864176356506e+10,2.041181622522206879e+10,2.003965071810272217e+10,2.386445563494247437e+10,2.926176518202252960e+10,2.673697954210192490e+10,2.691386424616763687e+10,2.307510211261888885e+10,3.215445494305096054e+10,2.706961842449699402e+10,2.794724804132187271e+10,2.288135632701788712e+10,3.010552045184816742e+10,2.436991793320758438e+10,2.209361087831024170e+10,2.945379220565662766e+10,5.158275732868859863e+10,3.097924870222201920e+10,2.984381319170016861e+10,2.241482208821860886e+10,2.657791980363529587e+10,3.883617782801631927e+10,2.709699701441867065e+10,5.423643261605719757e+10,3.220411733881839752e+10,2.132428317388650131e+10,3.262599975143218994e+10,2.760525448567038345e+10,2.830810081086243439e+10,3.454144603130926514e+10,2.727119971735940933e+10,2.528772514159423828e+10,3.314574064745869064e+10,2.456609246702338028e+10,3.540827490891931152e+10,2.076859095433658981e+10,2.421665443157348251e+10,1.943037159116734695e+10,2.964683327011907578e+10,2.474819007696771622e+10,3.159474691021525192e+10,3.324111091809674454e+10,2.379765306341593552e+10,2.659757532293901825e+10,2.476311862498551559e+10,1.930727688350837326e+10,2.489541544819392395e+10,2.173025333604411697e+10,2.371437432026041794e+10
2.112098217264234924e+10,2.258803910793365097e+10,2.107548825164087296e+10,1.858043691473853683e+10,2.474261805835217285e+10,2.867611858170822906e+10,2.512543392828534698e+10,2.297469941899899673e+10,3.071643591560216522e+10,2.671216644176580048e+10,2.774730161879257584e+10,2.973536014585701370e+10,2.841600007907791519e+10,2.956901963064228821e+10,2.373080845433127213e+10,2.862187103352406693e+10,2.146380312744859695e+10,2.643615570223358536e+10,2.277674474020117569e+10,2.485500788797271729e+10,4.088218789231982422e+10,3.175682718708557510e+10,2.988498191745688629e+10,3.388535586281560135e+10,2.318185314636598206e+10,3.499037096833761597e+10,2.778605776489733124e+10,2.430431966839877701e+10,3.461983156880250549e+10,2.578685370838145447e+10,2.560900622114797211e+10,2.221909578831523895e+10,2.728101510027116394e+10,2.260840505519114304e+10,2.364712885841670990e+10,2.611911565316489029e+10,3.286240270163589478e+10,3.300162222285139465e+10,2.715169761052214813e+10,3.391591845867346954e+10,2.952988506455696487e+10,3.031620009215816879e+10,2.896926692923963165e+10,2.775183871287681198e+10,2.600720817055606842e+10,2.730104016582492828e+10,3.374673356738240433e+10,3.126128327181538773e+10,3.194374444020500183e+10,2.118948455249868393e+10,2.186975499598526382e+10,3.120321950317010498e+10,3.084533630520794678e+10,2.513563459030358505e+10,2.560252523349414062e+10,2.798749679916323090e+10,2.396846159425156021e+10,2.709893292597529984e+10,2.795437744404399490e+10,2.805723382094317627e+10,2.300299015841037750e+10,3.225557627124954605e+10,3.217394958168026733e+10,2.768546059345076752e+10,2.549776455335063553e+10,2.554770852589682007e+10,3.524573335419308472e+10,2.263898967693798447e+10,2.726714088548176956e+10,3.803904556747554779e+10,3.586263638924378204e+10,3.660810640330473328e+10,2.621704001044553757e+10,2.732503138141115952e+10,3.087771476105986786e+10,2.343457403438636017e+10,4.277257037281180573e+10,3.022049301471065140e+10,2.633309229781855392e+10,2.640893567664755630e+10,2.315010968257779312e+10,3.985645490540380096e+10,2.990258837389446640e+10,2.298415181778051376e+10,2.435536227906097031e+10,2.782804356836399841e+10,2.218880662006799698e+10,2.485631044208431244e+10,3.178338394307932281e+10,2.468053847941762161e+10,2.449459643632693481e+10,2.999480582792359924e+10,2.410532380055316162e+10,1.838983331979312134e+10,2.336085935821701431e+10,2.343917742697609711e+10,1.917484277288319397e+10,2.612354521355008316e+10,2.542670545960834885e+10,2.424322780853268814e+10
2.211371658259605026e+10,3.394088624287195969e+10,1.959543677760490036e+10,2.798179143977158356e+10,2.087502791608426285e+10,2.526005631600983429e+10,2.505911874067613983e+10,2.853758267748089218e+10,2.948632659769628525e+10,2.815905425542686462e+10,2.367075525945294189e+10,2.863503965781735229e+10,2.954883352482349777e+10,4.065123542102349854e+10,2.553926025157215500e+10,2.548009952816699600e+10,3.074769366277077484e+10,2.339872567472577286e+10,2.297893020654743576e+10,2.385046583261787033e+10,2.665969683551067734e+10,3.653780380847612762e+10,4.259135295127622986e+10,2.587757965554570770e+10,3.189588112416624451e+10,2.785448333462144470e+10,2.340747382690048981e+10,2.694827202437817764e+10,3.038009751984817505e+10,3.734341505351827240e+10,2.817159754803915024e+10,2.703822889758529663e+10,2.904159734688549423e+10,3.773749180574164581e+10,2.469752097772087097e+10,3.181128010737395859e+10,2.390824289143478012e+10,2.456411235443357468e+10,2.558870990695281219e+10,3.424597687951686859e+10,2.490302081185793304e+10,3.423544133739232254e+10,3.032411517300567627e+10,3.926951571525697327e+10,2.626417440360569382e+10,3.073057999254405594e+10,2.775653390011818314e+10,2.978357893666697693e+10,3.325195939471178818e+10,2.754088173312901688e+10,3.060808292734625626e+10,2.262984812715905380e+10,3.015647575834005737e+10,2.719179113536735535e+10,3.031901859265167999e+10,2.964147182412619781e+10,2.388303953423983002e+10,3.149050555847678375e+10,2.839470616371694565e+10,2.843282946047263718e+10,3.878831853546882629e+10,2.907418000775953293e+10,2.358434454412146378e+10,2.738302990459115601e+10,2.359348997145009995e+10,3.049481639133608246e+10,3.279786946661894989e+10,3.496408282642742920e+10,2.337801182871310043e+10,3.195447162635762787e+10,4.161241269296665955e+10,3.806079023541192627e+10,3.297194825352030945e+10,3.343032494203715134e+10,3.132343868626298523e+10,3.413887911866823959e+10,2.582207056128181839e+10,3.522927781842076874e+10,3.683338453029640198e+10,2.936805692162640381e+10,2.756317570801780319e+10,2.119207954298242188e+10,2.642180061043690872e+10,2.182293646788830566e+10,2.866868443211896133e+10,2.910127975150581360e+10,3.129351148609875488e+10,2.992902749627999496e+10,2.388519679548816681e+10,2.971409171911376953e+10,3.896521935521919250e+10,2.833279087570674515e+10,2.122113990800462341e+10,2.922606984260933685e+10,1.994273860210160446e+10,1.994702832924493408e+10,2.807156942292906952e+10,2.036058482543170166e+10,2.113436142195647049e+10,1.725788693398692322e+10
1.869949064087109375e+10,2.631174935245722198e+10,2.361726349534440231e+10,2.412164060700629044e+10,2.443597485319897842e+10,3.468504890081150055e+10,2.607310678555317307e+10,2.314697535725708771e+10,1.914349340040056992e+10,2.395029235488397598e+10,2.900430111047463608e+10,2.907917248752716064e+10,2.240541892957992935e+10,2.049314369059263229e+10,2.486214328614032364e+10,2.985938300824810028e+10,2.377083379407492447e+10,2.652767889022834396e+10,3.802289845601470947e+10,2.453915537810762024e+10,2.505738548296808243e+10,2.510346082621857071e+10,2.872202239281898499e+10,3.060692695740896606e+10,4.116978057940041351e+10,2.928497348117140198e+10,3.315365527122097778e+10,2.659050950225717545e+10,3.782213242167449188e+10,4.097160687814388275e+10,2.797018701085110092e+10,2.619330247814091110e+10,3.860396569717138672e+10,2.885010551195195389e+10,2.710741634590675735e+10,3.574131924727073669e+10,3.351946227302819824e+10,3.399958737562026978e+10,3.269352557142057419e+10,3.757200837288903046e+10,4.975148622276650238e+10,2.936162167083758545e+10,3.836782125033657837e+10,3.046771280267282104e+10,2.563585902693375015e+10,2.687473909486096573e+10,3.036254235159237671e+10,2.477852770279264069e+10,2.838084770984050751e+10,2.476666457090571976e+10,2.506983803200077057e+10,2.789927921364208984e+10,3.171277043573371124e+10,2.846015859749913406e+10,2.327482199187751770e+10,2.446159742204266739e+10,3.518846119552953339e+10,3.083598634217200851e+10,3.115374842685233688e+10,3.189804807758985901e+10,2.363579902973323441e+10,3.590627656166836548e+10,2.802822991125539398e+10,2.587788020283019257e+10,3.273678234883792877e+10,2.982854552800783539e+10,4.646819067546253967e+10,3.556919484896800232e+10,3.380654575503243637e+10,3.538558039095501709e+10,3.327710197589791870e+10,2.745125711878350830e+10,2.883343414318407059e+10,2.769491576339369202e+10,2.464381154551122665e+10,2.848776562679439163e+10,3.120390470001052475e+10,2.775270331891966629e+10,2.811429531104279709e+10,2.979825260731925201e+10,2.680836402573772812e+10,3.453626200932019806e+10,2.575563472708694458e+10,3.124037514509632492e+10,2.345806985117950058e+10,2.667193597493367767e+10,2.460608002641417313e+10,2.730071800218880463e+10,2.912779639447496033e+10,2.463459964650835419e+10,2.489155664239011765e+10,2.466586569170699310e+10,2.307006543553210449e+10,3.276177875266197586e+10,2.805002850524313736e+10,2.008804393832143402e+10,3.614128252359873199e+10,2.142696481120032501e+10,1.789753288519734573e+10,2.457908265756983948e+10
2.655205308942609024e+10,2.435335838071734238e+10,1.984317695480319977e+10,2.416547527495211029e+10,1.944048356580416870e+10,2.349267463049944305e+10,2.339702021596610641e+10,2.439036830276996994e+10,3.206843679063950729e+10,2.564590166123793411e+10,2.836441194794734955e+10,4.283894517235790253e+10,3.097125992990158081e+10,2.628211275219672775e+10,3.224934534231622314e+10,2.593290232777445984e+10,2.719246098704884720e+10,2.665753918497402954e+10,2.518721738681132507e+10,2.541366706750720978e+10,4.055398135229621887e+10,3.633628576651904297e+10,3.089574354573608017e+10,3.496845295358461761e+10,2.724842647891909409e+10,2.850302781649705887e+10,3.145397883310702515e+10,3.993861131911251831e+10,3.278242403987673569e+10,4.459940279190839386e+10,3.197309440488077927e+10,3.488656135245209503e+10,3.276862725327389145e+10,2.564925793958887863e+10,3.073687537409161377e+10,2.602086441126538086e+10,2.429454324322103882e+10,2.723141501182480240e+10,2.505587185619167328e+10,3.610795748085489655e+10,2.607511113861645126e+10,2.904782815480258942e+10,2.824534853426086426e+10,3.106334886804665375e+10,2.784605070537691498e+10,2.751873404401273346e+10,3.547081072152847290e+10,2.274541763010902023e+10,2.389346081241894150e+10,3.505060989535318756e+10,2.985772664810198975e+10,2.654545895360580444e+10,2.982765354682711792e+10,4.236518976428270721e+10,3.364171294521229935e+10,3.264222615546530914e+10,2.912042235582666016e+10,3.431694996371902466e+10,3.049029209134535980e+10,2.891234859174374008e+10,2.724483539563546371e+10,2.665365037523604584e+10,3.264598515265579605e+10,2.879041357494338989e+10,2.330560002254363251e+10,2.932877604960628510e+10,2.321012877098007202e+10,3.145602503695927811e+10,2.829489450153705597e+10,2.624524707579768753e+10,3.106595092141390991e+10,4.124923689432452393e+10,3.701329260663008118e+10,2.645426628437950897e+10,3.439219871978089905e+10,3.441163712511110687e+10,3.279972686283962250e+10,3.071515271362539291e+10,3.826848442363465881e+10,3.414107043536991882e+10,3.394727327544813538e+10,3.049540006782046127e+10,2.929814433669327927e+10,3.242969112587784195e+10,4.674556951635799408e+10,4.069305154377715302e+10,2.892530008551729965e+10,3.658027825006439209e+10,2.609879522435274887e+10,2.819966310965728760e+10,2.893845781682370758e+10,3.599725613208782959e+10,2.293402943112511826e+10,2.447661724533166885e+10,2.581836235281559372e+10,2.266473236016597748e+10,3.062664661952322388e+10,1.751150106834458542e+10,1.839625274610276794e+10,1.841273667320437622e+10
1.863936440675098801e+10,2.229830695298387527e+10,2.406083958673877716e+10,2.326376496050579453e+10,2.448737413915425873e+10,2.222521800770161057e+10,2.071681599341598892e+10,3.286861950419051743e+10,2.752246679621645355e+10,2.302067185038639450e+10,2.925159424609307861e+10,2.764436723236716080e+10,2.444975807691009903e+10,2.930344417828936768e+10,3.212972095175293350e+10,2.884154426103296661e+10,3.270932295435893250e+10,3.222087363075019455e+10,2.580105436477989960e+10,3.061040311049617386e+10,3.921384283896159363e+10,3.570305244046669006e+10,3.021400038751568222e+10,2.780711172474621964e+10,2.954698043919239044e+10,2.580883967399197006e+10,2.608366664711539078e+10,3.507016274302066040e+10,4.273216715245142365e+10,3.285759523454374313e+10,3.027537162558778763e+10,3.120373487015732574e+10,4.854829673801331329e+10,2.758620424150017548e+10,2.721590550926128006e+10,2.350805737524773026e+10,2.981635806034345627e+10,2.625891033276078415e+10,2.827386217972500229e+10,2.653378876668974686e+10,3.413503099898792648e+10,2.546202160166418839e+10,3.098430088828897858e+10,2.589665367217459106e+10,2.912701881109653854e+10,3.568692275254502869e+10,2.831625040433699417e+10,2.188867861551879883e+10,3.147499752199642944e+10,2.874545961855607986e+10,2.796691448478806686e+10,2.789129846635690689e+10,2.688837359396607208e+10,2.841181791813928986e+10,4.617993932679797363e+10,3.125791417776081848e+10,3.485638465522932434e+10,3.019889864372829437e+10,3.365116411901291656e+10,4.114074124499983978e+10,3.185260701019796753e+10,2.941590858078429794e+10,2.949706821031097412e+10,3.234390260357811737e+10,3.243435132661571121e+10,2.791239760063507080e+10,3.796689313086002350e+10,2.393972137154039764e+10,3.724095062818781281e+10,4.879335772105425262e+10,2.149648480663134003e+10,4.209830560092490387e+10,4.716856771926008606e+10,2.658150731472145081e+10,3.372155088193971252e+10,3.476297512496339417e+10,2.890236121639376068e+10,2.649976828744300461e+10,3.187227401916588974e+10,3.544427386175741577e+10,2.952809261654877472e+10,2.946325045463416290e+10,3.881788467171029663e+10,2.434003056774044037e+10,3.241244001585972977e+10,3.363265316431188965e+10,5.214368324675635529e+10,3.174698130233337402e+10,3.119547792811852646e+10,2.787991556018793869e+10,2.039785711355521774e+10,2.358636728412944794e+10,2.386120667614286423e+10,2.765548218172833633e+10,2.556799703322743988e+10,2.622617399338103867e+10,2.037069454707476807e+10,2.517241817480214310e+10,2.306807266585097885e+10,2.556074860378742981e+10
2.398460105647877884e+10,2.483261942425461960e+10,2.420535135226069260e+10,2.803560611908358002e+10,2.658755543853017044e+10,3.086998679780380630e+10,2.733555588245291519e+10,2.725052747414668274e+10,3.302153889632576752e+10,3.783819144273435211e+10,2.901582641356478119e+10,3.061704989167311859e+10,2.822818844722627640e+10,2.486223274959597397e+10,2.852259312531488800e+10,2.660542272727275085e+10,2.844681267023527908e+10,3.292339850225651932e+10,2.712719444078112793e+10,3.693453267610503387e+10,3.145069168236104202e+10,3.586995244853042603e+10,4.121847897609244537e+10,3.251337184903807449e+10,2.616850058022051620e+10,2.771475210817978287e+10,2.918498874891806793e+10,4.044997319828440094e+10,3.994650057285187531e+10,3.809199466456183624e+10,3.608422658582685089e+10,5.368089673209219360e+10,4.119022988180023956e+10,2.773809639622669983e+10,3.806047927024100494e+10,4.610247134582981110e+10,2.823764820403366852e+10,4.087876410266355896e+10,2.970994475869010544e+10,3.215753798097247696e+10,3.178961002894762421e+10,3.072236287152834702e+10,3.547685459875945282e+10,3.056315196093031311e+10,4.134873081817638397e+10,3.023100904077766037e+10,3.851352515762143707e+10,2.732903263698263550e+10,2.295915034454149628e+10,2.624301787572224045e+10,3.042355763906159210e+10,2.492582366059132767e+10,3.350759759895265579e+10,2.933701485616828156e+10,3.539113568101715851e+10,3.913978517868302917e+10,2.678859123127266312e+10,2.453808878979396057e+10,3.439350333807200623e+10,2.761495226060602570e+10,2.968589278205856323e+10,3.167262157211663437e+10,2.939403560898028564e+10,4.387799479204281616e+10,2.748316405939261246e+10,3.065820941575425720e+10,4.231792546673142242e+10,3.812673532438346100e+10,3.139394737494142532e+10,3.165682638198209000e+10,3.544521261018724060e+10,4.022066165009691620e+10,3.338670534328545761e+10,3.867500805702904510e+10,4.844115719773948669e+10,4.192351435162212372e+10,2.934926695968957520e+10,3.425679350507962036e+10,3.073935133522173309e+10,2.853152715239099884e+10,4.057728828715483856e+10,2.811022725971373367e+10,3.818200354641670990e+10,2.766871465895157623e+10,2.516766509482032394e+10,3.956904906706443787e+10,2.643991834685692978e+10,4.525739038886638641e+10,2.092010354442789459e+10,2.737262630976740265e+10,2.368865425041863251e+10,2.847398447971367264e+10,2.541351857361111832e+10,2.455873039436217880e+10,2.458456758236865616e+10,2.279723072025062561e+10,2.180033323131683350e+10,2.111737179122520828e+10,2.327259185026693344e+10,2.035962600673470688e+10
2.387745614844796753e+10,3.161683874082093811e+10,2.942811258663629913e+10,2.694117601728267670e+10,2.814128111975660324e+10,2.724099862942529678e+10,2.453317606751532364e+10,2.389074577565865326e+10,2.686014096946323395e+10,3.566354215702725220e+10,2.219020169898765945e+10,2.481496894091505051e+10,3.007538113876627350e+10,2.748866270515837860e+10,3.221225967821846008e+10,2.827734370068862534e+10,3.337983831433218765e+10,3.366296042726440811e+10,3.323330367896926498e+10,2.759439719631404114e+10,3.505859871081571198e+10,4.079303647156613159e+10,2.740013383297982788e+10,3.662697236524145508e+10,3.879567414999169159e+10,3.829739751283436584e+10,3.450022451390457916e+10,3.990406983038264465e+10,3.033435534095634460e+10,3.154570864303744507e+10,3.690947415248973083e+10,3.502308511292462921e+10,2.932808168015148926e+10,3.193337891836404419e+10,3.489906717715568542e+10,3.421353147522493362e+10,2.222819431034442139e+10,3.056899425363265991e+10,2.972753583976366425e+10,3.196118923886925125e+10,3.445242406837082672e+10,3.311650569533613968e+10,2.203885137497064972e+10,3.060701766877550125e+10,3.699627262127536011e+10,3.711787030006887054e+10,3.377634836850605392e+10,2.387602447746726990e+10,2.906445732246093369e+10,2.376851834602064514e+10,3.814268765991448212e+10,2.606210187565440750e+10,3.914421836734886169e+10,3.095051053393599319e+10,3.936951530112956238e+10,3.150868003144721222e+10,3.104536999372208023e+10,2.599634942714748001e+10,2.759603135783096695e+10,3.324061173602925873e+10,3.069421785750760269e+10,3.385671697069859695e+10,3.017955458584329987e+10,3.236387519078178787e+10,2.673815040819222641e+10,3.764858362331088257e+10,2.755836899013245392e+10,2.911268407002375412e+10,3.517883930607756805e+10,2.854955224456298447e+10,4.038947649791297150e+10,4.675934105295372772e+10,4.380234375272879028e+10,3.111110501167734528e+10,3.501463780471183777e+10,2.888325600548901367e+10,2.753551043719470596e+10,3.738183060162590027e+10,3.621718918192397308e+10,3.865821233447325897e+10,3.853513539175310516e+10,3.733359163096564484e+10,3.482964324471262360e+10,3.813142411586296082e+10,2.954431212118389511e+10,2.569266895991773987e+10,2.674803501468067169e+10,3.513141305028412628e+10,2.818171479362364578e+10,2.656382776881044388e+10,2.657702662115929031e+10,4.115360260696274567e+10,2.581570085791616821e+10,2.600482453615327454e+10,2.414005606065988922e+10,2.397727473953146362e+10,2.754101322698455429e+10,2.019329346049905014e+10,2.335016161723896408e+10,2.564462225526615906e+10
2.704481197937517929e+10,2.748363878216322327e+10,2.380408003864950180e+10,2.775406105655514526e+10,2.404581780089235687e+10,3.341972383158930969e+10,2.285683826747162628e+10,2.413829356288508224e+10,3.845469390832651520e+10,2.381510510238672256e+10,5.104256190068239594e+10,2.822088549608271027e+10,5.318590046409285736e+10,2.975097274676599884e+10,2.855722762173966217e+10,3.666271412259313202e+10,3.196078922435997391e+10,4.290638845240811920e+10,2.865351276469287109e+10,3.868504393978749084e+10,4.307222655838967133e+10,3.167434214403042603e+10,4.887321789475644684e+10,3.725206028591669464e+10,4.112919040916458130e+10,3.930681515992554474e+10,3.944536274467163086e+10,3.852506912171343231e+10,3.450303467007386017e+10,3.967878518731799316e+10,3.787772312421167755e+10,3.274386010707799911e+10,3.816401027649935150e+10,4.181964213566435242e+10,3.165053171909855652e+10,3.096764449130283737e+10,2.981770883639469528e+10,4.815418507301015472e+10,2.920847503186114120e+10,3.054995910511006165e+10,3.415827350546735764e+10,3.007866291222509766e+10,3.031577640520817184e+10,2.866964320592089081e+10,2.966100220922644043e+10,3.227089469070980072e+10,2.505057457138857651e+10,3.122331846643815994e+10,3.238921350874926376e+10,2.608921691176502228e+10,2.338918132646398544e+10,2.569139248233680725e+10,2.554220549461070633e+10,2.989694497006144333e+10,3.307615093283681107e+10,3.838284680401475525e+10,2.643726204416125870e+10,2.962577338022754288e+10,3.061654550358670807e+10,3.871128908880831909e+10,2.876865853001088715e+10,3.945461210293406677e+10,2.735429416813053894e+10,3.444899386740515137e+10,3.052644261579126358e+10,3.638397996081570435e+10,4.589630829197672272e+10,3.652619007268666840e+10,3.547044214238629913e+10,3.558827895397606659e+10,3.496622239372874451e+10,4.433049770730892944e+10,4.464092401202082062e+10,3.558384066644787598e+10,3.280920039861499405e+10,3.868683277641703796e+10,2.691883247793004608e+10,4.347924820054374695e+10,4.010404698856896973e+10,3.671006304077081299e+10,3.340061201252908707e+10,3.449965458849833679e+10,3.098879185497218704e+10,3.473187079538289642e+10,3.065690908814878464e+10,2.639061784782386017e+10,3.265222912313158798e+10,2.993828602371271133e+10,3.201144326071966171e+10,4.060775904864282227e+10,3.666184959464878845e+10,3.121037025260317612e+10,3.113021137601411438e+10,2.554048541875305557e+10,2.323019980867511368e+10,2.477784589945043945e+10,2.881052966237069702e+10,2.180286368120836258e+10,2.582849406804366684e+10,2.097557526714173889e+10
3.009505828340055084e+10,3.602299905451990509e+10,2.174783804320082855e+10,2.281178067112792969e+10,3.189292614436260223e+10,2.509066709389408112e+10,3.912623990650331879e+10,3.117286085064501572e+10,2.866708509415789795e+10,2.501567321125460815e+10,3.110680933717893982e+10,2.828894073539946747e+10,3.691138933742422485e+10,4.188426689944915771e+10,3.861443874264614868e+10,3.288896355649892044e+10,2.881191442473265076e+10,3.414893297851851654e+10,3.556930293485514069e+10,3.796975543240470886e+10,3.662998094018122864e+10,3.189305730615404129e+10,2.911631541922217560e+10,4.014662596537165833e+10,3.728459882418476868e+10,4.319987781046815491e+10,3.814690822241736603e+10,3.845330538397988892e+10,3.733777625781912994e+10,3.282617019663251114e+10,2.987079202065375900e+10,5.552438196129557037e+10,4.850003830451266479e+10,3.450842338945766449e+10,2.799589392748195648e+10,4.243205892639447784e+10,3.937917300234687042e+10,3.103949348469447708e+10,2.850094358597830582e+10,2.623825907525542831e+10,3.613862004576616669e+10,3.352545563544707870e+10,3.203298654702630615e+10,2.491773625700127792e+10,3.113714787014563370e+10,3.232160494982987595e+10,3.459030746801071930e+10,2.659850997704278564e+10,2.797295129877714920e+10,2.969279634800807953e+10,3.005297773147764587e+10,3.527456444174672699e+10,2.995186538841657639e+10,4.443267233341798401e+10,3.549152658398359680e+10,2.597472896651935196e+10,2.824167602548521805e+10,2.644443541710474014e+10,3.187509416864953995e+10,3.597216220485211182e+10,2.480118372968334961e+10,3.499319338369712830e+10,3.054899140170715714e+10,3.882801232000746918e+10,2.649818013585079956e+10,3.853254144748353577e+10,3.111100382471673965e+10,4.857088567241339874e+10,3.416251833106324768e+10,4.197901213257884979e+10,4.208617724927851105e+10,3.874090640740232849e+10,3.785475483982059479e+10,3.941141774226832581e+10,3.805999718844231415e+10,3.441375289124944305e+10,3.619982478102457428e+10,3.621624499025733185e+10,3.503321056656178284e+10,3.029465927351929474e+10,3.887002118252357483e+10,3.517267094843195343e+10,2.783324919042739105e+10,4.183719692473124695e+10,5.118620741171735382e+10,3.088677320919070435e+10,2.569897864289371109e+10,5.702271562357669830e+10,3.031890391249245834e+10,2.641254414476181412e+10,2.894775795548363876e+10,2.781941869532165146e+10,2.613080445963890076e+10,3.446045894996180725e+10,3.417936581458250427e+10,3.061511453783837891e+10,2.171949998322907257e+10,2.711031976526577759e+10,2.798068195990395355e+10,1.926770284563369370e+10
1.923674997380595398e+10,2.355955900593935776e+10,2.072883520623247147e+10,2.623310048532310867e+10,2.653571535367756271e+10,2.963456954817772675e+10,2.680977782816083908e+10,2.170000819803294373e+10,3.232514573469867325e+10,3.015482216777166748e+10,2.701935978755023575e+10,2.604692762756211472e+10,3.542643352689235687e+10,3.354877603824624252e+10,3.445727661089266205e+10,3.218274227116584015e+10,3.612214944684444427e+10,4.099001202442625427e+10,3.802380973272244263e+10,4.535721066999994659e+10,4.016089760270172882e+10,4.661416920436964417e+10,4.196865321450269318e+10,4.025286478771585083e+10,3.334441675327592087e+10,3.983149236676757050e+10,4.372026786973984528e+10,4.450055975309156036e+10,3.651695506864971161e+10,4.280986246837014771e+10,3.575165683314488220e+10,3.151966426052470779e+10,4.046120302945487976e+10,3.489432909693899536e+10,4.260506877061347198e+10,3.725993851258044434e+10,3.762863666407980347e+10,3.575922333150920868e+10,4.781094535515882111e+10,4.364227645893753815e+10,4.197537578615219879e+10,3.271769978914133072e+10,3.310490517901459122e+10,2.658974717328081131e+10,2.901234220571228027e+10,3.706153101875193787e+10,2.583547051783695984e+10,2.838227106860441589e+10,2.498247108395079041e+10,2.645951202006864548e+10,4.222661161142356873e+10,3.145789053797817612e+10,2.798195068911702728e+10,3.007825448350106812e+10,3.088171485616526794e+10,3.314072159586851883e+10,2.900079487628961563e+10,3.272279911624380112e+10,3.017130553644602966e+10,3.314241387699656677e+10,2.942325886372201920e+10,3.710392775548925781e+10,3.754567469039099884e+10,2.985968711070935440e+10,4.271611940623004913e+10,3.853543587800661469e+10,3.338613688186156082e+10,3.224237825955265045e+10,3.462527638325197601e+10,4.116841275400904083e+10,5.770352209975107574e+10,4.587411879282345581e+10,3.591242065980538940e+10,4.413220381716436768e+10,4.492731512672914124e+10,4.688720414368085480e+10,3.358271822425615692e+10,3.628289797556541443e+10,4.917292068361447906e+10,3.768286316872322845e+10,4.740611244224917603e+10,4.115271186854557800e+10,4.204916196763739777e+10,3.243008059864332962e+10,3.783411587757353973e+10,3.073596962419255447e+10,3.085208194243603134e+10,2.737151601560271454e+10,2.748433485970044327e+10,2.259321687933029175e+10,3.145418148631370163e+10,3.057390617970339584e+10,1.942211902955146027e+10,2.575008290830817032e+10,2.688058963475181198e+10,2.503509624565672302e+10,2.468984884316323090e+10,2.219378856004466248e+10,2.562489382077124023e+10,2.076817705906191254e+10
2.566633856891529083e+10,3.550722064415781403e+10,2.480519071294255829e+10,2.717661668204289627e+10,2.141854881305936432e+10,2.818808226757175064e+10,2.602939287844503021e+10,2.972557397727333069e+10,3.277579818391028976e+10,3.140512832864889145e+10,3.148921341480755997e+10,3.254165986739321518e+10,3.243908170390480804e+10,3.286612677891799927e+10,5.071975958463378143e+10,2.792797832538639450e+10,3.413256950526122284e+10,3.333296208349370575e+10,3.583086834470434570e+10,4.221852170958053589e+10,3.262014947960679626e+10,5.014058328407105255e+10,4.366103611235643768e+10,5.393444934635079956e+10,4.190533072601873779e+10,3.882576723468863678e+10,4.966033074387357330e+10,3.876409523161386871e+10,4.466716949070747375e+10,5.059385697548350525e+10,4.398489580310015106e+10,3.602888012779286194e+10,4.494022970238504791e+10,3.938395547602082062e+10,4.549976729916046906e+10,3.789213217317297363e+10,3.368394294698683929e+10,3.561809634203246307e+10,3.748972168134791565e+10,3.595449599463797760e+10,3.308440302733718109e+10,3.347685142370522690e+10,3.271177900634106445e+10,3.620277484630680084e+10,3.231643416089138031e+10,4.729928176591390228e+10,2.849064163762053680e+10,2.934869493428102112e+10,3.650342384876261139e+10,2.317010830786447906e+10,3.272724660044012070e+10,4.117512514471652985e+10,2.777088720891519165e+10,4.226287911725261688e+10,3.187473790495087433e+10,3.147394355003800583e+10,3.156280322565024567e+10,2.885320959297613525e+10,2.968588232845282745e+10,3.428846984569963455e+10,3.634352983878140259e+10,2.865955029802809906e+10,3.095990819846185684e+10,3.311961092048547745e+10,3.317336107061506653e+10,4.050175834873707581e+10,3.181926390973526001e+10,4.154754992757662964e+10,5.038267377169990540e+10,3.608670355880385590e+10,4.102237410574497986e+10,4.938429058937478638e+10,5.328632162924046326e+10,4.158353074975474548e+10,3.444565391731506348e+10,4.233332405508739471e+10,3.959635976307889557e+10,4.900029476079010010e+10,3.941859283858950043e+10,4.058493460552591705e+10,4.292871052157486725e+10,3.515406537502770233e+10,3.551036299710349274e+10,3.367407169336471176e+10,3.605729181120658112e+10,2.997011481095818710e+10,3.640612714824417114e+10,2.988746383530051804e+10,3.140308447198792648e+10,2.829981032168138504e+10,2.705308960793593216e+10,2.872350990348685837e+10,3.319993238825606918e+10,2.766930783302743149e+10,2.930385910985303116e+10,2.896692946096249771e+10,2.801399777725259399e+10,2.873164987701669312e+10,3.681773331189669037e+10,2.660495692881268311e+10
2.217009703229215240e+10,2.280018708061545944e+10,2.989598447967990494e+10,2.430704595619765854e+10,2.700515886214636230e+10,2.261891462716062927e+10,2.650201736643924332e+10,3.400821285378143311e+10,2.200819540717375183e+10,2.221316963557476425e+10,2.869419799577759933e+10,3.779416314144115448e+10,2.774615569007890320e+10,3.992146944104263306e+10,3.412403632774420547e+10,4.232881974509416199e+10,3.495601409283678436e+10,4.466021058953671265e+10,3.677415918254494476e+10,3.699329826596192169e+10,4.246677098547414398e+10,4.592274722438573456e+10,5.054821262642869568e+10,4.320218161770211029e+10,4.662535012544492340e+10,4.742178495729900360e+10,3.892803625161300659e+10,4.661102490907709503e+10,3.515525106879309845e+10,4.858645084042248535e+10,4.359890595116461945e+10,5.082096736663954926e+10,5.137021740599942780e+10,3.995521681393576813e+10,3.487796105295282745e+10,4.076151937116438293e+10,3.868324989795803833e+10,4.836264741200487518e+10,4.128349415929606628e+10,4.050839771333089447e+10,2.859691897588082504e+10,3.334454632861657715e+10,3.118403649374399567e+10,2.764960195972650909e+10,3.410119351442774582e+10,3.171809033909850693e+10,2.952339400596088409e+10,3.189358483215459824e+10,2.895249962308118057e+10,4.013963329602722931e+10,2.957269653128379822e+10,2.864427676898788834e+10,2.671079554029882431e+10,3.157090488119151688e+10,2.556216548147864532e+10,3.120333418006580734e+10,2.603881007874658966e+10,2.964094710537119675e+10,3.585652431185138702e+10,4.396814227411585236e+10,3.195012896041588974e+10,3.239262633117928696e+10,4.269388007475082397e+10,3.121595485970239258e+10,4.299367646729985046e+10,4.379470243441370392e+10,3.401170613838272095e+10,3.136397360370369720e+10,4.544753151951099396e+10,6.442795641213242340e+10,4.147231962472191620e+10,4.574574550130548859e+10,5.252882036486322021e+10,4.896971017801170349e+10,5.015279956249696350e+10,4.885625717039656067e+10,5.251556527969721222e+10,6.009341780798535156e+10,4.049870147626654053e+10,4.862707501960845947e+10,3.970716696613459778e+10,4.333147281702269745e+10,4.063380204863089752e+10,3.920388272780497742e+10,3.232745861072695160e+10,3.950211825427088165e+10,3.488771970054737854e+10,3.158013659464627457e+10,2.549607116187659454e+10,3.317052415770737839e+10,3.832316822957243347e+10,3.303542794669580078e+10,1.953501796883018112e+10,3.013416820017440033e+10,3.327062004827827835e+10,3.068767126735722733e+10,2.114057321325706100e+10,2.488908452023320007e+10,3.185756776602315521e+10,2.140617754489757538e+10
2.536654968798483658e+10,2.861909720366002274e+10,2.525686620433329773e+10,2.321885679739813232e+10,2.907501319568963242e+10,3.207022298920804214e+10,2.447879789425948715e+10,2.388722503395988464e+10,2.649124111034630203e+10,2.981563027370193100e+10,3.171850347492941284e+10,3.505001940438542938e+10,3.488775815228092194e+10,4.268598851905648804e+10,3.460567304302143097e+10,3.896297426649501801e+10,5.051435969779814148e+10,4.443969040291840363e+10,3.298731519614823532e+10,5.611658371836570740e+10,5.618226773691396332e+10,5.602792792839798737e+10,4.933986935701306915e+10,5.278132600688673401e+10,5.555558362413432312e+10,4.629552187901658630e+10,5.296215408749225616e+10,4.521689766723781586e+10,5.276782568894538116e+10,5.299240983372844696e+10,5.831033266460990143e+10,4.533497027680211639e+10,3.402941944625788498e+10,3.465626550908495331e+10,2.973784060115816116e+10,4.583301447932813263e+10,2.714214361801254272e+10,3.665818886173219299e+10,3.711696330395203400e+10,4.454024492019726562e+10,3.696154740166353607e+10,3.300689165615016556e+10,3.249963701143448639e+10,2.836583327082477570e+10,3.010119962692067337e+10,4.843028018233176422e+10,3.210258125534824371e+10,2.547434611226087570e+10,3.861470522782844543e+10,3.658615600862123871e+10,2.663915249631256104e+10,3.828454921067256927e+10,3.332642831028367996e+10,3.085868483843350601e+10,3.378814185952196884e+10,3.472807784236153412e+10,2.627636460141373444e+10,3.392812558560743332e+10,3.004888384503570175e+10,3.487104499489013672e+10,3.515100508187818909e+10,3.319090203557731628e+10,4.820840926753218079e+10,3.476932066651342773e+10,4.317764660006214905e+10,6.085764690425932312e+10,4.088791106223911285e+10,3.188922301010058975e+10,4.823885197673212433e+10,4.758995694842349243e+10,5.103723765147909546e+10,5.138019512799730682e+10,6.146377195752151489e+10,7.726414791424694824e+10,4.340968967555316925e+10,4.709758998882805634e+10,4.599679617887816620e+10,4.719191170705666351e+10,4.497175590690240479e+10,4.223692602278623199e+10,4.438542260685147095e+10,4.452835665010061646e+10,4.288797989289440918e+10,3.998690466800764465e+10,3.673187921872374725e+10,2.855039136639561462e+10,3.414206307734632492e+10,4.017029020507814789e+10,3.431255910962449265e+10,3.587678129076171112e+10,3.096559911751251602e+10,4.650432359173497772e+10,2.738906526998938370e+10,3.090416895201719284e+10,3.015181404357716751e+10,2.406744642188261795e+10,2.214147823703097534e+10,2.183454199552543259e+10,2.910876132983185577e+10,2.348819003270181656e+10
3.155568517726023102e+10,2.663577502971397018e+10,2.855107760207686615e+10,2.817026117233786774e+10,3.320479441600233459e+10,3.096630051719509506e+10,2.589041306732392883e+10,2.769190967855579758e+10,3.524934710214057922e+10,2.800472487704425430e+10,3.722057969803969574e+10,4.621145888469065857e+10,3.885678067651235199e+10,3.948242940823426819e+10,3.762558099596374512e+10,3.010951081774000549e+10,3.950282931716389465e+10,4.848260028708474731e+10,5.058507229546579742e+10,4.628837324286892700e+10,4.748536653510209656e+10,6.716068658440621948e+10,5.074213494490163422e+10,6.337278869276594543e+10,4.201080544456749725e+10,6.474585316974952698e+10,4.217188603245116425e+10,4.738938443661785889e+10,5.042324585857804871e+10,4.856109946574926758e+10,4.908304321773620605e+10,4.957306545228718567e+10,4.716543926363504791e+10,4.014614840195150757e+10,3.312467305536344910e+10,4.271518679870408630e+10,3.973468571794560242e+10,3.727412506425643921e+10,3.783182542074235535e+10,3.244889637471409607e+10,3.515059186625048065e+10,3.343293566347876740e+10,3.649147160594734955e+10,3.554159353120320129e+10,5.046255734663029480e+10,3.278139517236035538e+10,2.712674541581978226e+10,4.174674117435928345e+10,3.548290658707338715e+10,2.572111015345715714e+10,3.259419296972962189e+10,2.557887824216116714e+10,3.661501990311745453e+10,3.007252871476543045e+10,2.999782272563203430e+10,3.592398477949913025e+10,3.484906449855079651e+10,2.784626940462918472e+10,2.931636174429700089e+10,4.654806581453009796e+10,4.234669514201300049e+10,2.995469922955301285e+10,3.151101355874957657e+10,3.256498331969116211e+10,3.252667040478252411e+10,3.276658509429672241e+10,4.363837264306494904e+10,3.975334956379030609e+10,4.082810298065269470e+10,6.420530845270378876e+10,7.365473145099708557e+10,5.198628232801834106e+10,7.006169898673127747e+10,6.412584804461021423e+10,5.227146462635052490e+10,5.029913293020206451e+10,6.978440648273031616e+10,6.100683124559938812e+10,5.799200175061257172e+10,5.806039288040284729e+10,4.647492678598228455e+10,4.645178296124664307e+10,4.060214793361543274e+10,5.083939894443462372e+10,4.152271552884057617e+10,3.950556409287556458e+10,4.543522399176359558e+10,2.905310412823154068e+10,2.758174038236706924e+10,3.834086070267513275e+10,4.822743255696658325e+10,3.135231663332613754e+10,3.307124883990701294e+10,2.706068205509795761e+10,3.222003916471242905e+10,2.684621613787974548e+10,2.487930713512326431e+10,2.538048545613815689e+10,2.587474404047756195e+10,2.773074220756693649e+10
2.685279653265845108e+10,3.045405568397288132e+10,2.377641525313195801e+10,2.553775907420866013e+10,2.506828210821712112e+10,2.888712781078043365e+10,2.918941085829542160e+10,3.239845347473093414e+10,3.453705705576692963e+10,2.665261798094939804e+10,2.742394466875978088e+10,2.504777681784437943e+10,2.779576888955620575e+10,3.667541070014449310e+10,4.848404641371958923e+10,4.424787052253749084e+10,3.442318642243613434e+10,5.681947499754167938e+10,5.500525389474415588e+10,5.032588240533499146e+10,5.249639953143498993e+10,4.978283779149906158e+10,5.477571754490558624e+10,6.430598214595400238e+10,7.397434846670834351e+10,6.744241549623909760e+10,6.138075721840431213e+10,6.306412127381757355e+10,5.999971254008846283e+10,5.325359881785661316e+10,4.710986116252878571e+10,4.559344938142621613e+10,4.698359306183791351e+10,5.022285365757089233e+10,3.810721230854792786e+10,4.707369078766870880e+10,3.995255932520615387e+10,4.228296468999691772e+10,4.156626803424651337e+10,3.174050706541662216e+10,3.519885618530281830e+10,3.135676890908044052e+10,2.772726181446778488e+10,3.073515356265034103e+10,3.786629205912841797e+10,3.061134068642139816e+10,3.556627669046076965e+10,4.054359401440191650e+10,3.377814703020182419e+10,2.913682159645191193e+10,3.180802121380910110e+10,2.733619358331694412e+10,3.387167770704205704e+10,3.391500556639043808e+10,2.489579060980243301e+10,3.235943500029736328e+10,3.241505730745304871e+10,3.709046783226810455e+10,3.112352211748474121e+10,3.643878356387329865e+10,3.103563540096404266e+10,3.417040065776434708e+10,4.047816237400444794e+10,4.002319894611489868e+10,3.864491795648986053e+10,3.904599670594203949e+10,4.261417082753768158e+10,5.443748610038323975e+10,5.651315760297455597e+10,5.352600243850779724e+10,6.826364920140406036e+10,5.186998898919021606e+10,5.883646136328649902e+10,6.471845160957579041e+10,7.600117207792083740e+10,5.334024418252597046e+10,5.563810589655979919e+10,5.982216497594058228e+10,5.307117662545160675e+10,4.849028901908499908e+10,5.610454619408533478e+10,5.185621852305036163e+10,4.818010016879190826e+10,3.813671701787220764e+10,3.914677714942900085e+10,4.209673161228932953e+10,4.974080557260440063e+10,3.771879539876105499e+10,3.427977871726184845e+10,4.370283006369120789e+10,3.695991365402195740e+10,2.851304086389557648e+10,3.057557073809269333e+10,3.216239830155230331e+10,2.675675110890187454e+10,2.598831588132921600e+10,2.941911445913970947e+10,3.135281609455916214e+10,2.599986672128378296e+10,2.133501939921693802e+10
2.203293314087466431e+10,3.629198764544473267e+10,2.491325089125658798e+10,3.209108104697947311e+10,2.371787556813982010e+10,2.810477293797393799e+10,3.047306573429196548e+10,2.769692756109814453e+10,3.182420762960983658e+10,4.190352925365421295e+10,3.960881185595104218e+10,3.423432926348911285e+10,4.376763839122600555e+10,3.918199358586481476e+10,3.539780506226012421e+10,3.938257769857862854e+10,4.745594512215354156e+10,4.613457659516400146e+10,4.751373219421268463e+10,5.473674810431279755e+10,4.894133996472081757e+10,5.554316349620195007e+10,6.631209056692447662e+10,5.720955989314115143e+10,5.586670659151574707e+10,6.456749567338970184e+10,7.413225743847430420e+10,6.082070927177016449e+10,5.038085907547592163e+10,6.341622815402187347e+10,3.891418643540630341e+10,4.404466353668260193e+10,4.841673495593225098e+10,4.774036987677638245e+10,4.592874707551520538e+10,4.356018451797756195e+10,3.724371649936047363e+10,4.636545284182405853e+10,4.443679677149575043e+10,3.305978280899698639e+10,3.881045963376174927e+10,3.831480541557344055e+10,2.922578128618064880e+10,3.627561699154682159e+10,3.734299871047882080e+10,4.324580684147798157e+10,3.770276178756480408e+10,3.021160528727209473e+10,2.925032160436439514e+10,4.104303855178934479e+10,2.837979901380379486e+10,3.053376961895677567e+10,3.091902852700014496e+10,4.063715796015233612e+10,2.857309409966884232e+10,5.649656023255010223e+10,3.412734084963618088e+10,2.974796426111066055e+10,3.363246254657820892e+10,3.616084694254603577e+10,3.272027827563868332e+10,4.818977406139978790e+10,3.675617767697579956e+10,3.684142089634782410e+10,4.872518633470270538e+10,3.907836947735041809e+10,5.037421350717098999e+10,3.902199373738545227e+10,7.117219423144239807e+10,6.931566947563383484e+10,5.590902385199631500e+10,5.847653125339974213e+10,5.507006238272866821e+10,6.399742510771298981e+10,6.789899865964499664e+10,5.443716002227779388e+10,8.535349745330815125e+10,7.785507723016944885e+10,7.577002429800619507e+10,5.248006265538336945e+10,4.524935790081626892e+10,5.421502129292811584e+10,4.507164631502866364e+10,4.044499788854402161e+10,4.820730230072611237e+10,4.951333382092869568e+10,4.610239467793823242e+10,3.449124592960293579e+10,2.696576909884386063e+10,2.983938971314842224e+10,3.423466513724204636e+10,3.040309056671187973e+10,3.100209975308203125e+10,2.503001344696919632e+10,2.600130615186959076e+10,2.845201416164775467e+10,3.412496077067378235e+10,3.020227627422894287e+10,2.968725646700514221e+10,2.196957383994176102e+10
2.565660238625324631e+10,2.358568349242010117e+10,3.921833013869895172e+10,2.220405906373791122e+10,2.814999879280538559e+10,3.390228032006232071e+10,2.404328354619085693e+10,2.839435787547053528e+10,2.587166579806652832e+10,3.497666898307386780e+10,3.247499439958203125e+10,3.395012055211738968e+10,4.272368253130467987e+10,4.389461790310283661e+10,4.504746505580616760e+10,4.598322604329763031e+10,4.374784537024497223e+10,4.382206239599420929e+10,6.700895291296491241e+10,5.216221188697397614e+10,6.997441274104373169e+10,5.048195089719487000e+10,6.852846923439012909e+10,7.604280548614157104e+10,8.221105802208602905e+10,6.695524865309860229e+10,9.127859887155960083e+10,7.923491141404995728e+10,6.470195963708544922e+10,6.171126096292301178e+10,6.897976237714700317e+10,5.212883051183159637e+10,4.390964136686316681e+10,4.251643194918510437e+10,4.498696635295211792e+10,3.970111621698054504e+10,3.644768854518580627e+10,3.683515938493443298e+10,4.478770162499720764e+10,4.409585497454933929e+10,5.028358690500717163e+10,4.498773738587068939e+10,3.437426597429786682e+10,3.637608981553360748e+10,3.305341866484682083e+10,3.610827806389387512e+10,3.647391135415995789e+10,4.546729110576853180e+10,3.256658162858748627e+10,3.235496435637954330e+10,2.829564380457392120e+10,3.791104043764332581e+10,3.265310074977056503e+10,3.559035858913150787e+10,3.754493779631819916e+10,3.677100580635194397e+10,3.648280856135017395e+10,3.569234986454487610e+10,3.315288557552659607e+10,3.400659166232382202e+10,3.320227724189292908e+10,4.509221878222472382e+10,3.921793033793138885e+10,3.766854082407901001e+10,4.382488273448498535e+10,4.770571415232707977e+10,4.920188223604712677e+10,4.861482106966445923e+10,5.877600611193269348e+10,5.679392362334152222e+10,6.003134813577066040e+10,6.172433824940995026e+10,6.713620023522085571e+10,6.388074039462003326e+10,7.667691421609136963e+10,6.638186930088945007e+10,7.226469436977757263e+10,8.743571482915419006e+10,6.614183402559925842e+10,7.186791026579904175e+10,6.499700135504074097e+10,5.694179100991953278e+10,4.807380997472797394e+10,4.041477133114566040e+10,4.823411243149876404e+10,3.867182315653770447e+10,4.224474060483210754e+10,5.541230144709881592e+10,3.318234100453515244e+10,3.502143763345664215e+10,3.081296973793014145e+10,3.363630990516720581e+10,4.523246310461854553e+10,2.883492386726489639e+10,3.234348115421496964e+10,2.485773569371432877e+10,2.554667949852039337e+10,3.104833686488528061e+10,2.679222210164118576e+10,2.008726657813167191e+10
2.658108570367708206e+10,2.500446280420945740e+10,2.261588497757375336e+10,2.807469900213324738e+10,3.293680992881656265e+10,2.868885194626181793e+10,3.742526970910143280e+10,3.455715770460764313e+10,3.712523436235876465e+10,3.250325339254216385e+10,3.866020350761454010e+10,3.310731949177413559e+10,3.873667830943241882e+10,4.731672208663391113e+10,4.769331354560858917e+10,4.981930613420783234e+10,5.090807629976784515e+10,8.783892192052342224e+10,8.542906749320698547e+10,5.577809068631004333e+10,7.192755300708329773e+10,6.773968050901219940e+10,7.564606358402218628e+10,8.552248092402935791e+10,8.202547803115113831e+10,8.478352107620846558e+10,8.520662624823741150e+10,9.919280103630677795e+10,8.422631939538278198e+10,7.308031200199098206e+10,6.577003011632406616e+10,5.545896022929865265e+10,4.719786388895547485e+10,6.589952419274475861e+10,6.025596956116770935e+10,3.517005067748079681e+10,4.442332301571827698e+10,4.516147142253276062e+10,3.697856340536280060e+10,3.827579090472620392e+10,3.183152497846656799e+10,3.098726166675430679e+10,3.380313708945935822e+10,3.497148358457510376e+10,3.857222040766838074e+10,2.704604003786796188e+10,2.916432186297949982e+10,3.486646110524294281e+10,2.915103499494337082e+10,2.748443275465133667e+10,3.243728157087103653e+10,2.911355719265274429e+10,2.285679548384108734e+10,3.348122365900451279e+10,2.849520248227613068e+10,4.108833279926826477e+10,3.133166565053272629e+10,4.023486894532641602e+10,3.924369660845014191e+10,3.750663807606900787e+10,3.536366092988819122e+10,3.782005388858695984e+10,4.234579662869352722e+10,4.166324744078515625e+10,5.644764832551343536e+10,4.323871148296835327e+10,4.795260894166967010e+10,4.296418959468182373e+10,6.882211070498612976e+10,7.054084191081373596e+10,6.525527941074490356e+10,7.796446101415267944e+10,8.956436179716651917e+10,7.659508192477563477e+10,9.652900098389915466e+10,8.026796657903906250e+10,8.204790315817301941e+10,8.004503193162220764e+10,6.785037628858750916e+10,6.985956621018640137e+10,5.917432142055590057e+10,6.321495250715400696e+10,5.675241164842671967e+10,4.825443148269643402e+10,5.291554109624255371e+10,4.814175307559018707e+10,4.398154602787075806e+10,4.443012382055015564e+10,2.890057956930224609e+10,3.890539850796838379e+10,3.437884400073683929e+10,2.707654826374552917e+10,2.941981147387533569e+10,2.820671967392919922e+10,2.852684026765385437e+10,3.124769162298605347e+10,2.600043922043622589e+10,2.215388345233472061e+10,2.135074087045985413e+10,2.257868347652238846e+10
2.816691243597154999e+10,3.053746649169045639e+10,2.739217538251801682e+10,2.537600901409069443e+10,2.976713061641284561e+10,3.632860212271291351e+10,2.583644527908589554e+10,3.454720848379749298e+10,3.027324922082707214e+10,2.792285678156694031e+10,3.520103154160234833e+10,3.858497454396253204e+10,3.494760767620577240e+10,4.712960183629631805e+10,5.355434059276172638e+10,5.650897566000898743e+10,4.930017593828471375e+10,6.082490603416802979e+10,8.267491368804002380e+10,7.549154548461601257e+10,5.986711050350997925e+10,7.389856767632211304e+10,7.825085631963766479e+10,7.820400299023274231e+10,7.536614028318060303e+10,8.081795091070413208e+10,8.227126013907752991e+10,7.884478004231779480e+10,7.971575623458749390e+10,8.158091012677532959e+10,7.289294530012022400e+10,6.296576855246820831e+10,5.720753250203022766e+10,5.343867246349323273e+10,4.650477697099641418e+10,5.147450491517781067e+10,5.738276659855316162e+10,4.082366382001193237e+10,4.862544424735585022e+10,4.318562864491653442e+10,2.954248327745515060e+10,3.552248421087336731e+10,3.141970571072110367e+10,3.511458177226710510e+10,2.790632680765647125e+10,2.661604246467327499e+10,2.873197098783917236e+10,3.321488302957459641e+10,4.532922903751913452e+10,3.425715235168247223e+10,2.743430837146287537e+10,3.055718620155464172e+10,3.102271327911645889e+10,3.799664839156776428e+10,3.648931012728734589e+10,3.156023314933658218e+10,3.085476743899443054e+10,4.025401809090692139e+10,3.460475339184152222e+10,4.032549556934413910e+10,3.804754741003519440e+10,4.015488304483529663e+10,3.885013777289473724e+10,3.839862951926499939e+10,3.508113037963281250e+10,6.253672362934631348e+10,5.341989807210177612e+10,5.720799223830449677e+10,4.606796665604546356e+10,6.750634270950138855e+10,8.992433201894772339e+10,7.513448465383337402e+10,8.256438480200094604e+10,8.266348243720059204e+10,7.374425246934133911e+10,7.720319361201779175e+10,7.428520647610040283e+10,7.252561826021102905e+10,8.039022048185377502e+10,6.627715973128697968e+10,6.756142515404703522e+10,5.432686028681689453e+10,4.693563239282994080e+10,5.562842258205964661e+10,5.236883084610554504e+10,3.804152187610963440e+10,4.373871785920858002e+10,4.893728523505998993e+10,3.556010739022803497e+10,3.156861224038270950e+10,3.469877199620116425e+10,3.096687713477710724e+10,3.417017988663297272e+10,3.229425143133478546e+10,3.377750375382587051e+10,2.387562634267758179e+10,3.028496533978877258e+10,2.213546020749973679e+10,4.033410716426444244e+10,2.413216257127962875e+10
1.921904630167970276e+10,3.639219799290081787e+10,3.033526194098568344e+10,2.476101337125781250e+10,2.615933596382321930e+10,2.409209610269208527e+10,3.142650661088248444e+10,2.606021158287129211e+10,2.981795747438523865e+10,2.719647196146866226e+10,4.429774644534321594e+10,2.920560835856570053e+10,5.900613917638493347e+10,3.932143591634370422e+10,4.549920105319876862e+10,6.065611560949068451e+10,4.952464533882011414e+10,8.000966114196183777e+10,6.767680455135643005e+10,6.202171749716673279e+10,7.229275819133366394e+10,7.583011084516821289e+10,7.407053318704310608e+10,8.016381403840507507e+10,7.236335115046423340e+10,6.895729837693006897e+10,8.167291660105238342e+10,8.197163541028578186e+10,9.858096345275233459e+10,7.838149631494686890e+10,5.264429593018560791e+10,7.369788704150462341e+10,5.494396656778922272e+10,5.608513273465727997e+10,5.090776912429510498e+10,5.040228632754965210e+10,4.377260491097564697e+10,5.583725292052690887e+10,3.758579210911049652e+10,3.888582226977836609e+10,5.353827431254064178e+10,4.438780016426922607e+10,3.390537161229199982e+10,5.122575391864655304e+10,3.504535992763880157e+10,3.063002519248015594e+10,5.071289026102426910e+10,3.355800964018912506e+10,3.438228642412953949e+10,3.131695038431827927e+10,3.116122505263452530e+10,3.101312909407212830e+10,3.395258167546843719e+10,3.033155786651021957e+10,2.962484670065281296e+10,3.056601622462108612e+10,4.244819800226274109e+10,3.980510405033147430e+10,3.980724843520970917e+10,3.555621924040003204e+10,3.882413700564950562e+10,3.536078488876323700e+10,4.560408894370764160e+10,3.833325894913009644e+10,5.709739756668859863e+10,4.481415005156953430e+10,5.187731923031298065e+10,5.647648589797681427e+10,5.683034010573330688e+10,6.332941554095225525e+10,7.330137521403407288e+10,9.138143127853663635e+10,7.526682974096101379e+10,7.396744658349337769e+10,9.403044928330224609e+10,7.309723102746615601e+10,6.762184090817273712e+10,8.113726643371937561e+10,7.609558745344741821e+10,7.516041499197592163e+10,7.972943477668421936e+10,6.480009187812324524e+10,7.817350568394644165e+10,5.628489292014454651e+10,5.536893118761856079e+10,4.332877425689109039e+10,4.077925174884341431e+10,4.204887549132682037e+10,3.351004881113035583e+10,3.188537389559711838e+10,3.969417104625262451e+10,3.756779223968376923e+10,4.131468187182610321e+10,3.302899206667011642e+10,3.115587162921121979e+10,3.041428032999213409e+10,3.003871250513083649e+10,2.902017119810358810e+10,2.259171565717110825e+10,2.622389063900654984e+10
2.335126337555203247e+10,2.739195583979574966e+10,2.691292786058775330e+10,2.932158775938226700e+10,2.744632262987371826e+10,2.866386462327113342e+10,2.539805449761729050e+10,4.685964596853392029e+10,4.273108965512031555e+10,3.653940944781753540e+10,3.453561073901496124e+10,3.617071961101313782e+10,3.040285130878954697e+10,3.936622826622700500e+10,4.165305940665822601e+10,4.676874280833638763e+10,5.461455780832309723e+10,6.542348727059052277e+10,6.360351329575578308e+10,6.560939789167859650e+10,7.627311205517301941e+10,9.321592946591235352e+10,6.893903629857141113e+10,6.886281840377551270e+10,5.353854825516136169e+10,7.653530361430061340e+10,4.985543723929055786e+10,6.718570671684319305e+10,8.543386083402909851e+10,8.833457195056565857e+10,8.332964905143675232e+10,7.852211927356069946e+10,5.991246965998806000e+10,6.501278513008513641e+10,6.023765285573122406e+10,4.062892297024667358e+10,3.530756246473830414e+10,4.423991839073435211e+10,4.000550631666022491e+10,4.091832011470476532e+10,3.987605146149185181e+10,3.032464370684282303e+10,4.178296721188765717e+10,4.604025434008119202e+10,4.691752327497070312e+10,3.595094862338977814e+10,2.643740755139269638e+10,3.866593181243884277e+10,3.805994981909429932e+10,2.865565212336842728e+10,3.304240039025572968e+10,3.139590213064876175e+10,3.531469104197598267e+10,3.103960640658653259e+10,3.591472517075209808e+10,2.766282645015283203e+10,3.745129253627407074e+10,2.727662856603094482e+10,3.261191583065646362e+10,3.554188973185619354e+10,3.371314701846141815e+10,3.075323304600827026e+10,3.521100860872902679e+10,4.487557860067813110e+10,4.825561937124758911e+10,5.050621695430458069e+10,6.846604982806004333e+10,7.109477303603172302e+10,8.593512359779660034e+10,7.050794763833462524e+10,8.064719707893894958e+10,7.993940306523222351e+10,6.565953308281969452e+10,6.204824675456639862e+10,5.627694758132566071e+10,4.911231461212837219e+10,6.848776557038494110e+10,7.043756746218742371e+10,8.060746644578060913e+10,7.749043771569935608e+10,7.538970810643946838e+10,5.486697207990126038e+10,6.470881816546376801e+10,4.997691993787630463e+10,4.804906321865125275e+10,6.558494296091644287e+10,5.029823296402983856e+10,3.072203899465695190e+10,3.532937174417251587e+10,3.196804746145160675e+10,4.831250947133299255e+10,4.340948748337477875e+10,4.109107676189528656e+10,3.630179788827497864e+10,2.779597191162499619e+10,3.196091916667813873e+10,2.566524188708327484e+10,2.581397400219922256e+10,2.597812392598851776e+10,2.711463950137998581e+10
2.351737907425840759e+10,2.653962477773820114e+10,3.223001959150897217e+10,2.757145108086515808e+10,2.407447606707732773e+10,3.331147639437927628e+10,2.590539320177467346e+10,3.155576371736280060e+10,2.815576388140787506e+10,3.285162149089974594e+10,4.228558605475183868e+10,3.189918581138195419e+10,3.502541208286560822e+10,4.032338939409597778e+10,4.362279713422177887e+10,4.505053431689700317e+10,5.927052156522425079e+10,5.308398035795512390e+10,8.315088748163285828e+10,8.682854223174911499e+10,8.648279688926524353e+10,9.528078285074874878e+10,7.421335556065824890e+10,6.019448026526157379e+10,5.220716661149737549e+10,5.048729481874388123e+10,5.533759269828791046e+10,6.996497465170843506e+10,8.316549144508598328e+10,9.164248161580438232e+10,7.411525014454275513e+10,5.716694647723697662e+10,6.718756836715229797e+10,5.394427575707228851e+10,5.746508778879772949e+10,5.102030174750025940e+10,5.059806429398104095e+10,3.259289120412526321e+10,4.509979095671553040e+10,4.168358389402117920e+10,4.510264231626039124e+10,3.463289451519712067e+10,3.403538253172432327e+10,3.933792965158822632e+10,3.968557189514074707e+10,4.750472498208647919e+10,3.687644582816180420e+10,3.331427179086627960e+10,3.061478601038128662e+10,3.621650286651247406e+10,3.649472425489262390e+10,2.876848896663708115e+10,3.520094452261167145e+10,3.096360041728657532e+10,3.024054268371553421e+10,4.150703785164947510e+10,3.427083858266461563e+10,3.106565959008767319e+10,4.393484473652001190e+10,3.268518293760809326e+10,3.169744176047612762e+10,5.264581671377857208e+10,4.342715807164605713e+10,5.052073058074980164e+10,4.740195300017158508e+10,3.921828878976255798e+10,4.537147410116187286e+10,7.397237343349920654e+10,8.375252608784346008e+10,1.002428918405746613e+11,8.507478817774467468e+10,7.625569200599633789e+10,6.753560578386710358e+10,5.810059117235672760e+10,5.296183712716586304e+10,4.810128184400270081e+10,4.290992234749619293e+10,6.492698878126643372e+10,8.158472039744432068e+10,7.676891184376480103e+10,7.742638491496199036e+10,5.820475943483259583e+10,5.944425736193724823e+10,6.033751496608216858e+10,5.043001386628135681e+10,4.410955823058143616e+10,4.133461354101228333e+10,5.597723622478258514e+10,4.549747343463237000e+10,3.663833814402086639e+10,3.678410318368390656e+10,2.897429270959991455e+10,3.215056573005001068e+10,3.281879562161166382e+10,2.643353613813201904e+10,2.668210778656164169e+10,3.421980206902864838e+10,2.729248906409006119e+10,2.714377145143487167e+10,2.313442835785724640e+10
2.524362603047773743e+10,2.449752741632864380e+10,2.718510097687388611e+10,2.858636340691998672e+10,2.094776947242386246e+10,3.274344955465364075e+10,4.108896269775970459e+10,2.715235872478491592e+10,2.779581471963011932e+10,3.859283672228501129e+10,3.770786234834204102e+10,3.355736219890587234e+10,4.344958658968754578e+10,3.680115736706955719e+10,4.628076788165912628e+10,4.773508330476882172e+10,6.224160822195013428e+10,6.139140837416247559e+10,6.279983473821173096e+10,8.402581416832446289e+10,7.816091421854963684e+10,7.500321052222267151e+10,7.039093145615371704e+10,4.683709586901453400e+10,4.847532413380508423e+10,4.728102462831027222e+10,4.565936696081207275e+10,6.893204993252125549e+10,8.009584748119142151e+10,1.021925539449192047e+11,8.077862211041133118e+10,6.040558053020578766e+10,6.319016437426279449e+10,5.042909365842916107e+10,5.404120131398129272e+10,3.643985388866213989e+10,5.156474319880312347e+10,5.621448599488348389e+10,3.887930413045467377e+10,4.111508943324731445e+10,4.110335658141630554e+10,4.147886589596976471e+10,3.394690275142184067e+10,3.569260526468526459e+10,3.218885533313661194e+10,4.109333952740498352e+10,4.984933099157799530e+10,3.753207420877148438e+10,3.025145233672042084e+10,3.109793393562858963e+10,3.887166480071118164e+10,3.003293462999301910e+10,2.982004779044136047e+10,3.767621449176149750e+10,3.272466461617279434e+10,3.119277975058157349e+10,3.436666569602873993e+10,5.320413206546483612e+10,4.034540953577561188e+10,3.631688420408099365e+10,3.149600889074466324e+10,4.356051537653610229e+10,3.175756901520855331e+10,4.187257711895197296e+10,5.122725803973492432e+10,4.540536370338163757e+10,5.109367252919574738e+10,6.720573565226283264e+10,8.920433485346638489e+10,9.042424326958659363e+10,8.200227477481350708e+10,7.204462760534339905e+10,6.437767069845752716e+10,5.642851140546694946e+10,5.089761198796524811e+10,4.940102146272333527e+10,6.029977753394766998e+10,6.627137774196902466e+10,8.155197121950216675e+10,7.915703786829824829e+10,7.008787183299517822e+10,7.986801204856411743e+10,5.740711582048228455e+10,5.523955228438459015e+10,5.627649550601317596e+10,6.324845533412918854e+10,3.394058861028573990e+10,4.464247480541577148e+10,6.024079894717266083e+10,3.695453454464920044e+10,3.455364431542609406e+10,3.612806026403359985e+10,3.942277754346842194e+10,4.437442130856515503e+10,3.422544109040196228e+10,2.205765641300946426e+10,2.561807340190543365e+10,2.551876106414925385e+10,2.898313134325865173e+10,3.441469390790838623e+10
2.188359773081048965e+10,2.383356144533318710e+10,2.947113337661038589e+10,2.662903291152171326e+10,2.160894340167998505e+10,2.730959080853744888e+10,3.337580962005471802e+10,2.818150362845132446e+10,3.755005823397380066e+10,3.277141780068188477e+10,3.698990189665428925e+10,3.098567999754221344e+10,4.435001858929178619e+10,4.156364271706246948e+10,4.831461073650947571e+10,4.738805613266918182e+10,4.389382941492493439e+10,6.708876209275781250e+10,6.844493375755241394e+10,7.266504758638914490e+10,8.083841434157920837e+10,7.943824821227075195e+10,7.372703687202676392e+10,5.509561861068289948e+10,6.587362121413514709e+10,6.211500606678632355e+10,7.112121614549742126e+10,8.338377213816435242e+10,7.621046919841908264e+10,8.233099998256388855e+10,7.341909978755004883e+10,6.978585007306239319e+10,4.961873306927626038e+10,5.601267830246865845e+10,5.780520122134068298e+10,4.309917737748612213e+10,4.692623175634091187e+10,3.484118868343848419e+10,4.043169616093756866e+10,3.281108412338184738e+10,3.586033703938699341e+10,4.327261583962034607e+10,3.366927169672163773e+10,3.065005171816820145e+10,3.826071764902275848e+10,3.632042096153697968e+10,2.584101373796820450e+10,4.239447147679073334e+10,3.580879005597717285e+10,2.874840893164994049e+10,3.154317601385195160e+10,3.576696510718411255e+10,4.330744616924568939e+10,3.187310274661642838e+10,3.673980976311570740e+10,3.730204024865277100e+10,3.658092730450915527e+10,2.927807177992638016e+10,3.822340600057894135e+10,3.752031227580098724e+10,4.273260462143151855e+10,2.984161351467443085e+10,3.720651810052576447e+10,3.706280184457263184e+10,4.924407915414900208e+10,4.763538272278876495e+10,4.574217798066671753e+10,6.408982120548424530e+10,7.041475769579022217e+10,8.679513900724108887e+10,7.715443006031501770e+10,7.469328378257666016e+10,8.345536541481988525e+10,6.551927034892290497e+10,4.536220213890709686e+10,5.602912728884178925e+10,6.418245526411228180e+10,6.901716978186506653e+10,7.535612538135414124e+10,8.204100309749304199e+10,6.320439197190328979e+10,7.319435510720950317e+10,7.115520148355073547e+10,4.969748398677908325e+10,5.633750487585839081e+10,5.601575984747612762e+10,4.322612268533444977e+10,7.168749310984059143e+10,3.734664573046722412e+10,3.308849249471147537e+10,4.448555125361361694e+10,3.645005143437329865e+10,3.557182073919474030e+10,3.669723798106679535e+10,3.208591997966649628e+10,3.207570514543304062e+10,3.418515961626067352e+10,2.757318872641202164e+10,2.781154124899426651e+10,2.927408072166881943e+10
2.346916244256879044e+10,2.586822193856259537e+10,3.141340967715240097e+10,3.558124694773473358e+10,3.194354297182553101e+10,3.634153042077133942e+10,2.857052910157815933e+10,2.711886913031388092e+10,2.871377159958006287e+10,3.162205105075701523e+10,3.517882450854401398e+10,3.700048812598226166e+10,3.849644420534206390e+10,5.179976568649864197e+10,5.071427829383343506e+10,4.969507106013301086e+10,4.785104421161514282e+10,5.828223496656055450e+10,8.706659898029718018e+10,7.459964200468858337e+10,8.360160749117433167e+10,8.317077661987007141e+10,8.032686241686381531e+10,6.410959880249627686e+10,7.023573795945915222e+10,6.904807349088932800e+10,7.394449443453416443e+10,7.679773172957051086e+10,6.857119938716628265e+10,8.328721239596864319e+10,6.944292648035989380e+10,7.054431811930912781e+10,8.638236618391242981e+10,6.488423204390586853e+10,4.845255567369997406e+10,5.932994948383776093e+10,4.476175125317372894e+10,5.582147916468232727e+10,3.627274586403598785e+10,3.606792907856488800e+10,3.694140743813756561e+10,4.454346003360921478e+10,3.850150235173828125e+10,4.793534523612831879e+10,3.515669269073414612e+10,3.395250746594384766e+10,3.348872995829574203e+10,4.074632711252928162e+10,4.609878478937439728e+10,3.472859227590811157e+10,3.874587529573467255e+10,3.271994422914804840e+10,4.364621862778160095e+10,3.153948990504322433e+10,3.321323162362807846e+10,3.509681952128402710e+10,3.018534572178459167e+10,3.303915190228929138e+10,4.326977935404615021e+10,3.287834091246795654e+10,3.592182953568920135e+10,6.479834909769478607e+10,3.746004724519512939e+10,5.526828176395117950e+10,4.804574864003096008e+10,4.864476540039205170e+10,4.904813325830348969e+10,5.982834032012271881e+10,5.388582555569321442e+10,7.086818209314941406e+10,6.992469673075286865e+10,8.443111108831497192e+10,7.794724636799717712e+10,9.269013425681408691e+10,6.322602586832934570e+10,7.070173251180532837e+10,7.760943577099343872e+10,9.146405615945783997e+10,7.921441772261978149e+10,6.707539681867281342e+10,7.550634354382464600e+10,5.646325805342675018e+10,7.697588174573010254e+10,6.127225910410138702e+10,6.047959059311810303e+10,4.891833275611421967e+10,4.903825859182574463e+10,5.222059073708126068e+10,4.465924406612570190e+10,3.979221181692260742e+10,3.211739046102630234e+10,3.218491850944178009e+10,3.094656567604956818e+10,3.303122094644699860e+10,3.971974088640534973e+10,3.444124364482254791e+10,3.000306594117844009e+10,2.898868977050373840e+10,2.946069275419318390e+10,2.822380295120298004e+10
2.486152930325169373e+10,2.479374583828884125e+10,2.770607132367660522e+10,3.134946822385700989e+10,4.292968577647805786e+10,2.758886919448435974e+10,3.296027237122040939e+10,2.465706444068877411e+10,2.281012916591861725e+10,4.027758038558959961e+10,3.134082305506430817e+10,3.158381621130529404e+10,3.753337565200009918e+10,4.255323443394951630e+10,4.143758236255281830e+10,4.169110961677590942e+10,5.007715535012055969e+10,4.294610035529760742e+10,5.513932803823873138e+10,6.090210433722963715e+10,8.012635577598202515e+10,7.941363422957295227e+10,7.904571386391836548e+10,7.217382110653744507e+10,8.735012966236054993e+10,9.218294862355978394e+10,7.295392204380487061e+10,7.988526791211465454e+10,7.494480553157341003e+10,7.119208716966986084e+10,7.386198098220593262e+10,6.459782098088267517e+10,5.048018096886038208e+10,5.977896390268874359e+10,4.727930068842530060e+10,3.841947763698257446e+10,4.441806100584071350e+10,4.630006234672875214e+10,5.171132878856053162e+10,4.168108435771790314e+10,3.768277332749183655e+10,3.413677634086899948e+10,3.698498625595393372e+10,3.672204870742375946e+10,3.286386144720018387e+10,3.666300598031657410e+10,3.354777391171959686e+10,2.702184775597657013e+10,3.698002065024993134e+10,2.775310440647896194e+10,3.183276939219023895e+10,2.990178382004967499e+10,4.124580171202060699e+10,2.914533643300428391e+10,3.661761364123882294e+10,3.476286023747799683e+10,3.526749414477551270e+10,2.554896329649191666e+10,3.748102635724813080e+10,3.461034032961334991e+10,4.076390451930158997e+10,4.719254533985214233e+10,4.818558472585919952e+10,4.635829524928078461e+10,4.949320482604756165e+10,5.339101693982088470e+10,5.533602311642362213e+10,7.049399630794291687e+10,7.123628803158625793e+10,6.926951849892558289e+10,6.511607954692115021e+10,8.631608566759600830e+10,9.754271501823263550e+10,8.023150662024989319e+10,8.208160365564724731e+10,7.753788541240461731e+10,6.576147501656019592e+10,7.946381851379827881e+10,7.393329301646080017e+10,6.588199637160224152e+10,7.579358259904435730e+10,6.278337874157376862e+10,5.234292637895247650e+10,5.407368630992166138e+10,4.584436244285925293e+10,4.505694685321681976e+10,4.701992573588436127e+10,5.117400959089060211e+10,4.653873770007781982e+10,3.293418822609040070e+10,3.178065598520793533e+10,3.011175529172964859e+10,2.477734545679633713e+10,3.195866933055764008e+10,4.458598013156095123e+10,2.597706922106753922e+10,4.068430500178778839e+10,2.339249926572896576e+10,2.686941780176699066e+10,2.739092863880866241e+10
2.890985176006686783e+10,2.301467046491684723e+10,1.923592544214631271e+10,2.413483482809721375e+10,2.485885347853318787e+10,3.226155013158923340e+10,3.327525756697214508e+10,2.740980207530932617e+10,2.628264524205794907e+10,3.202959332726436996e+10,4.786307249076921082e+10,3.425340210042457962e+10,3.530926664428418732e+10,3.257054402317444992e+10,4.211996011866539001e+10,4.188263693939530945e+10,6.330721653997742462e+10,6.686085263433001709e+10,4.921113164266438293e+10,5.687803107818622589e+10,6.157309290799937439e+10,7.443042337920475769e+10,9.200391473320521545e+10,9.287045597622334290e+10,7.029673888020394897e+10,7.761717650917958069e+10,8.750113232094404602e+10,7.304361085227842712e+10,8.037710560030978394e+10,6.103996562128554535e+10,8.033808668658067322e+10,4.867784568321577454e+10,7.046815713908332825e+10,5.224269503948332977e+10,4.838491005550421143e+10,4.201222503614170837e+10,4.232989543782143402e+10,5.712058771675525665e+10,3.834319962180640411e+10,3.384128675881433868e+10,3.369927847143480682e+10,3.648366289405792999e+10,2.902326871580951309e+10,3.034193705212068176e+10,3.090464159913548660e+10,2.955410374226794052e+10,3.282645645607971954e+10,3.806118721639968109e+10,2.587717095500844574e+10,3.352960073329406357e+10,2.420642527295036316e+10,3.878979770800740051e+10,3.278092633496821213e+10,2.891664518377857208e+10,3.730329713984331512e+10,3.240788928986434174e+10,3.286038480116138840e+10,3.110915586315621567e+10,2.722469372047103500e+10,3.011507083780098343e+10,3.479018714519729614e+10,3.804552791361263275e+10,4.023407906422137451e+10,4.090845711984664154e+10,4.135106597694422150e+10,4.844978779147486115e+10,5.726463911874156189e+10,6.628383781277165222e+10,5.454390737089833069e+10,5.519760087883503723e+10,7.121964826206158447e+10,7.685859884602693176e+10,6.846753348718513489e+10,7.951402294362271118e+10,8.967795302962843323e+10,7.135813751325202942e+10,7.453805149108555603e+10,8.481430116176850891e+10,6.876483068742451477e+10,7.033168680288035583e+10,5.412419942248822021e+10,5.420414798504197693e+10,4.977794277972525024e+10,4.881023836560288239e+10,5.634416833196426392e+10,4.379834505564085388e+10,4.626834280325489807e+10,3.558101038624008942e+10,3.301990578830189514e+10,3.028738061443771362e+10,3.540980376586531067e+10,2.839940198596579742e+10,2.952071883962208557e+10,3.055401061965507126e+10,3.180039659696488953e+10,2.347342739722157669e+10,2.951373559559646988e+10,2.689971614596555328e+10,2.768419367868827057e+10,2.362560144998316574e+10
2.296028740341234970e+10,2.584892221357492065e+10,2.674383059488002396e+10,3.554898576144543457e+10,2.776533789597434616e+10,2.855100050213051987e+10,2.830078401338909149e+10,2.922250983387757111e+10,2.679036584765434265e+10,2.760605223090409851e+10,3.162840242477514648e+10,3.287105665030129242e+10,4.631066345739784241e+10,3.597786070296108246e+10,4.200228249142586517e+10,3.811872519461302185e+10,5.568992838858394623e+10,4.119986654241040039e+10,5.500900642912408447e+10,7.507850490640954590e+10,5.201312509905442810e+10,9.171551133855265808e+10,7.109630941662590027e+10,6.514640122117781830e+10,9.837645692447311401e+10,8.636042805040519714e+10,9.334176890992700195e+10,5.870297731614373779e+10,7.335765961415298462e+10,7.248362399034457397e+10,8.357160583469903564e+10,5.749342353828242493e+10,5.526493694813743591e+10,5.280425566667584991e+10,4.918216426972995758e+10,4.888580287898847961e+10,4.633942150882178497e+10,4.568469120065028381e+10,3.176300713435545349e+10,3.938297841225400543e+10,4.733905503413645935e+10,4.018150609055621338e+10,3.970713533309355164e+10,3.679334253341278076e+10,4.234220082620797729e+10,2.612114508983377075e+10,3.626685905736505890e+10,2.358852002304529953e+10,3.778870380753510284e+10,3.257261034913381577e+10,4.173493671150505066e+10,3.217059089771851730e+10,4.212770066563301086e+10,2.864202837763741684e+10,3.840149987615376282e+10,3.151337974815610123e+10,3.136076672491268158e+10,3.970912633629749298e+10,4.186518894495502472e+10,3.478658198821031952e+10,5.372908349746720886e+10,4.159691945058592987e+10,3.534172584425459290e+10,4.482860191180400085e+10,4.303210541188690186e+10,5.375079427981604004e+10,4.940791858103429413e+10,6.150784690102590942e+10,5.101835950689775848e+10,5.555861136390976715e+10,6.846848515104717255e+10,6.303884906550767517e+10,6.511136421342526245e+10,7.069180941274653625e+10,1.051321481462913208e+11,8.144772604802195740e+10,6.327511025432842255e+10,6.848616129375695801e+10,6.851109078214960480e+10,5.983621309634252930e+10,5.929536945632888794e+10,5.392965638292182159e+10,4.317780442188076019e+10,4.720780397569935608e+10,4.709467374836069489e+10,4.308660191563655853e+10,4.333402109149549103e+10,3.710203782507292175e+10,3.284663328699452591e+10,3.489860274588590240e+10,2.956351060734028244e+10,3.403175538475281525e+10,3.122567722328115845e+10,3.059639919434991074e+10,3.018535154710672760e+10,3.389236130750690460e+10,2.401074050098886108e+10,2.466214893693982697e+10,2.225925966320557022e+10,1.939212152982514572e+10
2.762479985920449829e+10,2.787028082532970047e+10,2.729053979327020645e+10,2.382530884078617859e+10,2.828777378285079193e+10,3.226828599829336166e+10,4.358132758519196320e+10,3.250958663691991806e+10,3.743298769509468079e+10,3.229167464087992477e+10,3.863391138034313965e+10,3.810330762398285675e+10,3.607851690002123260e+10,3.720496580789575958e+10,4.236653706165002441e+10,4.109494778529203033e+10,3.920825521482692719e+10,5.823079729742822266e+10,5.561231892959572601e+10,5.404659241299106598e+10,8.489107064878665161e+10,7.129101170511862183e+10,8.191402980124200439e+10,6.271071780945252991e+10,6.639810547584474182e+10,6.159777622849832916e+10,6.100807844519677734e+10,7.061644917046733093e+10,5.215322827206474304e+10,6.339530637536802673e+10,5.430095856225472260e+10,5.998151249692257690e+10,4.833490714010917664e+10,6.567440494513691711e+10,4.540672324439568329e+10,4.977425553583393097e+10,3.966529822085741425e+10,3.981814859059608459e+10,4.049051903263119507e+10,4.349981682746634674e+10,3.451836239515206146e+10,3.662225906275147247e+10,3.073643717438133621e+10,3.810189986224090576e+10,3.081883089250440216e+10,4.194234610654350281e+10,3.781228057650989532e+10,2.853548187922625351e+10,3.093186268676281738e+10,3.212367740340136337e+10,3.580574494230375671e+10,2.751815382673497391e+10,3.056063790049440765e+10,3.064980462432260895e+10,2.765693230769166946e+10,2.998933445956480789e+10,3.523080936960406494e+10,2.735527645389766312e+10,3.217866610761800766e+10,3.133570503758656311e+10,4.322843138122116089e+10,3.450263089001098633e+10,3.408833349291778183e+10,4.238228466966108704e+10,4.548924944454317474e+10,4.139079048115227509e+10,4.507859630332368469e+10,5.117264689997748566e+10,5.342213903635609436e+10,4.700717573844385529e+10,5.125079129304846191e+10,6.306079508396259308e+10,6.152380031219670105e+10,6.297811942035636139e+10,7.158255585465229797e+10,6.278535857301741791e+10,7.326908923021443176e+10,7.176284559592076111e+10,6.864320179446410370e+10,5.249241812919329071e+10,5.566212223149597168e+10,5.388308397770913696e+10,5.130473683416350555e+10,3.483166417123600006e+10,3.651296840037520599e+10,3.440603635496828461e+10,4.178589865575940704e+10,3.663455749032497406e+10,3.565119946636663818e+10,3.055608362975897598e+10,3.295106128498795700e+10,4.066504634667784882e+10,2.810267829267373276e+10,3.913919522250818634e+10,3.454644391835826874e+10,2.410329251472506714e+10,3.179284690040559006e+10,2.500551158186260605e+10,3.220287663686609650e+10,2.219070096711774445e+10
2.216089553009488297e+10,3.087566892175333405e+10,2.704844504683445358e+10,2.840677616603123093e+10,3.398461769129656601e+10,2.506185626801739120e+10,3.781971217520365906e+10,2.563281916351703262e+10,3.067050829959885025e+10,3.130891843977275467e+10,3.227240972492152023e+10,3.592027129155072021e+10,3.299568728091193390e+10,3.971565931468684387e+10,2.654175438976637650e+10,5.608701155597274017e+10,4.195187654938311768e+10,3.865796645674029541e+10,4.924379645690380859e+10,4.926598259000371552e+10,5.873555238716559601e+10,6.498456734261227417e+10,4.978683040952645111e+10,1.030781025431256104e+11,5.918462505367798615e+10,6.216116126218325043e+10,6.579978745922265625e+10,6.492351421800619507e+10,4.874704625166202545e+10,5.346843922941584778e+10,6.561083061720676422e+10,5.496699845044106293e+10,4.989126752370929718e+10,4.642682486430877686e+10,4.358060438881235504e+10,5.528444204806927490e+10,3.444867653972860718e+10,4.884177884539528656e+10,3.466203855182194519e+10,4.322677350339736938e+10,4.041438849307999420e+10,3.072007902615711975e+10,4.026863440659026337e+10,2.746063830835714340e+10,2.755125906764688110e+10,2.827523049864006424e+10,3.172457569070743179e+10,4.376758388001050568e+10,2.988515050656481171e+10,3.376923091664782333e+10,3.525352072253612518e+10,2.652368384604898834e+10,3.066702592034171295e+10,3.067857714345418549e+10,2.638091186443264771e+10,3.415195167498297119e+10,3.761298857864284515e+10,2.921589882195166016e+10,3.767121046334828949e+10,5.209422848050213623e+10,3.377235814842333221e+10,3.765680447512247467e+10,3.896726391027024078e+10,3.185305293608994675e+10,4.381666435852360535e+10,3.131892032699135208e+10,4.165707114964865112e+10,3.958913154506147003e+10,5.114603569292657471e+10,4.564836286532601166e+10,4.826630670193210602e+10,5.351176999237942505e+10,5.933679942400904846e+10,5.188464508040351105e+10,6.973230068263584900e+10,6.194071229626688385e+10,5.852784812121839905e+10,5.712227267990643311e+10,5.278783855797535706e+10,4.404221407881214905e+10,5.233228683086197662e+10,3.985641794924942017e+10,3.724121099866624451e+10,3.837276013729309082e+10,5.281231485977066040e+10,3.960986717052010345e+10,3.918487763825450134e+10,4.224701336701795959e+10,2.858678102607045746e+10,4.065311432426159668e+10,3.182819530816653824e+10,2.866217344225804138e+10,4.266844773376386261e+10,4.202752740810578156e+10,2.659908744565858459e+10,2.772543482082386398e+10,3.150845756327472305e+10,2.055726747996787643e+10,2.160093337579854965e+10,2.916623708830604935e+10
3.133651045626199341e+10,2.645410654550928879e+10,2.359548485037482071e+10,3.216758435538624191e+10,2.938756413842089844e+10,2.386122451036918640e+10,3.054429249403791428e+10,2.855812485090221405e+10,2.709603351012356949e+10,2.612618584535395813e+10,3.668869300290947723e+10,3.895100323404051208e+10,3.782218456569229889e+10,3.425591905255591583e+10,4.280938650558540344e+10,4.166043239935787964e+10,3.839416738957062531e+10,4.918116260861711884e+10,4.228460779631435394e+10,5.023293472779374695e+10,6.212471275501889038e+10,4.601851895671330261e+10,6.706858677656777191e+10,5.887642899910347748e+10,5.619255216228188324e+10,5.491465505877576447e+10,4.163000062021284485e+10,4.568322142829898071e+10,6.081936614873913574e+10,8.734387432197564697e+10,4.003598541512075806e+10,5.035440698598428345e+10,5.807432144689797974e+10,3.666225848572799683e+10,4.364884994337223053e+10,4.916509976368035126e+10,3.734499040450340271e+10,4.898358842747340393e+10,3.715489156261328125e+10,3.730982987226457977e+10,3.543876508854956818e+10,2.943865349336088943e+10,3.356472666552123260e+10,3.659147238509980774e+10,3.809125362396638489e+10,3.258083451994321442e+10,3.266012833473304367e+10,3.426089775184289932e+10,3.039556572512814713e+10,2.508354256101788712e+10,3.143682404225881577e+10,4.076307964138034058e+10,3.044497102740042877e+10,3.034616977822436142e+10,3.014113786359748840e+10,3.112322159415932465e+10,2.893944578948070908e+10,3.306970915081589890e+10,4.616657044919586945e+10,3.612550971035374451e+10,3.729624784207005310e+10,3.863242264197547150e+10,3.882350445663716125e+10,3.748546124973490143e+10,4.121959968404837799e+10,4.238497478130614471e+10,4.770942454453824615e+10,3.983406460639639282e+10,4.300190160503650665e+10,4.581874922575918579e+10,4.870428542267279816e+10,5.974790542571185303e+10,5.667765053890660858e+10,6.543758208517594910e+10,5.339991794339308929e+10,4.338703015822404480e+10,6.036291237013748932e+10,5.774467351221070862e+10,4.347501585057937622e+10,5.576114806270278931e+10,4.896170024012831116e+10,3.524136131510356903e+10,3.795193384736284637e+10,6.110403504439511108e+10,4.788468304704291534e+10,4.054119081259059906e+10,4.072252602534612274e+10,3.523724706209420776e+10,3.868887800968362427e+10,3.560136026915719604e+10,3.156178974995286560e+10,2.644584148680321503e+10,3.427302104692039108e+10,3.281862870700021744e+10,3.897139359208329773e+10,2.310739398333548355e+10,1.996758894772781754e+10,2.663101268307966614e+10,2.549688648689341354e+10,2.008696629973371506e+10
2.278119861584778976e+10,2.970279210257658768e+10,2.862206186802668762e+10,2.560145514934162521e+10,2.364847167513317871e+10,2.455831047971195221e+10,2.889486655531112289e+10,3.048061005205199051e+10,3.289351217155553436e+10,2.781028243292495346e+10,4.000104228840370941e+10,3.650282620573348236e+10,3.944115462430462646e+10,3.543102036248580933e+10,3.294795013361145782e+10,4.224981857465895844e+10,3.395868917670254898e+10,4.634469424922003937e+10,3.829141278346492767e+10,4.154141650201845551e+10,5.103677016475743866e+10,5.331345816417245483e+10,5.128897324800308228e+10,4.389364373025206757e+10,7.272843737701091003e+10,5.692421484786763763e+10,4.830633603230600739e+10,4.259972911354863739e+10,4.820445677788252258e+10,5.237414713025949097e+10,6.395440767260639191e+10,4.641670631961640167e+10,4.547531459700888062e+10,4.310440824125345612e+10,3.219703333598944473e+10,3.774303445463928986e+10,3.225023416280506134e+10,3.008271678425634384e+10,3.396372568225954056e+10,3.621401954390088654e+10,3.137489121040365982e+10,3.040900389991255188e+10,2.689438507883330154e+10,2.992371275679125214e+10,2.658689875647364044e+10,3.908521387631119537e+10,3.272235245782397079e+10,2.914135088384177017e+10,3.681450850712023926e+10,3.016986186850590515e+10,4.670492274541471100e+10,3.471451569234102631e+10,3.327656510717809677e+10,3.231374363097105789e+10,2.676142364325694275e+10,3.555070571967626190e+10,4.349631915868383789e+10,3.509710064228594208e+10,3.446435762052856445e+10,3.196029503973045349e+10,2.907691250779830170e+10,2.709865451729484558e+10,3.120677474954591751e+10,3.500464109811334991e+10,4.088072359537471771e+10,3.526941562190950775e+10,3.813052717085198975e+10,4.001774309937735748e+10,4.602647728007154846e+10,4.154513629060433960e+10,4.718139755800221252e+10,4.467153712841811371e+10,4.647367044319509125e+10,5.346896834120401001e+10,5.839480896486051178e+10,5.358623063237932587e+10,4.384352188348094940e+10,5.100831073373699951e+10,3.956891355179917145e+10,5.086101364878433228e+10,4.103232120186772156e+10,3.447046494642340088e+10,4.567032829033480835e+10,4.228982147977509308e+10,3.443319039928069305e+10,3.902829172010914612e+10,3.386199570977539444e+10,3.684375185628650665e+10,3.611012115819825745e+10,2.809257662142553711e+10,3.648983138095352936e+10,3.516112787967308044e+10,3.056348259320409775e+10,2.920773208762951279e+10,2.623774660735525131e+10,2.839886042675643158e+10,2.973112598295025635e+10,2.884830714590583420e+10,2.630895120806826782e+10,2.443990174964035797e+10
2.873573804927891159e+10,2.184243423526669312e+10,2.720315812635196304e+10,2.277431978875084305e+10,3.807672701779705048e+10,2.493639727420562744e+10,2.761548243597978210e+10,2.675779629302169418e+10,3.781576955564257050e+10,3.029352098286218262e+10,3.240726953175434494e+10,3.021931317811257172e+10,2.797504722059133530e+10,3.572840733520412445e+10,3.276389253482646179e+10,3.511052334536120605e+10,3.995767018922545624e+10,3.621149889392150116e+10,3.830650787095523071e+10,3.979703040323339081e+10,5.523262734956880951e+10,4.201714148575508118e+10,6.043364909652285767e+10,5.409767747607112122e+10,6.006743371983724976e+10,3.930462489357911682e+10,4.634832116120597839e+10,4.557275938557289886e+10,4.364934666822493744e+10,4.017742550015898895e+10,4.955868288875678253e+10,5.256520510581331635e+10,4.541960097528501892e+10,4.234874563978431702e+10,4.320196908264664459e+10,3.439616755936937714e+10,3.655412659162645721e+10,4.538155086845389557e+10,4.101257266511201477e+10,2.957358514461793900e+10,2.842366592864910507e+10,2.526235002933926773e+10,2.886577581438056183e+10,3.270900031843838882e+10,3.535570235457146454e+10,2.731439668037685013e+10,2.891805604450431824e+10,3.365408643289294052e+10,4.500744447165705109e+10,2.482425940597718811e+10,2.933931103094493103e+10,2.789579778784116745e+10,2.601006435107649612e+10,4.102563667777029419e+10,2.725148641268280029e+10,2.855341068856308365e+10,2.772880795499855423e+10,3.346359490849863815e+10,3.568337526171668243e+10,2.742601917324712372e+10,3.292647227916522980e+10,3.358647645587684250e+10,3.572488280779842377e+10,3.260142138615033340e+10,3.066405645366537094e+10,4.320894919689184570e+10,3.176836983975945282e+10,3.954791253467819977e+10,4.254412738537213135e+10,4.556799325881124115e+10,5.905205010824366760e+10,6.081742187755784607e+10,3.815559623688876343e+10,5.001398200208849335e+10,5.526789832986022186e+10,4.676463256883767700e+10,5.764549712748112488e+10,7.394383753216076660e+10,4.299021429612439728e+10,4.805236835661953735e+10,4.034880957381541443e+10,5.874773468596398163e+10,4.271549152815997314e+10,3.212139472385524750e+10,3.060154977881083679e+10,4.921724385878952789e+10,4.322073417989633942e+10,4.183885221375273132e+10,5.154854578380956268e+10,2.765870974162659454e+10,2.797370365066620636e+10,2.800978845346383667e+10,2.863460927985150909e+10,2.106353579767811966e+10,2.551665460844216919e+10,3.194977457201482773e+10,2.337804735628184128e+10,2.406189836821767044e+10,2.171077212735963058e+10,2.535808561907223511e+10
1.859217642197634888e+10,2.550157176424772263e+10,3.003154041472530365e+10,3.995135971638542175e+10,2.455314325209272385e+10,3.242844790934115601e+10,2.455817029626098251e+10,2.463473515267108917e+10,4.068596270192772675e+10,2.936656066101017761e+10,2.856167886938655472e+10,3.595368060847879028e+10,3.825471220943566132e+10,3.412563732474143600e+10,3.320207168749488831e+10,3.895569088665259552e+10,2.760563847196095276e+10,4.701978861785353088e+10,3.755940944367973328e+10,4.210105174002375031e+10,4.091652217392529297e+10,3.235207519226852417e+10,5.781478178420174408e+10,5.097543080565200806e+10,4.767486137972185516e+10,5.225311837707801056e+10,5.355496838337924957e+10,4.455219397810771179e+10,3.113343234864703751e+10,4.631176036773926544e+10,4.104967882434431458e+10,4.612251717748354340e+10,4.007643305886567688e+10,3.899360766087454224e+10,3.470802714632630157e+10,3.527648105521987915e+10,4.603203472820985413e+10,3.726129889579889679e+10,5.143073595287586975e+10,2.489310406538772964e+10,2.648463214760900879e+10,3.604050523821079254e+10,5.567698510398653412e+10,2.708163565792971802e+10,2.905954880838907242e+10,2.513962557787009430e+10,3.502722827715750885e+10,3.263381061172403717e+10,2.942506597662019348e+10,3.040282961025494385e+10,2.750220535386013794e+10,2.550705272658560562e+10,3.480997865882051086e+10,2.982030866107877350e+10,3.216854678338937759e+10,3.003210290983411407e+10,3.685046197080059052e+10,2.645060044742603302e+10,3.433047705507211685e+10,4.370585072491003418e+10,3.423225318395432281e+10,3.015647641331508636e+10,3.262250910302949142e+10,3.773941637511199951e+10,3.244593873774463272e+10,5.147731200782391357e+10,3.525007368640943909e+10,3.647781277000354767e+10,3.346864766321251297e+10,3.786066068441098785e+10,3.894296327752725220e+10,5.107009832202684784e+10,6.797429706800604248e+10,4.035989602692334747e+10,4.177844075964176941e+10,4.332880700596427155e+10,5.196399123944997406e+10,3.610111681730521393e+10,4.036402380996690369e+10,4.142102265612761688e+10,4.126770214546027374e+10,3.867372623486977386e+10,3.575606537312407684e+10,2.683405091782033920e+10,3.390926259215862274e+10,3.347714211611552811e+10,3.805046959507720947e+10,3.444320919563369751e+10,4.259471114608789062e+10,2.443020416547540283e+10,2.842517222561528778e+10,3.559901068961439514e+10,3.203916990469377136e+10,2.188366786518929672e+10,2.867361320286058044e+10,3.292161444908885574e+10,2.504807680260023880e+10,2.574179378875744247e+10,2.628010458036772537e+10,2.667080134235373306e+10
2.500207747910789108e+10,2.638542024264482880e+10,2.853450272520695114e+10,2.604148108645977783e+10,2.440355798527973938e+10,3.125411549102433014e+10,3.090380147881696701e+10,3.138328223693571854e+10,3.001793091248184586e+10,3.431800882339885330e+10,2.752144536620439529e+10,3.567157391899424744e+10,2.581954076583607101e+10,3.589528471164591980e+10,2.738356549131987762e+10,3.482278312448205566e+10,3.452961307838242340e+10,3.151854666791292953e+10,3.944466866591455841e+10,3.683426892181867981e+10,5.114389139609863281e+10,4.217328706893345642e+10,3.544291904433060455e+10,3.220632810758563995e+10,4.618556125731068420e+10,4.330398771176354980e+10,5.511863943454727936e+10,4.121263523056343079e+10,4.101591067754312897e+10,3.850623459164228821e+10,4.517297160165993500e+10,3.599700389785160065e+10,4.444547132525321960e+10,3.399639517265836334e+10,3.449376356645092010e+10,3.190186214524506378e+10,3.318510781782788467e+10,3.839011214722923279e+10,3.141763524701322174e+10,3.323861749335815811e+10,3.210842384201431656e+10,4.446090494001396179e+10,3.569821040679697418e+10,3.361240561541081619e+10,2.435540995072411728e+10,3.249193563773653412e+10,2.567621447471768951e+10,3.342626463305803299e+10,3.384899596194710922e+10,2.638705955809524536e+10,2.629056029386917496e+10,2.889854171360123444e+10,3.954861075027891541e+10,3.111615293476996613e+10,2.839401512147364426e+10,3.104175483316290665e+10,3.472348737599924469e+10,3.910298906826395416e+10,3.199019282091179657e+10,2.942287888478969193e+10,2.576140235302627945e+10,3.350780609389719772e+10,3.572203777177976227e+10,3.832609955234386444e+10,2.973817502226086426e+10,4.814051077114981079e+10,3.874885357378069305e+10,3.003121075211537170e+10,4.178221561468981171e+10,3.286377291206359100e+10,3.661155482777416229e+10,4.615658464202762604e+10,4.224193640020384979e+10,4.930767244939439392e+10,4.329998687083314514e+10,4.439400328690922546e+10,4.272284524458141327e+10,4.527874280769480133e+10,3.509790132645932770e+10,3.188178843525942612e+10,3.663420749899299622e+10,3.493637193732067871e+10,2.694862777430498505e+10,2.840019486251974487e+10,3.520786743475815582e+10,3.642810746621011353e+10,3.160483719256924057e+10,2.995260038436940002e+10,2.665786235290300369e+10,3.206734213158259964e+10,2.991805062367426300e+10,2.113540719745301819e+10,3.761184747611293030e+10,3.254365691431935120e+10,2.298611126232391739e+10,2.277178853241471100e+10,2.492514928522589111e+10,2.107321967792578125e+10,2.583518332314117050e+10,2.552863292798662186e+10
2.288172749050322723e+10,2.288186646986734009e+10,2.857434431174346542e+10,2.696355473248853683e+10,2.266584014308792496e+10,2.011731929220545959e+10,3.949778718991201019e+10,2.446279532658639526e+10,3.016051941832523727e+10,2.572006248844802475e+10,2.756436004845843506e+10,3.052373160357343292e+10,4.124137736628213501e+10,3.106880124577226257e+10,3.225177611022663879e+10,2.901002384924742889e+10,4.276316221817647552e+10,3.780357789780702209e+10,6.198470924267227936e+10,3.474121128915229034e+10,4.933125345929380035e+10,3.467747207463999176e+10,4.031410460608306122e+10,4.077410700652098846e+10,4.852074431107254791e+10,3.892916197185842896e+10,3.437319396473056030e+10,4.171236184976226044e+10,3.681762029122912598e+10,4.079899769105245209e+10,5.802853668171206665e+10,4.012568677263220215e+10,3.786219105077870941e+10,4.245606341292308807e+10,3.366992743976184845e+10,3.277504662256110382e+10,3.252047363146852493e+10,2.652998102325232697e+10,3.405274889333522797e+10,3.434583041515229797e+10,3.786615940081115723e+10,2.663289312791569901e+10,2.894675416580516052e+10,2.928815366599843979e+10,2.642516931307415390e+10,2.894240950318376923e+10,3.750529157940357971e+10,2.935399225456959534e+10,2.978661958416127014e+10,3.142338299837921524e+10,2.764296425217213821e+10,3.735322774880614471e+10,2.598374945109761429e+10,3.421222107172924805e+10,2.801648893799851608e+10,2.865520824401516342e+10,2.847241963474737930e+10,3.222393106569076920e+10,3.756715525547590637e+10,4.732838801206936646e+10,2.859070279617590332e+10,4.534185838749972534e+10,3.023101446159819794e+10,2.978182539397317505e+10,3.184293975233214951e+10,3.287611665156156540e+10,3.762148516557864380e+10,4.421266308941823578e+10,3.289449101479341125e+10,4.428438443495706940e+10,3.013650016931724930e+10,4.627243299501336670e+10,4.282219385028366852e+10,4.617111798101533508e+10,4.478892421817861938e+10,2.934487572580323792e+10,3.377874235688920975e+10,3.488496273447556305e+10,4.104144316444926453e+10,3.594580402824994659e+10,2.954203291570782471e+10,3.105167820279600906e+10,3.163878655071780396e+10,3.266860341116363144e+10,3.451847222884617615e+10,3.495924333080017853e+10,3.814714076960377502e+10,2.920894656418317032e+10,3.136413640947541428e+10,2.640524760806910324e+10,2.655883440585649109e+10,2.465245372974716187e+10,2.615314428475461197e+10,2.487378103670263290e+10,2.291844561185455322e+10,2.598509049875273514e+10,2.837048797752345276e+10,2.315454293961898804e+10,2.097068521915956497e+10,3.155572607656621933e+10
2.105415685906539917e+10,2.448339843603832626e+10,2.770464541831250763e+10,3.681309630140187073e+10,2.470714164557415009e+10,2.289265675579373932e+10,3.930958444164453125e+10,2.791764304245051193e+10,2.630595540081145859e+10,2.954281395005614853e+10,3.331463691418598557e+10,3.040645005706218338e+10,4.214550311817436218e+10,2.634345717974792099e+10,2.808723433301101685e+10,3.385671303782850266e+10,2.810843413392359924e+10,4.359876181313674164e+10,2.939726610139673233e+10,4.453967597557384491e+10,4.579184928007675934e+10,4.105999304171627045e+10,3.228320335097932434e+10,4.611739979937346649e+10,3.675794850279078674e+10,3.579473272903012085e+10,4.279974384491646576e+10,3.459947792016516113e+10,4.938474832729370117e+10,3.764029625355403137e+10,2.769895258189165115e+10,3.503029875901798248e+10,3.597414569344557190e+10,4.464937120728765869e+10,3.277058266613426590e+10,3.823528157173107910e+10,2.856676652015919113e+10,3.530988979754094696e+10,2.461023361051359177e+10,3.063192330086948013e+10,2.542551624553660583e+10,3.409266961140243530e+10,2.897291839073667908e+10,3.566125457131341553e+10,3.026877634491337585e+10,2.584344520790583420e+10,3.060821185411465454e+10,3.927236015117804718e+10,3.129314406662368393e+10,3.120524035720762253e+10,3.886739670297241974e+10,3.044993598315163803e+10,2.718068707442503357e+10,3.354787516669178009e+10,2.436636317300717926e+10,2.917235747909615326e+10,2.856032763126491547e+10,2.282692007170771027e+10,3.222605586704017258e+10,2.826553941043448257e+10,2.902059958186893082e+10,3.061789032289360809e+10,2.911439275128017044e+10,3.746771631206972504e+10,3.698093652902854156e+10,3.249734495166112137e+10,3.519485325202661896e+10,3.535994017142619324e+10,3.123239108612137985e+10,4.118593042338601685e+10,3.476855262722284698e+10,4.409499935876365662e+10,3.707741442900331879e+10,3.475230736699160004e+10,3.211469363770535278e+10,4.438337621679492950e+10,3.703609297421899414e+10,3.400784473991270065e+10,3.288607141444856644e+10,4.166499500690219116e+10,4.095079930457125854e+10,2.770598969982042694e+10,2.889330690700967026e+10,3.711018816229674530e+10,3.117537208590902328e+10,2.817395178907376480e+10,2.998239577887279129e+10,2.933833104726484680e+10,2.244162831329125977e+10,2.306111095022562408e+10,2.642035018301152039e+10,2.261217643205725479e+10,3.473573891270553589e+10,1.984227123382094955e+10,2.744945406949046707e+10,2.205151113018922424e+10,2.027445102123078156e+10,2.204750708694959259e+10,1.943442440649871063e+10,2.202565898295862961e+10
2.585755226363166428e+10,3.205170333712770462e+10,3.910791998013613892e+10,2.180567840005398178e+10,2.263726333129490280e+10,2.222313723880952072e+10,3.004346185920919800e+10,1.937350110409620667e+10,2.946679542338661194e+10,4.656149487136139679e+10,3.880151635765451050e+10,3.625957976129148102e+10,3.084502246476423264e+10,2.403647003259495163e+10,3.286939313920192337e+10,2.651639501462901306e+10,4.244377076573555756e+10,3.400360531426573181e+10,2.953922889522815704e+10,3.899452206881546783e+10,3.343054418087666702e+10,3.488241152081954956e+10,3.809174463147615814e+10,4.056817683607177734e+10,3.450362826654340363e+10,3.493699178355532837e+10,3.529692852043067932e+10,6.039454283879306030e+10,4.738576969157570648e+10,3.188815234354257584e+10,2.802959067670340347e+10,3.021500552860923767e+10,3.363209760783629990e+10,6.079544236554811096e+10,3.304904827347332382e+10,2.851986743232461929e+10,5.471652965921974182e+10,3.021335069498728943e+10,3.017037433243724060e+10,3.132320634462066269e+10,3.123911676979089737e+10,2.485472599858388519e+10,3.272436506196785736e+10,3.386734362871644592e+10,2.830176973451912308e+10,2.610126289241772461e+10,2.437492874089981079e+10,2.608474359123635483e+10,2.844290515972509003e+10,4.479376269055172729e+10,4.274750679186591339e+10,3.635711203941121674e+10,5.082392455388690186e+10,2.954287213176005554e+10,3.632592373182621002e+10,2.261292318326031494e+10,2.940874925681634903e+10,2.524414972015994263e+10,3.439617496034373474e+10,4.827170167327065277e+10,3.357599981968114090e+10,2.604515468282998276e+10,3.123366213161536789e+10,3.066162197024892807e+10,3.304669473195342255e+10,4.221224017701953125e+10,2.907705015805321884e+10,3.529346224622304535e+10,3.060476246716761398e+10,2.489887452808894348e+10,3.545232727958497620e+10,4.295776207553885651e+10,4.553460825106009674e+10,4.133562199247817230e+10,3.727030814454195404e+10,3.327061390399839020e+10,5.457761722054669952e+10,4.599133997796585083e+10,3.559006426194532013e+10,2.900603364975541687e+10,4.665382677500418091e+10,3.122318743579521561e+10,3.309042263552234268e+10,3.296651984124152756e+10,3.667903699336615753e+10,2.854892789372248077e+10,3.784613188151310730e+10,2.620571866902083588e+10,3.376579579588745880e+10,3.601090705246260834e+10,2.505090112041076660e+10,2.795282306164073563e+10,2.098887762947988129e+10,2.382366348459948349e+10,2.871529030262052917e+10,2.260195217041040802e+10,2.529478136346531677e+10,2.967848596848959351e+10,2.382646720864779282e+10,2.132777037902886200e+10
2.444140215795502472e+10,2.390172892824850082e+10,2.585150009323264313e+10,3.110541567468104172e+10,1.893244051431238174e+10,2.132007632284486771e+10,2.763656454506554794e+10,2.284411598272304535e+10,3.641887238644483948e+10,2.784242063090974045e+10,3.077876481516096497e+10,2.764523005243729019e+10,2.905296319244999313e+10,4.814937483296493530e+10,4.413429644107332611e+10,2.750932769693469238e+10,3.830942011212689972e+10,2.486243041549325180e+10,3.223920365734469604e+10,3.309655169100157166e+10,3.786890809539521790e+10,3.489014951582241821e+10,2.821690214915051270e+10,2.947240881180570602e+10,3.864537257922641754e+10,3.080612419701137924e+10,3.324324214666219330e+10,4.187102391371765137e+10,3.582281126800590515e+10,3.091584887494184113e+10,2.915185311455255127e+10,2.738180852574392700e+10,3.521854022708701324e+10,4.116437387011377716e+10,2.926295704589636230e+10,3.291813189504553986e+10,5.252249502818530273e+10,2.725935451864923859e+10,2.591761668295518494e+10,3.047175007436777115e+10,3.051896901830220795e+10,2.559146318587151718e+10,3.117987510537486267e+10,2.865861496891566467e+10,2.581610466854668045e+10,2.794903722467852402e+10,2.976926742596927261e+10,3.001358536375812149e+10,3.319374216473849487e+10,3.642117817456628418e+10,2.326611228392811203e+10,3.852374444619760132e+10,2.492512989001528549e+10,2.982217791901790619e+10,3.417416419530662918e+10,2.493216147425834274e+10,3.405497761873210907e+10,3.141051218589626312e+10,2.602793836474084854e+10,4.316812581113979340e+10,2.889988594262243271e+10,2.996406114337576675e+10,3.418591425778650665e+10,3.395811814921828461e+10,3.274993494577628708e+10,3.457935382719955444e+10,2.850117368701803589e+10,3.467258000750822449e+10,3.430024064915202332e+10,3.398236496916946030e+10,2.942304987962170410e+10,4.629688832137354279e+10,3.854929551997312164e+10,3.345637997311262512e+10,3.824173487099786377e+10,2.698985549138349152e+10,2.662594148193324280e+10,3.205800459106006241e+10,3.302557429115029144e+10,3.102049185398836517e+10,3.948903384183478546e+10,2.547207542690288544e+10,3.511294685966070557e+10,3.484803555341496277e+10,2.875451768940863037e+10,3.268760300096245575e+10,3.273435378945421600e+10,2.997251287016544724e+10,2.082490919606506729e+10,2.248624070073130417e+10,2.334878355147073746e+10,2.273022956683435059e+10,3.020444455505108643e+10,2.411558797574978638e+10,2.327187779254288864e+10,2.494419444560857391e+10,2.422684477318275070e+10,2.207137830759433365e+10,2.267954165876860428e+10,3.057583865764597702e+10
2.890145736366505432e+10,2.960858531831375885e+10,1.975051974553710556e+10,2.205971820086046219e+10,2.079963328154363251e+10,2.291039085952418518e+10,3.239681133540151215e+10,2.854915030606767273e+10,2.628511013490458679e+10,3.667238299650565338e+10,2.677698834003964996e+10,2.653394707688300323e+10,3.036069250880902481e+10,3.848421349490480804e+10,2.877634101808052444e+10,2.726736838874678040e+10,2.771595903348948288e+10,2.908042044766227722e+10,3.686708315259718323e+10,2.884886118832957077e+10,3.885258392800716400e+10,2.898011727544335175e+10,4.732914865921875000e+10,2.988000367942440414e+10,3.689516484475488281e+10,2.596938959208203506e+10,3.216351119894836044e+10,2.908090418865125656e+10,3.356808067902397919e+10,3.191478402241285706e+10,3.505664532626280212e+10,2.994496488543484497e+10,2.934188853920602036e+10,4.115975002978996277e+10,2.464918068538564301e+10,3.006993969059615707e+10,3.637585078411868286e+10,2.943833534664625168e+10,3.908868191086143494e+10,2.922106305265799332e+10,2.274777308615466690e+10,2.909578113810691452e+10,2.914514124747149658e+10,2.737278969532658768e+10,2.515811323252460098e+10,2.778413587618290710e+10,2.715624769471207047e+10,4.307806708092652893e+10,3.624610569036847687e+10,3.101088000797395325e+10,3.397709798224065399e+10,2.432886265403886032e+10,3.385338724592650986e+10,2.441119889032094574e+10,2.895028178972769928e+10,3.289019533958076477e+10,2.882355285059144974e+10,3.433291535668403244e+10,2.807542880922689056e+10,3.683245528501097107e+10,3.205526577869607925e+10,2.839127805984163284e+10,2.825156133389377975e+10,4.197184898049314880e+10,3.323972496679208755e+10,3.146676710250328827e+10,3.062938114815741730e+10,2.784478699509898376e+10,2.877142046636986923e+10,3.237277880410769653e+10,3.168472193302218628e+10,3.164056188129069138e+10,3.549653823384460449e+10,2.737937260971026611e+10,3.470457703278365326e+10,3.333543247822667694e+10,3.245814779610953522e+10,5.351496034589577484e+10,2.916658077879843140e+10,3.566347781543695831e+10,3.400062241190328598e+10,3.024875773166709518e+10,2.851454165901505280e+10,3.376499411220893478e+10,3.264945527003099442e+10,4.708446163119291687e+10,2.623806655282336807e+10,3.386580922903586960e+10,3.914786930596582794e+10,2.215537573463908386e+10,2.813963438829447937e+10,2.672492457542486191e+10,2.576859727048408890e+10,2.105735519088254166e+10,2.569330048270164490e+10,2.435587548801733017e+10,2.659509778618781662e+10,2.331236556115726852e+10,2.057545969054849243e+10,2.462302671318069458e+10
2.257841452480480576e+10,3.021234618580083466e+10,1.984435837766073227e+10,2.315709964153685760e+10,2.028570457676306152e+10,2.471771922628956223e+10,2.516722366330819321e+10,3.541346882346237183e+10,2.723983714576799011e+10,3.004437210446895599e+10,2.188374540565151596e+10,2.458175411174607468e+10,2.991827628248271179e+10,2.353284533853193665e+10,3.050334436108372879e+10,2.420565958131150818e+10,2.369016320837194061e+10,3.068033198131977463e+10,3.487445397011094666e+10,2.168571352608609009e+10,2.729963862276070786e+10,2.553892695444617844e+10,3.138847313670618820e+10,3.396532590074494171e+10,2.863727916548561096e+10,2.870523857203215027e+10,3.125795547907261658e+10,3.976248482719499207e+10,4.624100411432076263e+10,3.895331651950008392e+10,3.080796507346918488e+10,3.585762375731224060e+10,3.388289359923365021e+10,2.457498293875317764e+10,3.264621458655508804e+10,3.270948546292747879e+10,2.678276224773294067e+10,2.576038150000316238e+10,2.172249688211259460e+10,2.612944636663761139e+10,2.720499099309418106e+10,3.110251796552824783e+10,2.885156042067421341e+10,2.316099746619861603e+10,2.703591627376863861e+10,2.677471304202120972e+10,3.169955432097233963e+10,3.196957630329619598e+10,2.001102383181511688e+10,3.237237130162950897e+10,3.483768908835768127e+10,3.370829305107284164e+10,2.979066297481312180e+10,2.721512637266843796e+10,3.173486253539750671e+10,3.681104415722098541e+10,3.037106460496110535e+10,2.858476736396812439e+10,3.271081159695626450e+10,2.008273302539353180e+10,3.356087385868629074e+10,2.892479963761288452e+10,2.967500486361682129e+10,2.919891437176895142e+10,2.735992385619855499e+10,3.926999456366864014e+10,2.636038981300626755e+10,3.065528746205295944e+10,3.097840738261240387e+10,3.321172560292689514e+10,3.052589924614469528e+10,3.819409014147877502e+10,3.225191785502639389e+10,3.131126540204307556e+10,3.190069608916558456e+10,2.579951692387577438e+10,3.208998590502779388e+10,3.365829523415095901e+10,2.856143722819536209e+10,3.556673181687775421e+10,2.790837651541116714e+10,2.597752305321188736e+10,2.659663628305356216e+10,2.716014032871022415e+10,3.173636329975998306e+10,2.339857345528329468e+10,2.474729528657320786e+10,3.367859841638417053e+10,2.456338300215776062e+10,3.483381830116223907e+10,2.478166263530119705e+10,2.417548509071709061e+10,2.850930392665891647e+10,1.996235702501644516e+10,2.338783022714696884e+10,2.125046623753636551e+10,2.220225985310877991e+10,2.276483873083805847e+10,2.283245846069990158e+10,2.810865449853571320e+10
2.319831330755944824e+10,1.957740960133945465e+10,2.314722106111667252e+10,2.851834002288877106e+10,2.622144383426883698e+10,2.353354041048375320e+10,2.499879021344594955e+10,4.373117054364983368e+10,3.256282705803775787e+10,3.741918682079782867e+10,3.030052760033032608e+10,3.256522808639967346e+10,2.870681543146768188e+10,2.902627337725775909e+10,2.568887309814526367e+10,2.851739217770314789e+10,3.258173263857683182e+10,2.628229418828475189e+10,2.404400388509790421e+10,2.760999394711390305e+10,4.229470316736161804e+10,3.515689300691162872e+10,3.476167738140620422e+10,3.840491884182936096e+10,3.354744219579135132e+10,3.776567909730081940e+10,2.491563797911814499e+10,2.713926083935743332e+10,3.147062477622951889e+10,2.752119407184064865e+10,3.064557778552752304e+10,3.928040393007769012e+10,2.727038170692037201e+10,2.575067380489965439e+10,4.384265512901215363e+10,2.927411646641838074e+10,2.585266684414463806e+10,3.522755757460582733e+10,2.940674095668039703e+10,3.030579898448490524e+10,2.613618595127915192e+10,2.089683964624699402e+10,2.563653368693926620e+10,2.972069758181044769e+10,2.402256149625753021e+10,3.243323670746947098e+10,2.728195877647121429e+10,2.600093029937843704e+10,2.936290670927018738e+10,2.624647314416487503e+10,2.632654906800324249e+10,2.477824796914009857e+10,3.276907992536497879e+10,2.737022808960640717e+10,2.160761264526438141e+10,2.423032447509546661e+10,2.155259810851845551e+10,3.111100660512716675e+10,3.149753441313337326e+10,2.957300326197748947e+10,2.489367764851475906e+10,3.075568911952700806e+10,2.899040801252565765e+10,3.081270208969097900e+10,2.932914218484690094e+10,3.202346577287468338e+10,2.974192218605217743e+10,2.853313217206852722e+10,2.700377281600553131e+10,2.749946482262889862e+10,3.115294118260190964e+10,4.701087400508609772e+10,3.829398032079129028e+10,3.042486115427780533e+10,2.541424540708618927e+10,3.201216870686771011e+10,3.132364219951012039e+10,2.660604579111788559e+10,3.154982860810582352e+10,3.169532927531713486e+10,4.784994467106922913e+10,3.483510693437320709e+10,2.751041289953046036e+10,2.391929605680611420e+10,2.905023163974347687e+10,4.273574144127689362e+10,3.027741494467142868e+10,2.468643995360836411e+10,2.697435931035158539e+10,2.638087629511470413e+10,2.721727755734186554e+10,3.332731681840158081e+10,3.224398989106627274e+10,2.455228667972716141e+10,2.115377870353316116e+10,2.667092543787457657e+10,2.538655654657460022e+10,1.786718995010968399e+10,1.860292894666480255e+10,2.225591594845177841e+10
1.880808681816139221e+10,2.499766529194301224e+10,2.247361177275838470e+10,1.828677197890527725e+10,2.750993587732455063e+10,2.139948244849240875e+10,2.507039545823209381e+10,2.253653913230607224e+10,2.460512711514107132e+10,2.378589475690503693e+10,2.825075049054499817e+10,3.925500268943800354e+10,2.477121382041014862e+10,2.409461681662919617e+10,3.587710434182792664e+10,2.542482568251413345e+10,3.432623643562871933e+10,2.441372006543247223e+10,2.365892595929019928e+10,2.869046833692177582e+10,4.051385967819181824e+10,3.346115047657160568e+10,2.704077878189066315e+10,2.484781932150221634e+10,2.542062231649016953e+10,3.140853046991846085e+10,2.928364652349546051e+10,2.543567026617100525e+10,3.989374388793421936e+10,3.405078594409281158e+10,2.837613760928406525e+10,2.213156738270478058e+10,2.821877564869849014e+10,3.741689541805883026e+10,3.049771901749477386e+10,2.915566322460620117e+10,3.063373573761439514e+10,2.814064401672303772e+10,4.323108077508733368e+10,2.205163878553126526e+10,2.705465963122339630e+10,2.699088105864044952e+10,2.547833099130719376e+10,2.969774161701908493e+10,2.729211132277602768e+10,3.193375641911516571e+10,3.189890744635255814e+10,2.396417852387380600e+10,2.089621606831720352e+10,3.030197377757947922e+10,2.522131948505686951e+10,2.805744409014184189e+10,2.434937740352075577e+10,2.699327900180803680e+10,2.706153603322379684e+10,3.440407796714638519e+10,3.030068088433492661e+10,3.009088882643252945e+10,2.511757813787362289e+10,2.774820434812517548e+10,2.597648803193844223e+10,2.508137335423796844e+10,2.634363204986009979e+10,3.134501584604054642e+10,2.832459710017115784e+10,2.666471031999404526e+10,2.321542794782075500e+10,2.261625688896696472e+10,2.992303046624290848e+10,3.162971556473437500e+10,3.629851890822946167e+10,3.373526640568981171e+10,2.949792871077512741e+10,3.175599120775156784e+10,4.324701651783429718e+10,3.019459237348489761e+10,2.926556282530672836e+10,2.959925996326935959e+10,3.332550799141832352e+10,3.337918410380337143e+10,2.757923868920181656e+10,3.769438519829875946e+10,2.701759079607234573e+10,3.448409410748642731e+10,2.455029174788097763e+10,4.019641682216226959e+10,2.787093802829223251e+10,2.639331181020536804e+10,1.927297823298999023e+10,2.783378350008641434e+10,2.129579722352878952e+10,3.091816681841222000e+10,2.750027713835488129e+10,2.103717181036994553e+10,2.784433448078945541e+10,2.234250032904701233e+10,2.336584781875176620e+10,2.921369670305379486e+10,2.466067707556214905e+10,2.157433297810424423e+10
3.100795699909435272e+10,2.371580100232520294e+10,2.130080489915496445e+10,1.938700155999194336e+10,2.025510492403991318e+10,2.772785839646854401e+10,2.231694819482481384e+10,2.976483997791454315e+10,2.647958422469894791e+10,2.336066315248750687e+10,2.164064030327115631e+10,2.731775020497300339e+10,2.302698862907017517e+10,2.220819277160512161e+10,4.498857370663095856e+10,2.526342820760412598e+10,2.932293808803575897e+10,2.430532384148593521e+10,3.020602371034217072e+10,2.795980601184367371e+10,2.809137140888077164e+10,3.388760777398124695e+10,2.253800870631045532e+10,2.756883042784158707e+10,3.149042257587212753e+10,2.171251021202491760e+10,3.154332578330028152e+10,3.735421979359049225e+10,2.756709670348877716e+10,3.289161320826536179e+10,3.419079873800851059e+10,2.414171096609371185e+10,3.053578090532804108e+10,2.786786882955439377e+10,2.263114091243393326e+10,3.031993181217948151e+10,4.754244861539406586e+10,2.700560462241023636e+10,2.767982913603983688e+10,3.134803955481271362e+10,2.530684386820186615e+10,2.421814758174549866e+10,2.945751640425345230e+10,2.954184635196660614e+10,3.085520840049884415e+10,2.440049049837846375e+10,3.731694233956517029e+10,2.594100176641489029e+10,2.356529078680109406e+10,2.736126931303829193e+10,2.525257522215556335e+10,4.534261263311264801e+10,2.749447243869685364e+10,3.551052061317076874e+10,2.900819909677281570e+10,2.618937765355607986e+10,2.557666747774626541e+10,2.458029434148789978e+10,3.222970152809138107e+10,3.444221002040545654e+10,2.738603090287876892e+10,2.666862512443589020e+10,3.185115186731410217e+10,3.230046015916596985e+10,2.641767174080822372e+10,2.690167832467368317e+10,2.143828479776677322e+10,2.735819797226649857e+10,3.888972498294166565e+10,4.252528340153313446e+10,3.687435126531236267e+10,4.380614252860147095e+10,3.182627510414771652e+10,3.453893874278941345e+10,3.243876635972560120e+10,3.265685208129460526e+10,2.666409575303461456e+10,2.596866282013710785e+10,3.979790152410708618e+10,2.621859368704196930e+10,3.051892012559125900e+10,3.261090906208342743e+10,2.677073019495009232e+10,3.173485460774629211e+10,3.839185314631639099e+10,2.842854016172900009e+10,2.619009902353015518e+10,2.330414453866296768e+10,3.096479442296478271e+10,2.522219264336504364e+10,2.248857727413851929e+10,2.168145497243500137e+10,1.917938095351471710e+10,2.334928003922312927e+10,3.165615794356968307e+10,1.805117837351007843e+10,2.562727473103093338e+10,2.305978473933811569e+10,2.487536852033572006e+10,2.123913478641688919e+10
2.382265706273070526e+10,2.708148569520918655e+10,2.570185099265834808e+10,1.580635987225766373e+10,2.292174851892653275e+10,2.413833966559291458e+10,2.501312131787311935e+10,2.188922354313193512e+10,2.065505314715285873e+10,2.002202033382997131e+10,3.739461319731004333e+10,2.166324476242102432e+10,2.430099250698841858e+10,2.401061743287894058e+10,2.904003308880388260e+10,2.938323748867046738e+10,3.151720968697156906e+10,2.126437221784832764e+10,2.388064841330459213e+10,2.514817591957723236e+10,2.615234444451038742e+10,3.474097627200997162e+10,2.880668435630330658e+10,3.284018081658069992e+10,2.962328834538390732e+10,2.461227082042272186e+10,2.214714309451980209e+10,3.245072417635100174e+10,3.781999983200928497e+10,3.110555893475965881e+10,3.012447352312225342e+10,2.723385562550773621e+10,2.347371434423350525e+10,2.632064383841868210e+10,4.230304002112271118e+10,2.604200084808723450e+10,2.912012719778243256e+10,2.676243835422883224e+10,2.747744681386252975e+10,3.367819683310742569e+10,2.344251538062413406e+10,3.189584611647319794e+10,2.786214685339727783e+10,3.003457012959352875e+10,3.088685643697069168e+10,2.278915168336154175e+10,2.834184735965671539e+10,2.905607237991385651e+10,3.410967614234358597e+10,2.843584175711480713e+10,2.290491723436642075e+10,2.222471989843991089e+10,1.825792161626721573e+10,2.800190000967044449e+10,2.744308199630204773e+10,2.183761657603086090e+10,2.854182513043123627e+10,2.183115758134839249e+10,4.964298444963555908e+10,2.674083384206451416e+10,2.223713806132087326e+10,2.919246231293892670e+10,2.663502807962211227e+10,3.733890985519010162e+10,3.788665086952342224e+10,2.670029529689838028e+10,2.820972687858626175e+10,2.554006702117813492e+10,3.274336142628138733e+10,3.209053283977776337e+10,3.271347196851788712e+10,3.787630335082483673e+10,3.016046894018634033e+10,2.663598713000775528e+10,3.016035577728966522e+10,2.192930815015165329e+10,2.673316105441923141e+10,2.721858276010301590e+10,3.593931609541211700e+10,3.359127454242977905e+10,2.645255887295031738e+10,2.822358492887529373e+10,2.974463350240637589e+10,2.528272431838645172e+10,2.695642128114665222e+10,2.848541509217459106e+10,2.513990647098555374e+10,1.896022315493540573e+10,3.234399427054179382e+10,2.488448506099298096e+10,2.645290627158501434e+10,2.616445159464925766e+10,2.006958921131159210e+10,2.461305649189992905e+10,1.816406887201623535e+10,2.257402411200354767e+10,1.805782279717867661e+10,2.243238724639116669e+10,2.413261445169695663e+10,2.064286953776357651e+10
1.763044482856366730e+10,2.082245895274143982e+10,2.157472294020462036e+10,1.975937796072535706e+10,2.826756253553694534e+10,2.034867113175789642e+10,2.549417355924820709e+10,2.429725805033733368e+10,2.769443732761841965e+10,2.108735442093980026e+10,2.664182277076677704e+10,2.511626991585490799e+10,3.336846301831964493e+10,2.296482260739682007e+10,3.037518435296693039e+10,2.592993850498611450e+10,1.917252451472066498e+10,2.493629665158580017e+10,2.711469904329943466e+10,2.398846182332637405e+10,3.496840394426720428e+10,2.904757777960781860e+10,3.002598462057381439e+10,2.501290987043054581e+10,2.400885257444992065e+10,3.992523731493029785e+10,2.544778098575947189e+10,3.521507327143575287e+10,2.322432624128520966e+10,2.289572350840060806e+10,3.074432552334751892e+10,2.642189323545873260e+10,2.514304879231855011e+10,3.369713801427603912e+10,2.447219780580392075e+10,2.619269105656013107e+10,3.046760044683856583e+10,3.057322125679980087e+10,2.761836369779400253e+10,2.609470522715398407e+10,3.617557384115670776e+10,3.500597153263016510e+10,2.707019638064435577e+10,3.356124073105580902e+10,2.084548733352068710e+10,1.984205214027697372e+10,2.554826621528550339e+10,2.331610452926635742e+10,3.178679640234576035e+10,3.287974408616109467e+10,2.655187184325774002e+10,4.253322319467358398e+10,2.931582606615699005e+10,2.645910498405308914e+10,3.176281832009602737e+10,3.696240897180165100e+10,2.925812790596286774e+10,2.162864510567639542e+10,2.660308238060037231e+10,2.844592527912179565e+10,2.590845501933425140e+10,3.761914767985025024e+10,2.948697736153357315e+10,2.748327290640296936e+10,2.789445672376098633e+10,2.306514196726708984e+10,2.510474428443766403e+10,2.511367244762040710e+10,4.935360244637989044e+10,2.635851165972604752e+10,3.752792925269257355e+10,2.963309394248910522e+10,3.399000827624205780e+10,3.558901837260490417e+10,3.084582340418219757e+10,3.139277928191145325e+10,2.270728747636495972e+10,2.320466328886849594e+10,2.708176667908001328e+10,3.251243283011681747e+10,3.250787084346251678e+10,2.591455532345373154e+10,2.042933691859616852e+10,2.284519590998155975e+10,2.151011052270810699e+10,2.376087296710863876e+10,2.463022432611600876e+10,2.009557370730015182e+10,2.602048625587219238e+10,2.940636348239377975e+10,1.991326869086740875e+10,2.253854156307786560e+10,3.822840533150449371e+10,1.639496629071251869e+10,2.460454107869238281e+10,1.981093158056455612e+10,2.655231490106268692e+10,2.274992113354174805e+10,2.127254305878762054e+10,3.447562490197783661e+10
2.190187443381533051e+10,2.110703214855096436e+10,2.077233635115229797e+10,1.770472677603478622e+10,1.657703584312499428e+10,2.399568428351584244e+10,2.276016993291662598e+10,2.265308345467908859e+10,2.589112148248940277e+10,2.653642802290858078e+10,2.073599987470042801e+10,1.925458385311000443e+10,1.891191287316041183e+10,2.532909904463219833e+10,1.835580718763813019e+10,2.174524479607698822e+10,2.500661197066455460e+10,2.274475662125642395e+10,3.130618039309394073e+10,3.210271671900787735e+10,2.205564994654100037e+10,2.054010707798900604e+10,3.890754253922839355e+10,2.684131141541178131e+10,2.696794287844722366e+10,3.230625872769467163e+10,2.595772026872385788e+10,2.707228248660911942e+10,2.577329813815536499e+10,2.488723646763050842e+10,2.623939246368300247e+10,3.084218869522819519e+10,2.151942377091550064e+10,2.491237522994810486e+10,3.010489287578860092e+10,3.123156853499189758e+10,2.362507861773754120e+10,2.468717640201276779e+10,2.745532361385826874e+10,2.513237558527524567e+10,3.754042988082865906e+10,3.651808355930043793e+10,3.354322078929362488e+10,3.118461037656769180e+10,2.440626036047394180e+10,2.449096883567749786e+10,2.610021912026905441e+10,2.484974603875632095e+10,2.539663137094963837e+10,2.991950767062997437e+10,2.508534078395817184e+10,2.741953387045992279e+10,2.461562736251210403e+10,2.282586462668101501e+10,2.664437098139397049e+10,3.002813842941698837e+10,2.380360613241125107e+10,3.201428587725402069e+10,2.743656340326231384e+10,2.865092984582916641e+10,2.195647306233203506e+10,2.818288732995741653e+10,3.103595327079391861e+10,2.753373622528976059e+10,2.666422613365544128e+10,2.967558384536567307e+10,2.787965797312054825e+10,4.199467739218739319e+10,3.424384706855959320e+10,2.240132892469023132e+10,2.566601225918025589e+10,2.895084155649554825e+10,2.717002444401387787e+10,2.352899089221665573e+10,2.211789168591860199e+10,2.905577327678634644e+10,2.340121889167012787e+10,4.437741036156463623e+10,2.334073769593027496e+10,2.003839791948487854e+10,2.910731764429368591e+10,3.467167125993217468e+10,2.400041046702719498e+10,2.724211343378661728e+10,2.134314827831323624e+10,2.779435029739615250e+10,2.349268265538964081e+10,2.194198070314044952e+10,2.236200386640569687e+10,1.905987743312129974e+10,2.155640836299205017e+10,2.714265108734450531e+10,2.827673531149104691e+10,1.982468197559310532e+10,2.195531548574480438e+10,2.046682024700995255e+10,2.661351746696488190e+10,1.713086910172886276e+10,2.273573247660821533e+10,2.149846932829169846e+10
1.727864172877389908e+10,1.875179498081116867e+10,2.897011863265505981e+10,2.427855595316974640e+10,2.174403480360356140e+10,1.818299705562496948e+10,2.328219232888853836e+10,2.286338222579429245e+10,2.758830321624374008e+10,3.054627779066860580e+10,2.609438078730816650e+10,3.181149470146595764e+10,2.191960238413970947e+10,3.080539705830330276e+10,2.401616537645138168e+10,2.359715519189664078e+10,2.080013661261147308e+10,2.669088236420930099e+10,2.442135509679419327e+10,3.134964718885164642e+10,2.168124052157118607e+10,2.113716893076790237e+10,2.551383392727697372e+10,2.338628812960528946e+10,3.009318751947320557e+10,2.305435147345609665e+10,2.237685925171143723e+10,3.135420753303050232e+10,3.736966125015201569e+10,3.328605673031114197e+10,3.177002380578690720e+10,3.388977699767378235e+10,2.887045356901562119e+10,2.573418930599768829e+10,2.693785441967433929e+10,3.288007964794444656e+10,2.945580770053708267e+10,2.893284084325995255e+10,2.400036999843759918e+10,2.582513879381985855e+10,2.719386916329979324e+10,2.056490847618757629e+10,2.820151757005812073e+10,2.723499000080041885e+10,3.321913250997718811e+10,2.676538328133030319e+10,2.885547906624877548e+10,4.252457660451021576e+10,2.468953731091061401e+10,2.407409150574792862e+10,3.077397707932197189e+10,3.167527333558714294e+10,2.256004711883609009e+10,2.639018463061353302e+10,2.685499141601285934e+10,2.619271296013140488e+10,2.246608850900017548e+10,3.217083448007036209e+10,2.431988498428813553e+10,3.003315111356967545e+10,2.048490466260992432e+10,2.055025745202792358e+10,2.369599851329139328e+10,2.549754440476490402e+10,2.353295825730254745e+10,2.166706266794982147e+10,2.519790666245210266e+10,3.069692325433765030e+10,3.097489995305722046e+10,2.872977781233354950e+10,2.655643646633908844e+10,2.015166252127108383e+10,2.468507842489135742e+10,2.733328303337023163e+10,3.555362815464369965e+10,2.413405565297468185e+10,4.041925096582218933e+10,2.661153741588563538e+10,2.946630900590291214e+10,2.099462230799627686e+10,2.148387383792093277e+10,2.122214152939640808e+10,2.575326707220687103e+10,3.090376714655403137e+10,3.534530845064057922e+10,2.255320656616217804e+10,2.044456463112454224e+10,3.146671136987549210e+10,2.530016669894322968e+10,2.094734139144269562e+10,2.569442906168496704e+10,2.452499815560841751e+10,1.854159789142788315e+10,2.129781943601711273e+10,2.234031975587160873e+10,1.803078361504829025e+10,2.808983438258492279e+10,2.767206911567455292e+10,1.899024039271149445e+10,1.934354035156297684e+10
2.797431225205197525e+10,2.241524233259076309e+10,2.521795915582126617e+10,2.225495239972658157e+10,2.594896518547299194e+10,2.126834213055162811e+10,2.400625991176061249e+10,2.567479319395067596e+10,2.030042616877491760e+10,2.097834504778239441e+10,2.955533895800855255e+10,2.584196389046959305e+10,2.718747354193499374e+10,2.901490748396153641e+10,2.334238642094817352e+10,3.469741734690051270e+10,2.506119743848151016e+10,2.567715786581564331e+10,2.540023879491164398e+10,2.904488736644948959e+10,2.644624273495594788e+10,2.477936804031994629e+10,1.937303247222885513e+10,3.099108938743218613e+10,3.571452699104157257e+10,2.882515236132308960e+10,2.977834429054615402e+10,2.294633396207329559e+10,2.822692341660070801e+10,3.244365817074291992e+10,2.938506786102852249e+10,2.183676394726459503e+10,2.907963338421619415e+10,2.444247640503304291e+10,2.898635801002487183e+10,2.306805286235920715e+10,2.695174952171259689e+10,3.783721328367665863e+10,2.387493910562117767e+10,2.918823287646304321e+10,2.339110481888610840e+10,2.610887779768959427e+10,5.093311524869464111e+10,2.647971069469505310e+10,2.283350331211645126e+10,3.114223129743653488e+10,2.192529443659698486e+10,3.522067636472063446e+10,2.293232615167469406e+10,3.360957936254615784e+10,2.044068443973019791e+10,3.984337566877684784e+10,2.246881343411285400e+10,2.612640485033882904e+10,2.417184838324067307e+10,2.849722281664733505e+10,2.677874130942852783e+10,2.183593796514806747e+10,2.438364217047388458e+10,2.361922305708201981e+10,2.268714728884716034e+10,2.410685894263182831e+10,2.364709250321970367e+10,2.472519166734918213e+10,3.402344129180807114e+10,3.128925094858151245e+10,4.013812736727458954e+10,2.981061673533618927e+10,2.677950928869891357e+10,2.203724189488962936e+10,2.291509313730445099e+10,2.821270021679817581e+10,2.624524763162500763e+10,3.397822978787579727e+10,2.410488409882171249e+10,2.131444436168330383e+10,2.486826794182390976e+10,2.540735022523159027e+10,2.432955442634832001e+10,2.479374562412076950e+10,2.970656029771882248e+10,2.913833732352970505e+10,2.473448119314721680e+10,2.460350043764311218e+10,2.612293052020439529e+10,3.479324346895764160e+10,2.880967092741875076e+10,2.787183301991196442e+10,3.228353853132189941e+10,2.062158380344388199e+10,1.955820302160757828e+10,2.133678170332234955e+10,2.261659213011504364e+10,2.433247509839829636e+10,1.795629411770645142e+10,2.883490230930115509e+10,2.431096117540178299e+10,2.426758334707416916e+10,2.121834150802143478e+10,1.454611535161552620e+10
1.664399803749886703e+10,2.121497317877881622e+10,1.852789345447920990e+10,1.730160362476930237e+10,2.730922564745082474e+10,2.143356041654251862e+10,2.485231424814076614e+10,2.461393636972540665e+10,2.035367659078129578e+10,2.623536748232199478e+10,2.820275595636153412e+10,2.260726614007963181e+10,2.583952564453078461e+10,2.173316129102417755e+10,2.629941916041475677e+10,2.696107985603686905e+10,2.429409516932679367e+10,2.881707230592936707e+10,2.270836974637377930e+10,3.167073684070215988e+10,2.155330679770428467e+10,2.979476952013162231e+10,3.069966358253854752e+10,2.360027352140200806e+10,2.305945259149478531e+10,2.495233639473297119e+10,2.533726705709077072e+10,2.149388340242967987e+10,2.717033833782527924e+10,2.299816429766667557e+10,2.899024090365138245e+10,2.131382025927428055e+10,2.794250077792715836e+10,2.871150086931138611e+10,2.747377872042509842e+10,3.614715102878539276e+10,2.307895626618406296e+10,3.799856249287055206e+10,2.350362864573372650e+10,3.148289223399444199e+10,2.660516587899796295e+10,2.572601076818906784e+10,2.640050778139608383e+10,2.454800272474086761e+10,2.282855844697676849e+10,2.319120360330637741e+10,2.239510538348285294e+10,3.012737532232599258e+10,2.598067077752417374e+10,2.618839174161243439e+10,2.124630084713071442e+10,2.670534581525670624e+10,2.168091443525102615e+10,2.492509001861099243e+10,2.656040024451851273e+10,2.816154640917354584e+10,2.100014635888735580e+10,3.694239503094213104e+10,1.805417218096957016e+10,3.088578518558979034e+10,2.006663922472502136e+10,2.662841445572906113e+10,2.937693154635546494e+10,2.720621052178913116e+10,2.448721281465385818e+10,2.488443469772703171e+10,2.703201779334412384e+10,2.427492894436798477e+10,3.294389526533983994e+10,2.093724275678939056e+10,2.351299364995707321e+10,2.571191621334709549e+10,2.359313043253161240e+10,2.597661874256361389e+10,2.615364952488287735e+10,2.017135179846303558e+10,2.482623723427181625e+10,2.434658908767029190e+10,2.210988597126548767e+10,2.777722136650262070e+10,2.791653076056793213e+10,2.375537810257641983e+10,2.427896850077525330e+10,1.860259466440173340e+10,1.993927041100785065e+10,2.448564439393915558e+10,3.354016087507858276e+10,3.020482357170885849e+10,2.474667210709648132e+10,2.715713498697493744e+10,2.415317871595836258e+10,4.178765822305680084e+10,2.027300698753895569e+10,1.940658535908152008e+10,1.980878132404493332e+10,1.965068226167271042e+10,2.136585072062544632e+10,2.445353541131523132e+10,2.063208959172458267e+10,1.999391088510784531e+10
1.970563201780569077e+10,2.132621133491449356e+10,2.237599422972084427e+10,2.165058053147137070e+10,1.987422690532211304e+10,2.449716309515944290e+10,1.627208023244061852e+10,1.891722797406834793e+10,1.709675012387089157e+10,2.825615780774378967e+10,2.580129666849650574e+10,2.664779820030799103e+10,2.333641299700814056e+10,2.534133371895590210e+10,2.212688351563677979e+10,2.268442380273835373e+10,3.067546181083083725e+10,2.361877122575222397e+10,2.379430266143337250e+10,2.990236736455333328e+10,2.281248970204891205e+10,2.371618717630574417e+10,2.282125747753310776e+10,3.225503299206167221e+10,2.716702642601123047e+10,2.195959704401622772e+10,2.509531727100798416e+10,2.071997736921018600e+10,2.463077605737646866e+10,2.632462383572551727e+10,2.149022711120143509e+10,3.008480227563471222e+10,3.003723095406304550e+10,2.506545287187590027e+10,2.791734118974610519e+10,2.487231457882396698e+10,2.382556275496978378e+10,2.509424359641833878e+10,2.748671698910463715e+10,3.033651990885379410e+10,3.519713148115116119e+10,3.082066429149149704e+10,3.046775333516727448e+10,2.363745982473664474e+10,2.820968942339706039e+10,3.162476063607960129e+10,3.130842006312883759e+10,2.542849069903169632e+10,3.393720489419417191e+10,2.884954219309646988e+10,2.631009032140453339e+10,3.042244202575958252e+10,2.370889931285312653e+10,3.781893204842500305e+10,2.416523124803649902e+10,2.028121745560303497e+10,2.350715631448176193e+10,2.278723159186485291e+10,3.531259195598816681e+10,2.429476509016184235e+10,2.595666480528104782e+10,2.174009445015602875e+10,2.462785821679001999e+10,2.573404946742117310e+10,2.343083590852385330e+10,3.596766913090691376e+10,2.614332777622526550e+10,2.652001618802369308e+10,3.487918146733813477e+10,3.107289168324931335e+10,2.743929945197314835e+10,2.361858647241136932e+10,2.118139031178447723e+10,2.770926891393780136e+10,3.517194460657693481e+10,2.288281454849735260e+10,2.859584376044664764e+10,2.276284807073256302e+10,2.647450396529277420e+10,1.935319872652563858e+10,2.432734832500284958e+10,3.616359445868071747e+10,3.040939047571165085e+10,2.307875154018551254e+10,2.788748165253581238e+10,3.007221452139835358e+10,3.050701088000875854e+10,3.455663596765682220e+10,2.265801976725332260e+10,2.021995310739206314e+10,2.045304685360613251e+10,2.279221108879219055e+10,2.717640682403715897e+10,1.786359307387159729e+10,2.166707989018422699e+10,2.258895398918622208e+10,2.114197085652153015e+10,1.911553716288623047e+10,1.814242176809755325e+10,2.672701968737781525e+10
2.357531023647157669e+10,2.256837592191090393e+10,2.251636591184121323e+10,2.375216442296565247e+10,2.359787703773658371e+10,2.353918295835908890e+10,3.061711111856066132e+10,2.494359274733969498e+10,2.752182195098656464e+10,2.141284653142157364e+10,2.672689647489580917e+10,2.377055070235981369e+10,2.705590245528032303e+10,2.517114654758941650e+10,1.877786150215500259e+10,3.124342202263563156e+10,2.316722216931602097e+10,3.022642088423181534e+10,2.782375587795537567e+10,2.143356071578081512e+10,2.497253885057831573e+10,2.590355211578144836e+10,3.340396570232542038e+10,2.351723489695625305e+10,3.488612041669366455e+10,2.333403080206158829e+10,2.246653387157713318e+10,2.085222432390183640e+10,2.677550711616827011e+10,2.931108382628900528e+10,2.454639895035448074e+10,2.181814938081233597e+10,2.579571677508742523e+10,2.212739704680070496e+10,3.224780297269367599e+10,2.339395546321247482e+10,3.049493213797979355e+10,2.187697343717585754e+10,2.576859767946086121e+10,2.089907540942749786e+10,2.445414918455401230e+10,2.737766996880542374e+10,2.291354266375596619e+10,2.735419919443652725e+10,2.242074497567752457e+10,3.834609110338672638e+10,2.748775095326519012e+10,2.986876399105250931e+10,2.077363175808115387e+10,2.746993405771421432e+10,3.807016626921779633e+10,2.138761404670352173e+10,2.563485289914870071e+10,2.903245505837496948e+10,3.271365935733247375e+10,2.235511053970706558e+10,2.733360316426375198e+10,3.223211331279391098e+10,2.203807467458943176e+10,2.454448234390944290e+10,3.106351167887944031e+10,3.119022579304080200e+10,2.736017773664774323e+10,3.310632845818778229e+10,2.618142866854820251e+10,2.695465220126881409e+10,2.796661246676063156e+10,2.550352544300563812e+10,2.196407857136812210e+10,2.175964843919057465e+10,2.201689017272470474e+10,2.230566819415066147e+10,2.172792354561884308e+10,2.869266299877580261e+10,3.577096390549451447e+10,2.132049282460230255e+10,2.554049800509838104e+10,1.996329478296506500e+10,2.924739892789450836e+10,3.347770103527176285e+10,2.455081970302431870e+10,2.746536787197008133e+10,3.230558401807905197e+10,2.274036356915367508e+10,2.932279385528855515e+10,2.188518852679325104e+10,2.102965064062311935e+10,2.230102080756242371e+10,2.041745837170653152e+10,2.054686124895108795e+10,2.203576216277672958e+10,1.892401885402371597e+10,2.532102873389564514e+10,2.402032931070234299e+10,2.898372894672341919e+10,2.894935106706457138e+10,2.265368374579279327e+10,2.840955195605024338e+10,2.125562470615277100e+10,2.019687594060829163e+10
1.925604324415636826e+10,2.771964466631399918e+10,2.611957893638692856e+10,2.090641388751828384e+10,3.099575052698693848e+10,1.820804446762939835e+10,2.836782765851783752e+10,2.142600350762481308e+10,1.915265784422137451e+10,1.894221644146500778e+10,2.087643556378669357e+10,2.262160078261420441e+10,2.634871225059647751e+10,2.976582490792204666e+10,2.655690123220157242e+10,1.775151586742811584e+10,2.740715395275627899e+10,2.338932265273103714e+10,2.123997634855437851e+10,2.300006605101034927e+10,3.018121147201684952e+10,2.154205337789834595e+10,2.495641502838801193e+10,3.388942259375586319e+10,2.988784634656367493e+10,2.997078747553812027e+10,1.832994890804457855e+10,1.924294231427045822e+10,3.264300116994367218e+10,2.337728642669353867e+10,2.904034587233892441e+10,2.005951456931807327e+10,2.398034142691367340e+10,2.577327202764604950e+10,2.171609793367591095e+10,3.114112789466488647e+10,2.435644560181847000e+10,2.624194758923429108e+10,2.781673156742304611e+10,1.948003135266512680e+10,2.325802492834134293e+10,2.739919676866995621e+10,2.370439801315158081e+10,3.491093114796186829e+10,3.289059480393807220e+10,3.179850118430267715e+10,3.124749531123814011e+10,2.000853947102278137e+10,2.661338657871821213e+10,2.171364463485275269e+10,3.111312960221653748e+10,3.210687222311125183e+10,1.999494976067559814e+10,2.440755086619381332e+10,2.891147910188735580e+10,2.355222645084459305e+10,2.642349021768749237e+10,2.275805896779876709e+10,2.752814580499663162e+10,2.751103171176001740e+10,2.445041600524561691e+10,2.320395550820406723e+10,2.666627618383725739e+10,2.981030374584530258e+10,4.340006350947116089e+10,2.052575622553970337e+10,3.165466881302823639e+10,2.468231787123209000e+10,2.815989507234174347e+10,2.492230602936711502e+10,2.714548268488574982e+10,2.656697138272886658e+10,2.438023627501058960e+10,2.142796664130931473e+10,2.228420430517670441e+10,2.355851064516972351e+10,3.007352703359003830e+10,1.819113472971347046e+10,2.285554811047660065e+10,2.410301618301637650e+10,2.300546465829162979e+10,3.065108390018434906e+10,3.507544010174297333e+10,2.050669174602737808e+10,2.833053307293203354e+10,2.946589172778705215e+10,2.566651876471200180e+10,2.758440745962812424e+10,2.175135981232163620e+10,2.594270413844347000e+10,2.123790366162042999e+10,1.816337811154871750e+10,1.881559456460748291e+10,2.285392735912042236e+10,2.087097169325387192e+10,2.531501982845597076e+10,1.933848975607823563e+10,2.864430028498705292e+10,2.019932998367537689e+10,2.623508457503607559e+10
1.810610220355175781e+10,1.944636689212909317e+10,2.014409444150954437e+10,1.868024626712077713e+10,2.309320593685895538e+10,2.353942326072818756e+10,2.104927261385950089e+10,2.259359504811968231e+10,1.991515186801188278e+10,2.976513177498884964e+10,3.019129477847980499e+10,2.190635824306740570e+10,2.808767616558683777e+10,2.516316990401935577e+10,1.964387119416352081e+10,2.708264440612533569e+10,1.762815597653269196e+10,2.500323896276163864e+10,2.037609486079926682e+10,2.340730760567991638e+10,2.417742607777836609e+10,1.771327592752826691e+10,2.085612121145554733e+10,2.067091472779764175e+10,2.224430751784078979e+10,2.359500354516291428e+10,2.403926697780867386e+10,1.673138792811326408e+10,2.767586386753281403e+10,2.975943001402347183e+10,2.486971215532553482e+10,2.309408400132548904e+10,1.874523918429888916e+10,2.879545924937277603e+10,2.474685327611031342e+10,3.314313729418309021e+10,5.193157741855673218e+10,3.217872504002664566e+10,2.576953646974401474e+10,2.509140282376778412e+10,1.996964468958417892e+10,2.834430797840383530e+10,2.381476739406682968e+10,2.556063212149525452e+10,2.470786408092328644e+10,2.190111598507853317e+10,2.850771687032720947e+10,2.377536249950417328e+10,2.330686753041946030e+10,1.999843350160503387e+10,2.287995840123302841e+10,2.785560719908615875e+10,2.106407047287068558e+10,2.351606820617333984e+10,2.372821954540866089e+10,2.376210267284251022e+10,2.219111219182872009e+10,2.877249886248534012e+10,2.363836891297460938e+10,2.788472522219717026e+10,2.829786282793319702e+10,4.202073221926616669e+10,2.412462528460076904e+10,4.164030375917440033e+10,2.645589021940105820e+10,3.161409338555368042e+10,3.313629452089886475e+10,2.905912674160901260e+10,2.316512182491315460e+10,2.233897334660381317e+10,2.628510583955206680e+10,2.365520793117763519e+10,3.678854603144926453e+10,2.100770472642446136e+10,3.398296364648007965e+10,2.064809345124832535e+10,2.561410868447238541e+10,1.959361349912895203e+10,2.280924948711566162e+10,2.415418996819472504e+10,2.147616175100753021e+10,2.008190434890802002e+10,2.623244370733927917e+10,2.389226245138615417e+10,2.491430118294815063e+10,1.994829576932416153e+10,2.282282548012370682e+10,2.548895164586115265e+10,2.266909836958462524e+10,3.411269430091791153e+10,2.024992032988917160e+10,1.751840522977108765e+10,3.630207907909680176e+10,2.649484180188348770e+10,3.371646967752316666e+10,2.513948444648304367e+10,1.857947454935520554e+10,1.965000790513994980e+10,2.164951177531173706e+10,2.300300164636257553e+10
2.277094657630880737e+10,2.156241954532273865e+10,2.034896872706635666e+10,2.145125059958858490e+10,2.304020246641205978e+10,1.868331192945869064e+10,2.153786020104095459e+10,2.777305302809996796e+10,1.882212757394712067e+10,2.192219112375265884e+10,2.312860043824436188e+10,2.000694636686532211e+10,1.952828020566284561e+10,2.081937748195665359e+10,2.004740162210677719e+10,2.510239376347397232e+10,1.736432005556826401e+10,1.912671916876001740e+10,1.947277879850959396e+10,2.189287933545363617e+10,2.412073457162242889e+10,2.272938428580535889e+10,2.288732869027566147e+10,2.769058417429206467e+10,2.965432253909593964e+10,2.914507720812934494e+10,2.338729828819491959e+10,2.267594943487433243e+10,2.297478544330167007e+10,2.408540518896414948e+10,2.120548551405837631e+10,2.658041717216115570e+10,2.183107025299284744e+10,2.594697193278041458e+10,2.733880952454155731e+10,2.583684668559487534e+10,2.553524561935544205e+10,3.688734564750241852e+10,2.405237884128091812e+10,2.493976269164173889e+10,1.998178508285214233e+10,2.202175183367517090e+10,2.353542846504393005e+10,2.536475340349830627e+10,2.755505746435420609e+10,2.413534379431597519e+10,2.960542122671640015e+10,2.880245997748271942e+10,2.522913882022176361e+10,1.889313345416260910e+10,1.974582260687863541e+10,2.700353048916141510e+10,2.389314274949861908e+10,2.349360296833325577e+10,2.421545166308009338e+10,2.441406014342321777e+10,2.404009359729110336e+10,2.021491680445823669e+10,2.446408659484402466e+10,2.698144650039944839e+10,2.525739858619950104e+10,1.793531363655978394e+10,2.653037149921052933e+10,3.031874764654124451e+10,2.892703314986626053e+10,2.240787352090608215e+10,2.662032524683848953e+10,3.016661605239966583e+10,2.649385797755252838e+10,1.985983242636116028e+10,2.570381804476654816e+10,2.124448403681760788e+10,2.631122993938874817e+10,2.337264683201038742e+10,2.187693356929336548e+10,1.865553690704325485e+10,2.312436782454892349e+10,2.879813968565087128e+10,1.895195068905963135e+10,2.941881653304824448e+10,1.826842394663779831e+10,2.474240720933924484e+10,1.701084438591281319e+10,2.497930378201480865e+10,2.641930190085379410e+10,2.189344009197946167e+10,1.915781933673273468e+10,2.317534985518372345e+10,1.861952728704673386e+10,2.761032853658996582e+10,2.657247070947166824e+10,2.968927248746994781e+10,3.232031477871759415e+10,2.096988774058486557e+10,2.443463142952530670e+10,1.674034807036879730e+10,2.371015315876757050e+10,2.037562596084470749e+10,1.900181673617309189e+10,2.205542581870118713e+10
2.253120160454351425e+10,3.049757831892366791e+10,2.652930590910518265e+10,2.145710492638531876e+10,1.961152108537161255e+10,1.656095823363153648e+10,1.529415191259893608e+10,2.233018959503607559e+10,2.127584959212681198e+10,2.597344292141600418e+10,1.897286262684330750e+10,1.951345494896593857e+10,2.895302574884762573e+10,1.817724716771222687e+10,2.413233826462375259e+10,2.127532361430521011e+10,2.509300468886858368e+10,2.334893987090760040e+10,2.380571772532243729e+10,2.592150023105462646e+10,2.926354548074631500e+10,2.193458009983686447e+10,3.090132667322193909e+10,2.730402915283358383e+10,2.031871477405287170e+10,2.036886072752456665e+10,2.096896199012726974e+10,1.892989655489838409e+10,3.133964285623793793e+10,2.426406523427836990e+10,2.385373004127822113e+10,3.146749328689924240e+10,2.275373453396892929e+10,1.971016648077205276e+10,2.338066194323537064e+10,2.969856314382892227e+10,2.964741003521859741e+10,2.716403959706731033e+10,2.970244193005619812e+10,2.120193236483076096e+10,2.151188776780213547e+10,1.924131890782449722e+10,3.644310860985691833e+10,2.998221691458021927e+10,2.691821109041362000e+10,2.682603614076923370e+10,3.059945676206908798e+10,2.227440332951927567e+10,2.835767952529140854e+10,2.906215822874034882e+10,2.129010953191188812e+10,2.249100750801108932e+10,2.825063015538629913e+10,2.008187439484087372e+10,2.488464184976468277e+10,2.939480739817780685e+10,2.218397864669130325e+10,1.988191971648697662e+10,2.081183214816224289e+10,3.115620129111231995e+10,2.546836026042594910e+10,2.498805277168921280e+10,2.777145468672724533e+10,2.093520146018862152e+10,2.147581973051414490e+10,2.486093224481739426e+10,3.305468179402035141e+10,2.600627675491457748e+10,3.056561078759117508e+10,1.881746522151069641e+10,2.582278031768068695e+10,2.188373235073587036e+10,2.139069122285062408e+10,2.404533264535718918e+10,2.862962664441645813e+10,2.589714296594704056e+10,1.934228909195974731e+10,2.219264350913517761e+10,2.610714253337482452e+10,2.591782573076733780e+10,2.531519268443191147e+10,2.665632803935761642e+10,2.870359748680416107e+10,2.460563927939529800e+10,2.058335377381837082e+10,2.736302552706099319e+10,2.119720863649985504e+10,2.090339283058052826e+10,1.891461087645307922e+10,2.186670699614440918e+10,2.566548371612959290e+10,2.323884567606579590e+10,1.681834487886400986e+10,2.216989265978128433e+10,2.607535954374006271e+10,2.104429409609565353e+10,2.160997121928330612e+10,1.782766943808954239e+10,2.530347804648793030e+10,2.026347499827521133e+10
2.065649228697681808e+10,1.995017082045079041e+10,2.072857685851263046e+10,2.841093587021588135e+10,1.773852482715805817e+10,1.716359749355388832e+10,1.870109921599547577e+10,2.215155584841872025e+10,2.506303069853411102e+10,2.015430959767979431e+10,2.329268560825028229e+10,2.110032205401575851e+10,2.116651796865436172e+10,2.425624063639328384e+10,1.987084285529658890e+10,3.055236728759990311e+10,2.137879479364716339e+10,1.714736446678518486e+10,2.258452915220727539e+10,1.942859800096927261e+10,1.847882456922230530e+10,2.702215938959339142e+10,2.030583151458947372e+10,2.067059720974890518e+10,1.902724916751261902e+10,2.060487266933346176e+10,3.095670872055747604e+10,2.409900957524145889e+10,2.212134568826048660e+10,2.604577738987026978e+10,2.391983169273212814e+10,2.183622463594756699e+10,2.253980625880668259e+10,2.087556906584761429e+10,2.602776227781764221e+10,2.215407200499075317e+10,2.176731072014428329e+10,3.112681425981230164e+10,2.619362699103140259e+10,3.770253588469827271e+10,2.149013262907424164e+10,2.090072994136789703e+10,2.130136344381135941e+10,2.542710296946704865e+10,2.692756547064901733e+10,2.012940222300792694e+10,1.902537879827575302e+10,3.522097445529450226e+10,2.708716667522512436e+10,3.091763025716801834e+10,2.017117838466354752e+10,3.711173217000782776e+10,1.926470784090953827e+10,1.997719435228224564e+10,2.393623817502566910e+10,2.864305458607413864e+10,2.902422180195961380e+10,3.069513312787081146e+10,2.426036149941033936e+10,2.368319771297702789e+10,2.190689681931189346e+10,3.113489140101156616e+10,2.590855026984038544e+10,2.242324115758167267e+10,2.769057782878610992e+10,2.135344686492605972e+10,3.440327825271664429e+10,3.333545152034487152e+10,2.236266062278226089e+10,1.873411172404583359e+10,2.344112141948312378e+10,2.252465484128341675e+10,2.114351786463742447e+10,2.203774423713939285e+10,2.575783000250985336e+10,2.221912270678833389e+10,1.817079706633684158e+10,1.753168026316207504e+10,2.250320446220878220e+10,2.024337248366890717e+10,2.057370440092694092e+10,3.223563497097804260e+10,1.863229615421807480e+10,2.109568600332484055e+10,2.417680005867363739e+10,2.350386145789187622e+10,2.207144877812731171e+10,1.988426398514613342e+10,2.257688793518301010e+10,2.399925448048019028e+10,2.595468000736985397e+10,1.646643498836794853e+10,2.096346893306314468e+10,2.054358467032020187e+10,2.441443412514824677e+10,2.287193920522050095e+10,2.088262378816339493e+10,2.095136899727936172e+10,2.871504433858900452e+10,2.459304031565757751e+10
2.081567760676723480e+10,2.844326190275057602e+10,1.987034177955957413e+10,2.507155611909920502e+10,1.804547382857345200e+10,1.848782838029662704e+10,1.820293903856392288e+10,1.889351470923099518e+10,2.264899569971961212e+10,2.325404636483907700e+10,3.116280829735258102e+10,2.297603907476670456e+10,2.500172229605568695e+10,2.423368763788077164e+10,2.215414106698857117e+10,2.997856921969935226e+10,1.995945918627356339e+10,2.441668250820573044e+10,2.315670487892866516e+10,2.907420323489395905e+10,1.900162922742155075e+10,1.736011710449069214e+10,2.458549974192833710e+10,2.354767322253313446e+10,2.505158643427673721e+10,2.961974421727832413e+10,2.249553790690760803e+10,1.866460610236899567e+10,2.675728354397107315e+10,2.394254296378906631e+10,2.811424444959197235e+10,2.911723386836479950e+10,2.060423200152903366e+10,1.716191478183893776e+10,2.159780765922913742e+10,2.332316010684036636e+10,2.539194411642520905e+10,2.415235199680376816e+10,1.864760383412837601e+10,2.846017115742437363e+10,2.358851300758275223e+10,2.416349590322027969e+10,2.257280289385903549e+10,2.634049723269343567e+10,2.224268144330803680e+10,2.446959177176704788e+10,2.212935167960436249e+10,2.564571282082946014e+10,2.283531511248437119e+10,2.048596630899599457e+10,2.129017614297510529e+10,2.396291708962356567e+10,2.644958113888017654e+10,2.440393128497065735e+10,1.897138010140549469e+10,1.954148462003649902e+10,2.447534005296235275e+10,2.425399216152136230e+10,2.437670667181575012e+10,2.781313967715504074e+10,2.619064827476201248e+10,2.376173725909425354e+10,2.381321468147401810e+10,2.156171658480225754e+10,2.477235819540037918e+10,2.243179411344424438e+10,2.729002479352621841e+10,2.257390997343509674e+10,2.791476313099429703e+10,2.219208982926508713e+10,2.184023881964358902e+10,2.946485414933648300e+10,2.039365940839404297e+10,1.733061394217723846e+10,2.674027923798298645e+10,2.521099045518545151e+10,2.360022966651373672e+10,3.148998675990793228e+10,1.870270515107991791e+10,1.946728226403729630e+10,2.595260968707799911e+10,2.403504924313865280e+10,2.235654736400645065e+10,2.988850701120235443e+10,2.125702204569488525e+10,1.850756001147859573e+10,1.739522066452566147e+10,2.240169240953577805e+10,2.121181111838550568e+10,2.040839279434914398e+10,1.758068518296444702e+10,1.974072490815136337e+10,2.083195391597181702e+10,1.676713652244131088e+10,2.899555517446584702e+10,1.560035224386594391e+10,1.993179760143863678e+10,1.734111617160383224e+10,2.071407257872163391e+10,1.827831342640149307e+10
1.887012507961968231e+10,1.965139651876004410e+10,1.883730532724891663e+10,1.631530286782984924e+10,2.385050815183322144e+10,1.876316307980954361e+10,1.850845174882000732e+10,1.951526550999563980e+10,2.278869854522292328e+10,1.472910847923240089e+10,2.065763513170700073e+10,1.582548223964061928e+10,2.598966074536029053e+10,2.033957687775897980e+10,2.054205492015148544e+10,1.923936772077661896e+10,2.041340104027998352e+10,2.548051103103904724e+10,1.687580625649628639e+10,1.822934084818145752e+10,1.852616112454189682e+10,2.062388528386569595e+10,2.215263328640913391e+10,2.260645262569030380e+10,3.261998644756049728e+10,2.513850410578610611e+10,2.831563887996239853e+10,2.250295823575055695e+10,2.600584849516989899e+10,1.981495944997746658e+10,2.886076127565192032e+10,2.225194487723054504e+10,2.488659562118354034e+10,2.353357835939051056e+10,2.169984357586795807e+10,2.363036695479911804e+10,2.595372445254342651e+10,2.315090429879843521e+10,3.308738148069241714e+10,2.672978438588092422e+10,2.243318780684311295e+10,2.617778619889015198e+10,1.978522109194621658e+10,2.617477487578070450e+10,2.025450595489737320e+10,2.642627678212335968e+10,3.236995756326196671e+10,2.719259393244923782e+10,2.261551444605468369e+10,2.781805304155884933e+10,2.841144320866751862e+10,2.544054288197264481e+10,2.159999945088019943e+10,1.767819520509699249e+10,2.269479775780732346e+10,1.961313417648759079e+10,2.592891772069586182e+10,1.981405541941007996e+10,2.315200051297539902e+10,3.007198316228736496e+10,2.383326109485845184e+10,2.643047432765633011e+10,1.904497372019441223e+10,2.778382986457339478e+10,2.081828894322157288e+10,2.791175636640822601e+10,1.914139555815601349e+10,2.239780528100191498e+10,2.454320958073157120e+10,1.667968482320617485e+10,1.878178550048334503e+10,2.739042673130776978e+10,2.404553866579288483e+10,1.979976230313670349e+10,2.015279066706534958e+10,3.005545355674231339e+10,2.365714246026538086e+10,2.382531066942899704e+10,2.202563241788582993e+10,1.836248570948978424e+10,2.127806959597711563e+10,2.573314560647352600e+10,2.745826200166905594e+10,1.840195932508979034e+10,2.008474130056128311e+10,3.430118751752794266e+10,2.026111184037897491e+10,2.424922464838272476e+10,1.526011369805859184e+10,2.188303127402111435e+10,1.882970605092548370e+10,1.887061636801303864e+10,2.331048045593651199e+10,1.696100126585323524e+10,1.491317351426213646e+10,2.429754995827655029e+10,1.884294423696806717e+10,1.752619258050532532e+10,1.936045306824885559e+10,2.248490194499329376e+10
1.927253211726051712e+10,2.266860722745526123e+10,1.866797704090176392e+10,1.511627785732089424e+10,1.827624199474217606e+10,2.018457116102016830e+10,2.461711814593097305e+10,3.261058828351647568e+10,1.773761791032081604e+10,2.244844346031010056e+10,2.566576168592535782e+10,1.833073991940832520e+10,2.060095647876989746e+10,1.941951089499368286e+10,3.047402701832592010e+10,2.391864987433245850e+10,2.147813732594932175e+10,2.864358409833992767e+10,1.977248757987626648e+10,2.065693110215323257e+10,2.357627190344588470e+10,2.358326042404708862e+10,1.975857389546833801e+10,2.683507079503789520e+10,1.986353071087356567e+10,2.426952837239310455e+10,3.000964053364448547e+10,2.388506589425493240e+10,2.231550119789410782e+10,2.146310478876620483e+10,2.071229385833459854e+10,1.914107671858951950e+10,2.626985942678793716e+10,1.992930974312018204e+10,3.128991556155252075e+10,2.680835095696847153e+10,2.285334248390498734e+10,3.440554987475352478e+10,2.155949413779815292e+10,2.329248735662800598e+10,2.426456808920157242e+10,2.206986015929028320e+10,2.712393829991533279e+10,2.104504054118599701e+10,2.437823508199278641e+10,2.736213679614736938e+10,2.514792716689628983e+10,2.282330339457002640e+10,2.096226672865587234e+10,2.190539681613649368e+10,2.393888168721708298e+10,2.060353981435342789e+10,2.930824590685496140e+10,2.409899276621093369e+10,2.490508433673437881e+10,1.949138687070762253e+10,2.755641576740701675e+10,3.384792437961925125e+10,2.334148042550576401e+10,2.766354042500375366e+10,2.040057394163831329e+10,2.113794668152707291e+10,2.964295758910066986e+10,1.912780827255691910e+10,1.923056481381373596e+10,2.568931283372704697e+10,1.942310883482224655e+10,2.501096660943666077e+10,2.557765441991883469e+10,2.341639721913031006e+10,2.298909441499344635e+10,2.593747659525123215e+10,2.405779930926234055e+10,2.458935777046718979e+10,2.572945703459144592e+10,2.398538095053147125e+10,2.412406164666796875e+10,3.998554369834182739e+10,2.772249424598340607e+10,3.219758903211758804e+10,2.516096445672024536e+10,2.377760889057382584e+10,2.242429388309742737e+10,2.182683714999608994e+10,2.521763464634912491e+10,2.055813589047792053e+10,2.027741903053757095e+10,1.997004148070088196e+10,2.831811530630651474e+10,2.206170302473332977e+10,1.586240559558393097e+10,2.083202704466973877e+10,1.862056536022814560e+10,2.096759691706116104e+10,1.833350181274183273e+10,2.158992846095309067e+10,1.722153843760366058e+10,2.692991463358776855e+10,2.445002729279655457e+10,2.620860965101980209e+10
2.151330185041516113e+10,1.853811460022767258e+10,1.943215167382963181e+10,1.891593252339850998e+10,1.767042198956522751e+10,2.524022434225828171e+10,2.188001929807915878e+10,1.928150802480039978e+10,2.368312913689051056e+10,2.142061363472891617e+10,1.852138798894190979e+10,2.496997115125100327e+10,2.038309842841736221e+10,1.935643895288101959e+10,1.892918808757233429e+10,2.118310078562068939e+10,1.696649563795428085e+10,1.741992269991773987e+10,2.057676698185546875e+10,2.212396735732571030e+10,2.395689905289616394e+10,2.491846477506748199e+10,1.852039903024357224e+10,2.411034473135539627e+10,2.199124278386124039e+10,1.947000238585065460e+10,2.001301293154718399e+10,2.534219791466976929e+10,2.500767471119329071e+10,2.368205683921654510e+10,2.450984088520883179e+10,2.412613594077590942e+10,2.272844159269479370e+10,1.819569391428625488e+10,2.212955318551744461e+10,2.137352649586257935e+10,2.275266574947070694e+10,2.094500551966781616e+10,2.559148291087874222e+10,2.675289115477511215e+10,2.330147260395651245e+10,2.830465129864196014e+10,2.287125996945173264e+10,2.605905828120581436e+10,2.959376664090821075e+10,2.761682266768603516e+10,2.374516637026449966e+10,2.240780718418313599e+10,2.820714123533866501e+10,2.290505985154244995e+10,2.221089470466845322e+10,2.301999103991966629e+10,2.841667220476603699e+10,2.591999919318578339e+10,2.023299392925925446e+10,2.524399024471121597e+10,3.041267499704923248e+10,2.049672460290470123e+10,1.979697065064440918e+10,3.547606886127228546e+10,2.702293095448083878e+10,2.568892811382648468e+10,2.153778936149824524e+10,2.311902105928308868e+10,1.833453686966242981e+10,2.299531006070644379e+10,1.738077634741397858e+10,2.431116394635293198e+10,1.991692674221315384e+10,2.015944952998409653e+10,2.530649761286191940e+10,2.128278534549427032e+10,2.598602912958274078e+10,2.084413580584234619e+10,2.752613565303605270e+10,1.840865236225386047e+10,2.640349747373690796e+10,1.852197211460482788e+10,3.292586155168778229e+10,2.279435343140221405e+10,2.330577852157939148e+10,2.734250329061322784e+10,1.722240155415639877e+10,2.124919969140449142e+10,1.920181155782854080e+10,2.128491283632600784e+10,1.958909991573813629e+10,2.012141766519901276e+10,2.379745389464664078e+10,2.487616179136352158e+10,1.807212923261547470e+10,2.604687235137322235e+10,1.906540647441439056e+10,2.267264842383729172e+10,2.029390862826391983e+10,3.646289627239268494e+10,1.976360734021369553e+10,2.235356354776354218e+10,1.788332112266219330e+10,1.930537478254728317e+10
2.041098589189491653e+10,2.716471916861482239e+10,1.815118406928581238e+10,2.365783799181966019e+10,2.206187813696272278e+10,2.406525496979505157e+10,2.604339629810082245e+10,2.947077531050631714e+10,1.899910138218462372e+10,1.683076475320289803e+10,2.482324138067891312e+10,1.699497592085443687e+10,1.895215180864864731e+10,1.836807987368688965e+10,2.467940552128520966e+10,1.924938819410822296e+10,1.781849268975693130e+10,2.068895817257196426e+10,2.359846961898405457e+10,2.582863092665106201e+10,2.217786788671302032e+10,2.229864725554124069e+10,2.335413102003647614e+10,1.916179209536135101e+10,2.519887467496248627e+10,2.337694156556678009e+10,2.281388925806917953e+10,2.287508550486946106e+10,2.648451082164500046e+10,2.155869013420777512e+10,1.754650630446933365e+10,2.326365071135553360e+10,2.833530149143372726e+10,3.244582588320851517e+10,2.053896778109000397e+10,2.418903113311531448e+10,2.011544423682738495e+10,2.283927659311689758e+10,2.439539807165454865e+10,2.127911738855514908e+10,1.620831570570380592e+10,2.005939292427106094e+10,2.732999804700527954e+10,2.590140700383796692e+10,2.952137199956290817e+10,1.972150803279203415e+10,2.376083719988607025e+10,2.569115275290132904e+10,1.979719169930086517e+10,2.696712002825513458e+10,2.520637301832559586e+10,2.749918079004663086e+10,2.770799095331031036e+10,2.025907514489756775e+10,2.293301758528839874e+10,2.579303700177545929e+10,1.949476508560674667e+10,2.038461418959192657e+10,3.031861966677378464e+10,1.946377866309570694e+10,2.007551137833516693e+10,2.300669536511918640e+10,2.983683367953991699e+10,2.996699327187852859e+10,2.359022079788611984e+10,2.494091909861437607e+10,2.469871919159373093e+10,2.356713178203393173e+10,2.849924963192140198e+10,2.120677960827511978e+10,1.904157679251362991e+10,2.263190078115954208e+10,2.546432528832668304e+10,2.149018701319461823e+10,2.594211094467465591e+10,1.663748426245565796e+10,1.699225089743778038e+10,2.417366460303870392e+10,1.878369050251717758e+10,2.741323977198426056e+10,1.626669675797404480e+10,2.039401876434964371e+10,2.546166434402381134e+10,1.622405324526340103e+10,2.216963853705453491e+10,2.473466750890532303e+10,2.012069479449842834e+10,2.233576220529494476e+10,2.296086688767564011e+10,1.746182917647724533e+10,1.827738089295697403e+10,1.978327377368438339e+10,2.230657814535472488e+10,2.239685509800987625e+10,2.342662807341177368e+10,1.999418939640238953e+10,2.103277294347673798e+10,1.698094401924919128e+10,2.034396564988227844e+10,2.431933104093165970e+10
1.907932208033720398e+10,1.600141390663492966e+10,2.770782211031790924e+10,2.047598268881379318e+10,2.631917050259043503e+10,2.946856281509820557e+10,1.683784115207745743e+10,2.054121044775879288e+10,1.762202573858234787e+10,1.839600369671346283e+10,2.184974687270592117e+10,1.944511686031716537e+10,1.945941858252767944e+10,1.755554530572486877e+10,2.082871815508159256e+10,1.770369305959177780e+10,1.861862263820308685e+10,2.089750249272153091e+10,2.882512487458902740e+10,2.321821643675538254e+10,2.713706349843916321e+10,1.643593416354012489e+10,2.526310225237668610e+10,2.466086179195851135e+10,1.719364501856405258e+10,2.143772031640740967e+10,2.494790050144043350e+10,2.313719406878168106e+10,2.054389570811293411e+10,2.085164003202644730e+10,2.338044197223357391e+10,1.889820785986813736e+10,3.235625942386422348e+10,2.431037915243016815e+10,2.277144349600802994e+10,2.713893273272913361e+10,1.629983927234424400e+10,3.080895042180716705e+10,1.654374957572555923e+10,1.742975754075635529e+10,2.577328784780263138e+10,2.507459545420615005e+10,2.632929878672652435e+10,2.291022777245966339e+10,2.294571603734542847e+10,2.842673841898336411e+10,3.110174772349391174e+10,2.268938684876185608e+10,2.513234025937485504e+10,2.232687800194638062e+10,2.250191981831637573e+10,2.032339056489427948e+10,2.265604486504176331e+10,2.801464596761174774e+10,2.333295412990452576e+10,3.384800345846210480e+10,2.365014687423324966e+10,2.153132989883186340e+10,2.205808536794697952e+10,1.961501931286135483e+10,1.763418406639319992e+10,2.491559991518296051e+10,2.164925401203086853e+10,2.195433842125088501e+10,2.063683743894520187e+10,2.619764053094111633e+10,1.967971572751020432e+10,2.882119544318592453e+10,2.481303988024325562e+10,1.937935089222230530e+10,2.101737394118682098e+10,2.615210646173612976e+10,2.578653534257214355e+10,2.348308798719826508e+10,2.414090507434112549e+10,2.097759142580792999e+10,1.800330052085313416e+10,2.091259604270794678e+10,1.877229338262059402e+10,1.962330718789929962e+10,2.158565786402400589e+10,2.544914028564536285e+10,2.286131903400509262e+10,2.278743806053069305e+10,2.581001864924751282e+10,2.653334577264031219e+10,1.752905077572122955e+10,2.050649083153992462e+10,2.900277996475917816e+10,2.039695041322956085e+10,2.439062537745629120e+10,2.298030062335715866e+10,2.274515119569345093e+10,1.803297638909792328e+10,2.418531319182318115e+10,2.810441000910709000e+10,2.103611835996481705e+10,2.252253101381561279e+10,1.416851467285378647e+10,1.798462281835556030e+10
1.611162082225557709e+10,1.600751873346382332e+10,1.988077264947855377e+10,2.968228413999404526e+10,2.113249493974751663e+10,2.246672593982170105e+10,2.153779880763969040e+10,2.139200478362207031e+10,1.942362671402233505e+10,3.062476763626066208e+10,3.189188827389377975e+10,2.299944411475624084e+10,1.811390563507412338e+10,1.967614718685778427e+10,2.174176743834131622e+10,1.877358688515276718e+10,1.776734665217368698e+10,1.950825875670145035e+10,2.106474893018808746e+10,2.417490732863533401e+10,1.700312843854782867e+10,2.457192190617074966e+10,2.624158264281797791e+10,2.517502460418310547e+10,1.794551825235170364e+10,2.231442454335097885e+10,2.064912855664133072e+10,2.555569395787165833e+10,2.257284990213984680e+10,2.305233849719947052e+10,2.249960398591599655e+10,2.688610609954208755e+10,2.558062180533380508e+10,1.952001223936686325e+10,2.446749247936917877e+10,1.864918150451228333e+10,1.973438727622006226e+10,1.579109656563191795e+10,3.972974577445269012e+10,1.685057490673093796e+10,2.335743293988249207e+10,2.513476336424342346e+10,2.211073122236656570e+10,2.069469367315102005e+10,2.019096616967673874e+10,1.934911088737157059e+10,2.596988341631817627e+10,2.930992818400134277e+10,2.814590922514068222e+10,1.991385981183309174e+10,2.429810054718386078e+10,2.078104698442021179e+10,2.714191787521052170e+10,3.008582339889417267e+10,1.738506554882959747e+10,3.044451833794851685e+10,3.048669189673155975e+10,1.664855927936152458e+10,2.782264865731042099e+10,2.006794511011398697e+10,2.702698060912623978e+10,1.779977855382471848e+10,1.934698516285554504e+10,2.653360195580798721e+10,2.512783101296340942e+10,1.789677023395521545e+10,2.256441625876742172e+10,2.168708415930225754e+10,2.231925438037656403e+10,2.636906654738862991e+10,1.906911692777372742e+10,2.068940311632001495e+10,1.887044784635008621e+10,2.688949783324922180e+10,1.715980361747621536e+10,2.284674567804160690e+10,1.835552498099789429e+10,2.016602194852021027e+10,1.769084026518770599e+10,2.263639782098808670e+10,2.291748389808368683e+10,2.654864974468984604e+10,1.818921841981741714e+10,2.085732332470044327e+10,1.961096184012215042e+10,1.871575558288916016e+10,3.053166705454702759e+10,2.076381500078013229e+10,1.778369348362305069e+10,2.843451316342016602e+10,2.220203680621837616e+10,2.272863428372786331e+10,2.114283154632275391e+10,1.902082332216715622e+10,1.848842306366477203e+10,1.734803019663022995e+10,2.988326067134155273e+10,1.856760791418043137e+10,2.005164434432714081e+10,1.616163676885991096e+10
2.214809165352084732e+10,2.026984451073194122e+10,2.045213308156396484e+10,2.831826505433563995e+10,1.727478752470915222e+10,2.322538863971018600e+10,2.555417329961421204e+10,2.149856749556212234e+10,2.488457423164373398e+10,2.139174041175402069e+10,1.752313087831695557e+10,1.867114495339445877e+10,2.313112216014052582e+10,2.368908436062281799e+10,2.282433837504118729e+10,1.941337453846600342e+10,1.899797748702860641e+10,2.996283045698751450e+10,3.367741491165284348e+10,1.953153538749250031e+10,2.045114432505984497e+10,2.549397430037817764e+10,1.942656740085269547e+10,2.309442135026297379e+10,1.770457154779468155e+10,2.261468577831707764e+10,1.954648908659350967e+10,2.353792195859526062e+10,1.600355241344350624e+10,2.624906404627597427e+10,2.211764460115281296e+10,1.698433652582233810e+10,1.927818081299850464e+10,1.654299907652782822e+10,2.161356065434108734e+10,2.213406119954758835e+10,2.292260028722269821e+10,2.771485146343413162e+10,1.946111156851503754e+10,1.777791804105615234e+10,2.788827903407107544e+10,1.910298159440359879e+10,2.488636262773641968e+10,2.874243358566285706e+10,1.888307144479635239e+10,2.223493678083443832e+10,1.778204403634311295e+10,2.337420689539721680e+10,2.632153451872244644e+10,2.580803036156205750e+10,2.730854765625330734e+10,2.331043428736762238e+10,2.029947434663085175e+10,1.970960254680242157e+10,2.264913937910759354e+10,2.150853679794700241e+10,2.765782994072385025e+10,2.632764822437147141e+10,2.628193055444347382e+10,1.914048949824345016e+10,1.757242018738920593e+10,2.357663001322939682e+10,2.434474112901733780e+10,2.235305072388315582e+10,2.435439773915188599e+10,2.563051743934404755e+10,1.810890493221821976e+10,3.418195773867111588e+10,2.053418838577175140e+10,2.218567000353646088e+10,2.095324751244006729e+10,2.230897322982054520e+10,1.805601505470281601e+10,2.571507178654146957e+10,2.113972869462285614e+10,2.231769875877042770e+10,2.842247656059091949e+10,2.326427487452848053e+10,1.955842921093951797e+10,2.066516009598353958e+10,1.993584788232613373e+10,2.144927314673678970e+10,1.792811833094765091e+10,2.137578108037842178e+10,1.757019766886645126e+10,2.343980055291218185e+10,1.857071148457309723e+10,2.137034527892887497e+10,1.886241481579486084e+10,1.740183930522067261e+10,2.881733718402684402e+10,2.027210926010760880e+10,1.763282060576109695e+10,2.407531624113320160e+10,2.162791982705179596e+10,1.728332864172221756e+10,1.776669575179316330e+10,1.969887374934197235e+10,1.589608204314634132e+10,2.283930781528363800e+10
1.923502868472566986e+10,2.936180575842601013e+10,2.338161899498549652e+10,2.203816418908508301e+10,2.067434573605234909e+10,2.536934374174439621e+10,1.648930351321037102e+10,2.438370499638527298e+10,2.063316492443419266e+10,1.717238677989022064e+10,2.355333562381965637e+10,1.821876400583822632e+10,2.148120384859687042e+10,1.894576467163617325e+10,1.940188914714465332e+10,1.797753944046740341e+10,1.928934654193511200e+10,1.887863917810807800e+10,3.926321528168296051e+10,2.158314706052517319e+10,2.879750292931572342e+10,2.715334543070233536e+10,2.455028649131999588e+10,1.731839891261399841e+10,3.202207048220128632e+10,1.462999887905962753e+10,1.791581960010942841e+10,1.963438117420839691e+10,1.993433220505931473e+10,1.871458828889873886e+10,1.940846308109929657e+10,1.825799602586924362e+10,2.369019419481061935e+10,1.958526919514558411e+10,2.762797406326784134e+10,2.093167650697730255e+10,1.931490482280208206e+10,2.285368674879040146e+10,2.515818731077899933e+10,2.019971173540979004e+10,2.355937350356753159e+10,2.117581690619760132e+10,2.224217262700827026e+10,1.920636773535073471e+10,3.242755438870128632e+10,2.573946051463510895e+10,2.708014604875389481e+10,2.183767628685957336e+10,2.818828416725330353e+10,2.504765818856027985e+10,2.609703881314413071e+10,3.501133811923098755e+10,2.238920388435867691e+10,3.133658810439618683e+10,2.123657246893474197e+10,2.771809355785845947e+10,2.190383606290744019e+10,2.301751332946727371e+10,2.023743273608335114e+10,1.833238929624682999e+10,2.631403321573333359e+10,2.700683108068486404e+10,2.113520403507015228e+10,1.707792306858469391e+10,2.890252422144478226e+10,1.934623765119794083e+10,2.329374235052594376e+10,2.660379454840571594e+10,1.924558452887234879e+10,2.229136517739054871e+10,2.152164296345564651e+10,1.886558537949761200e+10,1.666652073862415123e+10,2.133247569468759918e+10,2.124924538112412262e+10,1.946803147516157913e+10,2.442835681291755295e+10,1.953524394196201706e+10,2.413383612073312378e+10,2.111230132688663483e+10,1.868468341113272476e+10,1.887205588748130798e+10,1.838620531390876007e+10,1.590398214908654404e+10,1.878167256025956345e+10,2.296053610441666412e+10,2.134592843497118759e+10,2.003620388461345673e+10,2.071888410927373505e+10,2.387929634509606552e+10,1.910077711567926788e+10,2.178297911595153427e+10,3.162902328537446976e+10,1.611060004334443283e+10,1.599931188889091682e+10,1.906600754767052460e+10,1.583530424469170380e+10,1.772538072206971359e+10,2.511586235358708572e+10,2.804018247312514496e+10
1.472567860963428879e+10,1.857847810818170166e+10,1.882311379373632812e+10,2.527898336101477814e+10,1.949078475336233521e+10,2.199605931081895065e+10,1.508786434870148087e+10,2.793675096698242569e+10,1.598619821092497063e+10,2.150640279900656128e+10,1.866757788440105438e+10,1.826685197593732071e+10,1.859835243448885345e+10,1.800737512233368683e+10,1.991161704683280563e+10,1.638318246685697746e+10,1.682302878509988785e+10,1.913921901210154343e+10,2.008083521400682068e+10,1.790142313790672302e+10,3.242304558233650589e+10,2.282224468891574860e+10,2.091517431899519348e+10,1.929594660449897766e+10,2.187179679692234039e+10,2.490888378729710770e+10,2.849340289438359070e+10,1.826793592902142334e+10,1.503736386773599052e+10,2.485697973406867981e+10,1.771173839800840759e+10,3.219314490700811386e+10,2.027383209857088852e+10,1.864048722320561218e+10,2.378427132405347824e+10,1.991810772455672836e+10,2.519651290543959427e+10,2.157916709294058609e+10,1.773627672038091660e+10,2.593931822189693069e+10,3.004643534303589630e+10,2.173470221963610077e+10,2.017023400323220444e+10,2.239724461325350571e+10,3.194647523598728180e+10,1.971443398675477982e+10,2.628739580742322540e+10,2.599754657866987991e+10,2.290832073667076111e+10,2.931541221006348801e+10,2.089606911654360962e+10,2.628285034083858490e+10,2.740388513305828857e+10,2.168128204334187698e+10,2.657375625804728699e+10,2.887071263428416061e+10,2.320722097127056122e+10,2.210474389579163361e+10,2.547415161402267838e+10,2.869677718792766953e+10,2.282107428313290787e+10,2.043983433485082626e+10,2.646731490572860336e+10,2.202087513201546478e+10,2.801636970389208984e+10,1.847870360126695251e+10,1.887465669520906448e+10,2.033552784687842560e+10,2.715525168508571243e+10,1.830095022698654938e+10,2.032421420101557159e+10,1.899380324271269226e+10,2.829433630002944565e+10,3.052539734797019577e+10,2.177340511722135544e+10,2.293372420334281540e+10,2.063291596876714325e+10,2.142735716382217026e+10,2.641141656877853012e+10,2.151609991575930023e+10,1.817865786330067825e+10,2.996188582987801361e+10,1.938973346130118942e+10,1.942227869699348068e+10,2.493506678365309906e+10,2.468910976129434586e+10,2.524598061840576172e+10,1.598578589571975899e+10,2.336214092847138214e+10,2.465888987073188400e+10,1.703188798120298767e+10,1.645436490062999725e+10,2.065301459651307297e+10,1.801803534984029770e+10,2.203685235044209290e+10,2.031601490555831909e+10,2.496733491830951309e+10,2.167125987336359787e+10,2.006444586924900436e+10,2.029988843732086563e+10
2.064651525286956406e+10,1.654859306057380486e+10,2.795233657435831451e+10,2.023307351568995667e+10,2.344175845350347900e+10,1.721369877047512054e+10,2.048155635506345367e+10,1.955613546671231079e+10,1.859890070344638443e+10,1.772519092857035065e+10,2.092433331097028732e+10,2.384091171039992905e+10,1.950132319418581390e+10,2.514119587666554642e+10,2.035538646036634064e+10,2.698430593987868500e+10,2.146770561503760910e+10,2.164349155870716858e+10,2.338297634100438690e+10,2.707386402175458908e+10,2.312793372934404755e+10,1.793220990323529434e+10,1.795270778646372604e+10,1.969219938245170975e+10,2.296521957883723068e+10,2.014964502226044083e+10,3.438902900241156769e+10,2.078487608094444656e+10,2.961951672584993362e+10,1.779026157298763275e+10,1.877479031136080551e+10,1.936311674385673523e+10,2.194377667666758728e+10,1.906250916526890182e+10,2.263071528866116333e+10,2.099963010771119308e+10,2.090065433644746017e+10,3.921379937422924805e+10,2.065990363092187881e+10,2.418087609346486664e+10,2.871921618928199387e+10,2.838396116085992432e+10,2.023021410802226639e+10,3.372034573365432358e+10,2.367571978196158218e+10,3.308781927338891602e+10,1.825996057028068924e+10,2.379528765184227753e+10,2.059641179826924133e+10,2.347369794528932953e+10,2.081100287167861176e+10,3.042384152617844009e+10,1.861442264960690308e+10,2.016078089268133163e+10,3.204126574576920319e+10,2.298747387801677322e+10,2.494578603187693405e+10,1.955185712609563828e+10,1.715567367684924889e+10,1.690685325911128998e+10,2.537991508473598862e+10,1.600043373381597137e+10,1.782105428360983276e+10,2.014955854213058090e+10,1.879605215381064224e+10,2.914848803877408981e+10,1.906208267187431335e+10,2.067447222611841965e+10,1.937217387156269836e+10,1.813295289633815765e+10,2.373768266873748779e+10,2.166151872386702347e+10,2.250598277412795258e+10,2.215830907397166061e+10,2.262501529383414841e+10,2.107208259684337234e+10,1.997143405128386688e+10,2.875461183609829330e+10,3.369359376393512344e+10,1.742963301661631393e+10,4.958144870054058838e+10,3.399607558264872360e+10,2.416055632577304459e+10,1.805921869477252960e+10,1.708258616854319954e+10,2.262554962393177032e+10,2.595739267540970993e+10,3.158944652364261246e+10,2.036014430903604889e+10,1.843579101317119217e+10,1.701461352054526901e+10,2.211963155380044174e+10,2.051682371726520920e+10,1.769742054977943802e+10,2.503745390272188187e+10,2.300019194529181671e+10,2.356477725077228165e+10,1.905644899363519287e+10,2.601444753781061172e+10,1.852076525586030197e+10
2.665220624292325211e+10,2.497809735840640259e+10,1.591521008266276550e+10,2.340990609499228287e+10,1.827700177498542404e+10,1.935285002769710922e+10,2.366297876868742371e+10,3.066061451586257553e+10,2.370879380608092117e+10,2.112294197150100327e+10,2.006516249408561707e+10,2.256270744638196564e+10,2.042848365465272903e+10,1.784533769537141800e+10,1.560121490571606445e+10,1.826414409216469193e+10,1.942063281900135803e+10,1.851431541568721008e+10,3.323536677860130692e+10,2.373213768447353745e+10,2.030216035588865662e+10,1.822018625751765442e+10,2.051471403017911148e+10,2.296708111215059280e+10,1.833959559826642227e+10,1.869986351421168900e+10,2.011192630421089172e+10,1.927441374462840652e+10,2.810546708588344193e+10,2.256545170840696716e+10,1.728580680480738068e+10,1.858779088102798843e+10,2.017332590943340683e+10,2.911481626365518951e+10,2.156964539795638657e+10,1.860428404201726151e+10,2.866502168062316513e+10,2.014348680868614578e+10,2.473820248056453705e+10,2.568361605354953766e+10,2.039251513198717880e+10,2.075957427388706970e+10,3.050651628381147766e+10,2.387956043138162231e+10,2.767861496413059616e+10,2.255630917456358337e+10,2.201287067280136871e+10,1.983661697827634048e+10,2.276056602177749252e+10,2.674011289603668213e+10,2.255193178788215637e+10,2.292374778703256607e+10,2.168975001110531998e+10,1.794274653695551682e+10,1.998294643000529861e+10,2.749809409954869843e+10,2.601284222024308395e+10,2.462317020819813538e+10,3.176972985959019089e+10,1.923979658282729721e+10,1.552467463115484428e+10,1.842639450162619400e+10,1.886374712734098434e+10,2.275972084125555038e+10,2.316772530867272186e+10,2.205304733834357834e+10,2.258574953826991272e+10,2.266616219074129105e+10,2.606960141227358627e+10,2.196636936195298386e+10,2.141436116618590546e+10,2.664425355899641800e+10,1.999866482121346283e+10,1.835213252641033936e+10,1.712183325285628128e+10,2.252789691060613251e+10,2.651937535289096069e+10,1.901713983226913834e+10,1.818075447982051849e+10,2.339771851929147339e+10,2.379653061195292664e+10,2.725726442702458572e+10,1.902539799912858582e+10,2.543073079004327393e+10,2.115449226051379776e+10,1.928399481011975479e+10,1.768362453328362274e+10,2.684671896173874283e+10,2.530337150431680298e+10,1.734964535182990646e+10,2.043987888148157883e+10,2.240835648979708862e+10,2.285866672580149841e+10,3.338308629151307297e+10,1.908197071554640961e+10,2.805159803016064835e+10,2.507748520262013245e+10,2.573297382113230515e+10,1.805761266810200882e+10,2.298569968544644165e+10
2.415121452371312332e+10,1.848821503917328644e+10,1.821378193708223724e+10,2.103074753418633652e+10,1.824088894942048645e+10,1.937393123781329727e+10,2.751338757587517929e+10,1.835646214905064774e+10,2.565250520537287521e+10,2.309609121096626282e+10,2.113657523398678207e+10,2.184317524409011078e+10,1.852808384478633118e+10,2.743797678067718506e+10,1.981310083293331909e+10,1.748870887254840088e+10,1.835853278632401657e+10,2.474949051367547989e+10,1.907477531484166718e+10,2.111021468321875000e+10,3.983642327563284302e+10,2.160145005979088593e+10,1.954788411915256119e+10,2.487877502626016617e+10,2.521336419463451004e+10,1.686089812333977509e+10,1.993661455303485870e+10,2.209488924033961105e+10,1.834068662578379822e+10,2.241742131941240692e+10,2.204025020369324493e+10,2.261004881365814972e+10,2.067861249171590805e+10,2.354320352093619919e+10,1.734711547615924072e+10,2.169698559618487549e+10,2.524125764357683182e+10,2.101156098907468796e+10,1.985593813099468613e+10,2.274532096985412216e+10,2.930495942997525406e+10,2.712021829488389587e+10,1.688451331178570938e+10,2.318195353233980560e+10,1.894622067707073593e+10,2.251586524676807404e+10,1.783085318866325760e+10,2.265375471227898788e+10,2.567776999848849487e+10,1.617938789501243019e+10,2.167774622850003052e+10,2.084951648175970459e+10,2.142066660008427811e+10,1.708227959796897316e+10,2.724943067868963242e+10,1.643357987517811775e+10,2.390950283113609695e+10,2.523152643840014648e+10,2.177736464558452988e+10,2.414062369214623642e+10,2.679701292571441269e+10,1.953503621517047119e+10,1.538206249794442940e+10,2.276337648076941299e+10,2.418103965652820969e+10,2.284833601934479904e+10,2.607086367689980316e+10,1.835402681049075699e+10,2.216362236669211578e+10,2.442555392585925293e+10,3.322977903056426239e+10,1.906444676665007782e+10,2.188424614008238602e+10,1.889776285128034210e+10,1.983320020343227386e+10,1.848326609830184555e+10,1.995070938064515305e+10,2.005271002002289963e+10,2.773077567669664383e+10,2.043653462961398697e+10,1.771946264584502411e+10,2.739374331347156143e+10,2.371962908325434494e+10,1.982316994694454575e+10,1.664315815370274544e+10,1.731118763889694595e+10,2.663739793203403473e+10,2.092250776406462479e+10,2.115201428643713379e+10,2.708382726918242645e+10,2.009826730884145355e+10,1.761204946654536057e+10,1.657045063497472000e+10,2.998245607948794556e+10,2.359857687474942017e+10,1.720496713380916977e+10,1.926878860086812973e+10,2.515094981317004776e+10,1.680128119537961578e+10,1.950714219525278854e+10
2.021588413788260651e+10,1.933446492393984985e+10,1.894917793427772141e+10,1.667485434877252960e+10,1.776164345542072296e+10,2.130602859334586716e+10,2.286256387180839157e+10,2.298760809852069092e+10,1.996923638485092163e+10,1.928338969805037308e+10,1.933371156421669006e+10,2.336462630994570160e+10,2.205716916416871643e+10,2.039331978841471863e+10,2.054788812332671738e+10,3.361735661557451248e+10,2.005606553401425171e+10,1.657670218787345123e+10,2.336633041706196213e+10,2.035045697826137924e+10,4.094431944144978333e+10,1.938509109135619736e+10,2.713903251820012283e+10,2.309213940789471436e+10,1.693344570446282005e+10,1.575687404709422874e+10,1.802361829378114700e+10,2.060543099958940887e+10,1.950263868936038208e+10,1.843934924562336349e+10,2.175090953265122223e+10,1.852712356322795486e+10,2.236582601453187180e+10,2.465326201320539093e+10,2.550737482656581879e+10,2.075494908074617767e+10,2.241403685476377869e+10,2.163299757066434860e+10,2.364734442341551590e+10,2.257862794881440735e+10,1.913357089676366425e+10,1.707082493976345634e+10,2.298518403205380630e+10,1.878248474217160797e+10,2.098080580233177567e+10,2.718995211560592651e+10,2.171780465193716431e+10,1.985851030214683914e+10,2.336522543392258835e+10,2.093412383029356766e+10,1.852237210736485672e+10,2.880301263208509445e+10,3.262523537423039246e+10,2.197554244790031052e+10,2.050486910422937775e+10,1.713624408284451294e+10,1.988231059441432190e+10,2.695849942904776382e+10,1.987586737712294388e+10,2.425737833445786667e+10,2.449197402950082779e+10,3.382961199667943573e+10,2.399858103772972488e+10,2.563701500151140213e+10,2.630956553456887817e+10,1.918951251667594528e+10,2.125733314237435913e+10,1.811033985802145767e+10,2.000641430096251297e+10,2.337613370847367477e+10,2.703414007258038712e+10,3.276316161870073700e+10,3.107444827345969009e+10,1.770585196713169479e+10,3.209301508178720093e+10,2.287716639557860565e+10,2.247906976235700989e+10,1.563332913470404053e+10,1.746774007765288544e+10,1.912076396553053665e+10,1.787920829641513062e+10,2.465891149464722443e+10,1.914735888445804977e+10,1.979006700216740036e+10,2.219234516731563187e+10,2.536506786700954819e+10,3.826599421967192078e+10,2.233394288585112381e+10,2.442550510814202881e+10,2.497799462947708130e+10,1.856047966290551758e+10,2.015296030572120667e+10,1.704025119019387054e+10,1.805966629880938339e+10,1.893312538811257553e+10,1.671998721942198372e+10,2.209781819078113937e+10,2.117278947607596588e+10,2.682402984307115936e+10,2.183544665144549561e+10
2.068319164338558578e+10,1.677655470496554565e+10,1.394848213713652992e+10,1.921704336510354996e+10,1.636318280595679092e+10,1.844218649683349991e+10,1.892085747827879333e+10,2.183285199528403091e+10,1.839243580027223206e+10,2.680397826029174423e+10,2.287031225159697723e+10,1.951086261851875305e+10,2.166136684770555878e+10,2.531231485881356430e+10,1.966126083225037384e+10,2.022859811717631149e+10,2.046141062009637070e+10,2.162307540552288818e+10,2.113588220324752045e+10,2.674485751945758438e+10,2.069994653768244171e+10,3.201370264800045395e+10,2.652228040478554535e+10,2.126289033563520813e+10,2.048282892881735611e+10,2.966424985611877060e+10,2.123168625201884842e+10,2.451985386563024902e+10,2.217538677771029663e+10,1.900295963047211456e+10,2.313019177955857849e+10,2.218895112333565521e+10,2.816122735961533737e+10,2.480193053515796280e+10,2.125352827937609482e+10,1.661874500682158279e+10,1.862239452538713074e+10,2.368718179625868225e+10,1.667966097081686020e+10,2.259746911735471725e+10,2.358455052413888550e+10,2.480204434624489975e+10,2.142200395280701447e+10,2.570820836447888184e+10,2.218009524592873764e+10,1.788966568659617233e+10,1.742696973227659988e+10,2.136790670474580765e+10,1.750342182599656677e+10,1.970662260442024231e+10,2.436925745276646423e+10,1.950647209394039154e+10,2.165288130676892090e+10,3.041713449722233963e+10,2.006856718568349075e+10,2.187180820453957748e+10,3.254304745586923599e+10,2.487036252619710922e+10,1.663591297599710655e+10,2.379634146923567963e+10,3.084982518779051590e+10,2.180137649151620483e+10,1.667172198763953018e+10,2.180999768933348846e+10,1.791098485200957489e+10,2.217805458905621338e+10,2.266162884661944199e+10,2.128728671876448441e+10,2.208301984055833817e+10,2.228153059551491928e+10,2.561253102965860367e+10,3.031657224714211655e+10,2.105553669583810043e+10,2.188835269485536957e+10,2.087939515990541840e+10,2.839963116203979874e+10,2.202392972010268784e+10,2.007279540640885544e+10,3.029496678279329300e+10,3.004030695353206253e+10,2.506625605638634872e+10,1.811307596457052994e+10,2.261084271793219376e+10,2.538945073933638382e+10,2.092702410976789474e+10,1.900901572675556946e+10,2.909068330657363510e+10,1.744280023897551727e+10,2.164204058215823746e+10,1.672449405864659691e+10,1.960962617709592438e+10,2.348856578444785690e+10,2.961637627809012222e+10,2.222931531844429398e+10,2.215037379249133682e+10,2.170372992846327209e+10,2.789614011707836151e+10,2.312302117845588684e+10,1.573736855834341049e+10,1.567434093497936440e+10
