2.162914205728176117e+10,1.926467567100856781e+10,1.946592560880297470e+10,1.588292786385556221e+10,1.517569391884243774e+10,1.760022417542348480e+10,1.674875296837712479e+10,1.428082622062411690e+10,1.638869244873390007e+10,2.387792311749310303e+10,1.737296528505550385e+10,2.397684456841424179e+10,1.895797848326148224e+10,1.757078480112845993e+10,2.764807454765977478e+10,1.834585455972936249e+10,1.938031464890248108e+10,2.361717624146547318e+10,3.511735221372829437e+10,2.443557319067726517e+10,2.813845471475686646e+10,2.148982792483456421e+10,2.359728496711942673e+10,2.478391303980812454e+10,2.905782053287109756e+10,1.976021336230308533e+10,2.123454883020989227e+10,2.808769981187555695e+10,2.206586783455643845e+10,2.508906398901227188e+10,2.143785565804962540e+10,2.029396826039243317e+10,2.271020942431258011e+10,2.644286149386535645e+10,2.719829926047761154e+10,2.334181384554067993e+10,2.838019265798460388e+10,1.670936577486873817e+10,1.947471176787645721e+10,2.109554101592255783e+10,1.747555672042338943e+10,2.197151332895547104e+10,2.283498592195576477e+10,1.912489911591109467e+10,1.961080622169356918e+10,2.183911677064820099e+10,1.827297536863649368e+10,2.281403237001280212e+10,2.157413325763516998e+10,2.196210990056975555e+10,1.983642093257236099e+10,2.566869400447362900e+10,1.778675271282656479e+10,2.286734236097999191e+10,1.645367771471593285e+10,1.826584339163191223e+10,2.559875062710496902e+10,2.827243595230674744e+10,1.653687540708903122e+10,1.858231049877099609e+10,1.867440009313457108e+10,2.125800600222299194e+10,1.865159469845375443e+10,1.919501985615898895e+10,1.938755399369568253e+10,2.143179996938865280e+10,2.453844052141680145e+10,2.478983831808840179e+10,1.831759714022472000e+10,1.966244373224579239e+10,1.680048676857114601e+10,2.617516292375682831e+10,2.544200969928178787e+10,2.562185704140534210e+10,1.959346782036963272e+10,2.221976814010956573e+10,2.887510161013502502e+10,2.486986410758835602e+10,2.431600738583060074e+10,2.069951490163395691e+10,2.109266960991439056e+10,2.490588307522467422e+10,2.204293232844275665e+10,3.308074890276414108e+10,1.855810608043429565e+10,2.010418260870732117e+10,2.072273291810635376e+10,1.834197380431369019e+10,2.109464437042683792e+10,1.800848275296943665e+10,1.737376119630435181e+10,2.015569468210108185e+10,2.043903553103800583e+10,2.347841010160822296e+10,2.471406485630496597e+10,2.072082286053778076e+10,2.125552320031955719e+10,1.458122014307642174e+10,2.439098667967093277e+10,1.956259376369030762e+10
1.770650494896691132e+10,1.806590387226077271e+10,1.563195004005834198e+10,1.841758668885770798e+10,2.054570614024769211e+10,1.866957879022917557e+10,1.689349552709328651e+10,2.163597041844298935e+10,1.932578149002610779e+10,2.643603868303198242e+10,1.726912697560843277e+10,2.745819495188790131e+10,2.266351886745730972e+10,2.123077646973969269e+10,2.022710702508662033e+10,2.070774382291672897e+10,2.215319771744070053e+10,2.494495476450576019e+10,1.780572201642718124e+10,1.951441633702646637e+10,2.083111461840166473e+10,1.701731851564639091e+10,1.916229253840490723e+10,1.715041929491816521e+10,3.421882216468838882e+10,1.939697604515351868e+10,1.774658995865662766e+10,2.200651167006051254e+10,1.788620256549772644e+10,1.872625267506956863e+10,2.146911858632986450e+10,2.148365313379136658e+10,2.352484543610718155e+10,1.610713716755353165e+10,2.201352377741951370e+10,2.137877856684458542e+10,1.959240918132235718e+10,2.398367793294504929e+10,2.261299381513906479e+10,1.447624307118088341e+10,4.262511942832256317e+10,1.782299094838904572e+10,1.751959775178810120e+10,1.866638274615707779e+10,1.823909400583486557e+10,2.094961334086552811e+10,1.922394896767395401e+10,1.994317960296989059e+10,2.069214523671173096e+10,2.637308442547306061e+10,1.995267929786520767e+10,2.084175704655193710e+10,2.307132568364921570e+10,1.874343878515731812e+10,1.910896479368905258e+10,2.249050948797750854e+10,1.760117853940924454e+10,1.878829092771757126e+10,2.073406680032846069e+10,1.761338296703905106e+10,1.719734273176677322e+10,2.087677213468853378e+10,2.631503383753353882e+10,3.186203148288973999e+10,2.316954538132458496e+10,2.456735835989198303e+10,1.664599052664376259e+10,2.265447627143352127e+10,2.276840522445430756e+10,1.799254085759623718e+10,1.962738131470759583e+10,2.463601888386206436e+10,1.766556872250553131e+10,2.072640496081644821e+10,2.150516560001493835e+10,2.091417667162287903e+10,2.285924176343192673e+10,1.851230433260038757e+10,2.323962740328673935e+10,2.610246063994903564e+10,1.978224289201015854e+10,2.753155689248422241e+10,2.474447517684484482e+10,2.592758230205203247e+10,2.121745493079274750e+10,2.634290064038465881e+10,2.174628273389762115e+10,2.091207769724062729e+10,1.732328972674237442e+10,1.966431450469972229e+10,1.808758601456802368e+10,1.927500418699689484e+10,1.913275027687985992e+10,1.664347925748932457e+10,3.806676247660354614e+10,2.560504778769345856e+10,1.854824644139680481e+10,2.108036190568053818e+10,1.660002285246528053e+10,2.012069126085480118e+10
1.504457276789665413e+10,2.093548762404006195e+10,2.440753885081743622e+10,1.956440495332954025e+10,2.508766290943679810e+10,2.263549188724426651e+10,2.353156219098605728e+10,2.062631644982804108e+10,1.850011376781233215e+10,2.730489478854722595e+10,2.323063097004939651e+10,2.500226574742080688e+10,2.106574650783998489e+10,2.305983634202673721e+10,1.903906149762819290e+10,2.125147601051977921e+10,2.131331326618247604e+10,2.313020899848926544e+10,1.936416026383430481e+10,1.811185498295710373e+10,2.551684290769071579e+10,1.589222714131696892e+10,1.776708419405215836e+10,2.854682929778860092e+10,2.470252247878173065e+10,1.880279355989656448e+10,2.450083408035330582e+10,2.694643973413914108e+10,2.040313822429594803e+10,1.529812766590581131e+10,1.739658717651316452e+10,1.661248070729956245e+10,1.981207083633671570e+10,2.972207417965748596e+10,2.122155063369084167e+10,1.901078129436176300e+10,2.059126731532427216e+10,2.054867112208253098e+10,2.303096800593560791e+10,2.251098379533174515e+10,2.539098246134974289e+10,2.078211735526652527e+10,2.178090101506610870e+10,1.902503905939059067e+10,2.643813320618172073e+10,2.195618201384939575e+10,1.991106896768051147e+10,2.093503308559197998e+10,2.030763958907477570e+10,1.919299670667085648e+10,2.292463017231668091e+10,2.257362317732515335e+10,1.984083340904925537e+10,1.886500591411035919e+10,1.768852227337981033e+10,1.994704168847925186e+10,2.502557632799664688e+10,2.251156489510006714e+10,2.014298292756786346e+10,2.500891435009312057e+10,2.143545417522253418e+10,3.754177394481671143e+10,2.294283680922832489e+10,2.057010190318712997e+10,2.096595005682305527e+10,2.402217941928392029e+10,1.503637207294420242e+10,2.163059723761444092e+10,2.094111882321893311e+10,1.599659822054505539e+10,1.958317729322932816e+10,2.246220906388865280e+10,1.829640491928610611e+10,1.803853462406468964e+10,1.772684731235264587e+10,1.645902567108560753e+10,1.417789070704783249e+10,2.265349118739055252e+10,2.043613749200753021e+10,1.714467472260407066e+10,1.889198881040038681e+10,2.393841391503179550e+10,3.099815962602576447e+10,2.747672123685019302e+10,2.348367366356354523e+10,1.612212214853981400e+10,1.889270499695729446e+10,2.159011527399836731e+10,2.441369490297859955e+10,2.358589309707616425e+10,2.567389334759383011e+10,2.784013595200508499e+10,1.938607528741273880e+10,2.556919446815116882e+10,1.825955050457103348e+10,2.261315627912101364e+10,2.012779353267596054e+10,1.618502119282165527e+10,1.876040408554201889e+10,1.701853423249359894e+10
1.599882767090955162e+10,1.661058743427661324e+10,1.775739898231185532e+10,2.144133204863633347e+10,1.732501776502113724e+10,2.099922220224177933e+10,2.274070128958903885e+10,2.263935364627824402e+10,2.093249922180300522e+10,2.253429553746779251e+10,1.747905840706665421e+10,2.053547089682295609e+10,1.542341269865192223e+10,2.055832306542039490e+10,1.750052883662030792e+10,2.181626757346637726e+10,1.918473414819308853e+10,1.915213689547108459e+10,1.497728701195600128e+10,1.572550232482031250e+10,1.841982005980945206e+10,2.357022429752596664e+10,1.784493483995600510e+10,2.997019403470085144e+10,1.903386937411319733e+10,1.887192743881804657e+10,2.151697002251723480e+10,1.968829427712154388e+10,2.220736151298863220e+10,1.589906742185708618e+10,2.160940813498629761e+10,2.670534692508216476e+10,2.836439297091412354e+10,2.027801154045894241e+10,3.062560956409550095e+10,1.769573516876235199e+10,1.712855684956604004e+10,2.492989130688577652e+10,3.452864043670281982e+10,2.219242300856266403e+10,3.453043024179981995e+10,3.019009943883264923e+10,1.987935928862451553e+10,3.226845539453056335e+10,1.887780968147368240e+10,1.842646412363065720e+10,3.127256435816867447e+10,1.977949367637563705e+10,1.912537010838213730e+10,2.166230035797572327e+10,1.859221641432037354e+10,2.329178368314118958e+10,1.950255373775395584e+10,1.956700860129158783e+10,1.963417098224202347e+10,1.898922382112922287e+10,2.434086435681660461e+10,2.276853362425259781e+10,3.176114895637301636e+10,2.058204518711215210e+10,2.480467441197532272e+10,2.078107014255804443e+10,1.843212449212494278e+10,2.120490434161602402e+10,2.421821762971400833e+10,1.728899561204186249e+10,2.093757052398826218e+10,1.888453908766732025e+10,1.700559624309339523e+10,2.324154285323059845e+10,2.279895830931568909e+10,2.251908288670635605e+10,2.164960780982991409e+10,1.801893603782408524e+10,1.905949745290484238e+10,1.930522014233432388e+10,1.856790543728953171e+10,1.613935194108900642e+10,1.701832609307258224e+10,2.012859939276977158e+10,1.856636730011212540e+10,2.292014571966804886e+10,1.991286105861463928e+10,2.568459720601832962e+10,2.169700828141451263e+10,1.642205661872513199e+10,1.665898060017323875e+10,1.890639997016354370e+10,2.230213029986532974e+10,2.571343342213952255e+10,2.211065755975225830e+10,2.640497565732754898e+10,1.916601240718688965e+10,2.085266106404208755e+10,1.743853128230534744e+10,2.533389283346886063e+10,2.393801633204083633e+10,1.828916942680976868e+10,2.425544692918367767e+10,2.727277705489472580e+10
2.676584261742705917e+10,1.730781581971428299e+10,1.676764948828846550e+10,2.209366386508498383e+10,2.598198324235424805e+10,2.476265261856638336e+10,1.888867048979354858e+10,1.866337775726493073e+10,2.331887508927054977e+10,1.751346546070249939e+10,2.672919944051404572e+10,2.122732494583700180e+10,2.524928916995973206e+10,2.206861451619827271e+10,2.060003831457484436e+10,2.423890191796335602e+10,2.160659296987985229e+10,2.998256780704689026e+10,1.731644073478562546e+10,2.323467054190574265e+10,2.465109547180601501e+10,1.678334874760550308e+10,2.119981024981515121e+10,1.708367332204454803e+10,1.919251412094241333e+10,1.869364912756182098e+10,2.095837314694191360e+10,2.065320407211619186e+10,1.934940453804067993e+10,2.200556455025381470e+10,1.468488377997426987e+10,2.086495914970474243e+10,2.728903801441066742e+10,1.755812723216982651e+10,1.810882669306161880e+10,1.716581601702151299e+10,1.761228147956283569e+10,1.805321632878872299e+10,2.301823789202799225e+10,3.837602107170145416e+10,2.123193215319134521e+10,1.778513345936476898e+10,2.695560185886946869e+10,1.878358249702444839e+10,2.356604047131498718e+10,2.880897356431369019e+10,2.102058269067942047e+10,2.124235032577473450e+10,2.433260609569754028e+10,2.578674019081854630e+10,1.993303294168388367e+10,2.905160805044061661e+10,2.033618759457407761e+10,1.603177186300131798e+10,2.418697340989011383e+10,2.320807311371833038e+10,2.064337259452547836e+10,2.009358661398921585e+10,2.806787897113748550e+10,1.837721049313027954e+10,2.180872728510894394e+10,1.825494684064733505e+10,2.214211134555483246e+10,2.254498056847154617e+10,1.939432400287512970e+10,1.956934099516484070e+10,1.979748377723793411e+10,1.885222534969317627e+10,1.971577528906376266e+10,2.057579732722476959e+10,3.219545298989817810e+10,1.951089362029372025e+10,2.065511301005952835e+10,1.922298550473750687e+10,2.476841611335169983e+10,2.292753149661466599e+10,2.007872483317768097e+10,1.860778449581615067e+10,2.549085745486721420e+10,1.761395904258088684e+10,1.877658590281655121e+10,2.045739560630000687e+10,1.995776031076964188e+10,2.646897543857759857e+10,1.740785223359008789e+10,2.975490696403925323e+10,1.823354091699018478e+10,2.409020751642911911e+10,2.313019726459110641e+10,1.669961140569469452e+10,2.242684319142979050e+10,2.148715315431626511e+10,2.347297879501023483e+10,1.908543281831642914e+10,2.086292975077044678e+10,2.477058129147377014e+10,2.433530445624269104e+10,2.192541912854495621e+10,1.706266595317930984e+10,1.869876589967230988e+10
2.432874795675633240e+10,1.841943875019339371e+10,1.876488976295498657e+10,2.157471659801041412e+10,2.073101396601389313e+10,2.772847392800889587e+10,1.436686089535050392e+10,2.018696818809021378e+10,1.967375672243446732e+10,1.635518904141094017e+10,1.910597390614112854e+10,2.104188296035546494e+10,1.808184600925120163e+10,2.138733027543773270e+10,1.959536227559035873e+10,1.696638244631832695e+10,2.061039566616378021e+10,2.367989452291923523e+10,2.604838395515551376e+10,2.812702857131006241e+10,3.097122223577791214e+10,2.238745081005741501e+10,1.669178076252120781e+10,1.672533413758738327e+10,1.568358101489133835e+10,1.591084952288615608e+10,2.820503952222293091e+10,2.321457566195171356e+10,2.198256094637455368e+10,2.203562471050855637e+10,2.203687951224131775e+10,2.152760436882223129e+10,2.175899996490089798e+10,1.967792736456044769e+10,2.004292592432384872e+10,2.473348471937251663e+10,2.333334980330950546e+10,1.582532848639769173e+10,1.967702730783054352e+10,2.767456280932814026e+10,2.361442066073462296e+10,2.258588400242111206e+10,3.214141152779458618e+10,2.582270604793939209e+10,1.864393792152870941e+10,2.899900366662586594e+10,2.373134027114572906e+10,3.954111066260656738e+10,2.700704999523580551e+10,1.841433819427134323e+10,2.263762615390287399e+10,2.185933995395427322e+10,2.588719495565248871e+10,1.857807394814781570e+10,3.586436120631916046e+10,2.368316756668376541e+10,2.101206848596312332e+10,1.871313646116284561e+10,2.295435879030035019e+10,2.288023822661977768e+10,2.505589411409431076e+10,2.095960174970762634e+10,2.386711202240933990e+10,1.883925572292158890e+10,1.645189046390212250e+10,2.456257338648246384e+10,1.983991183409708023e+10,2.497596007898602295e+10,2.203776746666314697e+10,2.478320090708221817e+10,1.679417316093879509e+10,3.065936414049945068e+10,2.900901449858008194e+10,2.241213291910799789e+10,2.016894067439177704e+10,2.346444086273158646e+10,1.731169839019940948e+10,1.827826552692184830e+10,2.343492411549420929e+10,1.797752454769175720e+10,2.719229660181773758e+10,1.699023334319357109e+10,2.377666207576032639e+10,1.996471420536319351e+10,2.301566114917988205e+10,2.954714656193563461e+10,1.442415719399424171e+10,1.697510852008060646e+10,2.063901571100606155e+10,1.898129544772574997e+10,2.448655284186734390e+10,2.353379735379420090e+10,2.129595834018419647e+10,1.771544744084247971e+10,1.930099102426070786e+10,1.870241161898328781e+10,2.350959899381513596e+10,2.594758131218730545e+10,1.560006881471175575e+10,1.848918188806015396e+10
2.161844340504092026e+10,1.673274919768482590e+10,1.846190117340387344e+10,1.423458087604796410e+10,2.163310021770371628e+10,2.019712800022108841e+10,1.880622937972587585e+10,1.748855346047035599e+10,2.303150723807084656e+10,2.855215772127563858e+10,1.771117702457438660e+10,2.153692862114310455e+10,1.637280300123491096e+10,1.700758958016981125e+10,1.995045894041304779e+10,1.942936848004430389e+10,1.844226301811179733e+10,2.330911591463878250e+10,2.984395073992136383e+10,2.849969976593019104e+10,2.052792773469414520e+10,2.333857432891698456e+10,1.953096000509330368e+10,1.611904964620182419e+10,1.780938495595172882e+10,2.109458313026154709e+10,2.564147574671047211e+10,1.824736232536999130e+10,1.784028956025344086e+10,2.495143725308650208e+10,1.530727373419799042e+10,2.268372511733342743e+10,1.821990730759891891e+10,2.509454393848266983e+10,2.565254581121065521e+10,1.747587118838137436e+10,2.630596405869590759e+10,1.876664128065629578e+10,2.217962185669664764e+10,1.999738261604910660e+10,2.475664668337480164e+10,2.181848186477462006e+10,2.777858944616042328e+10,2.178726555859180832e+10,2.104849690701801682e+10,2.414420840521000671e+10,3.031516892382855988e+10,1.995493114794394302e+10,2.091441322454144669e+10,2.296323627125654602e+10,3.080970872862085342e+10,2.800381965056591034e+10,2.732037273764887238e+10,2.455344046406353760e+10,2.313163123226015091e+10,2.525598315559138489e+10,2.470357031839448547e+10,2.901453140586995697e+10,2.632387997277067947e+10,2.943233370511053085e+10,2.129839561305507278e+10,1.875747203334727859e+10,1.789009407126917648e+10,2.412210556337950134e+10,2.047898599550642395e+10,2.260078684537664032e+10,1.907566957614441299e+10,2.611803873554318237e+10,2.354299277963466263e+10,2.697597732035597229e+10,1.778163256058188629e+10,1.646515454202129173e+10,2.781937121997252274e+10,1.640961261445413971e+10,2.090342999646707535e+10,2.511696622238301086e+10,2.032316953830042648e+10,2.621420137843570709e+10,1.742845449369318008e+10,1.958556674966439056e+10,2.445098665683357620e+10,2.197584978551761246e+10,1.716781723658928108e+10,2.043148664082991028e+10,2.849277862950870132e+10,1.754814917240278244e+10,1.700041757375431061e+10,2.162099935936079407e+10,2.443198642293881989e+10,3.310685978550373459e+10,2.115797974315502548e+10,1.874899535353784561e+10,1.760881890202931213e+10,1.992285258864004898e+10,1.953631965227163696e+10,3.670592763076947021e+10,1.936971833930656433e+10,1.570469620040787697e+10,2.133367480908726883e+10,2.352172842028910065e+10
2.074704176982796478e+10,1.569461054226103973e+10,2.276754675955751038e+10,2.022176008087093353e+10,1.823825909644831085e+10,2.109258250092921066e+10,1.807197579228810120e+10,2.751531979026370239e+10,1.691373868348117447e+10,2.033352650813076401e+10,1.897611945547673416e+10,2.735314745150158691e+10,1.721440216161743927e+10,2.332833631130089188e+10,1.890008593581046677e+10,2.230060219341134262e+10,2.007060540174251938e+10,2.130792932904459763e+10,2.309299724914123154e+10,2.151561041177597427e+10,1.764493877985438919e+10,1.464526547909509087e+10,2.460029140573533249e+10,1.945458026797669983e+10,1.718279920532861710e+10,1.889696826756886292e+10,2.124822543194380188e+10,1.727866330530768204e+10,2.288487449191787720e+10,3.395792812140446091e+10,2.558826655932639694e+10,1.756890094146982956e+10,2.099999507925319672e+10,1.753454357221356583e+10,2.566876428786347198e+10,2.084744019712629318e+10,2.567762619074959564e+10,2.325028494301303864e+10,2.064467072096390152e+10,1.900139778298940659e+10,2.149008802282243729e+10,1.974023885472849274e+10,2.464403566430613327e+10,2.956641996333849716e+10,2.382274875783578873e+10,2.321178344657377243e+10,2.124248068444702530e+10,1.718394408628746796e+10,2.349421221833214569e+10,2.964892688156074142e+10,2.650118940146598053e+10,3.040989822028376770e+10,2.349133580613220215e+10,1.817454753281370544e+10,2.042017146723287582e+10,2.201980536621078110e+10,3.051427545174235916e+10,2.078459221022073746e+10,1.688350282482118607e+10,2.157188646530156326e+10,2.890985015450493240e+10,2.074773709179018021e+10,2.271705863553582382e+10,2.283869760529135895e+10,1.882725422427703476e+10,2.648109324421663284e+10,2.295777876424507523e+10,2.170392798807265854e+10,1.949137339727170181e+10,2.571135366431623459e+10,3.293369659644699097e+10,2.362706069299963379e+10,1.668680789249857903e+10,2.213151398854066849e+10,2.955772821561237717e+10,1.896727766430170059e+10,1.741849127380458832e+10,2.357993970177821350e+10,2.017173123003643036e+10,2.104080287192069626e+10,1.988685728640123367e+10,1.878965909487745667e+10,2.415164086642175674e+10,1.539694815867240524e+10,2.120721111622190475e+10,1.581923031884767151e+10,2.245974685834311295e+10,2.143603042755540085e+10,1.900198254763476944e+10,2.546503350418210220e+10,1.655271093750343323e+10,1.940989056315772247e+10,1.640105365469787216e+10,1.612740128978208542e+10,2.584288944605508423e+10,2.670549948164585495e+10,1.735567051954095459e+10,2.349125560233193970e+10,1.731180555476813126e+10,2.201206086613526917e+10
1.497605223074677277e+10,2.144631850565580368e+10,2.114325624402723694e+10,1.776534754693307877e+10,2.854094661118690872e+10,1.983151799032530212e+10,2.232785469742915726e+10,2.523293566745666504e+10,1.782790617364269638e+10,2.087802946837181854e+10,2.302916495384095001e+10,1.905512421200356293e+10,1.859638799587069321e+10,2.038219110538268661e+10,1.788750010013291168e+10,2.377365557501436996e+10,2.422597799291919708e+10,2.563266389745018387e+10,2.106293934062055588e+10,2.110404279462229919e+10,1.753037364795761108e+10,1.880277462871774673e+10,2.100158700311934662e+10,1.973360914309076691e+10,1.972482902930508041e+10,1.707221818885783577e+10,2.173154084109701538e+10,2.318271477504586792e+10,1.865125946462898254e+10,1.971579738428091049e+10,2.070288594925871658e+10,2.342236207023791122e+10,2.189976979999656677e+10,2.218137219910752487e+10,2.578290645403012848e+10,2.329327910421632767e+10,2.338320766894274521e+10,1.658843290272665787e+10,2.073745492874590683e+10,3.152930112145164871e+10,2.136080940506126022e+10,2.336603558259767914e+10,2.415222608383927155e+10,2.524490218862617874e+10,2.645611451155506134e+10,2.166913732188146591e+10,1.744177567484313202e+10,2.721157449662766647e+10,3.066017291625139999e+10,2.130091787171672440e+10,2.341214728976314926e+10,1.927109623270810699e+10,2.230946606177397156e+10,2.525742618600889206e+10,2.578181352482771301e+10,1.933979867357182312e+10,2.171977617227984238e+10,2.338363411734471130e+10,2.394607255401139832e+10,2.308728148583215332e+10,3.080316985195441055e+10,2.958589440595790482e+10,2.526202716330894852e+10,2.055612389409029770e+10,2.032315790832545853e+10,2.616547191462063217e+10,2.103775462780198288e+10,2.271500090596849060e+10,2.498679991986456299e+10,1.985977470493989563e+10,2.338681006372565460e+10,2.210907963450378418e+10,1.952405413575116348e+10,2.271009764213230133e+10,1.916965802211723328e+10,2.357863364725901794e+10,1.948367862387896729e+10,2.079366615779132462e+10,2.921158118239870834e+10,2.109462888696895599e+10,1.617605666153589058e+10,2.000759005485479355e+10,2.435706765389598465e+10,2.293459438572827148e+10,2.238530326139304352e+10,2.979786001652218628e+10,2.179516002846021271e+10,3.026600750456865692e+10,1.877415400566066360e+10,2.206502192058874893e+10,1.881823518451512527e+10,2.257240774435752106e+10,2.157648439891073227e+10,1.873672664023620987e+10,1.773061687865551758e+10,1.978520261666514587e+10,1.793107545366792297e+10,1.944009542332556534e+10,1.875635329607167435e+10,1.803764560929528046e+10
1.701478186693649483e+10,1.755254561823220825e+10,1.846810414477056122e+10,1.849699999392480469e+10,2.104075911206214905e+10,2.329925147525670242e+10,1.654231136259282494e+10,2.129733353008501053e+10,1.906267716546776962e+10,1.434703499181019402e+10,1.858069618004603958e+10,2.306475588013731003e+10,2.497551046334212875e+10,2.151649886892454147e+10,1.720201260854684448e+10,1.986833140142834473e+10,2.373500949258845520e+10,1.998810775503562546e+10,1.657978192714051628e+10,2.515539461267166519e+10,1.948790342603836060e+10,1.968742077306309891e+10,2.857352056449007416e+10,1.772213235824703217e+10,1.911631444704996490e+10,2.277802284446588135e+10,2.390086558272550583e+10,2.632657530705182266e+10,2.401914159553105927e+10,2.155949588565791702e+10,2.171624184844677353e+10,1.947444796656377029e+10,2.036308074264019394e+10,2.265910728371622467e+10,1.863664645444422531e+10,2.589869629786948013e+10,2.173483600212020111e+10,2.086037047018496704e+10,1.911080134181695557e+10,2.487986743712666702e+10,2.252180793595063782e+10,1.749294807678781128e+10,3.616012154459086609e+10,2.569267073552363205e+10,2.003214796238112259e+10,2.585350300855642319e+10,2.038836816198770523e+10,2.345536216823293686e+10,2.415579796179462814e+10,2.553930030337607956e+10,2.209321603416277313e+10,2.373138997622424698e+10,1.876021019737485886e+10,2.227756573498422241e+10,2.493180563033164978e+10,1.956764823324575043e+10,1.958131413655875015e+10,2.376989228340845108e+10,2.490741712512906647e+10,1.943235901263549042e+10,2.006993156941430664e+10,2.459396362430926895e+10,2.676705581704360199e+10,4.455317003075543976e+10,3.308984037325465012e+10,2.103811786690584564e+10,2.513410200918858719e+10,2.136750241187995148e+10,2.193503427417165756e+10,2.846084976493031311e+10,3.004456203961870193e+10,3.252748057177106476e+10,1.916015804130649185e+10,2.419464645344193649e+10,2.514906391645061111e+10,3.005047378089311218e+10,1.855873359436258698e+10,2.095412733801630783e+10,2.514045583180159378e+10,2.258256500770349884e+10,2.397971528244906235e+10,2.327589115063146973e+10,2.057310540463553619e+10,1.871328193873992157e+10,2.742626478569843674e+10,1.896226453785656357e+10,2.366621431066051102e+10,4.080762896063725281e+10,2.323046233646478271e+10,1.975365798124981689e+10,2.152674846403564835e+10,1.768133076909347153e+10,1.629271574590026855e+10,1.703068356197241592e+10,2.186697298555976105e+10,1.726225325801177216e+10,1.855277476448723221e+10,1.734241651066401291e+10,1.521472395523826408e+10,3.293322787875931931e+10
1.801027011277260971e+10,1.591187483687862396e+10,2.318575987498997879e+10,2.687375519647502518e+10,2.226838804112221909e+10,2.146569546971411133e+10,2.147647837893533707e+10,2.089253802435066986e+10,2.143071155387002945e+10,1.641848973420252419e+10,1.992065424792958069e+10,2.080838358805139542e+10,2.054222644586875916e+10,1.683167613801820183e+10,1.892151015306007385e+10,2.195680499328382874e+10,2.016895008655339050e+10,2.032174359855020905e+10,1.630609284591332817e+10,2.222836691458948898e+10,1.901828178730326843e+10,2.285357983736915207e+10,2.594914561429059982e+10,1.822454153122698593e+10,1.969123190295038223e+10,2.369870197915418243e+10,2.130599444844659424e+10,2.871281049519068146e+10,2.146013644024619293e+10,2.519790728838417435e+10,2.652909509834880829e+10,2.869076752754135895e+10,2.093617980406427765e+10,1.730472035451596069e+10,2.062553775783888245e+10,3.088586789231133652e+10,2.256253076304823685e+10,2.535760610469769669e+10,3.104792135134666824e+10,2.441571660288527298e+10,2.776522116140030670e+10,2.045796900061042786e+10,1.896605522761000443e+10,2.158780541165810776e+10,3.328870910260525513e+10,2.204298415929707718e+10,2.282485575298111725e+10,2.300914573074210358e+10,2.365642938398329544e+10,3.356930700160655212e+10,2.504569447906417084e+10,2.814008624190329361e+10,2.524252823541012955e+10,2.591029537559306335e+10,1.837258402405757141e+10,2.410883611295731354e+10,2.315536626929593277e+10,2.515960431540218353e+10,1.985487129281726456e+10,2.837782023622293091e+10,1.979508954631001282e+10,3.238053541948263931e+10,2.289173175865544510e+10,2.473124751414966202e+10,1.704590256641223526e+10,2.057456810621009445e+10,2.446474603591323853e+10,2.623581928776689529e+10,2.886429949005251312e+10,3.254391174126510620e+10,1.891558574489841843e+10,2.227272263139365005e+10,2.009543061656677246e+10,2.854756918919717789e+10,2.507919799699155045e+10,2.492951670489022446e+10,2.992621322965562057e+10,2.183891275349000549e+10,2.302021892377455139e+10,3.056361100455951309e+10,3.074985093425359726e+10,2.064825834881092834e+10,2.274721013055488968e+10,2.019970992249082184e+10,2.682145497988455963e+10,2.910221214546804810e+10,1.744818918427836227e+10,2.054417729351714325e+10,3.098886210543164062e+10,1.623551076140924263e+10,1.967699556175141525e+10,1.891746195866829300e+10,1.998355555900308990e+10,1.626851270934578896e+10,2.356976500003252411e+10,1.944196250906466293e+10,2.259239202987058640e+10,2.003413086387791824e+10,2.670802527503702164e+10,2.375225345655971146e+10
2.392534774800851440e+10,2.156422074824283600e+10,1.634199481135712433e+10,2.141772237281185913e+10,1.722016620453464890e+10,1.633098201170939445e+10,2.359586090344732285e+10,2.543251554296963501e+10,2.146511074942992401e+10,2.138397539584251404e+10,1.986583160528084946e+10,1.578983524588891602e+10,2.345036518447150803e+10,1.820605306726518250e+10,2.141196024297093201e+10,1.866432103658322144e+10,2.715976535952456284e+10,2.800535364878278732e+10,4.397302323737039948e+10,1.998416515443417358e+10,2.413742946116526794e+10,1.954551181595664978e+10,2.000366538674107742e+10,1.882774621522758102e+10,2.357280101671139526e+10,2.478673847933233261e+10,2.414734145918981171e+10,2.025903048113658905e+10,1.977222381546378326e+10,1.901157721278080750e+10,2.015646107702032471e+10,1.800668321672814560e+10,2.279044379907778931e+10,2.023581936559128571e+10,2.371489693646762848e+10,2.401965964612961197e+10,2.201524716313077164e+10,2.552437578825987625e+10,2.352560060465747070e+10,2.623448450464583588e+10,2.234343130928628159e+10,2.134506679241981506e+10,2.861515671634065247e+10,2.887048384678663254e+10,2.528590944646879959e+10,2.964867144814286041e+10,2.166357211851319122e+10,2.545570648422126007e+10,2.897056299258444595e+10,2.167924731105821609e+10,2.401663695441678238e+10,2.666077103913107300e+10,1.601642118601340294e+10,2.993117552522848129e+10,1.924367872342144012e+10,2.554849279294039536e+10,3.150153237678932190e+10,2.620946098132567596e+10,2.832176964498742676e+10,2.418306173864982986e+10,2.815735301048583603e+10,2.121261373969879150e+10,2.251601846800903320e+10,1.640197289834905434e+10,2.845496955180843353e+10,2.250680103764655304e+10,2.948834959587431335e+10,2.294197189597432709e+10,2.011495691185147095e+10,2.497268341709774399e+10,2.580459607167338943e+10,2.478083320337633133e+10,2.234512332139673615e+10,2.174239698375928497e+10,1.826267907249469376e+10,2.600484699544461441e+10,2.091198428218796921e+10,2.582311175039450836e+10,1.954212793244446564e+10,2.689439976749236679e+10,2.475247425399092865e+10,2.199818677977720642e+10,2.063479951371472931e+10,2.411120320308209229e+10,2.432986294183190536e+10,1.705691995642048836e+10,2.431038830315931702e+10,1.744436127284142685e+10,2.234591679957207489e+10,2.216201860129158020e+10,1.825357137398250580e+10,1.808711909363034439e+10,3.110237165361719513e+10,2.552865915617686081e+10,1.661774300392294502e+10,1.928363673605165482e+10,1.803777364206252670e+10,2.105537936413022232e+10,2.301989247629493713e+10,2.142002635229306412e+10
2.153935877677233505e+10,1.766010418839691162e+10,2.295977455908508301e+10,2.120837530671355438e+10,2.110025166503580475e+10,1.818887902662707138e+10,1.623881824934635162e+10,3.016233082115390396e+10,1.834339763453751755e+10,2.294915694444277191e+10,2.000553200784024811e+10,1.955945823717017746e+10,2.834211917167787552e+10,2.618592552924048615e+10,3.184364628168626785e+10,2.908468496478853607e+10,1.688856745483557892e+10,1.722056387909598923e+10,1.976441754924301910e+10,2.225937799347270203e+10,2.929604757099501038e+10,2.253167197623090363e+10,2.065004337496051025e+10,2.516385687742028427e+10,2.811617322073928833e+10,2.470904907802181244e+10,2.414152587538224792e+10,2.053558989542979813e+10,2.279562962681729889e+10,1.842223223589355087e+10,2.317721455099938965e+10,2.084909695750412750e+10,2.048907867505860901e+10,2.326370285814594269e+10,2.090684910583720779e+10,2.089301849831111908e+10,2.396307006609637451e+10,2.067751781716107178e+10,2.412581058325215530e+10,2.717325255328108597e+10,2.835460042445791245e+10,2.558990458644824219e+10,2.326630050301615524e+10,2.795423152554585266e+10,2.310655671202754211e+10,2.022768463475851059e+10,2.475839778319072723e+10,2.747373460110041428e+10,2.585716988068312836e+10,2.678629059407006454e+10,2.598392251708583832e+10,2.532460004867586517e+10,1.862185373355450439e+10,1.958876682677742004e+10,2.087697215697678375e+10,2.437963440232649994e+10,2.506808061106806183e+10,2.202314537766959000e+10,2.303919942314194107e+10,2.858658343263635635e+10,2.868369809624932098e+10,2.001205218868000412e+10,2.148672832345306015e+10,1.990814268584280396e+10,2.151175323291401672e+10,2.227890104216741180e+10,1.900745424959106445e+10,2.390190950317718506e+10,2.483209358062301636e+10,2.174537218981684113e+10,2.619024984909898758e+10,2.198008843628097534e+10,1.870624482550785828e+10,2.159489226124766159e+10,2.339327261728610992e+10,1.967806165492908096e+10,2.514492064374160767e+10,1.978737738578791428e+10,2.411433305680677032e+10,2.437400521563970566e+10,1.814070867129999924e+10,2.249098369299362183e+10,2.227525634857004166e+10,2.056954689730812836e+10,1.668869405527388191e+10,1.838140305844802094e+10,2.177960150200307465e+10,2.359330285491859436e+10,1.942929643414476013e+10,1.922002237439653015e+10,2.431498638217085266e+10,1.745238005655660629e+10,2.154603637378392029e+10,1.590770650008391571e+10,1.876103266746368408e+10,2.157007751840935898e+10,1.790257399465327835e+10,2.501619365400682449e+10,2.102911142816830826e+10,2.502649465919078827e+10
2.077517654233361053e+10,2.039300246953868103e+10,2.093976132204913330e+10,1.841300094623645782e+10,2.378923039181608582e+10,2.122830475029611969e+10,2.926039082751642609e+10,1.770924567612295532e+10,1.596052757909123230e+10,2.479861434593420792e+10,1.925901978676301956e+10,2.156173908260831070e+10,2.242567048936434555e+10,2.166817787844911575e+10,2.665750147036815643e+10,2.384794413900304031e+10,3.116608902176610565e+10,1.795214131379977036e+10,2.573801747032257462e+10,2.522480239900082779e+10,2.357920517817558289e+10,2.460221561849848938e+10,2.180303999579809189e+10,2.525777747184712219e+10,2.015419001274610901e+10,2.130993971237285233e+10,1.769900584431029129e+10,2.338741250894015503e+10,1.928079248772097778e+10,2.029932533377719498e+10,2.129000989970905685e+10,2.652884710636226654e+10,2.085194049523134232e+10,2.511331511024474335e+10,2.720091858454846573e+10,1.833814299683303452e+10,2.124454550548823929e+10,2.074883391257387924e+10,2.447038573158485031e+10,2.012406841042586517e+10,3.620372668771308136e+10,1.970964551438444901e+10,2.350954293843764114e+10,2.189254481513741302e+10,2.221473454169703293e+10,2.462188698822624588e+10,1.986696869012476349e+10,2.118959627616349792e+10,1.997526909820342255e+10,2.071388233543795776e+10,1.965092696106256104e+10,2.523535397212379456e+10,2.005706377417947006e+10,2.087600137870125580e+10,1.967041973726373291e+10,2.325215313586046219e+10,1.906456581048857880e+10,2.478044177924737930e+10,3.008578244288485718e+10,2.285763321031098557e+10,2.767680490044040298e+10,2.047452452281190109e+10,1.954644060638294983e+10,1.689492925302471924e+10,2.360282669151445007e+10,2.242244037224306488e+10,1.926478743303518677e+10,2.504448461417818069e+10,2.298370475844690323e+10,2.926034725677592468e+10,2.239021755000840759e+10,1.921881070017832947e+10,2.589231050437919617e+10,2.176668911840568161e+10,2.076036170265940475e+10,2.786048773947189331e+10,3.375962291169262314e+10,1.906291349482261276e+10,1.766478480318465042e+10,2.416242974689855194e+10,1.855731674708218384e+10,1.902445971519331741e+10,2.293082509586525345e+10,2.653934974170054626e+10,1.760067095073510742e+10,2.380589172362338257e+10,2.777647813842236710e+10,2.274045400244200134e+10,1.660345528991827774e+10,1.859009432333909225e+10,1.863806716494272614e+10,2.081642597298057556e+10,2.043939173638084030e+10,2.974120530192517853e+10,2.425782673806365967e+10,2.196088359999109268e+10,1.606366867003941727e+10,2.124815508730004120e+10,2.390130356417454529e+10,2.847118717133346176e+10
1.826584737474070740e+10,1.692825375176731110e+10,1.974190131930294037e+10,2.320564828552130127e+10,1.662640827348409653e+10,2.509534684633945084e+10,2.034789634347071457e+10,1.956083897400695801e+10,1.626345785217711830e+10,2.823905164197851181e+10,2.176192969217149734e+10,2.302848561592268753e+10,1.830451719203642273e+10,2.445491810545100784e+10,3.243764598509151840e+10,3.048921232161421204e+10,2.335393871831605148e+10,1.842898351711599350e+10,1.919391511601244354e+10,2.066523656916003418e+10,2.497420209619720078e+10,2.606569182427551651e+10,1.945834764740247726e+10,1.947906203821300125e+10,1.920454460382671738e+10,2.240057086721802902e+10,2.539578211147174072e+10,2.612135062559426498e+10,1.929318077138616562e+10,2.030710813438993073e+10,2.621218630970681381e+10,2.415159444387915802e+10,2.654133522232904816e+10,2.440987970199452591e+10,2.051642066049382782e+10,1.882123773420987320e+10,2.185005414613912964e+10,3.229127787592571640e+10,2.143390117753484344e+10,2.253808453580038452e+10,2.343453836524859619e+10,2.334941210279145432e+10,2.647342760857892990e+10,1.901268462937538528e+10,2.426527066444832993e+10,2.204045637914349747e+10,1.956043398772200775e+10,2.165342332483786774e+10,5.031902068338758087e+10,3.954144811394278717e+10,2.021881710891795349e+10,2.975566117521718216e+10,2.842589171840099335e+10,2.153469292898765945e+10,2.008991920062853241e+10,2.118929333337765121e+10,3.500308034454443359e+10,2.544489979203686523e+10,1.935173467418905258e+10,3.049093466768036652e+10,2.540581280672224426e+10,2.826706701572283173e+10,2.064509212183600235e+10,2.631069690875180435e+10,4.103215077595960236e+10,2.668909823520688248e+10,2.570173660582176971e+10,3.113242233789111328e+10,2.184313783520559311e+10,2.547501183061952972e+10,2.465110558664193344e+10,2.633447152110468292e+10,2.209132825412451553e+10,3.000607405622106552e+10,2.301058024870479965e+10,2.246210045695813751e+10,2.631632496989587021e+10,2.379204697585535431e+10,2.264500999881865692e+10,2.151380437107749176e+10,1.873676139591959381e+10,2.426662192739060211e+10,2.088883146886769867e+10,2.262226096599740601e+10,2.290943219208979416e+10,3.284381559229135132e+10,1.945176953502522278e+10,1.728244788983994293e+10,2.202301237977190781e+10,1.969764893324094772e+10,2.334401677453853989e+10,2.183508540915278625e+10,2.343693498381383896e+10,2.093661739363901138e+10,1.664356186419953918e+10,1.808524390482875443e+10,1.719886667641979980e+10,2.392514848513008499e+10,2.058565083920050049e+10,2.182972592700715637e+10
1.674751342811244202e+10,2.435151057404574585e+10,2.074705958390065002e+10,1.798303140829053497e+10,2.753747728406855011e+10,2.316367813443338013e+10,2.055343057157069016e+10,1.945855691033057785e+10,1.853876636605786133e+10,1.987523395257778931e+10,2.229689401915522385e+10,2.356356931657941818e+10,1.856862018712004852e+10,2.106163067772309494e+10,2.665266427647702789e+10,2.539411831024985504e+10,2.940607892688870239e+10,2.469192856985140991e+10,2.447619963778073120e+10,1.915492571632300186e+10,2.484186806664147949e+10,1.936527240119977951e+10,2.707094090525836563e+10,2.385175259795386124e+10,2.288557326444394302e+10,2.518472507426219940e+10,2.004938122301651764e+10,2.292752885416805267e+10,2.556079391019041061e+10,2.645742062967665863e+10,2.854789996769304657e+10,3.971874685729409027e+10,3.164553816167641068e+10,3.820054276782124329e+10,3.464979017924054718e+10,2.287071363212641907e+10,2.317000822147915649e+10,2.086807751731168365e+10,2.370687181191305161e+10,2.260737143154166031e+10,3.109677355268941498e+10,2.270566905781872559e+10,2.143573919346535110e+10,2.402326305664615250e+10,2.003771900301847076e+10,2.452566659074517059e+10,2.174056969070762253e+10,2.211130561240666199e+10,2.466634343681271362e+10,2.894806073300019455e+10,3.243982629300409698e+10,2.815598982703712463e+10,2.414270725320265579e+10,3.165009031103701401e+10,2.600404182406573868e+10,2.547056977169333267e+10,2.262115904524164963e+10,2.893342717779497910e+10,2.708945610132236099e+10,1.794542168913800812e+10,2.293947163567972565e+10,2.697760165340809250e+10,2.410268294326548767e+10,2.632155274594430542e+10,3.257559568245611954e+10,1.711937959448618507e+10,2.089708769185231781e+10,2.776934021006629944e+10,2.433492250247347260e+10,1.610461925728901672e+10,2.726271347850567245e+10,2.931652466216358185e+10,1.964686320160860825e+10,2.111079505883174133e+10,1.671796740132759857e+10,2.407226309250521851e+10,2.474675494450964737e+10,2.469379533992304611e+10,2.291055451069606018e+10,2.047568069317213821e+10,3.412099217102834702e+10,2.108805933477832413e+10,1.791546018856111908e+10,1.967467229573824310e+10,2.149966525326727295e+10,2.520870763015023804e+10,3.313425358014435959e+10,2.436047525914636612e+10,2.402021963671991730e+10,2.281717837576684952e+10,2.000679872768476486e+10,2.013801245394427490e+10,2.261636793419580078e+10,2.194487850091066742e+10,1.708890806778049660e+10,2.124535340022258759e+10,3.016180305547294235e+10,2.077934371215473175e+10,2.026259382324013901e+10,2.350199223696470642e+10
1.624418223800777245e+10,2.348522597378681946e+10,1.981173701372838211e+10,2.528150148886085510e+10,1.763648135760181427e+10,2.775269813667344284e+10,2.128983317673610306e+10,2.101078840041598511e+10,1.901248992357190323e+10,2.084251813585895157e+10,1.976649454580328369e+10,2.013954099854744720e+10,2.175049967950231552e+10,2.114898485161937332e+10,2.296233684507477188e+10,2.006174137454308319e+10,2.652704492789748764e+10,2.438388035468642044e+10,2.871248009510319901e+10,2.446830396405566788e+10,1.887781981512983704e+10,2.209989142073428345e+10,2.249322326306084442e+10,2.384359308291517258e+10,1.728067169823072433e+10,2.602443659045101929e+10,2.487477001241065216e+10,2.442443284762066269e+10,1.931147488859865952e+10,2.626136670358106232e+10,2.445077622379515839e+10,1.822092903925523376e+10,2.084776905524762344e+10,1.893625560942376328e+10,2.578302993405244827e+10,2.904200955037183380e+10,2.915259478788620758e+10,2.523053452987120056e+10,2.574408962949420929e+10,2.046926959090305328e+10,2.508931672342334747e+10,2.371426171700167465e+10,2.323140719970928574e+10,2.535511702119102478e+10,3.285387940093550491e+10,2.498888405340046310e+10,2.149113931506927109e+10,1.997007368865539169e+10,2.935024381553946686e+10,2.230676395751294327e+10,2.803255562870643234e+10,2.762396793344243240e+10,3.742734803095607758e+10,2.704349559366332245e+10,2.487813898382569122e+10,2.561004923136825943e+10,2.147889395848963547e+10,2.434932900809933090e+10,2.465622222743391418e+10,2.034331028261184692e+10,2.668124554208728409e+10,2.507369278496071243e+10,2.757079156402602768e+10,2.145550626407073593e+10,2.241331992100862503e+10,1.961133913573387909e+10,2.668129028921648407e+10,1.914819091263274384e+10,2.407415017156011963e+10,2.524423892112099075e+10,2.424157727922029114e+10,2.348113453367607117e+10,3.068292352327909851e+10,1.982734442693669891e+10,2.375589494060189819e+10,3.012380111492684555e+10,2.509833759618870926e+10,2.098173840561173248e+10,1.830951203048788834e+10,2.387786740740564728e+10,2.362240686209720230e+10,2.546916854414315033e+10,2.221082059411473846e+10,2.207456371848971939e+10,2.199844266486245346e+10,2.747088879350611115e+10,2.658380351915982056e+10,2.329187968965512085e+10,1.951984293604713821e+10,1.979565657766178131e+10,2.277800883809057236e+10,1.558031113244104195e+10,2.401869314611147308e+10,1.922628255276873016e+10,3.459903275428386688e+10,2.228117997290694046e+10,2.301383853633751678e+10,1.985287751484396362e+10,1.797529938620563126e+10,2.447106205287762070e+10
2.231876385653760529e+10,1.752964949196080017e+10,2.359453336505650330e+10,2.225372666174533844e+10,1.987825302485324478e+10,2.386606083149875259e+10,2.153731819877518082e+10,2.402630245217255020e+10,2.041750867819921494e+10,3.159988391875703049e+10,2.536444207616129684e+10,2.312965711768045807e+10,2.608885899438072968e+10,1.874159729703277969e+10,2.327654608560434723e+10,2.107763571350571823e+10,2.640202340278961182e+10,2.195844807362917709e+10,3.717226790567978668e+10,2.214309580486570740e+10,2.101585385620137024e+10,2.157294786363959885e+10,2.112765092208121490e+10,3.192083169992870712e+10,2.191635149594594955e+10,2.550885486670722580e+10,2.130701021678474045e+10,2.120765295106150436e+10,2.139063284813982773e+10,2.192172138917506409e+10,2.607620635098062134e+10,2.371094762512742996e+10,2.374069391576163864e+10,2.127973546694296646e+10,2.729419141135032654e+10,2.362540467332501984e+10,2.625868857000884247e+10,2.756376401816186523e+10,2.476238826779474258e+10,2.291584019735815048e+10,2.782734247977114487e+10,2.626474390221786118e+10,2.082273437161307526e+10,2.098391424553882599e+10,2.519327017218849564e+10,3.062318331544092941e+10,2.434996787912920761e+10,2.451548734065417099e+10,2.556027226513996124e+10,3.262151577078507996e+10,3.361543877433198166e+10,3.044308217186481094e+10,2.101935765989995193e+10,2.207572919952359009e+10,2.499088261303190994e+10,2.619705661211613464e+10,3.265520491327212906e+10,2.393836837316473389e+10,2.615147803829789734e+10,2.279620556508597946e+10,2.596056065536399841e+10,2.656434710901873779e+10,2.645421328549695206e+10,2.876898028689010239e+10,3.369778159438315964e+10,2.247106819912964630e+10,3.676049384670957947e+10,4.418760568420369720e+10,2.243120179899264526e+10,2.916070115709753799e+10,1.986637389891281509e+10,2.603545082888826370e+10,1.997011393365152359e+10,2.190183352564156342e+10,1.565711763604521942e+10,1.862744021497098160e+10,2.444108418390673828e+10,3.185430264327930832e+10,2.456544846902436447e+10,2.144015137497573471e+10,2.259355153702576447e+10,2.107357493957542419e+10,2.668019240818534470e+10,2.115489119742676544e+10,2.153060475366481781e+10,2.344958237157870483e+10,2.815560789301025772e+10,2.435835724432106400e+10,2.533855115604108047e+10,2.382319230690083313e+10,2.379878351697378159e+10,2.813720149398762131e+10,2.198861636485773087e+10,2.568723334401253891e+10,2.110146228280397415e+10,2.181497730452731705e+10,1.614622133737732887e+10,2.121973650824352264e+10,2.273082868179530716e+10,2.195012180008387375e+10
1.913064787927387619e+10,2.166832633566569519e+10,2.273300188816191483e+10,1.957866469864222336e+10,2.534582891474703979e+10,1.491832882399313927e+10,2.287460741277859116e+10,1.924110581303187180e+10,1.930211369353384399e+10,2.809905494288135910e+10,2.199005013513673782e+10,2.320128843182784653e+10,2.354694655485405350e+10,3.363611712187887573e+10,1.662654267887954140e+10,1.854185514601677322e+10,3.160968397595062637e+10,2.079430425777965164e+10,2.854912584692824554e+10,2.559584532938293457e+10,2.547202342220459747e+10,2.397622681788370514e+10,2.365819624171597290e+10,2.219781360829878616e+10,1.729448807945021057e+10,1.915833753928683853e+10,1.982428355018999863e+10,2.302681140468930817e+10,3.062991497332119751e+10,3.162183403321495438e+10,2.860517954876123810e+10,2.421550285468994904e+10,2.619919052768076706e+10,4.109226946338146973e+10,2.883391143475965118e+10,2.078604589223100662e+10,2.637866940172418594e+10,3.170664083497179413e+10,2.247145336681714630e+10,2.807272772751095963e+10,2.204390950225962830e+10,2.389965047417193222e+10,2.668197119055165482e+10,2.842864346421615219e+10,2.368945398154718781e+10,2.210630293823667908e+10,2.152843051919306183e+10,2.344797603353593445e+10,2.301782597561824417e+10,2.032602513296391678e+10,3.318501930796624374e+10,2.256785725973747635e+10,1.978686846780736160e+10,2.526586206498575211e+10,2.913852336727855301e+10,3.037733794182696915e+10,2.145202441459339905e+10,2.437064076912391663e+10,2.805564248555203247e+10,3.664236103180843353e+10,2.250289575990377808e+10,2.972156298310717010e+10,3.260060603142129517e+10,3.419270842655989456e+10,3.212283927025968933e+10,2.379302280001898575e+10,2.041011908900578690e+10,2.248534067968069077e+10,2.493203695018752289e+10,3.008742378402314377e+10,2.389068274481008530e+10,2.116233606987514877e+10,2.564619210172730255e+10,2.772100004762711334e+10,2.078435190913542557e+10,3.072146994348486710e+10,2.316459487394477463e+10,2.021647183753605652e+10,1.929998297361657333e+10,2.446879793412952042e+10,2.081913902199876022e+10,1.879577088185107040e+10,1.921292650766507721e+10,2.447181711595776367e+10,1.896551731936338043e+10,2.093298941496649933e+10,2.093325827746680450e+10,2.189795603070322037e+10,2.398909576319292068e+10,2.100167509446332550e+10,1.872578643630654907e+10,2.554930707535039902e+10,2.272157285125353241e+10,1.777630617395531082e+10,2.033873465407820511e+10,2.642410157464730072e+10,1.895349788519414139e+10,2.066111702099957275e+10,2.472313783768854523e+10,1.525005627304262543e+10
2.166766765257075119e+10,2.279541960542533493e+10,2.315871550609067535e+10,2.028817879750493240e+10,1.970465485697109604e+10,2.683563640292236328e+10,2.096613791379061890e+10,2.377435068726235580e+10,2.275084246043986130e+10,2.757885750424530411e+10,2.046379119477859497e+10,2.981343893836964417e+10,1.898857605421965027e+10,2.308824828211729050e+10,2.103399752979397964e+10,1.936248357764213943e+10,2.862917340731270218e+10,2.644257354679861069e+10,2.091683213981988907e+10,2.392682650933636856e+10,2.247561848499752808e+10,3.282514965915341568e+10,2.294436918959951019e+10,2.261021459743141174e+10,2.629432120646119308e+10,2.338859768368564606e+10,2.767414035059733582e+10,2.516353875370305634e+10,2.353050991973463058e+10,2.336981173881661224e+10,3.027946044024587250e+10,2.719472424478489685e+10,2.826985842371905518e+10,2.609425062970104218e+10,3.253374256059440994e+10,2.829421639826973343e+10,2.436892378719449234e+10,2.257235591363430023e+10,2.196273807576277161e+10,2.582752508550397491e+10,2.093414376963261795e+10,2.641380643387101746e+10,2.456374309148216629e+10,2.087088109522130966e+10,2.513768948439110947e+10,3.046331916798926163e+10,2.887698597732839203e+10,2.289771647998074341e+10,2.710618786737135696e+10,2.572219011554962158e+10,2.747621262983971786e+10,1.992076504241363144e+10,1.829466170719749832e+10,4.251608827729421997e+10,2.335490581094928360e+10,2.151406798139441299e+10,2.824061273883591461e+10,2.686761565347931671e+10,2.255124270140766144e+10,2.440392759402308655e+10,2.774993060855889893e+10,2.827938271303429031e+10,2.224909361340807724e+10,3.128398538573481750e+10,2.723061675474392700e+10,2.142853138473332596e+10,2.854358254486964417e+10,2.678389622611177444e+10,2.531712478246318817e+10,2.187718515538776779e+10,2.177322172791390991e+10,2.395473458057852554e+10,1.965893382417950439e+10,2.635306891499429703e+10,2.095933029562137604e+10,2.007949506282700348e+10,2.685169227064469147e+10,3.183386065631184769e+10,2.051698888054955673e+10,2.645595187499935532e+10,2.066030344730409622e+10,2.274231372929969788e+10,2.389975578616095352e+10,2.357884801130696869e+10,1.998852461951115417e+10,1.914475331778356552e+10,2.915501837741793060e+10,2.015830293209074402e+10,2.018080159945232773e+10,2.400199580461229324e+10,2.473844610166788483e+10,2.429709491654300308e+10,1.881540209666294479e+10,1.739137441139491272e+10,2.185526506127547836e+10,2.305797964495761871e+10,2.094582606625533295e+10,2.495243795709383774e+10,2.442393236518526840e+10,1.544028008882572174e+10
1.927566745622914124e+10,2.794188324199408722e+10,1.875340708083962631e+10,1.598121811710552597e+10,2.450805837088632584e+10,2.554284824138236237e+10,2.394321332346983337e+10,2.015576961048027420e+10,2.655447243353405762e+10,1.677601592035564995e+10,2.674176302017272949e+10,2.576636179554266739e+10,2.124844261285003662e+10,2.551931326154150772e+10,1.765933015574004745e+10,1.866934773872838211e+10,2.057749075011739731e+10,2.891490302764898682e+10,2.717013042727265549e+10,3.284944540376442719e+10,1.887932564885408020e+10,2.042607989169141769e+10,2.456915904075380325e+10,2.905732359125274658e+10,2.143091321327531815e+10,2.653602995397037506e+10,2.329557353272330856e+10,2.424772631789038086e+10,2.392245418281142807e+10,3.102938983194001389e+10,2.371284446678796005e+10,2.826686059207382584e+10,2.724547231498930740e+10,2.602928920743208313e+10,3.162382194857820892e+10,3.202626596279939270e+10,2.280953029574205399e+10,3.079959571250636673e+10,2.659352195703590393e+10,2.266635075519400024e+10,3.671956668580133820e+10,2.451149315055020523e+10,4.004408609675101471e+10,1.938041876989859009e+10,2.213974054342654800e+10,2.436119662367804337e+10,2.189619392795825195e+10,2.451936844125984192e+10,1.718701086535131073e+10,2.500772396188294601e+10,2.139558199358457184e+10,2.401451455731495285e+10,2.751088062120412827e+10,2.448695544931061554e+10,2.784160652842797470e+10,2.254318219956166077e+10,2.943649116900071335e+10,2.648209238375111389e+10,1.889346442290330505e+10,2.566788731639792633e+10,2.503387533600999451e+10,2.585199745870662689e+10,2.639775731711284256e+10,2.624540852420379257e+10,2.127466273748545837e+10,2.491535638009495163e+10,2.843345230378720856e+10,2.993789955097589493e+10,2.473867009311374283e+10,2.121687690698772049e+10,2.615072970021683884e+10,1.921386131703170013e+10,2.469273060521838760e+10,2.628091738602630615e+10,2.602850570568458939e+10,2.297358203793444061e+10,4.062096140407966614e+10,2.179450522291110992e+10,2.397941474372335815e+10,3.109974215201528931e+10,2.573827699722963715e+10,3.251038708142029190e+10,2.925066060443573761e+10,2.768411655873249054e+10,2.436754132120416260e+10,2.661352357217758179e+10,2.947975401136785889e+10,2.147433479128615189e+10,2.557337117868074036e+10,2.113533203500009155e+10,1.845642358203709412e+10,2.297169255645153046e+10,2.448530283718201828e+10,1.827107031043943405e+10,3.404102472905047226e+10,2.028825674082740021e+10,1.921947610285491943e+10,1.904696801675378036e+10,2.317530016803746033e+10,2.384347992871385574e+10
1.843672386802795410e+10,2.413719160517565918e+10,2.627316030865681839e+10,2.180226819395472336e+10,2.138857721066887665e+10,2.635559366913700104e+10,2.301748720766281891e+10,2.466828201061123657e+10,2.094016501526191711e+10,2.158613727399374390e+10,2.750654498863387299e+10,2.266629955955953598e+10,2.817985883062226105e+10,2.331624402165704727e+10,3.794021491443716431e+10,2.547236832521082687e+10,1.998565159188430023e+10,2.504457584304942703e+10,2.421140520016235352e+10,2.318512716693777466e+10,2.302416741404319763e+10,2.202271172479983902e+10,2.784399418988798523e+10,2.807953251542461014e+10,2.426822251174147797e+10,3.171557455974456787e+10,2.235866177641037750e+10,2.614572210503483963e+10,2.334389884995585251e+10,2.697157505674217606e+10,2.411027198989472580e+10,2.344761066127930832e+10,2.952005187858617401e+10,2.631468622423372269e+10,2.611792751114982605e+10,2.644981356402207947e+10,2.343435765821192169e+10,2.183581887902176666e+10,2.977322610702190018e+10,2.553229375753831482e+10,2.724444280415614319e+10,2.143669380923307419e+10,2.455825261017935181e+10,2.340431764686083603e+10,2.787211882703355789e+10,2.320282891880656433e+10,3.517573850294078064e+10,2.330674743683438492e+10,2.002907643358586884e+10,1.889718774037990189e+10,2.551209613651717377e+10,2.319562906485646057e+10,2.614411441881216812e+10,2.382167338475762939e+10,2.608955785828507996e+10,2.412181832692135620e+10,2.923920178989848709e+10,2.597898650686133194e+10,2.326737738534483337e+10,3.231272555040907288e+10,2.956567589084570694e+10,2.517774793731661224e+10,2.014120677749766541e+10,3.138160806741046524e+10,2.669464116085274124e+10,2.740855969483473587e+10,3.192882854049359512e+10,3.436199984781957245e+10,4.123007584284026337e+10,2.584520675845273972e+10,2.136516872365602112e+10,2.458252870734038544e+10,2.903285337629859924e+10,2.262808917440937424e+10,2.223878515843177032e+10,2.600808686057350159e+10,4.474155119978601837e+10,2.136201141980855179e+10,2.456210502180466461e+10,2.416835740088142395e+10,2.418138063193254471e+10,1.999490454179074097e+10,2.263742041264953995e+10,3.144987514166740799e+10,2.638287544102534485e+10,2.170936905345893097e+10,2.215133295307934189e+10,1.980867720065620422e+10,3.035627993231185913e+10,2.068019567651727676e+10,3.413824873536103439e+10,1.782415260257099152e+10,1.719985702853172684e+10,2.071527581485684586e+10,1.991976166797010040e+10,1.792904486898690033e+10,2.196105220773044586e+10,1.880904124206212997e+10,2.139542510032909393e+10,1.971520706324610138e+10
2.341408227059132767e+10,2.374105854390518188e+10,2.167967968163283920e+10,2.620830647699075317e+10,2.165785050297517014e+10,2.654415158097587967e+10,2.454030555932191849e+10,1.978957224215340042e+10,2.520385745425217819e+10,2.822907383186521912e+10,2.361142617200273132e+10,3.444102808362454987e+10,3.158723551184771347e+10,2.296143609641975021e+10,2.103037261807420349e+10,2.865051396922211456e+10,2.219175009130693054e+10,2.782023911350240707e+10,2.498493759792607498e+10,3.095235025711757278e+10,2.611384473532129288e+10,2.951446824970382309e+10,2.542022902472766876e+10,2.830360803458050919e+10,2.347400154778055191e+10,2.257433352063899612e+10,4.152404488535612488e+10,2.337518907512695694e+10,1.672238609933214951e+10,2.596020767904721069e+10,2.901989909585033417e+10,3.397133256676300430e+10,4.298741282977073669e+10,2.773900498955342865e+10,2.896144420069293976e+10,2.748292292018187714e+10,2.663166837656840134e+10,2.847862152299518204e+10,2.542379091526393509e+10,2.308896413006686020e+10,3.088292363554959106e+10,2.812995316461845016e+10,1.830345996038035583e+10,2.667702307475962067e+10,2.401413541976956940e+10,2.568644113784368134e+10,3.116526478074262238e+10,2.841816253695040131e+10,2.110061528233088684e+10,2.547088442032019043e+10,2.295561619598180389e+10,1.899658437151932907e+10,2.760003175241314316e+10,2.367053094592673874e+10,2.559850076659460449e+10,2.417800093508457947e+10,3.536488057007105255e+10,2.634635539420267868e+10,2.039336153888085556e+10,2.317342169028322601e+10,2.519366394972721863e+10,3.016932233683325958e+10,2.562983760491231155e+10,2.065797552433516693e+10,3.114585424395608902e+10,3.050349588980184174e+10,4.154204576448167419e+10,2.956240653615291214e+10,2.693761453562930298e+10,3.575954131700200653e+10,2.991231395610462952e+10,2.951703765679602814e+10,2.810100229287390900e+10,3.110528447521693802e+10,2.751216048116913223e+10,2.095725597497724915e+10,2.196879094393357086e+10,2.161962317188424301e+10,2.425356464075441742e+10,2.616126908033961487e+10,2.367049629721487808e+10,2.313039563420128632e+10,2.549010751201725769e+10,2.396304173629555511e+10,1.995881577075708771e+10,4.626465257720835876e+10,2.031309508461610031e+10,2.499666258194353867e+10,2.023253924915232849e+10,2.845118746991918564e+10,2.159759574433707047e+10,2.182170269369580078e+10,2.404816581409629822e+10,2.485397075793706131e+10,2.130508911133066940e+10,1.815405630068254471e+10,2.402350609494515228e+10,2.528400067869086075e+10,3.624546585612150574e+10,1.750488339623153305e+10
1.851301026905367661e+10,1.866280726381026077e+10,1.961647795758483505e+10,2.306851945003428650e+10,1.844265038859527969e+10,1.958148625978722000e+10,2.243281870540711594e+10,2.677450927015367126e+10,2.296839340665043259e+10,2.428502637813336182e+10,2.660874691139737320e+10,2.552605428608840561e+10,2.881475933519107437e+10,2.893329946661135483e+10,2.830347214851939011e+10,2.165148600535628891e+10,1.998251689158676910e+10,2.286359801711315536e+10,2.310288507692206573e+10,2.937665137497255707e+10,2.608025557696796036e+10,2.326576236979464722e+10,2.515388956604416656e+10,2.468971860004764175e+10,2.270263079645234680e+10,2.605109172865901947e+10,2.460904773357708359e+10,2.944548674257736206e+10,2.691846737303386307e+10,2.834349127679026031e+10,2.506931497727000046e+10,2.819600906802179337e+10,2.974960892720310211e+10,2.768116719602349091e+10,2.268150871368682098e+10,2.381965577519056702e+10,3.644909972789138794e+10,3.736130387439324188e+10,2.197726576132257462e+10,2.745714698374803925e+10,2.914652963979040527e+10,2.029363853915264511e+10,3.539255343300115967e+10,3.019897199107491302e+10,2.251795762371733475e+10,3.090627496418922043e+10,2.345390997453307343e+10,2.282683702917213821e+10,2.113268847169266891e+10,2.200575840428671265e+10,3.050885853895864868e+10,3.345322801272523499e+10,2.466835508762406921e+10,2.414215664901911163e+10,3.893029987213063049e+10,2.446403344129162216e+10,2.769626135858602905e+10,2.434839692791017914e+10,2.515842099372390366e+10,2.541367418059217072e+10,2.473519860729744720e+10,1.991429123593976212e+10,2.311190913899551010e+10,2.951307072806348801e+10,2.891372113581928253e+10,2.749143449162213898e+10,2.400535727005351639e+10,2.862439983717977905e+10,2.576697126546109009e+10,2.707869483876656342e+10,2.770833107004256821e+10,2.623814329011701202e+10,3.151132899939078903e+10,2.253855388818115234e+10,2.612172213366087341e+10,3.642398410259555817e+10,2.959365187305685425e+10,3.283664502343248367e+10,1.927015298486878204e+10,2.709690510764907074e+10,2.297263476024258423e+10,2.741093794275457764e+10,2.071805902493783188e+10,2.370708383957081604e+10,3.024060050728104401e+10,2.330603483691791916e+10,2.023827995569747543e+10,2.166349070873339844e+10,1.814767719482184601e+10,2.376153646603001404e+10,2.564349250270168686e+10,2.383514191238710785e+10,2.190436280823846817e+10,2.005989524086878967e+10,1.870436140538459396e+10,1.874703634481575012e+10,2.064908900661906433e+10,3.125134133999789429e+10,1.893044679738417435e+10,2.096844448394957733e+10
2.109811494907794189e+10,2.415493474391206360e+10,2.163722691000091934e+10,2.262925580739429855e+10,2.243707260628269958e+10,2.265874738237883759e+10,1.866469337459998322e+10,2.328555337197608566e+10,2.472311737288913727e+10,2.226259963238926315e+10,2.986579881104718781e+10,2.423180783956863022e+10,2.544878770595554733e+10,2.413250163190322876e+10,2.143757029275822449e+10,2.248701253157860184e+10,2.579573975198139191e+10,2.439009547203428650e+10,3.123234818795493317e+10,2.616084873449882126e+10,2.773786293548774719e+10,2.382175800936962509e+10,2.597544243582321167e+10,3.584681436570239258e+10,2.699336240129483414e+10,2.450124665752219391e+10,3.177755339345133209e+10,2.618763992597997284e+10,2.904868631572723389e+10,3.283521639160525894e+10,2.378799835664245987e+10,2.518148261565719986e+10,2.632600713995298386e+10,2.548382593923242950e+10,2.134821281370833969e+10,2.634748997877983093e+10,2.912531315412292099e+10,2.439190860113774109e+10,3.130319115833668137e+10,2.634351487476783371e+10,1.926980707431979752e+10,2.717948793066713715e+10,2.560803341286307907e+10,3.569919175952030182e+10,2.321850803958943939e+10,2.347926393701813507e+10,2.198643500741703796e+10,3.154884649472513962e+10,2.469993026114029312e+10,2.145712384204170990e+10,2.167302218943782806e+10,2.657069309977824020e+10,2.481289163365537262e+10,2.197671708652052689e+10,3.514302587842944336e+10,2.357050259794016266e+10,2.608634671759911346e+10,3.404129951294102478e+10,2.897311064531804657e+10,2.736409015277287674e+10,3.398290645149984360e+10,3.063047828018912125e+10,2.630242439100251770e+10,2.732599301949073410e+10,2.507123539555222321e+10,2.700580902592501450e+10,3.314990224652518463e+10,2.944353847648689651e+10,2.891803359915148926e+10,2.788050959252690506e+10,2.032065093726584625e+10,2.398144026124105072e+10,2.679590650078106308e+10,2.305039266949961853e+10,3.366697739517346954e+10,2.720487334126694489e+10,2.184602976600045776e+10,2.522301520001625824e+10,2.758941592424975967e+10,2.516920913639138794e+10,2.212990535364480972e+10,2.730168177732209396e+10,2.196345471071874619e+10,2.102952326185462189e+10,2.486879195843541718e+10,2.404872621060219955e+10,2.166424918878649521e+10,2.483261134090257645e+10,1.995569584945255661e+10,2.110203844548837662e+10,2.526283531843841934e+10,2.367036438671214676e+10,2.904888860475556946e+10,2.461918405458388138e+10,1.804260132442084122e+10,2.511401104868534470e+10,1.943567667346591568e+10,3.457980988386364746e+10,2.615255125396211243e+10,1.849894957751042175e+10
1.793664944869148254e+10,1.437438475585447693e+10,2.455469065118677139e+10,2.229150108098337936e+10,4.575507243368310547e+10,2.471030604894412994e+10,2.114451463861298752e+10,2.048561214982308578e+10,1.956931938566286087e+10,3.062962156525567627e+10,2.869052026364942932e+10,2.829919944509392166e+10,2.511689079259832001e+10,2.210079484158197021e+10,2.664215806941823578e+10,2.179664781678146362e+10,3.380715351233546448e+10,2.470511616776181412e+10,3.716273536644739532e+10,2.035093826659235001e+10,3.422653280563634872e+10,2.776303977309360123e+10,2.628675336686735153e+10,1.938745787130866241e+10,2.776086966684843445e+10,2.120773398478253937e+10,2.878874075403404999e+10,2.615884538625925064e+10,2.759821802392613983e+10,2.230718453640593719e+10,2.723145807918294144e+10,2.775340055368519211e+10,2.612934869565356827e+10,2.566996094728962326e+10,2.523565901136086273e+10,3.771252828724147034e+10,2.234869666231705856e+10,2.910724094676029968e+10,2.496064744280842209e+10,3.706160314750190735e+10,2.979521542950170517e+10,3.032947322451453781e+10,2.734066689698490906e+10,2.481948671875690842e+10,2.150837693716009521e+10,3.018410657695732498e+10,2.247548917629549789e+10,2.021584762529227448e+10,2.101684349791358948e+10,2.338390163969183731e+10,2.308850261733841705e+10,2.712252905172232819e+10,2.567810061350063705e+10,2.231974750685712814e+10,2.209383228924074936e+10,2.434436450329862213e+10,2.636723158293473434e+10,3.707833272569755554e+10,2.424113198152199554e+10,2.004134216130521774e+10,2.192628736364896011e+10,3.127835837924809647e+10,2.421445760865899658e+10,2.691605241172417068e+10,3.248736592048293686e+10,2.646640529728623962e+10,3.701254806523147583e+10,2.902001840317449188e+10,3.703745690245870972e+10,3.005179455444141769e+10,2.358202052773693466e+10,2.286964239079748535e+10,2.913656534418906403e+10,2.421486291862222672e+10,2.636737029588642883e+10,2.545284433428630447e+10,4.397776343159027863e+10,3.243799120494713593e+10,2.539352497154694748e+10,2.368735324050578690e+10,2.154985786037736511e+10,2.405335970949758148e+10,2.224366093042427444e+10,2.128222815376514816e+10,2.866379974900623703e+10,2.658705307619270706e+10,2.527339444691497421e+10,3.706596342517177582e+10,2.175571663863497925e+10,2.467424737921533203e+10,1.887329495409506989e+10,2.555208092342664719e+10,3.074890348980485535e+10,2.268216304427228546e+10,2.730819467561134720e+10,2.007747840723998642e+10,2.035109409734236526e+10,2.265711016024241638e+10,2.154758911425948715e+10,2.954248556731539917e+10
2.274963169053112793e+10,2.151865523391952896e+10,2.136799839528445816e+10,2.086515458110657501e+10,2.637325356483407593e+10,2.438331551154595184e+10,3.079333655507570648e+10,2.321676672770862579e+10,2.306688943094736862e+10,2.148158898362813568e+10,3.071142054067285156e+10,2.816300003942935562e+10,3.027618408797079468e+10,2.498983128649790955e+10,3.074893115023093414e+10,2.262097412313469696e+10,3.129905679261878204e+10,2.682831781037948990e+10,2.858967316095138168e+10,2.716188707535778809e+10,2.252353419506925964e+10,2.857814544939097595e+10,3.601302772806363678e+10,2.655841882877457428e+10,2.527251340202620697e+10,3.706704748476153564e+10,2.795669728456504059e+10,2.856673540261154175e+10,2.525439727343331146e+10,3.108347121521193314e+10,3.258951574755543137e+10,3.549597591910594940e+10,2.796371416439393616e+10,2.591016718280894089e+10,3.389733094987139130e+10,3.088135878777964783e+10,2.430593146446793365e+10,3.051138040698651505e+10,2.465255739819427490e+10,3.004031238781605530e+10,2.629065912352484894e+10,3.126269352592933273e+10,3.169875392277360535e+10,2.737523088828414154e+10,2.191779205592627716e+10,2.997152211033802414e+10,2.328907673702053833e+10,2.310850095551810455e+10,2.547987046255575943e+10,3.192362068570779800e+10,2.234957141375157166e+10,2.643797745110557175e+10,3.119052061861787796e+10,4.007045562899563599e+10,3.142600762183636856e+10,2.569385996758116150e+10,3.037862312023039246e+10,2.323714848799913406e+10,2.299041845112248230e+10,2.407431587027054977e+10,2.983554254780387497e+10,2.729676016517138290e+10,2.921451152271841812e+10,2.744603997767163467e+10,2.949048337202741241e+10,2.600383949381887436e+10,3.436116120484214783e+10,2.800691554314190674e+10,3.478011661081632996e+10,3.602824064144109344e+10,2.650966496664521027e+10,2.329883593759634399e+10,3.678308929713864136e+10,2.382276724739227295e+10,2.199420748993141174e+10,2.442134694793204498e+10,2.937205402488376617e+10,2.817537992445051956e+10,2.707699618541479111e+10,2.316396556437951660e+10,2.075095697365250015e+10,3.066555738933312225e+10,2.809005040643476486e+10,1.945977084556153870e+10,2.287200479461943436e+10,2.643775471142752838e+10,1.942759850716480255e+10,2.413136452940670776e+10,2.388714692344723511e+10,2.667130702841392136e+10,2.004095239861694717e+10,2.414610693621389008e+10,2.092945245088577652e+10,2.032273517556669617e+10,3.984238159935262299e+10,2.150449516029546356e+10,2.168597980045435715e+10,2.564377961936021042e+10,2.125702999896460724e+10,2.104334248025780106e+10
2.376987806253092957e+10,2.397887727170715332e+10,1.935486346406599045e+10,2.111631156740695572e+10,2.384024160620019150e+10,2.091920391195048523e+10,2.478497821627628708e+10,2.736123690622627640e+10,2.573601065376207352e+10,2.088344797251917648e+10,2.972451204318215942e+10,2.186012114346306610e+10,2.519595833007138824e+10,2.914091733287742996e+10,2.853774848013411331e+10,2.871216843267714691e+10,2.561102554240798569e+10,2.696618157071235657e+10,2.364158909938269043e+10,2.474427836798889542e+10,3.088846692755565643e+10,3.235471865765644073e+10,2.934771976333221054e+10,2.232973099426456070e+10,2.154904988552056885e+10,2.735575059389545822e+10,2.545143429458933640e+10,2.165441320494043732e+10,3.202184472556163025e+10,3.046613558729426956e+10,4.105065093218515015e+10,2.458003319821668625e+10,2.517388055714517212e+10,2.584876945044075394e+10,2.901654250138077927e+10,2.500114025067795944e+10,3.406183261337446976e+10,2.413949195254927444e+10,2.659827527073930740e+10,3.405283623843259048e+10,3.103487045777834320e+10,2.779279730806269836e+10,3.179735842095654297e+10,2.399012903240169907e+10,3.224153161320240021e+10,3.060606457348292542e+10,2.434447239943740082e+10,2.564554968648894882e+10,2.751364470642861176e+10,2.497934876191603088e+10,2.824180145818613052e+10,2.972091275407582474e+10,2.383558802424778748e+10,3.358269084116925049e+10,1.944689736539773178e+10,2.343611518799127579e+10,2.622489935603591537e+10,2.214193072666538620e+10,2.149913622337250137e+10,2.394817988821761703e+10,2.734171569266602325e+10,3.693119336682620239e+10,2.628381573130414581e+10,2.518302762053866196e+10,3.263373115698530960e+10,2.555953954054742432e+10,2.280692644341407394e+10,2.586792866526551819e+10,3.577986277525456238e+10,3.189557808799788284e+10,2.946395811186130142e+10,3.150527401542812729e+10,3.247701689964893341e+10,3.548137237049810791e+10,3.800050305731041718e+10,3.444198373284826660e+10,2.600988500846852875e+10,2.579235294653963852e+10,2.862971237649361420e+10,2.505604452730104446e+10,2.952571865070074463e+10,2.761860826217132187e+10,2.843765524254760742e+10,2.117345867008503723e+10,2.305182542485174561e+10,2.533154167573792267e+10,2.817409333880310059e+10,2.715487759380100632e+10,2.152311626030079651e+10,3.185153908825819016e+10,2.567216314157305527e+10,3.156919759540660095e+10,2.186233562053038788e+10,2.347916035526025009e+10,2.584245365958454514e+10,2.850932205890326691e+10,2.598610467099494171e+10,1.832246374752759933e+10,2.579214758588646317e+10,2.309532258099042892e+10
3.230267925273400497e+10,2.368221737349111938e+10,2.118301587057101822e+10,1.989633006121906281e+10,2.457779744933708954e+10,2.804410720881901932e+10,2.618071458305498505e+10,3.022939307446306610e+10,2.257907236995679092e+10,3.138748008995922089e+10,2.875268525003831100e+10,2.431255990247904968e+10,2.889000950755947495e+10,3.845930752888209534e+10,3.266540662976264954e+10,2.496044668259086227e+10,2.492462306153605270e+10,2.567760455989352036e+10,2.650513605188772583e+10,2.822756791051136780e+10,3.190837120192994308e+10,2.923419401816122818e+10,3.061325419548968124e+10,2.693487049888604736e+10,2.670284134314120483e+10,2.732553672252920532e+10,2.931960823768915558e+10,2.887797017634514236e+10,2.950426294760110855e+10,3.042930692157424545e+10,3.067306169282797241e+10,2.894899759513550186e+10,2.641512539670119858e+10,2.488156971797104645e+10,2.576014908550917435e+10,2.535927267553464890e+10,3.570959023140814209e+10,2.675335250031287003e+10,2.607892722525581360e+10,3.809767689760664368e+10,2.758380520047194290e+10,2.531696976876980972e+10,2.957643193318410873e+10,2.569534290225984192e+10,2.376752856747034073e+10,2.241208691246772003e+10,2.474059203575573730e+10,3.361474122084329224e+10,2.590693164584556198e+10,2.502887396614979172e+10,2.686384574328910065e+10,2.907755016453245163e+10,2.446888644858520126e+10,3.148144370987084198e+10,3.248421700525224686e+10,2.731068264994766998e+10,2.855929625197465515e+10,2.497030062285883331e+10,2.673183446066411972e+10,2.930535784167065430e+10,2.726074691029668045e+10,3.142282491289472198e+10,3.048562459690911102e+10,2.739016274505887604e+10,2.821119909819840240e+10,2.640944704490596771e+10,2.943228638736423874e+10,3.097621732004204559e+10,3.498056094790159607e+10,2.938312036626334763e+10,3.104547668723614120e+10,2.683340157886844254e+10,2.626508699451527023e+10,2.929585803633347321e+10,3.512338643156236267e+10,3.851482049985204315e+10,3.495795764891563416e+10,2.586133184328750992e+10,3.920032290248703003e+10,3.253032728209728241e+10,2.872970602925940704e+10,2.654996849604093170e+10,3.549761052464208984e+10,2.419919408001100540e+10,2.029056256600553894e+10,3.154590357579770279e+10,2.656263665768056107e+10,2.356577145333860779e+10,2.007999531430689240e+10,2.902952938557039261e+10,2.008575852519076538e+10,3.065256654121566391e+10,2.502690504100149536e+10,2.070650620762951660e+10,2.529152233531872559e+10,2.491151366048413849e+10,2.156997980101453781e+10,2.553164960235572433e+10,2.328853720949909592e+10,2.269107486074029541e+10
2.302949760771281433e+10,2.624485796303671265e+10,2.679158364924592209e+10,2.548488608576477814e+10,2.961294495009039688e+10,2.826697205477277374e+10,2.766910121887420273e+10,2.853381829153984833e+10,2.799909404032373810e+10,2.257225435255234146e+10,2.433600794057640839e+10,2.563245374785031128e+10,2.889641531467586136e+10,3.359322268964846039e+10,2.539213453288729858e+10,3.754989727163061523e+10,4.000731936239067078e+10,2.778492193445735550e+10,2.863874768258097076e+10,2.580690497339313126e+10,2.997968736454137039e+10,3.030024310040663910e+10,3.771937957188494873e+10,3.254796933320837784e+10,3.525295751524546814e+10,2.794153399576930618e+10,2.613818831377941132e+10,3.526419378015420532e+10,3.526570444142664337e+10,3.422800866976029587e+10,3.230086427137578201e+10,2.742238801123768997e+10,3.811231136328049469e+10,2.864074135819357300e+10,2.622812538925165176e+10,2.788635026117143250e+10,2.510820707496452332e+10,3.093745657508119583e+10,2.700247311009259796e+10,3.096948880766045380e+10,3.327906483013911057e+10,2.809946264693138123e+10,3.347187665340608215e+10,3.448529661431562805e+10,2.790047248446118546e+10,2.767287803644482803e+10,2.362118951396255112e+10,3.264531857102545166e+10,2.913648857192083359e+10,3.331743166786658478e+10,2.144410941362636185e+10,3.268927417330039978e+10,2.888970449395129395e+10,2.628593878001807022e+10,2.611799153739151382e+10,2.994170314702449799e+10,3.071896598543953323e+10,2.246494166367572403e+10,2.059414442851683426e+10,2.622995791887605286e+10,3.453785910097596741e+10,2.800544536683125687e+10,3.512124326890469360e+10,2.434766599011532211e+10,2.899599178395567703e+10,2.501122929785886002e+10,2.981804449196154404e+10,3.103058776410395432e+10,2.965632826334854126e+10,3.213602758298584747e+10,2.769185174608591843e+10,2.399554306679447556e+10,3.043999968057212448e+10,3.980537888625685120e+10,2.812009337013781738e+10,3.177280632872457123e+10,3.019670349196215057e+10,3.281158392451935959e+10,2.769172588313177490e+10,2.812909064572938156e+10,2.950529694680871964e+10,3.077351686575483704e+10,2.862804389561366272e+10,3.009729898802585602e+10,5.133057037552513123e+10,2.711607289066116714e+10,5.319117746783169556e+10,2.971148686764587021e+10,2.502036491631511307e+10,3.048410316592644119e+10,2.384281250601841354e+10,3.170243493356892014e+10,3.725848426171996307e+10,3.419658184244052505e+10,2.137676020951699448e+10,2.205326749032760239e+10,2.688579484425392151e+10,2.293267926009495163e+10,2.446884539628055573e+10,1.929102438330269623e+10
1.955206482846191025e+10,1.778464919221153259e+10,2.212718846045840454e+10,2.563444824489429474e+10,3.070279792917335129e+10,2.558250113377562332e+10,2.222024513600874710e+10,2.334128103590387344e+10,2.478627118172405624e+10,2.725505072261980057e+10,2.819048277284790039e+10,2.784176936494897842e+10,2.718488472061768341e+10,2.175118854649058533e+10,2.765633322027031708e+10,2.936458558690896606e+10,3.163914088810709000e+10,2.594025413362923813e+10,3.506534757484875488e+10,3.624127215281126404e+10,4.156038568656424713e+10,4.304947254285953522e+10,2.170057227507444382e+10,2.432045379244197464e+10,3.532665992673692322e+10,3.138307350223439789e+10,2.973677729845129395e+10,2.511776600264195633e+10,3.512060979553527069e+10,3.713726660895024109e+10,2.930921362943487549e+10,2.446686015262270355e+10,3.263129419600461197e+10,3.005889797359988403e+10,3.554211540476640320e+10,2.873224885058083725e+10,2.985136721932664871e+10,2.978229740437998962e+10,2.932794667088161850e+10,3.014474989147378540e+10,4.016268937530055237e+10,2.078767359036022186e+10,3.044157080402377701e+10,3.758406455235971069e+10,2.513328293428075409e+10,2.751192091918377304e+10,2.316452837992639160e+10,2.951171645941482162e+10,2.842747570826085663e+10,2.979733326958422852e+10,2.501942313777515411e+10,3.020720567977803040e+10,2.602300829579024506e+10,2.654308756323345184e+10,2.804871140068125534e+10,2.281457506046759033e+10,2.603426934794307709e+10,2.620255441675089645e+10,2.633735954922249603e+10,2.664377947647814560e+10,2.612535338182475281e+10,2.590262778701309204e+10,2.540639663784152603e+10,2.584364839873850250e+10,2.426043980581293869e+10,2.454966030797122574e+10,3.414320134803245544e+10,3.387226257981821442e+10,3.052898846286273193e+10,2.484831200056942368e+10,3.673151440251020813e+10,3.656838497590984344e+10,3.453209780866561890e+10,3.143805566618237686e+10,3.870624496722409058e+10,3.423423991628168869e+10,3.053990462312725830e+10,2.824010879464408493e+10,2.393638569352149963e+10,2.802957370609994507e+10,3.920772555843634796e+10,2.941241676797627640e+10,2.642236203470109558e+10,3.545556413461145782e+10,2.615680687325218201e+10,3.313524320309338760e+10,2.909643413871028900e+10,2.216459159509588623e+10,2.488108463356079483e+10,2.633603674412336731e+10,2.622684390019957733e+10,2.489399097088668442e+10,2.301300580969744110e+10,3.459813725914395142e+10,2.958599476425035477e+10,3.781559759728137207e+10,1.874998871643167877e+10,1.840406395839120865e+10,1.998680677194285583e+10,2.300504122043393707e+10
2.460763038862422943e+10,2.413766892988228989e+10,2.077874804538946915e+10,3.922105436774133301e+10,2.078787272370118332e+10,2.785134633460822678e+10,2.563605941588414001e+10,2.947478426906029129e+10,2.378679219896129608e+10,3.160435256718915176e+10,3.045922891245526505e+10,3.427895220053180695e+10,3.653809616930332184e+10,2.790526204598485947e+10,3.059987212525657272e+10,4.654711508318984985e+10,2.833881578406428146e+10,3.996926639515367889e+10,2.101607741623804092e+10,2.483911122793628311e+10,4.007451064222731781e+10,3.702654376390081024e+10,3.086191343403341293e+10,3.661040673033240509e+10,2.764949778073958588e+10,2.818207739592373657e+10,4.374848215793483734e+10,4.802292690013722992e+10,3.330076751207607651e+10,4.354644326582466125e+10,2.377663211840856171e+10,2.886760851734737015e+10,2.933191166051242828e+10,2.481474513280901337e+10,3.616066053304558563e+10,2.308272488453813553e+10,2.167340305845500565e+10,2.618423725682267761e+10,2.872665362534416580e+10,3.109253961639205551e+10,2.307914082955930328e+10,3.138462614597864914e+10,3.510287781899141693e+10,2.198130310690098190e+10,2.423811307111030960e+10,3.418961107164486313e+10,3.105188721762663651e+10,3.111689918945563126e+10,3.210216106879858017e+10,3.260983349051828003e+10,2.951099430389074326e+10,3.009668462588818359e+10,2.808966506988358307e+10,3.509310661669703674e+10,2.745967087445128250e+10,3.366242960423595428e+10,2.728757872038266754e+10,3.295911513426824951e+10,3.001851042429190826e+10,2.828353268287660599e+10,3.135151461157860947e+10,2.888848685512782288e+10,4.350841003564058685e+10,2.776190092439466858e+10,2.421188090948058701e+10,3.046164860659809875e+10,2.992546250790189362e+10,2.912252583437296295e+10,3.840661211508881378e+10,3.306514315850920868e+10,2.803490858774456406e+10,3.277665535543950653e+10,3.994461642463401794e+10,3.778238177735176849e+10,3.499847813105432892e+10,3.133852024507788086e+10,2.865388860123609543e+10,3.032353813233934784e+10,3.785698343042850494e+10,4.528694642456273651e+10,3.284989548766095352e+10,2.883580069759073257e+10,3.044399048333310318e+10,2.757109486619670105e+10,4.053495878868471527e+10,3.027735451480895615e+10,2.656285499459428406e+10,2.932407813125413132e+10,2.715388299746579361e+10,2.813817115038404465e+10,3.021744954251517105e+10,2.423467368581901932e+10,2.320859577709302902e+10,2.294919328899901581e+10,2.264323205253099060e+10,2.246393759301491928e+10,2.190207662246450806e+10,2.309225081171430206e+10,2.585046692078406143e+10,2.947605231571816635e+10
2.265036738588187027e+10,2.273233912820543289e+10,2.598746469717495728e+10,2.351469139703119659e+10,3.580044166691522980e+10,2.366621561158157349e+10,2.241852729970963287e+10,2.609697254825270462e+10,2.400318385264484406e+10,2.300730203703794479e+10,2.762360138766287613e+10,3.248665048976597977e+10,2.280885914656731796e+10,3.404884821133538818e+10,2.547114316292588425e+10,3.298710898780701065e+10,3.160969456957729721e+10,3.120450915684847260e+10,3.083612993990713882e+10,3.001417540729616547e+10,2.788695662767741013e+10,3.100366835309374237e+10,3.774872478696443176e+10,3.144601042504134750e+10,3.778790719590045929e+10,2.455848518825416183e+10,2.745340505903178787e+10,3.819511593121221161e+10,3.744556632024940491e+10,3.579449383173078156e+10,3.265412114009018326e+10,4.187025389728186035e+10,4.217061281589688110e+10,2.632542387941648483e+10,2.871897329900917053e+10,2.570253564151034546e+10,2.736951367495368576e+10,3.307654014928613281e+10,5.182874910185893250e+10,2.828771349552130127e+10,2.822030594606970215e+10,3.338597609188606262e+10,2.307360175242590332e+10,2.207720402024865341e+10,2.951839602267700195e+10,3.728069986469034576e+10,2.409115738744804382e+10,2.742457089758716202e+10,3.050631691565748215e+10,2.853833842673549652e+10,2.617574498072581100e+10,2.895157252775894547e+10,2.899233071229910660e+10,2.467357921108693314e+10,3.229937792054434967e+10,3.431313759559580231e+10,2.598820302786705780e+10,2.795772722461075211e+10,4.043571244784519958e+10,3.310747662932641220e+10,3.266957889967456055e+10,2.924156326134226227e+10,3.043884554276853943e+10,2.722741280864662170e+10,4.137083096539050293e+10,2.886668161463767242e+10,3.445904409463542938e+10,2.514300898528113937e+10,3.505723612516411591e+10,3.908464109959512329e+10,3.581970572825560760e+10,2.970266600425394440e+10,3.457005592925483704e+10,3.675007586089627838e+10,3.111713091609768295e+10,3.022887409951776886e+10,3.499273557251993561e+10,2.832761369142596817e+10,2.866423227028675842e+10,3.836419293004182434e+10,3.524469041636778259e+10,2.527312989185245895e+10,3.390743844868088531e+10,3.385580794586008453e+10,3.262493456088276672e+10,2.588151862374389267e+10,3.120499719734766388e+10,2.431521634635874176e+10,2.225719062582947922e+10,2.968451517957086945e+10,2.169528148940073395e+10,2.524018172816209030e+10,2.248242402522624207e+10,2.902747116123785019e+10,2.723511734739860153e+10,2.128199080934168243e+10,2.578097585842742538e+10,1.989334572334709167e+10,2.037506789863428497e+10,2.699247040325043488e+10
2.188648893113910294e+10,1.945009979794172668e+10,2.514681878010121155e+10,2.237430803522652817e+10,2.888833461522562790e+10,2.883309552269743729e+10,3.172065479409996033e+10,2.613279930640161133e+10,2.601445370930205536e+10,3.198868075877815628e+10,3.016135924581143570e+10,3.227794272268249512e+10,2.973457438759485245e+10,3.123456604697218704e+10,2.699974334862766647e+10,2.767279427709294128e+10,2.538581264353877258e+10,2.657586755703488159e+10,2.335234904812457657e+10,3.268664149226263046e+10,2.838808016276141357e+10,3.096527216454773331e+10,3.937222827878799438e+10,3.093359636015286636e+10,2.862558094198476791e+10,2.615138289020637512e+10,3.563130558779795837e+10,3.712281577463626099e+10,3.105933426927775574e+10,2.816197736255639648e+10,2.674729969706766129e+10,5.285814786756580353e+10,4.349667362962643433e+10,2.975959963215241241e+10,3.166484123280120468e+10,4.204698221841600037e+10,3.115157180854941177e+10,3.295664966973517227e+10,2.681177557295496368e+10,3.192020245634807587e+10,2.814000281329629517e+10,3.069164133680677032e+10,3.519367607215614319e+10,2.344810793980158234e+10,4.623029865498712921e+10,3.301357825492090988e+10,5.143566735893842316e+10,3.628103843033245850e+10,2.565139262059233856e+10,2.213840856307686234e+10,3.919625986663481903e+10,2.828485986390046310e+10,2.693370721210815430e+10,2.749245679144022369e+10,3.510161787495253754e+10,3.276400185033615875e+10,2.681834904303930664e+10,3.695237404237365723e+10,3.978061495528655243e+10,3.037158773594836426e+10,3.011697564265315628e+10,2.097145274241937256e+10,3.137283794874628448e+10,2.505620702972296524e+10,3.906234560625356293e+10,2.889355751582841492e+10,4.712468750368071747e+10,2.801337382959869385e+10,3.453723765597277069e+10,4.047635849380731201e+10,3.585148131763610077e+10,3.821701788193990326e+10,3.184168375642704773e+10,3.576951158302185822e+10,3.096372844407711792e+10,3.633812016932220459e+10,3.107689685805895615e+10,3.137963403797299194e+10,3.357490678729090881e+10,2.404153513872576904e+10,2.741423014210317993e+10,3.948878792538429260e+10,3.368742389583163834e+10,2.680719400961671448e+10,2.602957316780538177e+10,2.671154074260262680e+10,2.571247989794929123e+10,3.229338086965946579e+10,3.043436165940484238e+10,2.014015107551805496e+10,3.371465857066747665e+10,2.384132794703226089e+10,2.821653750666508484e+10,2.901383238268788528e+10,2.612742446649020767e+10,2.912204370451754761e+10,2.054237715278561401e+10,3.811212245576092529e+10,2.824425224510848618e+10,1.755493581248708344e+10
2.749685656915081787e+10,2.830065934945853043e+10,2.828024136016786194e+10,2.519413150824060822e+10,3.036627669886399460e+10,2.198965386073090744e+10,2.455549102128004456e+10,2.461676152602165604e+10,2.956439614852336121e+10,2.750765252488884354e+10,3.716054831757666779e+10,2.310633195036677933e+10,3.317014071729871750e+10,2.976610759879425049e+10,2.849626474179548645e+10,3.874794367462632751e+10,2.851503919609452438e+10,2.912984842041552353e+10,3.365619367788660431e+10,4.037455855676655579e+10,3.551681281634289551e+10,3.882616083808740234e+10,3.886985027178546906e+10,4.079607696308972931e+10,3.757796897036128998e+10,3.436798880545268250e+10,4.262248037951541138e+10,5.081317391550196838e+10,2.820530823088484573e+10,3.896176087683584595e+10,3.087175014750942230e+10,3.203797433204341888e+10,3.623675106195934296e+10,3.142985035643624115e+10,4.472375451615985107e+10,2.997029446801120758e+10,2.622495039122990036e+10,2.516579338087779617e+10,3.134143460974796295e+10,3.721504266527533722e+10,3.239321168757305908e+10,2.783628572197692490e+10,2.223949460831847000e+10,2.378252496777626419e+10,3.274003755638735580e+10,4.092645598132077789e+10,2.525743410121331024e+10,2.143624734603892899e+10,2.575816822934144974e+10,3.140349508415541458e+10,3.593718305302028656e+10,2.291208081278275681e+10,3.493280275699964142e+10,2.899332812514243698e+10,4.719771422192669678e+10,3.142400869840784454e+10,4.563446608413243866e+10,2.979901868232874680e+10,3.081683480515499115e+10,3.651818614307931519e+10,2.867889710895523453e+10,3.439123720039020538e+10,2.847098506330541229e+10,2.845338381231893921e+10,3.292933455919175339e+10,3.008948069902663803e+10,3.202901557098237610e+10,3.995835922067873383e+10,3.940359495129705811e+10,3.584112364221662903e+10,3.409449660048805237e+10,4.469817163386052704e+10,3.437065757150348663e+10,3.346268311685079575e+10,3.487390989955783081e+10,3.975448485732220459e+10,2.467036205202872849e+10,4.263439365343991089e+10,3.000283504953001404e+10,2.919131108350828552e+10,2.997001454748555374e+10,2.894965551448551559e+10,4.628262283931440735e+10,2.547357376731932831e+10,4.175951855415259552e+10,2.377187327525957489e+10,2.328864177322510147e+10,3.797490640704294586e+10,2.880410990567553711e+10,2.486827825526931381e+10,2.348521352032035065e+10,3.020992940432414627e+10,2.410889680659423828e+10,2.568188960329959869e+10,3.451910604333827972e+10,2.670704209635599518e+10,1.960951984183568954e+10,2.225883186090885544e+10,1.706286482228783417e+10,2.505139904533922577e+10
2.186131645452243805e+10,2.446889289295789719e+10,2.301700069302127457e+10,2.167685621774164581e+10,3.017761776723426056e+10,2.849528894427770615e+10,2.182243733163814545e+10,2.908048066425671005e+10,2.690462616287948990e+10,2.424859281516760254e+10,5.029695355034185028e+10,2.779327187240097427e+10,3.223987894680087280e+10,2.838651841924707794e+10,2.530786725474817276e+10,2.964564291806691742e+10,3.544061579268711853e+10,3.342427422727182007e+10,3.917009840146701050e+10,3.796215415271547699e+10,4.010454636583039856e+10,3.248249303364642715e+10,5.200434275382026672e+10,4.598601501642896271e+10,3.356991713020625687e+10,3.797626607633059692e+10,3.675633443327632904e+10,4.170681783421205902e+10,3.569917184042878723e+10,3.934178847914952087e+10,3.424262538063923264e+10,2.979846284227633286e+10,3.311027634346405411e+10,2.837130903621198654e+10,2.778355687571017075e+10,2.544207395612443161e+10,2.929129222875212097e+10,4.882434289376551056e+10,3.503067968753780365e+10,3.762804247512882996e+10,2.708787256901994324e+10,2.236165202245551682e+10,3.052687030402748871e+10,2.694687069940028000e+10,2.965134977663404465e+10,2.912374190249975204e+10,2.918740670162517929e+10,3.230852759753888702e+10,3.101782035490202332e+10,2.275596294336304092e+10,4.008668046774179840e+10,3.418428559418762207e+10,3.519626069562821198e+10,2.706239722337738800e+10,2.862383817589350891e+10,4.588065731995533752e+10,2.807397563127994156e+10,3.677392456319547272e+10,2.559194082468931198e+10,4.169520248932829285e+10,4.405407318498373413e+10,2.772145379923724747e+10,2.919847149908965302e+10,3.251531519624890900e+10,2.700427626905698013e+10,3.458181561034537506e+10,2.625210257499135971e+10,3.749134843398829651e+10,3.976933247239612579e+10,4.616426185643366241e+10,3.755118416567852020e+10,4.504488374136370087e+10,4.197339884480573273e+10,4.111537104551847076e+10,5.386369470566589355e+10,3.548337874560045624e+10,3.493344125627798462e+10,3.287860814846224976e+10,3.090702251210882950e+10,3.869874818609307098e+10,3.322894577048740768e+10,3.570190870776303864e+10,3.791383605732702637e+10,2.869159276897861862e+10,2.727065653344999695e+10,2.961605800563866425e+10,3.216843108532863998e+10,3.117538610588209915e+10,2.469979196061338043e+10,3.367646408242345047e+10,4.400344791699703979e+10,1.966986756700253296e+10,2.824791473531167221e+10,2.391304935572594833e+10,3.885601033376335144e+10,2.916077348043704224e+10,2.872319696378887939e+10,4.497921106905126190e+10,2.219170783414824677e+10,2.121415292579237366e+10
2.815193599977585602e+10,3.513119950461280060e+10,3.157112525924641037e+10,2.338097921146711731e+10,3.293407007544676590e+10,2.693376858812210083e+10,2.927701291418626785e+10,3.336215026920419693e+10,2.537786655550587082e+10,3.410740430374664688e+10,2.602814789100691605e+10,2.632758368207774353e+10,3.153158408278609467e+10,3.793862691410764313e+10,4.221534664506873322e+10,3.911211084076634216e+10,2.774808498185204697e+10,3.662412635275049591e+10,3.615805258667271423e+10,4.652349579363165283e+10,3.555634803679456329e+10,4.557739146654106903e+10,3.233261056168832016e+10,3.754172898328218079e+10,4.929460787940428925e+10,3.916602375589628601e+10,4.004035608057286072e+10,4.086756693437934875e+10,3.478625109743790436e+10,3.456562076223565674e+10,2.840680026432696915e+10,4.689615426682811737e+10,3.751933073238880920e+10,2.938067231568318939e+10,3.676897180503982544e+10,4.193586505196479797e+10,4.267925673590277100e+10,3.282693498212974930e+10,2.656948880661798859e+10,2.524242029427204514e+10,3.602072965896961975e+10,2.338344208273875046e+10,3.056624781595246887e+10,2.695153317590513229e+10,3.039980092039261246e+10,3.137633679957794952e+10,3.607789685067379761e+10,2.694755616162470627e+10,2.826014508718337631e+10,2.415626527037066650e+10,2.587510362899082565e+10,3.445165993565608978e+10,3.221692870211722183e+10,3.578737398166468048e+10,3.125557957895494080e+10,2.362038548306760788e+10,3.094260313753884888e+10,2.549994389416233444e+10,3.615466162151190948e+10,3.380521424917824936e+10,2.905639839683737564e+10,3.376025618159709549e+10,3.736401767109970093e+10,3.151535570793320847e+10,3.433346861490950394e+10,3.352720339260290146e+10,3.631313231484569550e+10,4.890083230903997040e+10,4.289165960967034149e+10,4.276208181742642975e+10,3.486829187881141663e+10,5.387913630189897919e+10,3.715597162915312958e+10,3.013565958076983261e+10,4.263562114640919495e+10,4.041579109179067230e+10,5.013741420988882446e+10,4.201529503908287048e+10,3.487884044548494720e+10,3.603622831339228821e+10,3.605411041830872345e+10,4.067185539667774963e+10,3.308041443903812027e+10,2.873156776292115402e+10,2.704652400932069397e+10,4.116674107437821198e+10,2.831071370774454880e+10,2.741931089958782578e+10,2.806827579149414444e+10,2.688540194882364273e+10,3.011677010219284821e+10,3.115162588301892853e+10,2.816565343164764404e+10,2.490593806500322723e+10,3.234337226471627045e+10,2.158459755970936584e+10,2.066708205177626801e+10,2.397968662275253296e+10,2.389492050637142944e+10,2.828734035276103210e+10
2.407551356993656540e+10,2.361858457816932297e+10,3.321571955068936539e+10,2.489883585461935806e+10,2.573363865410855484e+10,2.576729102742138672e+10,2.360995683493072891e+10,2.699189754451952362e+10,3.199932727425357819e+10,3.001042614866827393e+10,2.193092408928148270e+10,2.820040049368340302e+10,3.165488483688806152e+10,3.210095148792595291e+10,4.305442833014559174e+10,3.841825458501750946e+10,3.433776251890887833e+10,4.020090947239638519e+10,3.840617305844853973e+10,3.839382131308257294e+10,3.799763357150312805e+10,4.627838297903381348e+10,3.488769215138954926e+10,3.886219754528338623e+10,3.911747283531528473e+10,4.609975756295652008e+10,4.850990753116505432e+10,4.113101621918407440e+10,4.849442591027760315e+10,4.247770188211636353e+10,4.380006173311403656e+10,3.662232398704277039e+10,3.780235094953355408e+10,3.666645203908690643e+10,3.689228114760815430e+10,4.143800287786980438e+10,4.319233846110069275e+10,5.001460882525947571e+10,3.821540934790892792e+10,3.351838057047441101e+10,3.735978822262825012e+10,3.383343236972452927e+10,3.251751261984543991e+10,2.521360566306152344e+10,3.418432004822371674e+10,2.592543952921937180e+10,2.570089073169259262e+10,4.078243943414795685e+10,2.632562887037563705e+10,2.990200498439155579e+10,3.688186067289501190e+10,2.756929051878303528e+10,3.056424635038544464e+10,2.372972375473910522e+10,2.868844868547934723e+10,2.643853954293804169e+10,3.758073937815908813e+10,3.463457925904450226e+10,3.323348622464877701e+10,2.455601693069808197e+10,2.780199893272115326e+10,2.977379230615177536e+10,4.798868220910815430e+10,2.775076026973844147e+10,3.392607418899353409e+10,3.233100130751890182e+10,3.754034423370164490e+10,3.677855413489433289e+10,3.635702306495886230e+10,3.574931317161584473e+10,4.249361075647235107e+10,3.776293542611779022e+10,4.978784432029032135e+10,4.430236598161766815e+10,4.519685364857116699e+10,3.777869200741542053e+10,3.918674475254031372e+10,4.761457441577924347e+10,3.819411477633448792e+10,3.720936751957406616e+10,3.859956196923960876e+10,3.496989346083963776e+10,3.448727102686737061e+10,4.298209736234912109e+10,3.096579778460999298e+10,2.943536689642471695e+10,3.656947021140271759e+10,3.780092920236590576e+10,2.528871449525434113e+10,2.846605130774896240e+10,2.704150328158047104e+10,2.264221780469367599e+10,2.778363214849732971e+10,2.652399209126304626e+10,3.041531300271716309e+10,3.170311832660887527e+10,2.768771451894987106e+10,2.081259691796718597e+10,1.983027745552870941e+10,2.218111975252202606e+10
2.456813597213656616e+10,2.115883967916702652e+10,2.507096551711828613e+10,2.578359536896524429e+10,2.250447492226894760e+10,2.644153959899022293e+10,2.812748052478763199e+10,3.363830551070052719e+10,2.475558946321143341e+10,2.826745364423162842e+10,2.555138139835353851e+10,2.786010091527674866e+10,3.462050263931679535e+10,2.647158895867509079e+10,4.978486397631172180e+10,3.220473729517069626e+10,3.886537650231291199e+10,3.939786364891356659e+10,3.503614880671716309e+10,3.908596048754526520e+10,4.155767757360258484e+10,4.757994194958398438e+10,4.763268510377062988e+10,5.103526706052082062e+10,4.429827166232641602e+10,4.921546783855715942e+10,4.445548734992317963e+10,3.875941833045684814e+10,5.646300600032991028e+10,3.897578901249762726e+10,4.596613210755145264e+10,3.218347877569453812e+10,4.868197942374735260e+10,6.241053501536329651e+10,3.601486118273141479e+10,2.984989416705383301e+10,2.611632148089926529e+10,3.116595751972185898e+10,3.052443041215305710e+10,3.124333001217250824e+10,2.676835135224348068e+10,4.283740521992700958e+10,3.381382359995051193e+10,3.771976061191156769e+10,3.333502285270613861e+10,3.997699036003631592e+10,2.761256844102465439e+10,3.715280892748814392e+10,2.348982811985908890e+10,2.966458239447233200e+10,2.082385047713771820e+10,3.525551693218449402e+10,2.925026086894034195e+10,3.380435235774132156e+10,3.789747034914992523e+10,2.988528689762819672e+10,3.073527126816705322e+10,3.564666445210038757e+10,2.839502039641198349e+10,2.790385092298505020e+10,3.194813646046950912e+10,3.536677773525021362e+10,3.248335222366019058e+10,3.197780630167805099e+10,3.549708898539663696e+10,3.997137081474983978e+10,4.028368324524733734e+10,4.064728121145661926e+10,4.404170799623305511e+10,3.375793407464525223e+10,4.164922064796236420e+10,5.092314551954637146e+10,4.699725062700097656e+10,3.705669499043695068e+10,4.178259980574681854e+10,4.093977413559852600e+10,4.109850123178169250e+10,6.385063511644868469e+10,5.149580024702237701e+10,4.287016234407763672e+10,4.094593794745201874e+10,4.046241360384875488e+10,3.595245407282451630e+10,3.230837145123496246e+10,3.417300833470248413e+10,3.350509501857528687e+10,3.624281540980372620e+10,4.030720294413859558e+10,3.496760723023657990e+10,2.502786201891349411e+10,4.676344872773764801e+10,2.973358520575164032e+10,2.836387979356626892e+10,2.425471608101488113e+10,2.361777315664964676e+10,2.705022346843081665e+10,2.206315535924440002e+10,2.402811831869248962e+10,2.275562277371181107e+10,3.935486031475119781e+10
2.262497000436731720e+10,3.315202233634776306e+10,2.757793570003747177e+10,2.680933186713851547e+10,2.504074392707985687e+10,3.382748257253191376e+10,2.204794777806173706e+10,3.050735939532435226e+10,2.856916260261093521e+10,2.463573034567796707e+10,2.630208285240328217e+10,3.591462734642466736e+10,2.828946547267473221e+10,2.664019507090905380e+10,3.061737250161687851e+10,4.521995221945153046e+10,4.502482705898135376e+10,3.751713893082025146e+10,4.174424724615618134e+10,5.103188042265320587e+10,4.361338833651314545e+10,4.188198502087110138e+10,5.447692736388777924e+10,4.226875086565100861e+10,3.753015810140566254e+10,5.245922752545950317e+10,4.459670609136285400e+10,6.776803185094189453e+10,3.916070992366382599e+10,4.131807707345024872e+10,4.272920983761068726e+10,5.208317615105142212e+10,4.263400554807094574e+10,4.076719620851741791e+10,3.280056593220986938e+10,4.361371211392017365e+10,3.651351448558660889e+10,3.999562128187087250e+10,4.397241092986627960e+10,3.719780812272943115e+10,3.000389491884397888e+10,3.065662585512710953e+10,2.920780559559120178e+10,2.958894179591179657e+10,3.554352504708287811e+10,4.492602011025638580e+10,2.517090809077185059e+10,2.541038037471133041e+10,3.834406047707857513e+10,2.574083345709503174e+10,3.216916278996691132e+10,2.409452501546024323e+10,3.207748984647175217e+10,3.547665302846550751e+10,3.411696242955978775e+10,3.271615048822047806e+10,3.172358959258026505e+10,3.223230104388268661e+10,3.362105268343440628e+10,4.876223707654368591e+10,4.418363905749617767e+10,4.128452262623365021e+10,3.008254449201949692e+10,3.787691903570034027e+10,3.482098044265493774e+10,3.880383205990532684e+10,3.048686797422901917e+10,6.313916887316634369e+10,4.046447830919487000e+10,3.949259315460305023e+10,4.785641991055651855e+10,4.109524164809185791e+10,4.438839988852502441e+10,5.142449664428042603e+10,4.301389374005179596e+10,4.963811178874696350e+10,4.387330173332289124e+10,4.658545574135832214e+10,4.571579505303471375e+10,3.474279482966191101e+10,4.166530358904235840e+10,3.773536152343474579e+10,4.161161918411681366e+10,4.195513114917314148e+10,3.324834407879910660e+10,4.405906582335597229e+10,3.179171835087531281e+10,3.494740033082319641e+10,4.104251159968063354e+10,3.004790616766045380e+10,3.206129769842148590e+10,3.794819711758675385e+10,2.712287559953941727e+10,4.888515335094838715e+10,3.435264185323633575e+10,2.466994814913751221e+10,2.419347942690121078e+10,2.085341297160166550e+10,2.284415769612854004e+10,2.884346601253991699e+10
2.495540957004960632e+10,3.265724434340165710e+10,3.340859957433128738e+10,2.152978161564931870e+10,2.661119519272760010e+10,2.691188737408714676e+10,2.421982121368348312e+10,3.012340031872258759e+10,3.084796374150785828e+10,3.917463759311354065e+10,3.973305996713108063e+10,3.127799144114262390e+10,2.981328179385515594e+10,3.101766148910137558e+10,3.244145429482599258e+10,5.205066304475205231e+10,4.698223259046669769e+10,4.205735127297750854e+10,5.521544506670937347e+10,5.102021340082090759e+10,4.040519838133937836e+10,6.012802364270051575e+10,5.324450447339596558e+10,5.261236497542018890e+10,5.179774342750427246e+10,4.445528078028752899e+10,4.942461392658242035e+10,4.081489057097004700e+10,4.755565667351560211e+10,5.127311535006181335e+10,4.606013812900551605e+10,4.125335660112615204e+10,3.767337705294492340e+10,3.820498763310076904e+10,4.452790549428031158e+10,3.874154277870200348e+10,2.892784776224882507e+10,3.344564952464675522e+10,3.844726238955625153e+10,5.013191756519567108e+10,3.916782079720994568e+10,3.001376509834196854e+10,3.294343246765791702e+10,3.359280469083535767e+10,3.560380634239632416e+10,3.980305385727509308e+10,4.288546299257187653e+10,3.693417143081538391e+10,2.799588119957925415e+10,3.135371849657289886e+10,2.673401410239384842e+10,2.924736677340272903e+10,3.838897986367208099e+10,2.729612631594379425e+10,4.671161353389546204e+10,3.198635192352294922e+10,3.301330460270640182e+10,2.751689133072520447e+10,3.356771692006790924e+10,2.940530204836802673e+10,3.625205597780164337e+10,3.820119905523981476e+10,6.040563975713001251e+10,3.686698995680862427e+10,3.938559159990739441e+10,3.967286862073177338e+10,3.898830715533008575e+10,3.608409396556008911e+10,4.725813501212007141e+10,4.560578627862059784e+10,5.746593917890986633e+10,4.400666704851338196e+10,5.623277177542353821e+10,5.046507279116902161e+10,7.532960369988005066e+10,4.525467149112316132e+10,4.982782137667621613e+10,4.204082655708789062e+10,4.616948655658735657e+10,5.057058911379154968e+10,3.891459698604590607e+10,3.937406558850874329e+10,3.976067898302111053e+10,5.088396885788473511e+10,4.298322326446673584e+10,4.324871462439545441e+10,3.593268022146678162e+10,3.772796559962770081e+10,3.099719360300214005e+10,3.569858242234849548e+10,3.065989422826960373e+10,3.204569157266582870e+10,2.716919018603157043e+10,2.500462324571293640e+10,2.549326678436333847e+10,2.321844225616413879e+10,2.189664936934902954e+10,3.403761745331602478e+10,3.329423832459123993e+10,2.256384816066356659e+10
2.603559334234031296e+10,2.803370327892944336e+10,2.683824855583705139e+10,2.871787880683554077e+10,3.046551293017354965e+10,3.188126221298505402e+10,2.902554300733264160e+10,2.651478431472431183e+10,2.949499235370544434e+10,3.038897506787848282e+10,2.875686129317963791e+10,3.555637632583393097e+10,4.013907725669749451e+10,3.042011848940881729e+10,4.245546894884755707e+10,4.859424485657180786e+10,4.410017295940435791e+10,3.900578769136271667e+10,5.267619291469464874e+10,4.648133096940667725e+10,4.767932307305458832e+10,5.849096307596698761e+10,6.925904378163426208e+10,4.962346015546559906e+10,4.978734539962213135e+10,6.176609333906858063e+10,6.430750339914806366e+10,6.115378618500568390e+10,3.947468172962050629e+10,5.007779945970017242e+10,4.274112005178975677e+10,4.309923657267138672e+10,3.792787520055515289e+10,4.167228389505441284e+10,4.339706235189116669e+10,3.688494768367255402e+10,3.895727792402752686e+10,4.945368591995580292e+10,3.478182281955414581e+10,3.761911354833031464e+10,3.530068468289170837e+10,2.875118738433023834e+10,4.453514219135921478e+10,2.623254650231850815e+10,3.619947377065086365e+10,3.010354982363610077e+10,4.199649908197106171e+10,2.575511298236053085e+10,3.258273911653053284e+10,2.644415179894226837e+10,2.495249243471356201e+10,2.561248590729068756e+10,2.490956002630435181e+10,3.198009399717095184e+10,3.974703276609419250e+10,2.547523007060359573e+10,2.870174299841657257e+10,2.670392653166669083e+10,2.860586606151946640e+10,3.720201630873548889e+10,3.993847279993550873e+10,2.450032158701749420e+10,3.329191334974028778e+10,3.980784803202695465e+10,3.308772192134628296e+10,4.271549206733589935e+10,4.031891291525907135e+10,4.542255866411646271e+10,4.711439276437732697e+10,4.483129979114688110e+10,4.385484499252970886e+10,5.576818219783586121e+10,5.733394621060180664e+10,5.946561709791075134e+10,5.695001774373860931e+10,4.753978490250611115e+10,5.542501652310443878e+10,5.055738952214394379e+10,4.613576562731275940e+10,6.429492042577289581e+10,4.445011223961867523e+10,4.562052306787583923e+10,4.207778972242372131e+10,4.691099033089440918e+10,3.640476153432012939e+10,3.876690468029887390e+10,2.759517999487928391e+10,2.747617805572817612e+10,3.820492153657829285e+10,3.368108831425023651e+10,3.180929317805895233e+10,3.054549626078793716e+10,3.499869512613134003e+10,2.741734432865284729e+10,3.386797272804683304e+10,2.554341537779486084e+10,3.299358485349245071e+10,2.606766705616447449e+10,2.203437140282659531e+10,2.739248403321556854e+10
3.177551909358443451e+10,2.641685295297455215e+10,2.438896044158006287e+10,3.223626802399978638e+10,2.723467081461663055e+10,3.077058956976031494e+10,3.651257300528028107e+10,3.295217385154339981e+10,4.533083325688506317e+10,2.740710446063175964e+10,3.049978560497566605e+10,2.998851843013061905e+10,3.178344068458496475e+10,3.676261321295267487e+10,4.025833162307360840e+10,5.063748593438710022e+10,3.845655030093837738e+10,4.943617825621736908e+10,5.541917414060756683e+10,4.379120134366049957e+10,5.442882683326432037e+10,5.549015023825519562e+10,5.105047940802375793e+10,7.710109578077832031e+10,7.275603539128627014e+10,6.781498082372626495e+10,5.455230237255820465e+10,6.452423091695484924e+10,5.052934686307973480e+10,5.718695216595160675e+10,5.705818374501496124e+10,4.807471851432381439e+10,5.311071335025840759e+10,4.738604647214673615e+10,3.905877012841783905e+10,4.183477603602022552e+10,4.492116084702333832e+10,4.491433688096596527e+10,4.180642949557440948e+10,3.209875613647165680e+10,2.720682927150883484e+10,3.255449419212849426e+10,3.097722411357460022e+10,3.882992755837454987e+10,3.346678852525112915e+10,2.946071780811993027e+10,3.579378139389778900e+10,3.798549410020544434e+10,2.603117704532627106e+10,2.751122548802227402e+10,3.280061550621404648e+10,3.643434227593974304e+10,3.442999075816485596e+10,3.244585668788385773e+10,3.274639490674466324e+10,3.169239926214842987e+10,3.838337045249905396e+10,3.000697709668632507e+10,2.537033299162369919e+10,3.819916898066682434e+10,3.167837361477758026e+10,4.110472733959818268e+10,4.089031482246656036e+10,3.251187890031111145e+10,4.295233983930151367e+10,6.111207929524565125e+10,3.582896469336005402e+10,5.611912605216549683e+10,5.789533652577748108e+10,6.316532952787721252e+10,4.926676912382704163e+10,8.678181317633451843e+10,6.468379277708847046e+10,6.856031013863430786e+10,7.462881105230381775e+10,7.151936397314404297e+10,6.748441920130968475e+10,6.125723409961827850e+10,6.130925678271963501e+10,5.365570449916219330e+10,4.231236936871401978e+10,4.264737693916239929e+10,4.926267862957987976e+10,3.571582471525919342e+10,4.475377478449266052e+10,3.490614759200785065e+10,4.916236024362106323e+10,4.279157305429683685e+10,3.897313830948422241e+10,2.373489455571974182e+10,3.174102537281913757e+10,2.694484878416342926e+10,2.678504109715473938e+10,2.690310895915372467e+10,2.376804783826026154e+10,2.670555012237916183e+10,2.310418271313817596e+10,3.176947597095126724e+10,2.832363553461124802e+10,2.000725102243315887e+10
2.906992915601178741e+10,2.433688580699265289e+10,2.723002927677989578e+10,2.407028197053005219e+10,4.319296648369926453e+10,3.316564959336108017e+10,3.210646575564908981e+10,2.885836868680531693e+10,3.757013191032881927e+10,2.687603954025294876e+10,4.256803581992878723e+10,3.753410834438997650e+10,4.459929316644351959e+10,4.002162769991846466e+10,4.343566857706062317e+10,4.648875045836533356e+10,6.290510930404462433e+10,4.254156086957003021e+10,4.398170172519000244e+10,4.838124160557173920e+10,4.605939902234540558e+10,5.487087186542857361e+10,5.683600730736763000e+10,6.884065958793528748e+10,6.074325627555861664e+10,7.569367306985707092e+10,6.138481391448411560e+10,6.913232846505433655e+10,4.826693691728598022e+10,5.547088252249929810e+10,4.945000986608512878e+10,5.276125128215407562e+10,4.590219491680097961e+10,4.872071741109160614e+10,3.989468846290459442e+10,4.940752292769678497e+10,3.846905764951677704e+10,4.563417272888576508e+10,3.424097244933291626e+10,3.154340330653140259e+10,3.498126881529775238e+10,3.768156412835306549e+10,3.196059106514485168e+10,3.352325298823708344e+10,4.555562971414040375e+10,3.549887226461329651e+10,2.728323617709621811e+10,2.722143692089322662e+10,2.406127573030120468e+10,2.568195178764754105e+10,2.726117747270038223e+10,3.478745236305804443e+10,3.348758967109423065e+10,3.200303528667236328e+10,3.985919714161248016e+10,4.628788360909767151e+10,3.059461753981855392e+10,2.866298633744992065e+10,3.337943688995492554e+10,3.298602710340587234e+10,3.267951833427696991e+10,4.647047061399987793e+10,3.883264808362049866e+10,3.271168454011997604e+10,5.419545919062800598e+10,4.675075765622542572e+10,4.070288232020678711e+10,6.682994041225647736e+10,5.333079175163265991e+10,6.031457227714850616e+10,5.646772173225853729e+10,5.570859571591042328e+10,7.329420532981840515e+10,6.168700349297422791e+10,6.901919293041065979e+10,6.954413866917236328e+10,6.071436792232862091e+10,5.769353317926187134e+10,6.302590833374744415e+10,6.102631206269727325e+10,6.015192105487972260e+10,5.520574575607463074e+10,4.205712481922533417e+10,4.855405129098029327e+10,3.133189588414126968e+10,3.681648796770568848e+10,3.369832730077528381e+10,2.683371374380438232e+10,3.428631164683445358e+10,4.297549598254453278e+10,3.050812289464608765e+10,5.025182949075467682e+10,3.416401866814898682e+10,2.829847130162903976e+10,2.327977843883961868e+10,2.392236461195949554e+10,2.385608790191141891e+10,2.835493806501021194e+10,2.563403110640359497e+10,2.849307639307671356e+10
2.575530473845638275e+10,2.159377555368428802e+10,2.799117248512861633e+10,2.599826633141576385e+10,2.705230249441397095e+10,2.970700458241406631e+10,2.358558802193526459e+10,2.834862330817260742e+10,2.820482945538074875e+10,3.069400285575823593e+10,4.398914297843932343e+10,4.049006276042335510e+10,4.509627445590354156e+10,4.489958198026705170e+10,3.461194581633802032e+10,4.546970571535111237e+10,4.954806298847595978e+10,5.189136869716548157e+10,6.953216596501155090e+10,6.260429817617049408e+10,7.062411084219296265e+10,5.674443201914542389e+10,7.912583769196791077e+10,7.845740732927070618e+10,9.374511624052407837e+10,8.143989635829243469e+10,6.593950921905944061e+10,8.957430027731956482e+10,7.466969371334843445e+10,7.347509643567927551e+10,6.695178354240555573e+10,5.960541435494506073e+10,5.395902413096427917e+10,4.294380799944550323e+10,5.125832931812874603e+10,4.531492726603281403e+10,3.470242931452462769e+10,3.266053954411466980e+10,3.885070751416820526e+10,3.257156022170715714e+10,3.430111514349864578e+10,4.036272778440706635e+10,3.544486922760140991e+10,4.181009630106048584e+10,4.857926506859041595e+10,2.967494516517382050e+10,3.942464190485059357e+10,3.983737228029693604e+10,2.716285861870117188e+10,4.010366688995183563e+10,2.883095744081696701e+10,3.897592603257356262e+10,2.951637559394750595e+10,3.299065864029339981e+10,3.675658342975077057e+10,4.005858357266473389e+10,3.520865045672515869e+10,3.338933783072488022e+10,3.777277017729405212e+10,4.336354813354030609e+10,4.430309887274318695e+10,3.903398913712841797e+10,4.719323482059997559e+10,5.146683268860852814e+10,4.181865958225995636e+10,4.611918475135849762e+10,4.687550525773033905e+10,4.958331830699317932e+10,6.384641422384085846e+10,5.699897681851479340e+10,6.558118787676011658e+10,6.744156976523267365e+10,6.191958522476045227e+10,5.948563201922064972e+10,6.737146528010488892e+10,6.559140499945896912e+10,6.733454155290388489e+10,5.815356777637110901e+10,6.776985793631204224e+10,5.483713972072380829e+10,4.963845316524977875e+10,4.908671923956201935e+10,4.718085479691590118e+10,7.329317917673712158e+10,4.388283453090691376e+10,4.243317566385276794e+10,4.286560985719165802e+10,3.853681467038034058e+10,3.307484703457153702e+10,3.648606457057044220e+10,3.842139673646418762e+10,4.404315306550533295e+10,3.065394714432932663e+10,3.984181619412663269e+10,2.909525494018173981e+10,2.710203612517224884e+10,2.968411152104046631e+10,3.889044558560543823e+10,2.725371617058709717e+10,2.826122544902899170e+10
2.713749348666310883e+10,3.352045984416393661e+10,2.142709776363273239e+10,3.109855961653798294e+10,3.413141565409034729e+10,2.970843033741155243e+10,4.070483181970166779e+10,2.769386108952895355e+10,3.685063312652436829e+10,3.376326769754644775e+10,3.911140846874444580e+10,3.950860462271702576e+10,3.774694900984593964e+10,4.365914695478659058e+10,4.236379946958283997e+10,4.518279049417210388e+10,4.749061386279987335e+10,7.906416851625489807e+10,6.587869887867065430e+10,5.844907254425157166e+10,7.670244300578416443e+10,6.770544335650627136e+10,6.995712942603277588e+10,8.368597565190132141e+10,8.134207286124620056e+10,8.362040862804759216e+10,8.217695590735389709e+10,9.793661484307814026e+10,7.564021734507853699e+10,7.822705788987605286e+10,6.538055621987322235e+10,6.127881994900671387e+10,4.681554312504644012e+10,7.144709077282865906e+10,5.832231327206347656e+10,4.837958828350275421e+10,3.902393239579776001e+10,3.803620385956040955e+10,3.404303505938015747e+10,3.651386889420249176e+10,4.248294188195790863e+10,3.378562584452174377e+10,3.547087563309078979e+10,3.654137571945079803e+10,3.664454510203663635e+10,3.894802926973273468e+10,2.650978084063148117e+10,2.919784638276440048e+10,2.867050003326437759e+10,3.434014115299381256e+10,3.342027976012767792e+10,3.230983149042970657e+10,4.052557054458049774e+10,4.049779225947806549e+10,3.171916834408743668e+10,3.279961917967486954e+10,3.431424526805324554e+10,3.327460728489770508e+10,4.040594093308203125e+10,3.139977791277836227e+10,4.284661337709769440e+10,3.233787236644786072e+10,3.555577855698179626e+10,3.468015480625135803e+10,4.707926977453062439e+10,4.928559822732568359e+10,4.995334343397890472e+10,5.067173559487388611e+10,5.800236057092722321e+10,7.431617012028404236e+10,7.419709648033049011e+10,6.635992695695378113e+10,9.830295517123388672e+10,9.659895656849182129e+10,7.957252529072770691e+10,8.360538211115405273e+10,8.482468183664952087e+10,8.676665560038185120e+10,7.893410138698861694e+10,7.406419739733602905e+10,6.026724389554915619e+10,4.592706938606103516e+10,4.071546224594327545e+10,6.362139423665855408e+10,5.519346081986717224e+10,4.058216618896093750e+10,3.652988048707250214e+10,3.530490898991697693e+10,2.987945000741374207e+10,3.875523184501634216e+10,4.599146187079988098e+10,3.801427790386570740e+10,3.600129301962138367e+10,2.490221747538881302e+10,3.683907067722714233e+10,2.537723793022930145e+10,3.008018411364702988e+10,2.253055551038704681e+10,2.847680000556504440e+10,2.355150895424785233e+10
2.717733188971699142e+10,2.988593174959589767e+10,2.292047970769506454e+10,2.598988877957628250e+10,3.645055420973401642e+10,3.543610449053837585e+10,2.568402691262085724e+10,3.630820442416266632e+10,2.696961911700170517e+10,3.242838331749616241e+10,3.297995569822859192e+10,4.362734534044826508e+10,3.484802570648246765e+10,5.215710774257109070e+10,5.490302366310482025e+10,5.201379241516247559e+10,4.759290276882865906e+10,5.033645133556752777e+10,6.541476135163062286e+10,6.702448449689542389e+10,6.220322587053385925e+10,6.589643507504307556e+10,6.699603531290025330e+10,7.274250184490393066e+10,7.317864557126629639e+10,8.253816022631013489e+10,8.363080343797557068e+10,8.570723667307897949e+10,8.779691143316978455e+10,8.002512884805155945e+10,7.126213286820317078e+10,6.461093615240876770e+10,6.450302109720574188e+10,5.729626412082218170e+10,3.917158954051808167e+10,4.411452381326848602e+10,4.478907907604711151e+10,3.577447713047456360e+10,4.601827833738941956e+10,4.033477388191311646e+10,3.663111624639347076e+10,3.169724979684960938e+10,5.246466364822038269e+10,3.346398579596577835e+10,3.542796391187058258e+10,4.426276504201090240e+10,3.116405387563009262e+10,3.528373979268428040e+10,3.132945471705371857e+10,3.023223847972685623e+10,2.854409082944612503e+10,2.442623614176282883e+10,3.310945165702925491e+10,4.007843683578512573e+10,3.790285185858042908e+10,3.846146571463421631e+10,3.081638791353609467e+10,4.083380706720034790e+10,4.053419014122892761e+10,2.919624517896883011e+10,4.327572472661142731e+10,4.411012898004157257e+10,4.830366575308691406e+10,3.564885604784188080e+10,4.518134856712580872e+10,6.855945250146611023e+10,5.969242252509175873e+10,5.593575000859365845e+10,4.634340182485777283e+10,5.713601283123687744e+10,7.283679827178097534e+10,8.239164654247496033e+10,7.676322727371469116e+10,8.440644153046185303e+10,8.712559362096441650e+10,6.942656566725381470e+10,9.250388404659379578e+10,7.941936929154356384e+10,6.924739366131013489e+10,7.823627984502435303e+10,6.160545091032473755e+10,6.210905406021357727e+10,5.892752301289126587e+10,4.727916490521536255e+10,5.529009580357001495e+10,4.509786652162929535e+10,4.271148355499217224e+10,3.815677992903709412e+10,4.773555485477030182e+10,3.774699064867038727e+10,3.405633935547388458e+10,3.604302783883338165e+10,3.310923955065750504e+10,3.150736028692786407e+10,2.556143630293606186e+10,5.331505465118157196e+10,3.034099213588457489e+10,2.732478123673859406e+10,2.573594958225862503e+10,2.472635894271942902e+10
1.796423047669291306e+10,3.177387235285381317e+10,2.810050445472906876e+10,2.786863401124729538e+10,2.549983721285018921e+10,2.600225726746540451e+10,3.088673361571155167e+10,3.235618360948455429e+10,3.855041736944081879e+10,2.950785995909294128e+10,3.862930333756384277e+10,3.058090842094099808e+10,5.522975609209851074e+10,3.546526641512435913e+10,6.813974323207180786e+10,5.705435933789791870e+10,4.995242237797639465e+10,6.307273452262379456e+10,6.758298997262200928e+10,6.707028704107112885e+10,8.088332586166801453e+10,8.402056908283935547e+10,7.444929440726928711e+10,8.201116457890464783e+10,8.127189260737234497e+10,7.837597400286557007e+10,7.663025738147306824e+10,7.858148823118937683e+10,9.248460391802574158e+10,9.110527515358238220e+10,7.334489485459680176e+10,8.372626535919052124e+10,5.468058631277167511e+10,5.629739706282659912e+10,4.314434185211975861e+10,4.465798696546206665e+10,4.819712855162302399e+10,4.665875520123728943e+10,3.179833910895433426e+10,3.681995883178649902e+10,4.356413801019490814e+10,4.595389999400016022e+10,3.398500466869844818e+10,5.592842991295667267e+10,2.793350732327933502e+10,3.185666098981732941e+10,3.462631344533538055e+10,3.360623170357638550e+10,3.787496383649926758e+10,2.883641661478565979e+10,2.618957213052613831e+10,3.137958026753923798e+10,2.897599438210762787e+10,2.877575575793704224e+10,4.137019305351842499e+10,3.743711129161183929e+10,3.654957613278653717e+10,4.026062033635522461e+10,3.539167606244770050e+10,3.045961126772632217e+10,3.828578711546836853e+10,4.100858172482548523e+10,5.165728358166318512e+10,3.753588714669863129e+10,3.952971900502005005e+10,4.732957620125826263e+10,4.356974467247637177e+10,6.114262535687388611e+10,5.871004342018567657e+10,6.062626575827622223e+10,7.645156665889384460e+10,7.406124378381486511e+10,8.438420262662405396e+10,7.028197013659197998e+10,7.312434023279423523e+10,7.329682907932072449e+10,8.939526430912536621e+10,8.500574782555397034e+10,7.955040684490571594e+10,9.235898880063618469e+10,5.037541976976255035e+10,7.331684637355905151e+10,7.323323637343518066e+10,4.923376192076592255e+10,4.904311375870900726e+10,3.950659339044491577e+10,4.241846596156011200e+10,4.579680798620391083e+10,3.156375511702579498e+10,2.855182867155051041e+10,3.900531350505442810e+10,4.079765370167483521e+10,3.767420539593795013e+10,2.468607694801975632e+10,3.820126279874149323e+10,2.589436269496776962e+10,2.465821602592732239e+10,2.110384821173236084e+10,2.372727485556541443e+10,2.873432591705296326e+10
2.649917486410039139e+10,2.445810816796638107e+10,3.146729765682769012e+10,2.643706789323783112e+10,3.438766492581987000e+10,3.030611890823393631e+10,2.274132938341550064e+10,3.028826276756365204e+10,2.938558130441815186e+10,4.445984174926588440e+10,3.486096484687482452e+10,3.701680565093405914e+10,4.080584970366729736e+10,4.586820743083020020e+10,4.294433586162791443e+10,5.375471235103855896e+10,4.309250694543118286e+10,6.526662289897000885e+10,7.661032437540489197e+10,6.424453222101231384e+10,8.919450921573114014e+10,8.761269309138497925e+10,5.680125954719162750e+10,7.137677808695201111e+10,5.037209398347053528e+10,7.477518515382380676e+10,5.729753462639711761e+10,6.435930008784289551e+10,8.476728811063189697e+10,7.769555133286218262e+10,7.214038442875006104e+10,6.984575577882904053e+10,6.459124153811822510e+10,5.969258785154293823e+10,4.935543225936837769e+10,4.546464756941876984e+10,4.746012148484387207e+10,5.471478002593363953e+10,4.800107179106658936e+10,5.936442136066137695e+10,3.686737526664351654e+10,3.529551773169584656e+10,3.695843586500090027e+10,4.593207120039208221e+10,4.028605043295213318e+10,3.944128900312340546e+10,3.000418623305864334e+10,3.470808351252097321e+10,4.330660423422574615e+10,3.815466066273107147e+10,2.936047228359997177e+10,3.123428859199159241e+10,3.466423168882253265e+10,3.149685984551059341e+10,3.406329519893215179e+10,2.866408160076977539e+10,3.516079409099595642e+10,3.565583194402237701e+10,5.668005875067632294e+10,3.697605352921405029e+10,3.703459196720357513e+10,4.101740863301828003e+10,4.016566541324392700e+10,4.879853703298020935e+10,5.198941199709279633e+10,6.097646368801972961e+10,5.802100037120310211e+10,6.203031563352836609e+10,7.322390183211091614e+10,6.579606191636826324e+10,8.177687081441981506e+10,7.667940403490594482e+10,7.790204506737567139e+10,5.260641775087648773e+10,4.858061369765894318e+10,5.059757923812342072e+10,6.376437697398751068e+10,6.444762408732283783e+10,8.912146703890391541e+10,8.106594308493455505e+10,8.793863616368461609e+10,7.270883266940281677e+10,5.043573469943930054e+10,4.913317166056607056e+10,6.218168505578729248e+10,5.368653098354064178e+10,4.881158034725946808e+10,3.261995767918738937e+10,3.617690782464979553e+10,4.086470382780927277e+10,3.611458922935118103e+10,3.428768758077376556e+10,4.318048799998060608e+10,2.628917528352888107e+10,3.913825365786339569e+10,3.917905826041006470e+10,2.963005265153507996e+10,2.381465888138411713e+10,2.961170855535052109e+10,2.803535728016464996e+10
2.186263633969863129e+10,2.426034198626106262e+10,3.052112565286441040e+10,2.832193767404170227e+10,3.055400806233498383e+10,3.704791423882353210e+10,2.993763452971924210e+10,2.985962282106609726e+10,3.177736297277159500e+10,2.828496874082722855e+10,5.797855568437057495e+10,3.590392140293875885e+10,3.676207268504445648e+10,4.431090090009919739e+10,4.010179887666859436e+10,5.161696155333428192e+10,4.581199896863329315e+10,6.143842947587110901e+10,6.949867234812445068e+10,9.450444703853613281e+10,8.489077830783468628e+10,8.670264234447254944e+10,7.781036896486508179e+10,5.447227930581184387e+10,5.142492385300276184e+10,4.939846156464975739e+10,5.752014643717881012e+10,6.634155887396710968e+10,9.284354544901617432e+10,8.959619825643621826e+10,6.760578927172761536e+10,5.718301550307889557e+10,7.781664710119487000e+10,5.603941979633067322e+10,6.600068910944595337e+10,5.174073786770230865e+10,4.784257785882399750e+10,5.398230960854541016e+10,5.361682515548468781e+10,3.577272555602353668e+10,3.936998715605886841e+10,3.541101168374489594e+10,3.273034591035745239e+10,3.542644803176467896e+10,3.571762835046937561e+10,3.751643585674397278e+10,3.241415292694379044e+10,2.451404547399501801e+10,3.171817069309600067e+10,2.715212575484773636e+10,4.116963857993354797e+10,3.562121951841767120e+10,2.698042778212414169e+10,2.868495337936950684e+10,4.041120732089256287e+10,3.751537535507952881e+10,3.216090310945053864e+10,3.987760854700215149e+10,3.914957236320742035e+10,3.395065273882756805e+10,3.250244017656369400e+10,4.118860077853109741e+10,4.306809258822314453e+10,3.712730816178023529e+10,6.542229896004521942e+10,4.829242008625791931e+10,6.528375880448854065e+10,5.761103417769766235e+10,6.717342143225863647e+10,9.249602378240907288e+10,1.103995024315277710e+11,6.863789189054332733e+10,7.216459511242066956e+10,4.616412253356186676e+10,5.642304419450318146e+10,5.145772975083753967e+10,4.848903295069640350e+10,7.934019132897161865e+10,7.014767084974551392e+10,7.343642904025415039e+10,7.514251547235430908e+10,6.469250325278342438e+10,5.424897001624176025e+10,5.841442227631047821e+10,4.148096237280380249e+10,5.427827438597258759e+10,4.143031532292845154e+10,4.228982550113916779e+10,5.046797285150214386e+10,3.984738970272393036e+10,3.825386134176506805e+10,3.098325228032461548e+10,3.480228306133786011e+10,2.900112984057286072e+10,2.792289065177317429e+10,2.736586967700397491e+10,2.656025704015291977e+10,2.658850676579090881e+10,2.506228618963243484e+10,3.661653283925676727e+10
2.647786806888286591e+10,2.419009225769650269e+10,3.182175847073489761e+10,2.450187606736219788e+10,3.280854928780656433e+10,3.245764021935783768e+10,3.709381695381716156e+10,2.493920241387619400e+10,3.064103674472119522e+10,3.464183619829166412e+10,3.401246892375083160e+10,3.740124828053555298e+10,5.439422916864151001e+10,4.986232010531983185e+10,4.944570964578817749e+10,5.779793151474871063e+10,5.186524946954734039e+10,5.133779135816157532e+10,7.164111067732908630e+10,6.414218322387785339e+10,7.385227370034254456e+10,7.848832464491680908e+10,6.285272185518708801e+10,4.983654105259842682e+10,5.357864440613369751e+10,4.744055415385862732e+10,4.777331065755007935e+10,7.748945445164070129e+10,7.702393586854586792e+10,8.336680179896800232e+10,8.494847784924890137e+10,5.752285164274599457e+10,5.927159915676997375e+10,4.748277681613249969e+10,5.527347333651735687e+10,4.837597963131465149e+10,5.478422731613766479e+10,5.409297641579879761e+10,4.057173192016925812e+10,3.517706392097614288e+10,4.752373419516419983e+10,2.800792006422211075e+10,3.711172195679087830e+10,3.275667638561856842e+10,3.352855006490100098e+10,3.382856763684849167e+10,4.495335972273294830e+10,3.934714534653776550e+10,3.266454478101787949e+10,2.965679190537494278e+10,2.809090330543769836e+10,3.857729463682956696e+10,3.076250237717323303e+10,3.564286487770147705e+10,4.552592579136966705e+10,3.683139998350249481e+10,3.967548410919972992e+10,2.914786433395149231e+10,3.895690655653503418e+10,4.586063566724270630e+10,3.901734268957198334e+10,3.964984768922058105e+10,3.773362771745323944e+10,3.422014553284247971e+10,5.317327937019216919e+10,5.382654825404438019e+10,6.048185060577418518e+10,4.964059680175807953e+10,7.306445622082431030e+10,8.019980323799464417e+10,7.234316822881767273e+10,7.767210059334779358e+10,6.660618414652558136e+10,5.845958264999770355e+10,5.820732832633499146e+10,5.355064312400675201e+10,4.817693483462124634e+10,7.963694741518675232e+10,7.807624827101164246e+10,8.545077481031819153e+10,8.043843356430953979e+10,7.361319827806588745e+10,6.504102069829527283e+10,5.318667360182349396e+10,5.886245024030319214e+10,4.466312466245188141e+10,3.163221322001482773e+10,3.414674823713948822e+10,4.253306611712541199e+10,3.615789833959054565e+10,3.895313155711883545e+10,3.127151849192862701e+10,2.828381310797119522e+10,3.576822597123050690e+10,2.954297208449373245e+10,3.582151510895130920e+10,3.247142957870870209e+10,2.186615167210730362e+10,2.737926577063515854e+10,2.779565585737059021e+10
2.016220883943649673e+10,2.778933471368836594e+10,3.092005402384557724e+10,2.120421885606424713e+10,2.323404695237483978e+10,2.576673914488507462e+10,3.423502069970078659e+10,2.688442372910465240e+10,4.836286749879119873e+10,3.756810676176155090e+10,3.523651806968734741e+10,3.258529521110974884e+10,3.153962060352909088e+10,5.169451164813710785e+10,5.160912466336688232e+10,5.168866236440319061e+10,5.716878234795411682e+10,6.301761293911147308e+10,8.480414977285913086e+10,5.387559068338213348e+10,7.837191945891184998e+10,7.333238767255364990e+10,7.502556018261711121e+10,6.490247505836529541e+10,6.427587267465388489e+10,6.309017371973122406e+10,5.892113470319992065e+10,7.894052279124447632e+10,7.742448913009698486e+10,7.679839831930616760e+10,7.373667086022106934e+10,8.602468062893737793e+10,5.808248688538484192e+10,5.574379346025289917e+10,7.320705749069284058e+10,4.910767883274239349e+10,3.991239989865274048e+10,4.211400526785598755e+10,4.106959459927674866e+10,3.607474072539654541e+10,3.262393650449063492e+10,5.127403501652490234e+10,3.750010273672802734e+10,4.490486694199868774e+10,3.042903990854393768e+10,4.017261491587402344e+10,3.428161789745353317e+10,3.473912612660684204e+10,3.473205628502835083e+10,2.799966046082488632e+10,3.444493681557263184e+10,2.856022943234449005e+10,4.030290388438003540e+10,2.916479607144141006e+10,3.696807244962984467e+10,3.556253659689593506e+10,3.632503799066443634e+10,3.858051354441967010e+10,3.797449580756988525e+10,3.540179835108139038e+10,6.167180013897812653e+10,4.106658491472542572e+10,4.585530022557781219e+10,3.222873751673384857e+10,4.387558930217400360e+10,5.473318154762537384e+10,4.864762435000444794e+10,5.562741011416967010e+10,7.583366874483554077e+10,7.942765563759884644e+10,8.779868155558197021e+10,9.365698226326205444e+10,6.839553989137985992e+10,5.419699970601911926e+10,4.952646078509498596e+10,5.408629664683483887e+10,5.539504298518795776e+10,7.423927307162139893e+10,8.459511995301864624e+10,8.225096223869160461e+10,6.486317008495039368e+10,5.761769813739917755e+10,8.094922911665299988e+10,5.621783649534654999e+10,4.899982419941532135e+10,4.735406439741279602e+10,3.121436584713831711e+10,3.589678097234767151e+10,6.600220620520108032e+10,2.964012124010441208e+10,2.577606539868642426e+10,3.137377108679676437e+10,2.869444780460588455e+10,2.531641661927112579e+10,3.228626040073285675e+10,2.727154141430433655e+10,3.313144219714212418e+10,3.878716995321367645e+10,2.922216397969449615e+10,2.820022856661130142e+10
2.724156834820776367e+10,2.736667269538552856e+10,3.541591785779283142e+10,2.673073678943014908e+10,3.828779735262367249e+10,5.512857666546278381e+10,2.735269660578323746e+10,2.984394282683239746e+10,3.184568141679452896e+10,3.408204068837172699e+10,4.133078724797387695e+10,4.137401083194402313e+10,3.721459053784181976e+10,5.197720146983368683e+10,4.471652122464276123e+10,5.019234472495200348e+10,4.857562020070027924e+10,6.411893194553765869e+10,7.419385392322056580e+10,6.955545684790139771e+10,7.176385526645370483e+10,8.043412965252418518e+10,7.675028132355604553e+10,6.910465008288623047e+10,6.701313971113545990e+10,6.389543049621216583e+10,7.677388031369673157e+10,7.660797611804563904e+10,7.146561684895283508e+10,8.785450850735754395e+10,6.270385920055311584e+10,7.360491879404042053e+10,7.264666172476013184e+10,4.532882926499125671e+10,6.963204909996997070e+10,6.861811608098687744e+10,3.838726657062313843e+10,4.627017176762191772e+10,4.016217427486376190e+10,3.577846214333626556e+10,4.031201862293155670e+10,4.924197067850746918e+10,2.596503683703484726e+10,3.497442177469585419e+10,3.882507711422949982e+10,3.212993775059333038e+10,2.639854636047371674e+10,3.320298487512599182e+10,3.333159590042467880e+10,2.401482234209366989e+10,3.455966550916419983e+10,3.994756710651560211e+10,3.781270405527728271e+10,2.949894342783934021e+10,3.478932087002565002e+10,2.400034549317450333e+10,3.628790828935533905e+10,3.287699058191244888e+10,2.649332655485171890e+10,4.798052346794643402e+10,3.741649843173761749e+10,4.827690119486460114e+10,4.798170626839625549e+10,4.861359448286644745e+10,4.874361360592218018e+10,5.511882778943782043e+10,6.235719563805839539e+10,5.278232730607277679e+10,6.850526119248163605e+10,6.332293988723646545e+10,9.586092699964506531e+10,7.992201923606475830e+10,7.925546396336282349e+10,8.513448843636082458e+10,7.365197141939732361e+10,6.945267634229171753e+10,6.732953445226595306e+10,6.648601508696943665e+10,7.374551479590222168e+10,8.759310983947186279e+10,7.020268842728895569e+10,8.590281564835813904e+10,6.285656598929270172e+10,5.882129565370903778e+10,6.298932886240423584e+10,4.186933840593148041e+10,4.619907786567377472e+10,4.134721922855634308e+10,3.690388302927555084e+10,3.899218603103447723e+10,2.758610155471722794e+10,2.701223136142013931e+10,3.439310947024400330e+10,2.860193399508444214e+10,3.968535219616862488e+10,3.070200286508968353e+10,2.518289940495156097e+10,2.801068978148869324e+10,2.512935841384089661e+10,2.351409888631331635e+10
2.294139526117783737e+10,2.207905819414426041e+10,2.369707704819994354e+10,2.929380010684470367e+10,2.649585960894129562e+10,2.732262756648651886e+10,2.889751752141763306e+10,2.707302977257352829e+10,2.438669257709519958e+10,3.852342413307900238e+10,3.011872870900008774e+10,3.885509327218222046e+10,3.790621040135597992e+10,4.448302298861730957e+10,5.863970499079574585e+10,4.527136663118884277e+10,5.488595475962937927e+10,4.285847311707489777e+10,5.179391131189489746e+10,6.403685454934973907e+10,8.245972675768370056e+10,8.722603048359512329e+10,9.327623021819331360e+10,7.810027972443205261e+10,8.373317736749890137e+10,8.467310573033988953e+10,7.596130723818420410e+10,1.002767749943076630e+11,7.864679527704403687e+10,6.700607190946637726e+10,7.982194088757298279e+10,7.223739849701951599e+10,5.293546677220731354e+10,5.794906341094213867e+10,4.620078725405796814e+10,4.734851532693311310e+10,6.183018121677481079e+10,4.450340643645956421e+10,4.686473554899975586e+10,3.480554719227263641e+10,3.152811802572166443e+10,3.246172582417193985e+10,3.100506118971778107e+10,3.174683333860575485e+10,4.355783520655134583e+10,3.741503789885241699e+10,3.893600037621745300e+10,2.887681166270625687e+10,3.902885072909662628e+10,2.335653287407207489e+10,2.887864159650943375e+10,3.016895459475932693e+10,2.595498566791759109e+10,3.377580097331797791e+10,3.442362334557114410e+10,3.182623227371213150e+10,3.031659120164333344e+10,2.650075265549710464e+10,3.943414279973915863e+10,4.023429303770164490e+10,4.122527392304083252e+10,3.939836933537377930e+10,4.157889035547408295e+10,3.680686544977777100e+10,4.910391282368423462e+10,4.723162057430382538e+10,5.703171784226554108e+10,5.273764536862754059e+10,6.591583327972669220e+10,5.704068885539358521e+10,7.559998537355076599e+10,8.721567900600189209e+10,9.015572027418772888e+10,7.953963926851242065e+10,8.039084216332667542e+10,6.786512034305158997e+10,8.742889787445455933e+10,7.237484479080624390e+10,6.855345889415982819e+10,6.685911160265406036e+10,5.591789118918503571e+10,6.695884344557924652e+10,6.562274918912962341e+10,5.168724798163764191e+10,5.472300245998905945e+10,4.772791739961298370e+10,5.133885066774790192e+10,4.296141577600260162e+10,3.649611676409976196e+10,2.977966531136426163e+10,3.577513696869347382e+10,3.167148430359716797e+10,3.132711355841844559e+10,3.097005488473925018e+10,2.704635334566239166e+10,2.745584600683052826e+10,3.368718145152525711e+10,2.563169044346952057e+10,2.649938358816042328e+10,2.732898415774463272e+10
2.131555701611471176e+10,1.918292043730632782e+10,2.490067265835617065e+10,2.414657301261140442e+10,2.846825417489404678e+10,2.857543790054710388e+10,3.773893727740364838e+10,3.057409483161069870e+10,3.612160487533398438e+10,3.289821436657138824e+10,3.405452187688091660e+10,3.289282273722039795e+10,3.355344989859153748e+10,3.656980926631092072e+10,4.551027426403636932e+10,4.427928850006751251e+10,5.709393735671984863e+10,5.685734706062471008e+10,5.049833658753196716e+10,5.461838065577008820e+10,7.634306021034416199e+10,7.242803742888363647e+10,7.733135717606373596e+10,7.814388902310897827e+10,7.045582423542874146e+10,7.510255041747840881e+10,7.184144131189608765e+10,8.319766542488551331e+10,6.779305844052067566e+10,7.527709106478808594e+10,7.241654053830238342e+10,6.761110359372866058e+10,5.500441399315385437e+10,4.914588185279025269e+10,5.435408973704793549e+10,4.444066121322398376e+10,4.959301974952072906e+10,4.476588869610765839e+10,3.695823063925572205e+10,3.022527171913862991e+10,3.671997553642465210e+10,3.565105226460903931e+10,3.329542247594639206e+10,3.953182597868750000e+10,3.992761216383497620e+10,5.133344719444311523e+10,2.986909802450487518e+10,3.849983927441942596e+10,4.155117350831618500e+10,2.941020816210590363e+10,3.333910344323583603e+10,3.462678332909929657e+10,3.186762729913653183e+10,3.041139689721017838e+10,2.702268407248407364e+10,3.036433863419348907e+10,2.569648956436182785e+10,3.662045209300486755e+10,3.647360565398883057e+10,3.701069526333470917e+10,4.397949095261045074e+10,4.513597843422933197e+10,4.076971043197835541e+10,4.329572768060338593e+10,4.077212997036573792e+10,4.974516071403029633e+10,5.144113266948159027e+10,5.642023445001901245e+10,6.044608151319433594e+10,5.641339677736677551e+10,6.270362477771253967e+10,7.187935208405567932e+10,7.656888803951507568e+10,9.227000077346841431e+10,8.571622556482725525e+10,8.585622228863459778e+10,9.359051494781893921e+10,6.186090229155971527e+10,7.244970803223356628e+10,7.666434481788832092e+10,6.426418709572865295e+10,7.357475742837815857e+10,5.906266873601441193e+10,4.607522941299468994e+10,5.992536893435078430e+10,3.812030369846968842e+10,5.186630766390795898e+10,4.438696694451808929e+10,3.524835210727217102e+10,3.519056209573078918e+10,3.253205747865765762e+10,2.957556517906232071e+10,3.382412696402461624e+10,2.995399994539821625e+10,3.979459885845484161e+10,3.308974198620164871e+10,2.881900592490952301e+10,2.671579481662659073e+10,2.921449582325081635e+10,2.237277658597381592e+10
2.185335532426223755e+10,3.619723678787895203e+10,2.625616269184967804e+10,4.124501832844283295e+10,2.592933134725866318e+10,2.304442755986184311e+10,2.816347604830400085e+10,3.337030777625843430e+10,3.380499152459526443e+10,3.103226509266310120e+10,3.404242456589646149e+10,4.651088447879231262e+10,4.599208143855064392e+10,3.425559987256872177e+10,3.364903813168422699e+10,4.286510228372161102e+10,5.566081495839634705e+10,4.789418259786053467e+10,5.293403833397676849e+10,5.852506694082695007e+10,5.402460905182615662e+10,9.690626732249436951e+10,8.589260891322731018e+10,8.718093067152494812e+10,7.979163927645223999e+10,8.293088331476481628e+10,9.039385958871073914e+10,6.622327709177140045e+10,6.834344351009747314e+10,6.512371222340100098e+10,5.727990120631565857e+10,5.667129282576387024e+10,4.313501917412655640e+10,5.954843580333281708e+10,6.110085761580731964e+10,5.104757086312868500e+10,4.105053966466765594e+10,4.807727612388050079e+10,2.840524779579732132e+10,3.549863369344893646e+10,3.769710091820133972e+10,3.298372725430740356e+10,2.853775504895071411e+10,3.229487719924805069e+10,2.667337563375563049e+10,4.128901937932893372e+10,3.137599115641785812e+10,3.547690750578088379e+10,3.249203784660744476e+10,3.844353336911334229e+10,3.317674891463361359e+10,2.889382656163043213e+10,4.015189207769465637e+10,3.135758477461730194e+10,4.014603746702014923e+10,4.513634192902230835e+10,3.389477369581542587e+10,3.692704601109935760e+10,3.099300453833440399e+10,3.590940092293046570e+10,3.803508986441773987e+10,3.401145140762896347e+10,3.904145287565620422e+10,4.415594103648249817e+10,3.782190580157015991e+10,5.304447459740866089e+10,4.884788394977073669e+10,5.344366589213252258e+10,5.928944687842632294e+10,5.328960177988002777e+10,6.068992184130855560e+10,6.291196489976706696e+10,6.357173828969336700e+10,6.986547899686486816e+10,8.733163890024858093e+10,7.183242824263580322e+10,7.054492376883065796e+10,6.920144988621464539e+10,6.843501981828291321e+10,7.192343922484870911e+10,6.439772728576353455e+10,5.832918887217247772e+10,5.131341435158974457e+10,4.441405186551489258e+10,4.323956193616380310e+10,4.872837293876104736e+10,3.192531494572948456e+10,3.850099447807374573e+10,3.437889053398903656e+10,4.621043272906617737e+10,2.984221075027958298e+10,2.387221269230930710e+10,3.069225577561491013e+10,3.146286818306471252e+10,2.160157080136603546e+10,2.943697293849192047e+10,3.857015780931561279e+10,3.277380873889884567e+10,2.116870302444292068e+10,3.073254070143186569e+10
2.777927552143493652e+10,2.678629934400593948e+10,3.650396681446524048e+10,2.977621399520861053e+10,2.882739090804329300e+10,2.657761771581925964e+10,4.153072437578066254e+10,2.532558785772524261e+10,3.476637199277814484e+10,3.209971894499920654e+10,3.762214247317901611e+10,3.806850382299119568e+10,4.435751380290372467e+10,2.909941772303593826e+10,4.828512010090101624e+10,4.290607239916472626e+10,4.636128128977897644e+10,5.104069819858084106e+10,5.666096191514329529e+10,5.820884618214050293e+10,7.006670509845710754e+10,5.979768766199118805e+10,7.853903087798400879e+10,7.353584968424702454e+10,7.930251539614816284e+10,7.716607144643434143e+10,7.700387975674014282e+10,6.640174229078803253e+10,5.862812613819336700e+10,4.944186149466663361e+10,6.074483133613899231e+10,4.779840300104980469e+10,4.509615759360454559e+10,5.278478650712772369e+10,4.938057039245252228e+10,4.701253173246506500e+10,3.550675310518212128e+10,4.941791341779062653e+10,3.207863184603439713e+10,4.667552677425081635e+10,3.734950141928905487e+10,2.674957501310634613e+10,3.234686224741848755e+10,4.413725570477694702e+10,3.200351735070395279e+10,4.057617299792081451e+10,2.999462877680853271e+10,3.373748050182865143e+10,2.611434724175582886e+10,4.603050859995926666e+10,3.165563508659007263e+10,3.474065234612697601e+10,2.562211775042284012e+10,2.755202277732350540e+10,3.438141813632912445e+10,3.017980373917632294e+10,3.975889286658287811e+10,3.575304816936999512e+10,3.485377853556891632e+10,3.767997098300247192e+10,3.680431031762973785e+10,3.323841948704444122e+10,3.234833825033675766e+10,5.009800969120953369e+10,3.964665693680400848e+10,4.561980810335490417e+10,4.693564837657492828e+10,5.385441229366387939e+10,6.643124096029819489e+10,5.320764343115129089e+10,5.986038066287838745e+10,7.822223696446197510e+10,7.112884151431539917e+10,7.496312487257203674e+10,6.733835836055643463e+10,6.808896339739549255e+10,6.333384318003971863e+10,6.028328721648696136e+10,5.455396088262575531e+10,6.642691233282612610e+10,7.922596834392971802e+10,3.870774299530421448e+10,4.344984228324950409e+10,4.527845884098478699e+10,4.485915454355819702e+10,3.259373316583513260e+10,4.245861066647773743e+10,3.247715759206997681e+10,3.924443948322908783e+10,2.989795438130471802e+10,4.353923856298912048e+10,3.099243728429853821e+10,5.586079179860626221e+10,2.653258594831572342e+10,3.054025188431953812e+10,3.040892932535572815e+10,3.518613268673923492e+10,2.409126419308233261e+10,3.890379271695379639e+10,2.175902374239683151e+10
1.859563148636635590e+10,2.841971236699084854e+10,2.678769099733966446e+10,2.489934615776117706e+10,4.177589407767681885e+10,3.118431756746286011e+10,2.241012892063463593e+10,2.619032446516876221e+10,2.713141210702402878e+10,3.246338146835319519e+10,3.332062139121489716e+10,3.748819500716166687e+10,3.222357517113069916e+10,3.286802544209155273e+10,3.369523079608146286e+10,4.655427311797399139e+10,3.237477468085298157e+10,4.460772671523166656e+10,4.516676484444828796e+10,4.554604395934754181e+10,5.689273058289263916e+10,5.713056775755611420e+10,4.819725581103632355e+10,6.834158412999275970e+10,4.904057420968119049e+10,6.167747724820354462e+10,7.209039297396595764e+10,6.283768494152744293e+10,5.247609834522528839e+10,5.264646262826209259e+10,5.809972512414097595e+10,5.989185743618878174e+10,4.151104654709932709e+10,4.947932191007713318e+10,3.820970371867716217e+10,4.384457503724962616e+10,3.643000828912906647e+10,4.285628501621131134e+10,3.271175380606832123e+10,4.586293645295829010e+10,3.671069492146564484e+10,4.291805091855515289e+10,3.028847544180068588e+10,3.345863950344874573e+10,3.093475814182295227e+10,3.369529383366941071e+10,3.841752236084322357e+10,3.781032549857087708e+10,3.543592262877361298e+10,3.221472938773527908e+10,4.153765215025451660e+10,4.052577521917176819e+10,2.638552430658704376e+10,2.704347144547960281e+10,3.607694677692517853e+10,4.189098798647102356e+10,3.790317792772799683e+10,3.687000654635194397e+10,2.819008203160885620e+10,3.082464783744165421e+10,3.211658410494249725e+10,5.074750329119090271e+10,4.240398685767553711e+10,3.353935859811381149e+10,4.104453386391600037e+10,3.582865779940901947e+10,4.919311240200754547e+10,4.855901177258187103e+10,5.436165536089128113e+10,4.313745185255158997e+10,5.103417961468360138e+10,5.292718240365348816e+10,4.939602801836042023e+10,6.617025710875341797e+10,6.239739704029323578e+10,9.104357053982127380e+10,5.707861527003405762e+10,5.934792078753685760e+10,5.036642378490874481e+10,4.981275302789665985e+10,5.625825005017647552e+10,5.215421752501090240e+10,4.719615501998995209e+10,4.641079495839855194e+10,3.695882572761038208e+10,3.530775219590340424e+10,4.800316859325418091e+10,3.959819889717225647e+10,3.475935472593547058e+10,4.639893882479411316e+10,3.212126641534176254e+10,2.896161234632662964e+10,2.703707194436329269e+10,4.520417409707967377e+10,2.282488842744006729e+10,2.713465521574808121e+10,2.423764278865029907e+10,2.920583841585673904e+10,2.525876584693702316e+10,2.832882165859011459e+10
2.180681546326506042e+10,2.729945532967851639e+10,3.271189151276937103e+10,2.994944995628122711e+10,2.969057200859113312e+10,3.323798503961590576e+10,2.817234382995779419e+10,3.187015617220118713e+10,2.765775774705806351e+10,2.935905581953873825e+10,3.517942269162159729e+10,4.057429360101684570e+10,4.497339143523854065e+10,3.799907480656230927e+10,3.996242071109825897e+10,3.466583022770230865e+10,4.517348444746819305e+10,4.639223011960601044e+10,3.719628361229161835e+10,4.807939073632510376e+10,5.636036430893472290e+10,6.700652872574053955e+10,6.171322653052674103e+10,4.736945104168241882e+10,5.121224527898778534e+10,5.284020412970513153e+10,4.661617346939102936e+10,4.929189895494770050e+10,4.702953289232249451e+10,6.620495707469598389e+10,4.602493137171022034e+10,5.233802846996144104e+10,6.082367170436881256e+10,4.461876743529228210e+10,4.759193986451843262e+10,5.437403309106089783e+10,4.666892487430803680e+10,3.806834956324053192e+10,3.221976133971007538e+10,3.015809776325797653e+10,3.323934383656943130e+10,2.928424188616859436e+10,4.690489389869930267e+10,3.778150482039554596e+10,3.775625018124953461e+10,3.463526848021652985e+10,3.071392491520211792e+10,2.362476094267294312e+10,2.716291927553866959e+10,3.539023582520768738e+10,3.236404085689640808e+10,2.693142820736619949e+10,3.138727272140280533e+10,3.991960240265100098e+10,3.516116460756797791e+10,2.613127023464870071e+10,2.874169600174720383e+10,3.317596352484109497e+10,3.805268018072433472e+10,3.495464039647799683e+10,4.179077149299482727e+10,3.436165342940917969e+10,3.533681412031784058e+10,3.299158602763035583e+10,3.994333363260948944e+10,4.507514762140744019e+10,4.365755532490212250e+10,3.947261372323325348e+10,4.106432498960662079e+10,4.649837311338899231e+10,5.753684070334958649e+10,5.621292944608348083e+10,5.192744830176091003e+10,5.791578515935800171e+10,5.171331816462985992e+10,5.351940769519282532e+10,4.833746278894978333e+10,6.378624030045241547e+10,4.855385207624932861e+10,5.086955201497605896e+10,4.691567080648323059e+10,4.309660807023992157e+10,4.304988032974602509e+10,3.309110314853436661e+10,3.459904182005543518e+10,4.011631160508405304e+10,3.519448094372488403e+10,3.796784905378274536e+10,3.955322041221146393e+10,2.940227765078619766e+10,2.320357286161635208e+10,2.933637687511671448e+10,2.475483174794153976e+10,3.125411404246867371e+10,3.388517759257130051e+10,2.738410282877453613e+10,2.682214395340165329e+10,2.929099305479505539e+10,2.309248859610094070e+10,2.346753521473798370e+10
2.847174242657147217e+10,3.548528114253862762e+10,3.781624635996411133e+10,2.785882002927980423e+10,2.000765848163229370e+10,2.557961294153910446e+10,3.182616544690696335e+10,2.424317718674159622e+10,3.136718461747828674e+10,2.789590808780397415e+10,3.325215840432638168e+10,3.330164544745866776e+10,3.716156413870523834e+10,3.575032591388363647e+10,4.248053348534070587e+10,3.422325689964362335e+10,3.123232467889678192e+10,5.819294852044818115e+10,4.879982874059127808e+10,4.201003160057043457e+10,3.838834017953302765e+10,4.774028088818844604e+10,5.360646859160221100e+10,4.337106927995005035e+10,7.155078935589535522e+10,5.412234258779805756e+10,5.558498361680842590e+10,4.345077635008145905e+10,4.944524673874684143e+10,4.680491161353401947e+10,3.991866285588418579e+10,4.696830314461446381e+10,4.541443748049194336e+10,3.617990444206751251e+10,3.918090653540354919e+10,5.075588456469291687e+10,4.447798198478603363e+10,4.155762610177217102e+10,2.830295218564695740e+10,3.480953557951676178e+10,4.314395736609488678e+10,3.387782114642933273e+10,3.859410686471711731e+10,2.796170735131303406e+10,2.708403620849444962e+10,3.160763082080704117e+10,3.837108016237068939e+10,2.515369722727685165e+10,2.901339384656539536e+10,3.062998260062328339e+10,2.714751064308511353e+10,2.883554151394775391e+10,3.741159599805171967e+10,3.555447797397877502e+10,2.995185231366722488e+10,3.282522585474185944e+10,3.284801961799039078e+10,2.941078893950284195e+10,3.191981856972590256e+10,3.996825309771279144e+10,2.906947128480311203e+10,3.334759523833042145e+10,3.548402633113657379e+10,3.510049917055860138e+10,3.559287996015774536e+10,3.874026196127399445e+10,3.847257882813762665e+10,4.475083618911395264e+10,4.612806641110629272e+10,4.359962992450003052e+10,4.813264298158187103e+10,5.788274793375212097e+10,4.298979869000255585e+10,5.509717444768331909e+10,5.416490742167619324e+10,5.438843894396727753e+10,5.163735412872981262e+10,4.250344917034222412e+10,5.078131184103721619e+10,4.167567054691291809e+10,5.073299509817036438e+10,4.488736525423397064e+10,4.590944623736788940e+10,3.890803889533847046e+10,3.793691199050386047e+10,3.261472260220781708e+10,4.400743528409758759e+10,4.034536513977454376e+10,3.944372655232042694e+10,3.268867407029586029e+10,3.267158380774696732e+10,3.167893077038184357e+10,2.851593098612353134e+10,4.500231990186405945e+10,2.402426021851151657e+10,2.496245955372116470e+10,3.531209584520874786e+10,2.448764961835527802e+10,3.295282515583547592e+10,2.087722580883047485e+10
2.868596095017229462e+10,2.061508665083705902e+10,2.971759978192404175e+10,2.987381565625265503e+10,2.536849490147521973e+10,2.767122986580645752e+10,2.955545641785062790e+10,2.843791011458562469e+10,2.887186581678267670e+10,2.548297515799551392e+10,2.957952508854840851e+10,3.080327591821540833e+10,2.682526342947281647e+10,3.165951962123586655e+10,3.539546362650272369e+10,3.432837178305795288e+10,4.650262145871998596e+10,3.906452005739756775e+10,4.193920863109645081e+10,4.074596574842396545e+10,6.012011582271033478e+10,4.124141757589982605e+10,4.049834546322917175e+10,5.360911477879667664e+10,5.603890276132836914e+10,5.264969864601273346e+10,3.764853063236457062e+10,4.792823829726586151e+10,4.585200036187503815e+10,4.368026334617532349e+10,4.341287514420165253e+10,4.753112983658776093e+10,4.020387947713463593e+10,3.992669939247129822e+10,3.534742212457005310e+10,3.684684001049188232e+10,3.391017358242053604e+10,2.733356231617695618e+10,3.114276985550854111e+10,3.232798650585729980e+10,2.630946776250453949e+10,2.089618999267768478e+10,3.414414634305976105e+10,2.731309360397901917e+10,4.134376746588166809e+10,3.154777514429262161e+10,3.026081078133674240e+10,3.970402268309294891e+10,3.224340478562903214e+10,2.603633585066417313e+10,2.335085740897896194e+10,3.910532503723613739e+10,3.044475907419433975e+10,2.579966792424942398e+10,3.329456877533768082e+10,2.386806690462480545e+10,3.927281864676143646e+10,4.384334388395735168e+10,2.558585050466181564e+10,4.642788950378103638e+10,3.363731443378609085e+10,4.302508583058540344e+10,3.293631966592929840e+10,3.889595083928305817e+10,3.371168282115766144e+10,4.162955140871813202e+10,4.542872176478700256e+10,4.726130393028536224e+10,4.932703922286514282e+10,4.810385122438630676e+10,4.565811113147834015e+10,5.404703501070135498e+10,5.004946893253813934e+10,4.532262645951119995e+10,4.585772427271921539e+10,5.809087852340358734e+10,5.571740352156947327e+10,3.818908913987499237e+10,4.014411711254714203e+10,4.788083477552374268e+10,3.854915738604023743e+10,4.512925858705613708e+10,4.304837819087467194e+10,3.080284131968794632e+10,3.282692087245302200e+10,5.634392277482867432e+10,3.284557446414635849e+10,4.362769258031224060e+10,2.827079666966612625e+10,2.457088445050278473e+10,2.473775063402967072e+10,3.918078094254660797e+10,3.233668632257207489e+10,2.625440225313534927e+10,2.629649627806761169e+10,2.688951659142373276e+10,3.010514264840782928e+10,3.223986315408116150e+10,2.684692354456340027e+10,2.525949074760002518e+10
2.315831594034164047e+10,2.472573068232515335e+10,2.977603211617549133e+10,3.893135866538832855e+10,2.454598621748590469e+10,2.709614813522189331e+10,2.941775449054891205e+10,3.057382500215973663e+10,3.092020942390645218e+10,3.564065974424748993e+10,4.119994644467362213e+10,3.736501811612812805e+10,3.127998165643488693e+10,4.119658628215286255e+10,4.269125601198558807e+10,3.746649546930199432e+10,3.523848047616999054e+10,4.102113652719429016e+10,3.700310527992485046e+10,5.088608984002388763e+10,3.591913932893795013e+10,3.879038660551505280e+10,5.585726530169628906e+10,5.114554530807963562e+10,4.402666708345591736e+10,4.449334541312987518e+10,3.946095625183137512e+10,4.760285267455123901e+10,3.724893089834590912e+10,3.849728876656867981e+10,4.394353709465212250e+10,3.918194375246935272e+10,4.556962868814689636e+10,3.649217607027529907e+10,3.500855154263257599e+10,4.358768402107984161e+10,3.799974057727180481e+10,3.412371806678501129e+10,3.677070211235947418e+10,2.924262079499885178e+10,2.938675620818807602e+10,4.731157708125333405e+10,4.121088225243946075e+10,2.879226198584684372e+10,3.029819417561629105e+10,3.413479386298978806e+10,3.005482286010211563e+10,3.238389702261360550e+10,2.600373614355968475e+10,3.163413321635614777e+10,3.949335759879374695e+10,3.602450921842482758e+10,3.309457480184564590e+10,2.906654856839646149e+10,3.951357258551313782e+10,3.426952877064790344e+10,3.358219895234306335e+10,3.451305298754295349e+10,2.709638551320470047e+10,3.547903817758644867e+10,3.221567591680808258e+10,3.743471102101576996e+10,4.134603380486116028e+10,3.771345488476327515e+10,3.608067636593368530e+10,3.739737825919185638e+10,3.717139028322270966e+10,3.701202421462350464e+10,3.646011914347100067e+10,3.685432183008321381e+10,3.642340863105893707e+10,6.021065373556912231e+10,5.257895357305658722e+10,5.443218351842857361e+10,3.383147297848921967e+10,4.487880043157570648e+10,4.060427966568556213e+10,3.576618767661907196e+10,5.077199825282649231e+10,5.197792789189677429e+10,5.969223843143464661e+10,3.235535926861621094e+10,4.647755251936827087e+10,3.648964033931444550e+10,4.195985739774826050e+10,2.894782932079451752e+10,2.962025413191820526e+10,2.406019562285728455e+10,3.352513629652304840e+10,4.591017699075395203e+10,2.945680918697903824e+10,2.518494551091512299e+10,3.012146696777832413e+10,2.714377018434965897e+10,3.514598016746453094e+10,2.261425652123463821e+10,3.190708323432086182e+10,2.460301830603447342e+10,1.927218738015583420e+10,2.672566994129278183e+10
2.328487395623987198e+10,1.850176789110563660e+10,2.826521068988893890e+10,2.856020187105646133e+10,3.074920742009290695e+10,3.644599528247179413e+10,4.175042175099114227e+10,2.538229155195851898e+10,2.412843441191375351e+10,2.298844899593000031e+10,3.444355647985619354e+10,2.955674925180292511e+10,2.916015989154190826e+10,3.695919217497028351e+10,2.679446199211687851e+10,3.389210215165030670e+10,2.919706957747648239e+10,3.212243209043157196e+10,3.418505845943391800e+10,4.397406320433097839e+10,4.148089732617436981e+10,3.781588877151927185e+10,3.411706381043415833e+10,3.509056917889788818e+10,5.209456049295085907e+10,4.148077237006555939e+10,4.199767792031682587e+10,4.303752941087084198e+10,3.907212557460653687e+10,4.123321664556243134e+10,3.772511087324371338e+10,3.566274918953057861e+10,4.379876521748286438e+10,3.745216934317102051e+10,3.505781187200244904e+10,3.643028535516473389e+10,2.970455646434710693e+10,3.229213878184119034e+10,2.669156514371760178e+10,2.776539778378725052e+10,3.134724071380368805e+10,3.500527745517156219e+10,3.396123616066009903e+10,3.428825961051614380e+10,2.845710416247200775e+10,3.204538446197824478e+10,2.216059141115520096e+10,2.742757179126423264e+10,3.551946329649925995e+10,3.117221738609844208e+10,2.712929035882624435e+10,3.111445309809716797e+10,4.776785768949205017e+10,3.281457167720346069e+10,2.417652488756495285e+10,3.140967429931320190e+10,3.451467620354139709e+10,4.025087524511351776e+10,3.722177863288843536e+10,3.369399777642564774e+10,3.685214330238835907e+10,5.175394715495529938e+10,3.233086816449909973e+10,5.134488420351860809e+10,3.570624816911499023e+10,3.314511600042620468e+10,5.018019038275977325e+10,3.371476739027135849e+10,4.106513868183058929e+10,3.995285786702551270e+10,4.273485614992031860e+10,4.206092836444183350e+10,3.197730564977401733e+10,5.234506246717885590e+10,5.909657708897844696e+10,4.407055381453250885e+10,4.219463936131654358e+10,4.510984645939961243e+10,3.996111617209980774e+10,3.343022143516683197e+10,3.107858908790243149e+10,4.128660759720240784e+10,4.002890331528546143e+10,3.147141502670963287e+10,2.785891749824530411e+10,3.451321654921813965e+10,4.076839002530821228e+10,3.382551109913606262e+10,3.191494378819290924e+10,2.843033971445051193e+10,2.964874666257072449e+10,2.268127465016703415e+10,2.576958389378289795e+10,3.131085009246616364e+10,2.883308279931751633e+10,3.229393873209487152e+10,2.628318361560394669e+10,2.825478996836333847e+10,2.432997386858756638e+10,2.247440536117818451e+10
2.162715097939134979e+10,2.414322675392423630e+10,1.998410668813380814e+10,2.767319998604406738e+10,3.077043786979476166e+10,2.460496011411760330e+10,2.814411484467720795e+10,2.188003581774193954e+10,2.927464081898823929e+10,2.519827730997444153e+10,3.094940085744364166e+10,2.686803871519831085e+10,4.136398108939053345e+10,2.656431510761829376e+10,4.132325779829908752e+10,2.997192312720953369e+10,4.877555372513038635e+10,3.260341437388985825e+10,3.726807868937896729e+10,3.753212774479376221e+10,5.809033085864841461e+10,3.132407238503833008e+10,5.076985102890480804e+10,4.271687853725085449e+10,4.760012838251066589e+10,3.641242920209721375e+10,4.657129054796512604e+10,3.949283901405490875e+10,3.737271624563781738e+10,3.868112298790206909e+10,5.773462761888595581e+10,4.206243659168742371e+10,4.812891577476494598e+10,4.229450973568611908e+10,3.444906281647679138e+10,3.337128823571053314e+10,2.759513793538534164e+10,3.358248141351950836e+10,4.491630032335218811e+10,3.244850520861792755e+10,2.963833604536755371e+10,3.230785718339618683e+10,2.709624734975782013e+10,2.645304878480284882e+10,2.814030646863156128e+10,2.679174342765108490e+10,2.476979526071798706e+10,2.975991575952035904e+10,2.356481272496132278e+10,4.079268758108808136e+10,2.719128063408787537e+10,2.722837418083483505e+10,2.620608787408811569e+10,3.409735408411773300e+10,2.719611742706490707e+10,2.669640494565535736e+10,3.868074764865480042e+10,2.633841133155763626e+10,2.842881872866846085e+10,3.047318108267913818e+10,3.371000192964413452e+10,3.172004255280416107e+10,3.654514179124816132e+10,2.754410087436452103e+10,3.163926540020685577e+10,5.206933618950904083e+10,3.616957357298682404e+10,4.282290501831974030e+10,3.527242145889876556e+10,3.397146524070424652e+10,3.614749267558454132e+10,3.493226264896993256e+10,4.014068960271498871e+10,4.640643571504986572e+10,3.854874539377240753e+10,4.123058791461679077e+10,4.236905764734616852e+10,3.840490116114733124e+10,3.602590972793150330e+10,3.410834401554662323e+10,5.059321314835188293e+10,3.890193204748464966e+10,3.746680375391596985e+10,3.156915208116405487e+10,3.250412515755513000e+10,2.994053931256922531e+10,2.435507353853750229e+10,2.524874740743677139e+10,3.233577785903424072e+10,2.214426104949634552e+10,2.629248327474656296e+10,4.545172939802445221e+10,3.175316237574056625e+10,2.758585496059768677e+10,2.463855210001034927e+10,2.749193037086687469e+10,3.203060577115733719e+10,2.643090770613783646e+10,2.332392370555267334e+10,2.846386348661411285e+10
2.479049966853993225e+10,2.195537446557029343e+10,2.928253996969116592e+10,3.108219272233891678e+10,2.039646812101976013e+10,2.293854689975171661e+10,3.301516604536204147e+10,3.281044752026919174e+10,3.857327692858774567e+10,2.413626441036157227e+10,2.742026156117197037e+10,2.754399855904011154e+10,2.878443733509498978e+10,3.895669332699881744e+10,3.085872803373726654e+10,3.933264525493453217e+10,2.437792153119265747e+10,3.205896003707965851e+10,3.489479836133767700e+10,4.357310006487272644e+10,3.779865739318022156e+10,3.562042063840558624e+10,2.816326148996407318e+10,3.449718776814469147e+10,3.026307438026542664e+10,3.868676416041266632e+10,3.857024870808161926e+10,3.907372060949404144e+10,3.046486578198553467e+10,4.216256622101024628e+10,3.213960815009391022e+10,3.275213813740922928e+10,2.881106778465972137e+10,4.493446459601780701e+10,4.260398582681684875e+10,3.172388707343019867e+10,2.704609572129243469e+10,3.015815057609676361e+10,2.680086872614565277e+10,3.192027311212855148e+10,3.170408905448456192e+10,3.028002393337594223e+10,3.016436647436333084e+10,2.127817910167086411e+10,2.871842079659563828e+10,3.238838077790094376e+10,2.348798112072736359e+10,2.439077248335671234e+10,3.577436343245937347e+10,2.872518395078083801e+10,3.109047924373815918e+10,2.524054019765513229e+10,3.033437294454882050e+10,3.472486572969156647e+10,3.781996974837417603e+10,2.997394421428448486e+10,3.296843413957043839e+10,3.582830732901307678e+10,3.001668541339157486e+10,2.559486649997159958e+10,3.284951337696058273e+10,3.306520098242922592e+10,3.455280199236911774e+10,2.964662023669551849e+10,2.983171007109564590e+10,3.331799067274475098e+10,4.542329695351044464e+10,3.734148124842231750e+10,3.892781380024680328e+10,4.441078664699211884e+10,3.607883666820059204e+10,3.673561600342379761e+10,3.608917439848787689e+10,3.856230997490809631e+10,3.179828690779496765e+10,3.028548783947400665e+10,3.482411549680865479e+10,3.378146582270178223e+10,3.089309089607689285e+10,3.298073417473702621e+10,3.740305902400907135e+10,3.770269653605054474e+10,3.909851262512873077e+10,2.922747008043757629e+10,2.801351294819343948e+10,2.665777046142218399e+10,3.523004720875218964e+10,3.561609077434778595e+10,3.068515237689997101e+10,2.973458708018967438e+10,3.019857217405142212e+10,2.020390745324143982e+10,3.175777983350622940e+10,2.170030131906915283e+10,2.896225620048696518e+10,2.623956539792922592e+10,2.056212139745337677e+10,2.495678528886757278e+10,2.887143776126612473e+10,2.645537309803123093e+10
1.997293119769376373e+10,2.419966820325427628e+10,2.856179869028847504e+10,2.425261057858916855e+10,2.226835209891366959e+10,2.227157267031851959e+10,2.429813174151127243e+10,2.352545217678266525e+10,2.685826020290692139e+10,3.400405032828830719e+10,5.091534945609371948e+10,2.857714850779621506e+10,3.074944356537543106e+10,2.628752617957757568e+10,2.707093487444416046e+10,2.378026503337476349e+10,3.711823008390129852e+10,4.207944963703977966e+10,4.019152310893228149e+10,3.364309706361968613e+10,2.865114939818360138e+10,3.752174393418070984e+10,3.941464003987381744e+10,3.527573844905250549e+10,3.520688027381152344e+10,3.466484340420464325e+10,4.036805071121414185e+10,5.004650014522273254e+10,3.408268290919585419e+10,3.789704909819461060e+10,2.473310738556098557e+10,2.670769774294561005e+10,3.219095231061178207e+10,4.687455307045922852e+10,2.928508607110390472e+10,2.981553469361230850e+10,3.668728315164859009e+10,3.347384834709534836e+10,2.809861520781921005e+10,3.461468321135647583e+10,3.419251197772593307e+10,2.202982937779859543e+10,2.846411666507243729e+10,3.095607629210869980e+10,2.603420677440542603e+10,2.913398784023708344e+10,2.074113369631923676e+10,2.967987597894568634e+10,2.475683096465246964e+10,4.906076659139106750e+10,3.426633183808117676e+10,3.700382027114176941e+10,3.025119963045758438e+10,2.669695983591396332e+10,2.603991665294632339e+10,3.010466895361038589e+10,3.697641076614115143e+10,2.677833141401044846e+10,2.887346968858374786e+10,4.627275237653629303e+10,2.652472716477536392e+10,2.298174491128425217e+10,3.390737240092641449e+10,3.293135561824985123e+10,3.093771148371227646e+10,2.903849694354317474e+10,3.320725117330344009e+10,2.883695500078282928e+10,3.036466007587285233e+10,3.080873170251410294e+10,3.617264758773694611e+10,3.618684553937213898e+10,4.246758262585100555e+10,3.636267766786515808e+10,3.426150800545370865e+10,4.109499382842715454e+10,4.309261085210141754e+10,3.754087316460726166e+10,3.995171945234203339e+10,3.094235744983741379e+10,5.189118660147229767e+10,3.191485393897167587e+10,4.161917060920046997e+10,3.749776223296804047e+10,3.364484384828685760e+10,2.899965375968314743e+10,4.473950167132538605e+10,2.448797874261903763e+10,3.490211267968100739e+10,2.457281341986575317e+10,2.544296239150959396e+10,2.138325987944759750e+10,2.724342136743078995e+10,2.206923323618570328e+10,2.773255424013378525e+10,3.241950322849866486e+10,2.908739516941271973e+10,2.514254482020430756e+10,2.175491684837715530e+10,2.116780865254244995e+10
2.770087911018567276e+10,2.550424647531066895e+10,2.553358834666333771e+10,2.362826781897052002e+10,2.269858967170631409e+10,2.682022068985745621e+10,2.748284635153718567e+10,2.092215568329673004e+10,2.678188511423827744e+10,3.671543031348318481e+10,2.975332536976988220e+10,2.527408599719467545e+10,2.939062608059947968e+10,3.237719008760530853e+10,3.479039721167216492e+10,2.800965347983792877e+10,3.398390022111692047e+10,3.852124756041909027e+10,3.289567455093116760e+10,2.323786088536254120e+10,2.699281949667281342e+10,2.775991479800106430e+10,3.369314831647615814e+10,2.999744876830395126e+10,3.746948259685998535e+10,3.385404749803777695e+10,2.911021291057307816e+10,4.558928481597502899e+10,3.882090727306080627e+10,3.462628464105355835e+10,3.112421820224739838e+10,2.766491300256819916e+10,3.094729568497764969e+10,4.232282823334532166e+10,2.863567133297832489e+10,3.118152239695560074e+10,5.565265134619188690e+10,3.180480378578097534e+10,2.614238021830396271e+10,3.326653641576595688e+10,2.783439916603364944e+10,2.849595772678969955e+10,4.029748312936063385e+10,2.635763919245307541e+10,3.433182666970003891e+10,3.287389226749074936e+10,3.751733104349738312e+10,3.340473074619217300e+10,2.932075406069920731e+10,2.754502299631457901e+10,2.711275298852241516e+10,3.291910471465559769e+10,2.911990718131797791e+10,2.693561635425462341e+10,2.780957545396134949e+10,2.840345555812224197e+10,3.013924995689168167e+10,3.085378049453557205e+10,2.821493646389678574e+10,2.544181530990243530e+10,3.425237079914918518e+10,3.677506054004917908e+10,2.486729674918000793e+10,3.830437411485217285e+10,4.725028287249938965e+10,3.130114773393666840e+10,3.050020375163150406e+10,2.965769630141719437e+10,3.154299416635105133e+10,4.000296151231655121e+10,2.984401943452419662e+10,3.280167424008197403e+10,4.578658727426416779e+10,4.184200930723065948e+10,3.283190629055077744e+10,3.049049726813644791e+10,3.727779568850788116e+10,2.424374315008980942e+10,3.165299376583562088e+10,3.543760375246324921e+10,3.843155921244976807e+10,3.023702967444834137e+10,3.018390051758509445e+10,2.646154310383843994e+10,2.584657408533055878e+10,3.302309353004442978e+10,2.359494411618377304e+10,3.622225316998741913e+10,2.668332154703256226e+10,1.986013381382884216e+10,2.566529406719640350e+10,3.392852880405751038e+10,3.486800897543129730e+10,1.906680097621392441e+10,2.533211712904021835e+10,1.655723256281315231e+10,2.912753849587519455e+10,1.920207305675706100e+10,1.760384652526467896e+10,2.776896648372829437e+10
2.604499245631336975e+10,3.070287718168967056e+10,2.157332887188222504e+10,2.414227244237472153e+10,2.259550209637075806e+10,2.582057002532460022e+10,2.924588062382898331e+10,3.263346033926302719e+10,2.772004830554405594e+10,2.885140843682875824e+10,3.425370453143011856e+10,2.526418952423563766e+10,2.498838831907865143e+10,4.289158716758396149e+10,2.774089721870859909e+10,2.359601349750323486e+10,2.600691708911330032e+10,3.048870867228100967e+10,3.424641529521342468e+10,3.631421363611939240e+10,3.185735884279718399e+10,2.671071123866018295e+10,2.975049527487495041e+10,3.308398129126347733e+10,3.949907136412431335e+10,2.695878766996686172e+10,2.835688353525459290e+10,3.191680390583874130e+10,3.543579517545351410e+10,2.706385484170341110e+10,3.884252953712306976e+10,2.986488631928715897e+10,3.318702574348131561e+10,3.104276964301996994e+10,3.451270565371326447e+10,4.960727711964392853e+10,2.599789000549577713e+10,2.885537823191519928e+10,3.586126229845898438e+10,2.853949016022872925e+10,3.526306722504673004e+10,3.126012744330323792e+10,3.868264743708551788e+10,3.617120616604416656e+10,3.413089700564709473e+10,2.425755043460153198e+10,2.597860235096218491e+10,2.813498186971736145e+10,3.499396935154175568e+10,2.593883623109982300e+10,2.646931627636115646e+10,2.569455734678162384e+10,3.230230057702855301e+10,3.038313492588801193e+10,3.813702144432289124e+10,2.752178133455969620e+10,2.700318434057321167e+10,3.612601774188291931e+10,2.832157436004065323e+10,3.244292754394823456e+10,2.787116174489367294e+10,2.800537447008014679e+10,3.765968004790836334e+10,2.806337401198164749e+10,3.396319399148154449e+10,4.085465102337001801e+10,3.286278865701198578e+10,3.633449128056475830e+10,2.713561366166949463e+10,3.753408066926591492e+10,3.193009359074079132e+10,5.271437795190344238e+10,3.027781677831929016e+10,3.921392374519847870e+10,3.418420423975100327e+10,3.789945179065402985e+10,3.515902968834236908e+10,2.784172206432284927e+10,3.925122035017032623e+10,3.552663082560597992e+10,4.357183132771697235e+10,3.276483648740393448e+10,3.787972680380559540e+10,2.839426420960233307e+10,4.386768474202426910e+10,4.905899443475638580e+10,2.245583546480991364e+10,2.734963351566808701e+10,2.395500159629188156e+10,2.238056072616609192e+10,2.705521525073633575e+10,2.275227863458251572e+10,2.842276022399440002e+10,2.617972609400806427e+10,2.544539070475806046e+10,2.547715332575240326e+10,2.638366182813658905e+10,3.770600623836419678e+10,1.844261639744303131e+10,2.963910365356345367e+10
1.996231526532621002e+10,3.078464468743552399e+10,2.326401051837919998e+10,2.268134619778691864e+10,1.701041470852623558e+10,2.762074791765184784e+10,2.250612788130225372e+10,2.923162928808047104e+10,4.627672290449363708e+10,2.721917994904248428e+10,2.380884862563915634e+10,2.653946573829562378e+10,2.693772299446686172e+10,2.418349801361289978e+10,2.886402418040512848e+10,3.136923403657891464e+10,2.324135834816024017e+10,2.963184959065531540e+10,3.826375830781364441e+10,2.737116280982830811e+10,3.167448125060395432e+10,2.150714905338190460e+10,3.388043374802888489e+10,2.758578480301802444e+10,3.852242574284952545e+10,3.027801006511708450e+10,3.093509225512510681e+10,3.652579704234379578e+10,3.893650843466491699e+10,3.340713628160277557e+10,3.589130251280568695e+10,2.604362952131901932e+10,2.317660029368353271e+10,3.765843933903318024e+10,2.702097858032777023e+10,2.386728995917653275e+10,3.072500494225139236e+10,3.936768126672198486e+10,2.559264554925323868e+10,2.998482287208095169e+10,2.868133459951304626e+10,2.668527320612322617e+10,2.898874194576164246e+10,2.720579655040432358e+10,2.379560350678145599e+10,3.018293498578893661e+10,2.584670453253733063e+10,2.986965298813327789e+10,2.558037969097891998e+10,2.229983595707465363e+10,3.287916724734342194e+10,2.313267903244250488e+10,3.075169353010263824e+10,2.373444900665420532e+10,2.803422118496921539e+10,2.700853028369242096e+10,2.303076637451498032e+10,3.095052484844684219e+10,2.935272899957757187e+10,2.070938341421439362e+10,3.910671699102593231e+10,3.232836229078355026e+10,2.678424231385493851e+10,2.787787590652858353e+10,2.965945706982525635e+10,3.790554783729856873e+10,2.895598559051388550e+10,4.876294355932490540e+10,2.506663376172364044e+10,2.705728567508719254e+10,3.691985559754048157e+10,4.087036434748902130e+10,3.057338115215513229e+10,3.567002251700469971e+10,3.225852349204636383e+10,3.524911805415206909e+10,4.592200199561036682e+10,3.279600984713838577e+10,3.031102084265379715e+10,3.027910282058938599e+10,3.261867903258383942e+10,3.467763126595143890e+10,2.968075779708961105e+10,2.770971943902225494e+10,3.219697930421086884e+10,2.369055756853774261e+10,2.641046314558416748e+10,3.223007072862897110e+10,2.771383211385010147e+10,2.041416969605245972e+10,2.143815528848404312e+10,2.679643604612420273e+10,3.066076155161797714e+10,2.517981067016872406e+10,2.573293060683892441e+10,2.803702223224459839e+10,2.393381629381374359e+10,2.412250156153036118e+10,2.340482641731700897e+10,3.025488856062730408e+10
2.364851152268081665e+10,2.353607091804965591e+10,2.175406880272893524e+10,2.414288562819048691e+10,3.152242030737808228e+10,2.320362990359383392e+10,2.717041068702514648e+10,3.442127232910663605e+10,2.743011803169000626e+10,3.707551273055464172e+10,2.940414463504307556e+10,3.966187425999427032e+10,2.922067919319957733e+10,2.738570703681264496e+10,2.604454644257004929e+10,3.190403069944099426e+10,2.836271596505294037e+10,2.642719597208140564e+10,3.663014983483495331e+10,4.100523628506565857e+10,3.218590048491080856e+10,2.646403153952420425e+10,3.226485073311636734e+10,3.128570602524113083e+10,2.619723325075617599e+10,2.672445708392855072e+10,3.220472559301850891e+10,2.564406350756959915e+10,2.536288123162689972e+10,2.939737521091791916e+10,3.838442154217368317e+10,2.779814945369876099e+10,2.598816970464408875e+10,2.771289827371351242e+10,2.966246270619433975e+10,2.493621841464013672e+10,2.173325040094472122e+10,2.620239929075674057e+10,3.040984897287615967e+10,2.793827619815629196e+10,2.653237942073284912e+10,2.354561992952816772e+10,2.431709385121572876e+10,2.523848299312296295e+10,2.481147926259117508e+10,3.149194485379847717e+10,2.841857248624432373e+10,2.678762402642126846e+10,3.882613456013948059e+10,2.314277817454983521e+10,2.862864903322509766e+10,2.371973850463407516e+10,2.019912129222599792e+10,2.955924275698989105e+10,2.598811513131081009e+10,2.856694148791104507e+10,2.441741107539772415e+10,2.507430720630742645e+10,2.713832673828018188e+10,2.825341276593027878e+10,2.478108850170029831e+10,2.839890271619488907e+10,2.753629691355234146e+10,4.000857033989907837e+10,2.523405064001741028e+10,3.605756313601853180e+10,3.158668710195058060e+10,2.909874545143149567e+10,3.140260931409924698e+10,3.452747672808702850e+10,2.825832184619496155e+10,3.248122230300974655e+10,2.847211772460472870e+10,2.582841187363471222e+10,2.748254174522967529e+10,3.056277790581516266e+10,4.149436521110808563e+10,2.670638193320698547e+10,2.960770915338918304e+10,2.779079750152982330e+10,2.809180316293778992e+10,3.031947895608618164e+10,2.318547674382410049e+10,2.747317819005963135e+10,2.496066168863607025e+10,2.163570565444127655e+10,2.748120463442859650e+10,2.240297687129708481e+10,3.229583348364052582e+10,2.894320883174462509e+10,2.456357827623871231e+10,2.594989660724739838e+10,2.237817334708708572e+10,2.540630272307921982e+10,1.889628558443147278e+10,2.165915858281688690e+10,1.978111828456645203e+10,2.070652791660605621e+10,2.709315589332740021e+10,2.235828654805464554e+10
2.463142966147786331e+10,2.431161981838495636e+10,2.321492923655699539e+10,1.939264519178746796e+10,2.895466971952465439e+10,2.183443551594628906e+10,2.541210290886735916e+10,2.487795930341193008e+10,2.584979475319828796e+10,2.457030895172204590e+10,2.941302114819094467e+10,3.069685011346873093e+10,2.977695468374852753e+10,2.585895094697596359e+10,3.327315311850310135e+10,2.308771776504590988e+10,3.460181217291046906e+10,3.243443529236199570e+10,2.585957460601398087e+10,2.670823171474223328e+10,3.866616434441270447e+10,3.586387843431981659e+10,3.689347772235266876e+10,2.747366680888972473e+10,2.596674259358695602e+10,2.727895413265764999e+10,5.044008339376366425e+10,2.995821563579273224e+10,3.842227300798318481e+10,3.059078404974245834e+10,3.858319140677648926e+10,2.964011016716147614e+10,2.423047435880381775e+10,3.355845619749487305e+10,3.684632015191184235e+10,2.376333238752888489e+10,3.235838480322977448e+10,2.876113353640032196e+10,3.393407928078528976e+10,2.412275933626685715e+10,2.306086253009508133e+10,2.377341975415769196e+10,2.244933905936568451e+10,2.793937759862065125e+10,3.106420061320368576e+10,2.740150962294612885e+10,4.060107939825316620e+10,2.794952838203442001e+10,2.633329516720185852e+10,2.445296134479950714e+10,2.091655183577949524e+10,3.476749020409819031e+10,3.278834207146887970e+10,2.550140690699231720e+10,3.118979125404558945e+10,2.765507473509876251e+10,3.226775850707572556e+10,3.278585184224315262e+10,2.464842080399849701e+10,2.778717212799713135e+10,3.082365517902108383e+10,2.407962650705387115e+10,3.883386809571819305e+10,3.414437836255624008e+10,2.943827059985678482e+10,2.588735953908862305e+10,2.692315864530358124e+10,3.092944735878080368e+10,3.315513561513722992e+10,3.209921355837930679e+10,2.788817601775365067e+10,2.758888475302111816e+10,2.697647981066123581e+10,3.082167521755272675e+10,2.671513156745310211e+10,3.576131609900598145e+10,3.931253833054470825e+10,3.092383195854670715e+10,3.485789045707482910e+10,2.511705524183624268e+10,2.763829155459741974e+10,2.224739666354242706e+10,3.045664724028651428e+10,2.509100898954512787e+10,2.454065634281108475e+10,2.740680994311901855e+10,2.214933532673395157e+10,2.866226160584024811e+10,3.061415908426377106e+10,3.557669024587350464e+10,2.383099234152280045e+10,2.670461710641634750e+10,2.710357367799818802e+10,2.481045852208344650e+10,2.249090220271576309e+10,2.768996619328768921e+10,2.673130900271479797e+10,2.308171516955745316e+10,2.868650899949009705e+10,3.045971559317359924e+10
2.985293724201631165e+10,2.637290287744375992e+10,2.045800697570969009e+10,2.564061205509029007e+10,2.696441817951591873e+10,2.084881368176933670e+10,2.326737935683795929e+10,2.925025242586774445e+10,2.612851481635587692e+10,2.960827229645804977e+10,2.555531428224473572e+10,2.629146490550280380e+10,3.093310320808256912e+10,2.400024746691054153e+10,4.858068406520862579e+10,2.318598559258528900e+10,2.403121487445085526e+10,3.047177358259771347e+10,2.678766212430739594e+10,2.394269286951162720e+10,3.011011051525006866e+10,4.006389321823875427e+10,3.267001781018980026e+10,3.075659452826730347e+10,2.886125524554937363e+10,2.592502667217202377e+10,3.022488849445268631e+10,3.051759817548285675e+10,2.473345732305986404e+10,2.358327294930072784e+10,3.616682069539633942e+10,2.538499878188493729e+10,2.835928572324858856e+10,2.894432446581221008e+10,2.411404173778414536e+10,2.423477927325114059e+10,2.954398498746700668e+10,2.872380400651419067e+10,2.653165212110020828e+10,3.010455117130927658e+10,2.806952699671863937e+10,2.356998875290198898e+10,2.165500989088254929e+10,3.181013982854880524e+10,2.832033871076597595e+10,2.821643888995698166e+10,2.445545314201680756e+10,3.136468475247678757e+10,3.570067855747759247e+10,3.216257754908143234e+10,2.491413015944441605e+10,2.469677221039778900e+10,3.598381591163773346e+10,3.515920869107497406e+10,2.963988006905998611e+10,2.762676822104820251e+10,4.496246392536162567e+10,2.568419070423755264e+10,2.471300131737275696e+10,3.426166922805580902e+10,2.916170578599114609e+10,3.179171493232405090e+10,3.659145428017311096e+10,2.636545531418873596e+10,2.685466985899320984e+10,2.399724353939397430e+10,2.656631649129310989e+10,3.658000758115137482e+10,3.228751510876352310e+10,3.098193740544532394e+10,4.441676713844038391e+10,2.762041839951034164e+10,2.254136977207817078e+10,4.402235526354132080e+10,2.898691834729148483e+10,3.102626809841014099e+10,2.793141725005101395e+10,2.849282931835380554e+10,2.106560025649663925e+10,2.748970313217250443e+10,2.238762534932825851e+10,3.339517764866579056e+10,2.370978448613801193e+10,2.231157614239427948e+10,2.607339695239975739e+10,2.802294983177648926e+10,2.711181605980617523e+10,2.135543660571556473e+10,3.420159320299295044e+10,2.248975082612780380e+10,2.715150852424567032e+10,3.124366635482189941e+10,2.197791557489049530e+10,2.174218320851182556e+10,2.447088812049742508e+10,2.126462395897045517e+10,2.480068764587253952e+10,2.615714637609791565e+10,2.066065754715608215e+10,1.983023803609664154e+10
2.293231790710823441e+10,2.076984852053677368e+10,2.459880442434370041e+10,2.063904928111587524e+10,2.278879208379742813e+10,2.228776348775522995e+10,2.842551294968003082e+10,1.976640173630085373e+10,2.175270031296857071e+10,2.378004543594098663e+10,2.551675448096833038e+10,2.977184681084644699e+10,3.230479726271545792e+10,3.367938172887565994e+10,3.131723379244099808e+10,3.381584453093183899e+10,2.775416735672556305e+10,2.093119455305976105e+10,2.568867790437097168e+10,3.478173588351979828e+10,2.683768564499488068e+10,2.887008039415182495e+10,3.133808067236006546e+10,3.041147755268122101e+10,2.545105950110326385e+10,2.895066656055196381e+10,2.123095944393541336e+10,3.479666596992047119e+10,3.295518593827412415e+10,3.152318855370656204e+10,2.879397723713916016e+10,2.728938886080185318e+10,2.863539828744324493e+10,3.133121732485003662e+10,2.600914049758430099e+10,2.455820168067384338e+10,3.173472784661431122e+10,2.235895649593969727e+10,2.897652246399242783e+10,2.486181918326411819e+10,3.124391794034009552e+10,2.487442229663116837e+10,2.905117466039883041e+10,3.710773873685243225e+10,3.390552480072603226e+10,2.542992911707033539e+10,3.007728998088011932e+10,2.315474837536609650e+10,2.711047835794164658e+10,2.552043065005917358e+10,2.875196012945159149e+10,3.442235488785011292e+10,2.205507225457319641e+10,2.931342461977626419e+10,2.336252067321290207e+10,2.278744127203571701e+10,2.581547081688021851e+10,2.893630848132657623e+10,2.535744267990010071e+10,3.187429369569923782e+10,3.104640367290293121e+10,2.821842886242244720e+10,2.657003480496829987e+10,3.023157959117141724e+10,3.104368872969555664e+10,3.968440627511838531e+10,3.159933328082753754e+10,2.520653402444157028e+10,2.915414402748674774e+10,3.502698651906975555e+10,3.417224418260818100e+10,3.083686671560850525e+10,2.548060938087055206e+10,2.683028206225489426e+10,2.387572369148158264e+10,2.294795229048337555e+10,3.777485680120892334e+10,2.965757320886112213e+10,3.153180000940462112e+10,2.784039472657413483e+10,3.460028203803345490e+10,2.270309441087918854e+10,2.647083177697662735e+10,2.644593558537022018e+10,2.391500252992606354e+10,2.333361435171502686e+10,2.237808734474486923e+10,3.125765818227419662e+10,2.621383838764812469e+10,2.312438470158855820e+10,2.307375499333488464e+10,2.685196665277996826e+10,2.550007174752898407e+10,2.580476520576826096e+10,1.878273068680871201e+10,2.187319652292074203e+10,2.676898237337587738e+10,2.177728884588770676e+10,2.381871444231340027e+10,2.185658359310760498e+10
2.778249320684754562e+10,3.233628719837871552e+10,3.375941808784574509e+10,2.028976681037790298e+10,2.332547203144165421e+10,1.998087659513412094e+10,2.169924767948168182e+10,2.633748231398455429e+10,2.414108060018143082e+10,2.221363939406668091e+10,2.881302208584133148e+10,2.609023993854881287e+10,3.081167613484331131e+10,3.009987226250782776e+10,2.429949542720931625e+10,3.070915042624223328e+10,2.109629143296673584e+10,2.507869996939165115e+10,2.554453788808280945e+10,2.442378805545458603e+10,3.237004543493748474e+10,2.355623319459807205e+10,3.027604421121805573e+10,3.012826614214927292e+10,2.768046542573495483e+10,3.288223303233063889e+10,2.801645825659029770e+10,3.911268935038464355e+10,2.929184208069240952e+10,2.621223341369611740e+10,2.930923407691184998e+10,2.955963070730149841e+10,3.101252347365818024e+10,3.466780397336817932e+10,2.567195570174074936e+10,2.620986407146091080e+10,2.685096028066571808e+10,2.938301496809093475e+10,2.672636432068301773e+10,2.752522027443918991e+10,2.981675968366791153e+10,2.997217425932915878e+10,3.444727265840253448e+10,2.528292847322274780e+10,2.447135957245094681e+10,2.354399953157748795e+10,2.558132115435307312e+10,2.443547296967519379e+10,2.956251580814902115e+10,3.058271238898657227e+10,2.809803526588878250e+10,3.361138082803567123e+10,2.937781779051944733e+10,3.505192927868930817e+10,3.332770087826223755e+10,3.181357233283899307e+10,2.628756773128297424e+10,2.507037683212031937e+10,2.241354896517066193e+10,3.036383312955323792e+10,2.668167678778976822e+10,3.330198062534654999e+10,2.512306300226283646e+10,2.361540349873351669e+10,3.616733616526314545e+10,2.418663398767237091e+10,3.024695823913486481e+10,2.462529007996781921e+10,3.395823253669744873e+10,3.594415938209190369e+10,3.302565938595764160e+10,2.943976558924346924e+10,3.541612292843447113e+10,2.396511894507152557e+10,2.746706776119168854e+10,2.801179023186344910e+10,2.762968024659079742e+10,2.568953727771070480e+10,2.365119125606283188e+10,3.345030441381681061e+10,2.786593708986746597e+10,2.545224897803685760e+10,2.924044205616552353e+10,2.367695550574839020e+10,2.472354528540518188e+10,2.368260013909351730e+10,2.441974929751069641e+10,1.987314623821183777e+10,3.019755304109988022e+10,3.094286445568431473e+10,2.178882089607696152e+10,1.996508711566983414e+10,2.173356079620409393e+10,1.912679905542704773e+10,2.484462295601506805e+10,1.897782193088288116e+10,2.411863696704660416e+10,2.251239566222298813e+10,2.167995884346854019e+10,2.419509891534991455e+10
2.263796988865640640e+10,2.294048439293558502e+10,3.086926213032300186e+10,2.796312046815584564e+10,1.784197002494251251e+10,1.872501651185048294e+10,1.951783144148808670e+10,1.978208429322815704e+10,2.808186129919957733e+10,3.423492239316884232e+10,2.450278760648297882e+10,2.091450909863556290e+10,2.199573361730410767e+10,3.156854738687037277e+10,2.034158158262331772e+10,2.092748726105354309e+10,3.079992288289282227e+10,2.693738981542473221e+10,2.668592012771969604e+10,3.022646114243663025e+10,2.261287218649824905e+10,2.394088170936667252e+10,2.653421130742102814e+10,2.635464555093306351e+10,2.412555336253899384e+10,2.198072982237921143e+10,2.753951617670450974e+10,3.006752918178607178e+10,4.866260165022904205e+10,2.506208832654082489e+10,2.401828117187640762e+10,3.041960348498888016e+10,2.068448796013151932e+10,2.644728637426001358e+10,3.026386504003475189e+10,3.081854692662870026e+10,1.994867589017524719e+10,2.716053894819582748e+10,2.493899206659414673e+10,2.379268203089657211e+10,2.145760883842787170e+10,3.740012987286223602e+10,2.714228906671773148e+10,2.674653506373413467e+10,3.356881462455674744e+10,2.803184017454874420e+10,2.053389085074784088e+10,2.332062493943142700e+10,2.390811024579096222e+10,2.366999899024925232e+10,2.621376596895655060e+10,4.129900336735736084e+10,2.468487506751315689e+10,2.571063836600198364e+10,3.116081259426462555e+10,2.586592515057960892e+10,2.392690880804983521e+10,3.011421270630714798e+10,2.995237325009508514e+10,2.726144317257918930e+10,2.383978182669883347e+10,2.180130575360154724e+10,2.900981343722108841e+10,4.116106208625748444e+10,2.605551100363088608e+10,2.625387764621334076e+10,3.003642082676515579e+10,2.647544899550095367e+10,2.780555524684903717e+10,2.609079303966744232e+10,2.813121363477104568e+10,2.234866581575644684e+10,3.488941906622937012e+10,2.474132976072638702e+10,3.086520575752100754e+10,2.408726134633712769e+10,2.515881242280541229e+10,2.474541771937124634e+10,2.100673351532767105e+10,2.526102395978142929e+10,2.466741318487654114e+10,3.019889281915311050e+10,2.132925343674580002e+10,3.350763035891175842e+10,2.331556333988504410e+10,3.494293863126713562e+10,1.978629488870790100e+10,1.976099692833765793e+10,1.991251526793708038e+10,2.391709726582953262e+10,2.567488718020641708e+10,1.989990483248026276e+10,2.151078034617259598e+10,2.262508507822696686e+10,2.495851718683454514e+10,1.903064679744027710e+10,2.599586009812561417e+10,1.787852863693091965e+10,1.891688059258377075e+10,2.520591786060116959e+10
2.004401967079827118e+10,1.871534746590278244e+10,2.637873053463796616e+10,2.803089645166538620e+10,1.938027250714793015e+10,2.174371311885530472e+10,2.100863803564159393e+10,1.964738531521289062e+10,2.174051610901029587e+10,2.289453352938442230e+10,2.081040404042744446e+10,2.055995769010845184e+10,2.731898994474298477e+10,2.842084916853717041e+10,2.456485249912308502e+10,2.410732929080284500e+10,2.279032797799742508e+10,3.292227695658302307e+10,2.721311084009257889e+10,3.391031592724571228e+10,2.298553970899161148e+10,2.669400840906709290e+10,2.427004989636079788e+10,2.267357172433694839e+10,2.956357466679776382e+10,2.909002258262221527e+10,3.337169823682293320e+10,3.079033738842892075e+10,2.394638572347061920e+10,3.742343820069307709e+10,4.280404381100554657e+10,4.060434937077722931e+10,2.424406286044697952e+10,2.796650331085459900e+10,3.823426144312177277e+10,2.772759528226380157e+10,3.228044013434409714e+10,2.406717923781201553e+10,2.771470414091691589e+10,2.572136110088563156e+10,2.818420970572787476e+10,2.946337427070144272e+10,2.753159931663129425e+10,2.657594239917350006e+10,2.871510700907032394e+10,2.483998314831574631e+10,2.335080854528880692e+10,2.429540263161447144e+10,2.599649713963980103e+10,3.117760270780366898e+10,2.538536604286073685e+10,2.609823250674607468e+10,2.684249078720071793e+10,3.965199567639805603e+10,2.360717283310053253e+10,2.377448349958543396e+10,2.748626569169515610e+10,2.834845593397214890e+10,2.117272584633021164e+10,2.341896033921418381e+10,2.655622326348734283e+10,2.323752872267784119e+10,2.726393637946503830e+10,2.985597229060104752e+10,2.772105575949364471e+10,2.220659141109542084e+10,2.527686211353636932e+10,2.686953188054514313e+10,2.507545004365649414e+10,2.425490339920507812e+10,2.472052469314678192e+10,2.516586471834368134e+10,2.225769050519657135e+10,3.313185956244518280e+10,3.229712695175094223e+10,2.419405717561743927e+10,3.105537832368277740e+10,2.430628437681081772e+10,2.809734715288671494e+10,2.126282953639266968e+10,2.403356654188890457e+10,2.651563344445832062e+10,2.432213863908063507e+10,3.148790268967519760e+10,3.312912496680252838e+10,2.726596131832259369e+10,2.812053387543793488e+10,3.768903884618480682e+10,2.235049146166608047e+10,2.185223580213132095e+10,3.197340241154584885e+10,2.095212589164177322e+10,2.367008709240565109e+10,2.450928391133207703e+10,2.494458381550611496e+10,2.205537990189814758e+10,2.290192115124365997e+10,1.961988598512711716e+10,2.055672377051910400e+10,1.914826676058025742e+10
2.910677917449856949e+10,1.817822760630681610e+10,2.389735905018060684e+10,2.526156214797749710e+10,2.368689226412878036e+10,2.159255256719590378e+10,3.467027189609151459e+10,2.597380671234635544e+10,2.397268015758208466e+10,2.258618756584992218e+10,2.086528175583760452e+10,2.268098858684070206e+10,2.737329887104910278e+10,2.523540079777135849e+10,2.676020126761513519e+10,3.571893940743087006e+10,2.232032981781953430e+10,2.273485258831147385e+10,2.781734436091621017e+10,2.592549980986801529e+10,2.470944025318270111e+10,2.322630838845803833e+10,2.330813226651816177e+10,3.201351890775639725e+10,2.490206852954553986e+10,3.149583158862626266e+10,2.633264132532701874e+10,2.919814808154515457e+10,2.395724280408842087e+10,2.465823364922407150e+10,3.315802884875505829e+10,2.215979681625349045e+10,2.784399597846697998e+10,2.813197840047392273e+10,2.612721877283486176e+10,2.210829051596913528e+10,3.450685191978728485e+10,2.400158221671857071e+10,2.366963502703976059e+10,2.164497947930734634e+10,2.417505178241081619e+10,3.526061622742780304e+10,2.350320415657284927e+10,3.256257478634657669e+10,2.702948789615844345e+10,2.277554986093008041e+10,2.734123978705076218e+10,2.110138030649166489e+10,2.375904518546999741e+10,4.087296712293556213e+10,3.445808876027898407e+10,3.173975656448078537e+10,3.089587450111780930e+10,2.190389657222255707e+10,2.954358178669025803e+10,2.126840026858465958e+10,2.706314656265333176e+10,2.687884060235953903e+10,2.964033086508741760e+10,2.375267210342574310e+10,2.985501673267790604e+10,2.666764687149480438e+10,2.785245003556081772e+10,2.289110108148491669e+10,4.058724493759184265e+10,3.659980998903967285e+10,2.760065289825814438e+10,3.378023776420118713e+10,2.378958727872306824e+10,2.668888891008105087e+10,2.966262395896733856e+10,3.390920307271446609e+10,3.125529436145482254e+10,2.476609247789005280e+10,2.153486833924545670e+10,2.203728121428680038e+10,2.626551705106818390e+10,2.239925128362490463e+10,2.689035254679032135e+10,2.342949630766319656e+10,2.619379207578297424e+10,2.862095340531941223e+10,2.039889104217400742e+10,2.177149725829928589e+10,1.838986763240317917e+10,2.684139400138242722e+10,2.644336882812733078e+10,2.406337190904725647e+10,2.712238667667175674e+10,2.528552144138702774e+10,2.207348708281743622e+10,2.416280667292424011e+10,2.137882328349844742e+10,2.497918648481672287e+10,1.923380074838245392e+10,1.740451438628443527e+10,2.189881994369683075e+10,2.059795609972129059e+10,1.699660584359413910e+10,2.350735911235638046e+10
1.962044328195834732e+10,2.041442889920885849e+10,1.605210510683663750e+10,1.615658513361712456e+10,2.250647924156106186e+10,1.879725956659516525e+10,2.248842185898098755e+10,2.603486871739818192e+10,2.467555202427898407e+10,2.166566504731171799e+10,2.523889001223829269e+10,2.605356549313801956e+10,3.171238482760989761e+10,2.178598306877847290e+10,2.770283279260540390e+10,2.191782095025729752e+10,2.176888518676816177e+10,2.820706953665169907e+10,2.405448364478406525e+10,2.990656030400426865e+10,2.624948244051330185e+10,2.730646661847657013e+10,2.812210441443299103e+10,2.719681871685586929e+10,2.127742564209228134e+10,2.072233706896868134e+10,2.265078184729476929e+10,2.490265051040695572e+10,3.095694372854357529e+10,2.491220333165809250e+10,2.759933818846256638e+10,3.262315648268960571e+10,2.090022242253774643e+10,2.771329382564007187e+10,2.862432515202196121e+10,3.054099388440341568e+10,2.405203664575721741e+10,2.650511146929859924e+10,1.936829133455046082e+10,3.093690034128509903e+10,2.613714280559438705e+10,2.666354814211451340e+10,3.717894494144338989e+10,2.396401657730141068e+10,2.315320683571786880e+10,3.064183692908057785e+10,2.477800219684480286e+10,1.822340912928332901e+10,2.044696440097494888e+10,3.284418567083500290e+10,2.681040569894548035e+10,2.634306431245394897e+10,2.275127528008344269e+10,2.399949532752907181e+10,2.234112158213482285e+10,2.576614049778653336e+10,2.110422954826974487e+10,2.015050832528573990e+10,3.210975659676565552e+10,2.188536879846809769e+10,2.923694383564835358e+10,2.114538230708922577e+10,2.431126140972469711e+10,2.330689650739245605e+10,2.300243200836200714e+10,2.325833123267414093e+10,2.621664610907147598e+10,2.076643834076408768e+10,2.892467396096479797e+10,2.264859324139859009e+10,2.302012505896620560e+10,3.448783530389858246e+10,3.079579886457026291e+10,2.724080224708100510e+10,2.184121688377801895e+10,2.438202248303320312e+10,2.415637877761322784e+10,2.077633487506705475e+10,3.204964050203597260e+10,3.170018002127683640e+10,2.369593553109959030e+10,2.387999832174180603e+10,3.065771148543378067e+10,2.093620830365095901e+10,1.838213524056781387e+10,1.813018599630862808e+10,1.824262111751654434e+10,2.919105745504068375e+10,1.855890853799330902e+10,2.603935554025630569e+10,1.948318312318084335e+10,2.407783875282408905e+10,1.476739207721378899e+10,1.957631695810639572e+10,2.155523760097370148e+10,2.834147927800699997e+10,1.943552315815470123e+10,2.946354511742380524e+10,2.170850531751743698e+10,2.260492950696266556e+10
2.048350345509352112e+10,2.105206583908564758e+10,2.074817263838369751e+10,1.888917738616985321e+10,1.898651558664584351e+10,2.680296065317252731e+10,2.110128463893348312e+10,1.927397785636346817e+10,2.054994470321879196e+10,2.972209668071303558e+10,2.283368933976493835e+10,2.294373696514902878e+10,3.041539350554742050e+10,1.884364050519991684e+10,1.994793816224527359e+10,2.158556348212014771e+10,2.565824742786380768e+10,2.123813014121520615e+10,2.539852096903283310e+10,2.300221045042311478e+10,2.397004088562732697e+10,2.402137130212943268e+10,2.483737825474782562e+10,4.002170152512543488e+10,2.148314195365931320e+10,2.868658720341562271e+10,2.523325743356958389e+10,2.469820043425393295e+10,2.411907884742818069e+10,2.616519006987704849e+10,2.483003667139881134e+10,3.277128263797600174e+10,2.335443812286199570e+10,2.768070947260778809e+10,2.214795438481438446e+10,2.816260438821017075e+10,2.217693013152207565e+10,2.384158469208931732e+10,3.343478138741918182e+10,2.919412738693242264e+10,3.534056500777727509e+10,2.645385406379306412e+10,2.110528856207285690e+10,2.671249026376340485e+10,2.425288862532561493e+10,2.341804806363666916e+10,2.637802471538066101e+10,2.453238215215979385e+10,3.504648619806672668e+10,2.639212930036706543e+10,2.632605350534018326e+10,3.746096583076096344e+10,2.611980136365153503e+10,2.238979591087425232e+10,2.430190430209921646e+10,2.799509176705870056e+10,2.295821223208737564e+10,2.996227441363609314e+10,3.583589374939098358e+10,2.367430125499339676e+10,3.178543421951817322e+10,1.909898082289532852e+10,2.569457579991719818e+10,2.203416666273468399e+10,2.030700881679530716e+10,2.377887208281075668e+10,2.263601168477674866e+10,2.575639934996475983e+10,4.063805580594930267e+10,2.294367840143015289e+10,2.614931552676764679e+10,2.891787062041122055e+10,2.064353733237224579e+10,2.119971012476228714e+10,3.139523145632596207e+10,2.979408741560629654e+10,1.869423190615340042e+10,2.117476703207552338e+10,2.759997863795299911e+10,2.462281711107181168e+10,2.322447037635535049e+10,2.429034245454880142e+10,2.375934075199913788e+10,2.824023490469922638e+10,2.664360772152692413e+10,2.854211226764607620e+10,2.131540525639598465e+10,3.430444962010237503e+10,2.482267004598877335e+10,1.914948767821546555e+10,2.964542659752366638e+10,2.891534965152898026e+10,2.308678487816239166e+10,1.932073072292021179e+10,1.846771001502484512e+10,2.327877370816826630e+10,2.195622342286756897e+10,2.081727839805426788e+10,2.125385372039460373e+10,1.810362395045799637e+10
2.514913259200245285e+10,1.591716643109273148e+10,3.847570275077984619e+10,1.932589183543677139e+10,2.375309846548127747e+10,3.375629217261319351e+10,3.659181854209122467e+10,2.357580728421981049e+10,1.878720090496159744e+10,2.181603933035301590e+10,2.504802143537301254e+10,2.150012623284047699e+10,2.883241214881782913e+10,1.924954483640233612e+10,3.663056164183517456e+10,2.647291318523545837e+10,2.380628433786610031e+10,2.743541705871619415e+10,2.360371901121107101e+10,3.384313088015174866e+10,2.669286336756866837e+10,2.347581858224522400e+10,2.270787983574789810e+10,2.507099089918448639e+10,2.560599552986987305e+10,1.927275023524752426e+10,2.202980086588633347e+10,2.124251014753896332e+10,2.999876222049604797e+10,3.235072572456973267e+10,2.137813629893330765e+10,2.022250289224056244e+10,2.388024660277584839e+10,2.118009327696268845e+10,4.061894763231524658e+10,2.487804828860446930e+10,2.273437618116750336e+10,2.837535011615896225e+10,2.915552437933716965e+10,2.500205017201249313e+10,2.901037267856997681e+10,2.387537914225761414e+10,2.911588997977037048e+10,2.953324417215839767e+10,2.185567012915173340e+10,2.689813927283300781e+10,2.694553050670564651e+10,1.971418391400873184e+10,1.735944974772197723e+10,2.015100479418846893e+10,2.311415945170582199e+10,2.404741629943034744e+10,2.081774197437322235e+10,2.419365675937806702e+10,3.388354401421407318e+10,2.515521367024953461e+10,2.724681409424786377e+10,3.487663230593580627e+10,2.629791769845750427e+10,2.987939639785350037e+10,2.715189529153646851e+10,2.818058121271811295e+10,2.613886708284201050e+10,3.229375038923110962e+10,2.744795383715510559e+10,2.958178856320452118e+10,2.942117569557518768e+10,2.647687603555079651e+10,3.522530657455202484e+10,2.836487260111631012e+10,3.311006387148818207e+10,2.387733269678224564e+10,2.611025401715494919e+10,2.136448820251435852e+10,3.088373606587264633e+10,1.958659592712755203e+10,2.310228861809103394e+10,2.214038334734977722e+10,2.115229987672829819e+10,2.083188778870664597e+10,2.750108032899793625e+10,3.958449120593340302e+10,3.045760152007152557e+10,2.257554276137510300e+10,2.052543215834255600e+10,2.459091313831639481e+10,1.767031700875468063e+10,2.305217696501778793e+10,1.876191304504936218e+10,1.793909821159870911e+10,2.124681490810887909e+10,2.203915505233204269e+10,1.933210801611735153e+10,2.112580636266025162e+10,2.653718335138117599e+10,1.881684933543946838e+10,1.784279111589982605e+10,2.734588299967089844e+10,2.490055095690203094e+10,2.616068167858045959e+10
1.662810287953253365e+10,1.765560530103085327e+10,2.454287598245685196e+10,1.999128783183887100e+10,2.691759319946686172e+10,1.977647972615139389e+10,2.249133917677459717e+10,2.304077781395226288e+10,2.033703484230382538e+10,2.016002049301539612e+10,1.890965253616566086e+10,2.816314874019300842e+10,2.056514949861321640e+10,2.967362412619163132e+10,2.009736471025943375e+10,2.516055669005857086e+10,1.936518443258112717e+10,3.364324506233305359e+10,2.373886887183695602e+10,2.507741084474568558e+10,2.905314885450524902e+10,2.772950851337284088e+10,1.729773805088421631e+10,2.994471733644083786e+10,2.953019360364847946e+10,2.297405522392249298e+10,2.958707673131703568e+10,2.176423151301686859e+10,2.692798455887282562e+10,2.249930565408805466e+10,3.243302919455740356e+10,2.309397173332804489e+10,2.382533287467437744e+10,2.120489182997170258e+10,2.686194753616737366e+10,3.132667366191127014e+10,2.573306154304315948e+10,2.903110630227305984e+10,2.845091248034844208e+10,2.829091072884139633e+10,2.321863178573156357e+10,3.342102118476306152e+10,2.308226289944401932e+10,2.537612908357444000e+10,2.871029087476870346e+10,2.933354898043481064e+10,2.360337868347537994e+10,2.124706439597826385e+10,1.993027281533316040e+10,3.526932568596521759e+10,2.294838553540810013e+10,2.693589408909552002e+10,1.739284108153140640e+10,3.957914208602642059e+10,2.249713717716262054e+10,2.136972200038307571e+10,2.425168268972859192e+10,2.766273755406881332e+10,2.403193954157620621e+10,3.063539953715053940e+10,2.241497244085620499e+10,2.247482746688716125e+10,2.743659185014782715e+10,3.013679501549837875e+10,3.208213269191891861e+10,2.931710312621398544e+10,2.938170865678677750e+10,1.924882232329012299e+10,2.155288442161289597e+10,3.335576354390883636e+10,3.111159697221353531e+10,2.010017947720950699e+10,3.449395748397039032e+10,2.411822280853114700e+10,1.868174960333753204e+10,2.501445606312746048e+10,2.391861451811649704e+10,1.987895617575397873e+10,2.067562688409284973e+10,1.983501863333483124e+10,1.725093419871510696e+10,2.592366400942241669e+10,3.052805344498413849e+10,2.191257116395661926e+10,2.224847418687416840e+10,2.818441973874574280e+10,2.268746399551520157e+10,1.992098328096447372e+10,2.375091642808553314e+10,1.937444858133433914e+10,2.735337159255439377e+10,2.163210249910369492e+10,2.498096942934827423e+10,1.902010734134819031e+10,1.848629010824700165e+10,2.416622473914199448e+10,1.860073693515688705e+10,1.930536605208539581e+10,2.191479228602349091e+10,1.816695252425797653e+10
2.086138479943503952e+10,2.046720841092129135e+10,1.949779715904078293e+10,1.755881968495541763e+10,2.398017868354727554e+10,2.151670444568459320e+10,2.129988154536946869e+10,2.035267131380693817e+10,1.987472597106982803e+10,2.393993498817470169e+10,2.346546123965724182e+10,2.002573801125845337e+10,2.321386093962570190e+10,2.578825483855493546e+10,2.096371279091222382e+10,2.300720017383803177e+10,2.085707523975092316e+10,2.669448678389754105e+10,2.063535891000846481e+10,2.481598930875721741e+10,2.331682005923233032e+10,1.993692348409361649e+10,2.470863951007342529e+10,2.446671945225242233e+10,2.448947795785742950e+10,2.115673217588284683e+10,2.030208973949486542e+10,2.194585432204727554e+10,2.700910130468243790e+10,3.501124383054962158e+10,2.409289214603582764e+10,2.860065986803330994e+10,2.091891604388231277e+10,3.320128300346461487e+10,2.564484975457070160e+10,3.885049693077814484e+10,4.406946228586796570e+10,4.087009893801451111e+10,2.322670177636050034e+10,2.721233061138919067e+10,3.073943817177502060e+10,1.960320415891447449e+10,3.113047746551402283e+10,2.311929132050345230e+10,2.714119705036959457e+10,2.130110093572706604e+10,1.924697487476479721e+10,2.740073959572270966e+10,2.508458623291137695e+10,2.355729097748831558e+10,2.418476730155545425e+10,2.663062642672562027e+10,2.304423879032009506e+10,2.577066379700547028e+10,2.562699143641905594e+10,1.973341599999487305e+10,2.695418916476281357e+10,2.635128111421245193e+10,2.131517907432602310e+10,2.663678212206946564e+10,2.551415289529090500e+10,2.127196050738323593e+10,2.284709620105502319e+10,5.589142304651786041e+10,3.213027893621399307e+10,2.808126886098437881e+10,2.254860769337775040e+10,2.784445607633054733e+10,2.388672460522093201e+10,2.333381999454714584e+10,2.427723096797375870e+10,2.017862372317776871e+10,3.493369722329056549e+10,2.348714441715782928e+10,2.587843411194271469e+10,2.181045682867055511e+10,2.174822474881202316e+10,2.369036230830948639e+10,2.228564815999690628e+10,2.583246893722650528e+10,2.089942773400710678e+10,2.299540292996150589e+10,2.506431408416695786e+10,2.070740719564029694e+10,2.300594161826411819e+10,2.266868702713395691e+10,2.618393593003669357e+10,3.056075733949382019e+10,2.228983037833034897e+10,2.663958079760822678e+10,1.978240607798175049e+10,2.690229209551091385e+10,3.001795304845164490e+10,2.446432895451477814e+10,1.828489727810540390e+10,2.218213899344441223e+10,2.580557511122861481e+10,2.013937560155863571e+10,2.501099442086204529e+10,2.050953382364249802e+10
2.372974763622557068e+10,1.862156159796114349e+10,2.499416308552158356e+10,2.041920326040942764e+10,1.949796413042883301e+10,2.289532858442554092e+10,2.974716784804130936e+10,2.019315649238734055e+10,1.976974677448000336e+10,2.110497708969284439e+10,2.360258345427338791e+10,2.159566303371120071e+10,2.828222038081414413e+10,2.619255340661548615e+10,1.971628564309907150e+10,2.154935640614718246e+10,2.157408708012039566e+10,2.861719300905810928e+10,1.754426283188582230e+10,2.631026835927314758e+10,2.576189298488723373e+10,2.368534629843808365e+10,2.286606497496650314e+10,3.561356401745048523e+10,2.933308751124019241e+10,2.852565496175906372e+10,1.851935764067077255e+10,2.373228094233890533e+10,2.090355775839518738e+10,2.167404557325901794e+10,2.742270995564806747e+10,1.916979390889545441e+10,2.568958362518994904e+10,2.800293703895837402e+10,3.650034015038198090e+10,3.363201599728867340e+10,2.401868858616877365e+10,2.781019138554605484e+10,1.953932200782893372e+10,2.677310807831215668e+10,1.936411645338615799e+10,1.942366470704270935e+10,2.085237497789931488e+10,2.436314980252939224e+10,2.827395206845048904e+10,2.011464037220347214e+10,2.303561483354093552e+10,2.397588137678805542e+10,2.949929493267644119e+10,2.286062854905933762e+10,2.393410391346434021e+10,3.552895213132884979e+10,2.380062833928584290e+10,2.381990382065343475e+10,2.784494247132382202e+10,2.658993190844964218e+10,1.747430332850785828e+10,2.303517557082607651e+10,2.339775423931624222e+10,2.723855692196969223e+10,3.238091839437347031e+10,2.023608003159563828e+10,3.079133575871879959e+10,3.103025798193015671e+10,2.688665781254227448e+10,2.781997991809444427e+10,2.893885262345941544e+10,2.504695632268925095e+10,2.911501144850492477e+10,2.466228696264694214e+10,2.788245212578989792e+10,1.899234287896830750e+10,3.270439265908949661e+10,3.402251380019346619e+10,1.977217946844104385e+10,2.451085747244255829e+10,2.278683634059329605e+10,2.479739820550502014e+10,2.244685013267581940e+10,2.240960100693243790e+10,2.472663151992039490e+10,1.898981962064926147e+10,2.052654662146001434e+10,2.521624481538171387e+10,1.766044374035148621e+10,2.420713398036823654e+10,2.363642779020386505e+10,2.910626631941897964e+10,2.278045829555516434e+10,2.817773587956735992e+10,2.347770937035181808e+10,2.140536166587369537e+10,2.511259432555522919e+10,1.867496412112526321e+10,2.638744748438876343e+10,2.396863917712462997e+10,2.656129915727108383e+10,2.371932786361258316e+10,1.650323216607729149e+10,2.577067919532695007e+10
1.772929045380073547e+10,2.828637516035166550e+10,2.942751970315839386e+10,2.138581286824490738e+10,2.648603571564496613e+10,2.442674000337348175e+10,2.243783761834187698e+10,1.887457620382345963e+10,2.624507983622686768e+10,2.106584122023899841e+10,1.983536016620837021e+10,3.185066763539329147e+10,2.225628482297443390e+10,2.428738679529975510e+10,2.625242216785151291e+10,1.927938205460644531e+10,1.660040787537581825e+10,2.236422647697259903e+10,2.212710845316184235e+10,1.992633000431007004e+10,2.779779099408670425e+10,2.507049807583383942e+10,2.136801006366872025e+10,2.063766076292018890e+10,2.067233897123150635e+10,2.188034460684179688e+10,2.125506812631024170e+10,1.657695680592076683e+10,2.332736734680540848e+10,2.642329803078871155e+10,2.983855150354890442e+10,2.610301866832630539e+10,2.485819792018412399e+10,2.551106149398550797e+10,2.445930087449169159e+10,3.713864633856492615e+10,2.848177655145713806e+10,2.853929353186195755e+10,2.403420309286356354e+10,2.940930109863716125e+10,2.202742375048197556e+10,2.078662731527278137e+10,3.916805222203528595e+10,3.688315725806189728e+10,2.625553934034470367e+10,2.470972945897608566e+10,2.249664655014267731e+10,2.193001774589931870e+10,2.359102393142385101e+10,2.628742660829655838e+10,2.017889529996370697e+10,2.647085881795664978e+10,2.453561343345940781e+10,1.880784535586281967e+10,2.715006393077153778e+10,3.028704995535093307e+10,2.222739064873741913e+10,2.981460345993975067e+10,2.040590422469522858e+10,2.602903090155393600e+10,2.468505529296882248e+10,3.628196191069720459e+10,3.419649977896540070e+10,1.928315525539410400e+10,2.109416923751059341e+10,1.937465979628022003e+10,2.828640424417520523e+10,2.035925149250825119e+10,2.963029874070808411e+10,2.909790639655870056e+10,2.456982171203977203e+10,2.288977064511582184e+10,2.506585751569436264e+10,2.301119165923523712e+10,2.231050698371714783e+10,2.609193986203989029e+10,1.958017199523218536e+10,3.129894153552877426e+10,3.148064878743821335e+10,1.911663097796615219e+10,1.973537974289281845e+10,1.888854977596699905e+10,2.034157357542277145e+10,2.699024097229613113e+10,2.205774724491379166e+10,1.915123884479841614e+10,2.718932757729957199e+10,2.178792107831227493e+10,2.131067313635245895e+10,2.146625291368544006e+10,2.210990530153373718e+10,2.024550273093352127e+10,1.897480563371523285e+10,2.225142902775246811e+10,2.046090528512206650e+10,2.597453009030743408e+10,2.335562915612383652e+10,2.209481655498514938e+10,2.361098026460157776e+10,1.790113144308130264e+10
2.388390109633799744e+10,2.008388217544626617e+10,1.992045841173719406e+10,2.481220085796737289e+10,2.037601564491100693e+10,1.813838609667608261e+10,1.749952461382783890e+10,2.400746758377047348e+10,2.364995655936809540e+10,2.225555596556584930e+10,2.102104729972371292e+10,1.688788423647890854e+10,1.822847061713621902e+10,2.370676492028747177e+10,2.184295140660777283e+10,3.553819755993894196e+10,1.764785761323878098e+10,2.228682088441389084e+10,2.191846362125802231e+10,2.876356230667309952e+10,2.048016721148143005e+10,2.524435013736494064e+10,2.360860739703611755e+10,3.218949442607134247e+10,2.064013449941069031e+10,2.785021791395918655e+10,2.174188078296042633e+10,2.000826129585420227e+10,2.481634483195627594e+10,2.337549958717208481e+10,2.654893339605651855e+10,2.847774581634905624e+10,1.867317887245789337e+10,2.295735616678449631e+10,1.938269704933305740e+10,2.441180896764725113e+10,2.091581027809831619e+10,2.496171107322751617e+10,2.434689198303543472e+10,2.334368507138814545e+10,2.811393347212900925e+10,4.147326296933328247e+10,2.552490961441640472e+10,2.682396697200930405e+10,2.945302414909391022e+10,2.776825541662237930e+10,2.376727444019855118e+10,2.172436826582956314e+10,2.861471798539870834e+10,2.925039158543254089e+10,2.771375879193678665e+10,2.959691713893001175e+10,2.170966938620289230e+10,1.740652148041629791e+10,2.984284910119898224e+10,2.230915177117631531e+10,2.870600449897235489e+10,1.835147717591984177e+10,2.380519710171101379e+10,1.883908622069546890e+10,2.243513857006185532e+10,2.693076400801393890e+10,2.833622784578279877e+10,1.954212543956206512e+10,2.415778023427054977e+10,2.959986369217429352e+10,2.029521262055423737e+10,2.349569864371825409e+10,1.841369688762743759e+10,2.119515416877724457e+10,2.513851837347568893e+10,2.532271588156991196e+10,2.736340048142513657e+10,1.976944931562579727e+10,2.095524839069707489e+10,1.745779999946335602e+10,2.468505306151042175e+10,1.739195850895190811e+10,1.910626276380369949e+10,2.335932202292665482e+10,2.504596368562861252e+10,2.454982586580616760e+10,1.799015230060903931e+10,2.624739930948854065e+10,2.687497455224935532e+10,2.608121624075524521e+10,2.027199981156504059e+10,2.190386758828338623e+10,2.483675657734678268e+10,1.756998199526856995e+10,3.316319667943254089e+10,1.627371554211065102e+10,1.967790635421082306e+10,1.767006971633224106e+10,2.595502627021249008e+10,1.854180266112649155e+10,2.180549242781314468e+10,2.512757692371017838e+10,1.915833200645141220e+10,2.059995965197277069e+10
2.430256917987384415e+10,2.431668941344041824e+10,2.010477174348310089e+10,2.638890818692786407e+10,1.853808772675756836e+10,1.881730185444221115e+10,2.241912170618944931e+10,2.693626633049369812e+10,2.524301032816311646e+10,2.069271996835614777e+10,2.264233279610149765e+10,2.047204518107459259e+10,1.686889993505061340e+10,2.630943979419379425e+10,2.620381224464292526e+10,2.398355624960569382e+10,2.009607334925983429e+10,2.508463974192055511e+10,2.909280101473028564e+10,2.099108309329114151e+10,1.782877131777845764e+10,2.330975490784660339e+10,3.112832490008868408e+10,3.051656896224583435e+10,1.890779561177276611e+10,3.143874119400654984e+10,2.368209609986283493e+10,2.622741856575168228e+10,2.581771798578089142e+10,1.970739385729065704e+10,2.002237276968178177e+10,2.310295709237368011e+10,3.749464282323760986e+10,2.103266808935417557e+10,2.012621029111953735e+10,2.516212777552272034e+10,2.197133931056158829e+10,2.175904193025402451e+10,2.053622252791872025e+10,2.468431896713308334e+10,2.802709599564785385e+10,2.145544803396839905e+10,1.943077718119549561e+10,2.631936760051827621e+10,3.094465293416246414e+10,2.026356023394752121e+10,2.702726693627908707e+10,2.115666621278560257e+10,2.969692352023303223e+10,2.081757524579708862e+10,2.205467083456257629e+10,2.840425346059834290e+10,2.141675969575918961e+10,2.279627315222301102e+10,2.096053439237201691e+10,2.517211013907766342e+10,2.508123924816962433e+10,2.412901767456120300e+10,2.768306275039393997e+10,2.351696561265777588e+10,2.670649976616212082e+10,2.641372921098841095e+10,2.842327802871054077e+10,2.340180577540027237e+10,1.927151462023535156e+10,3.407832444448045349e+10,2.751987827732066727e+10,2.732892329591658401e+10,2.433935988781853867e+10,2.759695206512631607e+10,1.903461795406932449e+10,2.595328654556798553e+10,2.323124167137475586e+10,1.925244588637977600e+10,2.003118658533631516e+10,1.820813560030690765e+10,2.240552321239141083e+10,2.706591930393729019e+10,2.510573567030665588e+10,2.639338441973745346e+10,2.020093829923163223e+10,1.958760017401438522e+10,2.603168901906919479e+10,2.784316350330417252e+10,2.230343150185994720e+10,2.081060585721394730e+10,2.316983918631512833e+10,2.196961100989268494e+10,2.246641552970020294e+10,2.439241575198637009e+10,2.562811719214854813e+10,2.327627141692901230e+10,2.937050717445026398e+10,2.111054353825822830e+10,2.778470694450454330e+10,1.510749260020824242e+10,1.515961292908205223e+10,2.007898285412299728e+10,2.413836888526876068e+10,2.006123082749561310e+10
2.672360380330578613e+10,2.076979790442587662e+10,1.913734755873575592e+10,2.223879225908171082e+10,2.249890294458316040e+10,1.644454566589475250e+10,2.113318720756097794e+10,1.821969852717707825e+10,2.092466208782587051e+10,2.016839595044135284e+10,1.823423721495592499e+10,2.063061769638924789e+10,2.536183039066296005e+10,2.380355585650434494e+10,2.140010933169620895e+10,3.103548198048864365e+10,2.136652491460091400e+10,2.400585705325880432e+10,1.923244312084205246e+10,3.447746872827581787e+10,1.944562335219274139e+10,2.425093081091299438e+10,2.151985044447916412e+10,2.082510778175490189e+10,2.596543949903644562e+10,1.857813346674150085e+10,2.471685563788890457e+10,2.044935793668093872e+10,2.007283172293815231e+10,2.449412770708092499e+10,2.811019636887739182e+10,1.951574841201486206e+10,2.359265988510211563e+10,2.158212271629446793e+10,2.361802888802273178e+10,2.122440806465259171e+10,2.161802588911230850e+10,2.082283402204237366e+10,2.406103934252671432e+10,2.300177955360450363e+10,2.025149183629564667e+10,2.899591929708846664e+10,2.375259869700093842e+10,2.171483118365444565e+10,1.936386589976643372e+10,2.150801210997502518e+10,2.036447068896925735e+10,2.534516516994240189e+10,2.640674202983054733e+10,2.516830449738740921e+10,2.587599625110620499e+10,2.417601212929862976e+10,2.106577546428147507e+10,2.578766458830174637e+10,2.146463971927039337e+10,2.072044093296849060e+10,3.010295251575619125e+10,2.030403554825922394e+10,2.668040257851642609e+10,3.413598103964990234e+10,2.042085409292050171e+10,2.630539756000912094e+10,2.481366771959374237e+10,1.943923182721352005e+10,2.214511894266479111e+10,1.758075834050513077e+10,2.414229478179573441e+10,1.987770229867191315e+10,2.629314748286557388e+10,2.746843188663092041e+10,2.354915268556405258e+10,2.517754737974108505e+10,1.884841927152534103e+10,2.159566520508788300e+10,1.813849640258927917e+10,3.279369217375218964e+10,2.459832103369694519e+10,2.451949449596546936e+10,2.069916300021254349e+10,2.011420594492632675e+10,2.028540701682544327e+10,2.252297735565961456e+10,2.100846253009709549e+10,1.952776713313652420e+10,3.286319895987601089e+10,2.323335620938848495e+10,1.764052464538002014e+10,2.188724732237267303e+10,2.694083002690298843e+10,1.892702489218280411e+10,2.520848221744347382e+10,2.294111321963042068e+10,2.084190521996310425e+10,1.879568731032485580e+10,1.898409017379177475e+10,2.172825208547531128e+10,2.022779714271063995e+10,2.126561702133858871e+10,2.554804257200676346e+10,2.563276772949756622e+10
2.054099828054912949e+10,2.030374141745138550e+10,1.796328549453864670e+10,1.933436376640438080e+10,1.733026351913923645e+10,2.075296532444995499e+10,2.291385605294036865e+10,2.577517714460189819e+10,1.718812174296760941e+10,2.466207222593498230e+10,1.883913722442695618e+10,2.120400720704040909e+10,2.141433134177829742e+10,2.668643126964139175e+10,3.173428149137346268e+10,2.615328447589964676e+10,1.986650406799396515e+10,2.573724319128345871e+10,2.548374626086843491e+10,2.578318456526174545e+10,1.556349072012588692e+10,2.082887032983643723e+10,2.175434701509457016e+10,3.476501017828423309e+10,1.814934895561047745e+10,2.193233217518630600e+10,3.676062209945288086e+10,1.939516114847287369e+10,2.581747358623945236e+10,2.546390567566503143e+10,2.330671688921202087e+10,1.983653185139898300e+10,2.876950334170964050e+10,2.277177356645568085e+10,2.661237281282498550e+10,2.416557318045760727e+10,2.191238630440971756e+10,2.524284822363306808e+10,2.132141016356898880e+10,2.014176464951742554e+10,2.224072426212381363e+10,2.247452746407575226e+10,2.247601659091401291e+10,2.125453616426671982e+10,2.210853485617708206e+10,2.053063212955299377e+10,2.619949555745408249e+10,2.581177329169907379e+10,2.738904710600748444e+10,2.249010256384215164e+10,2.979849871016431046e+10,3.764388806404213715e+10,1.939827705524242783e+10,2.527069856522654343e+10,1.807295011365710449e+10,3.205879614715059662e+10,2.216125196874169540e+10,3.044353037697435379e+10,2.610447030189603043e+10,2.234515126303296280e+10,2.160294830572192764e+10,2.139084734323104477e+10,2.180503171107236099e+10,2.381662341573980331e+10,2.107336276544808960e+10,2.383703925039072800e+10,2.267498366935573959e+10,2.159651369651535416e+10,2.007857080001182938e+10,1.937328897732059479e+10,1.981195936457487869e+10,2.053460236119166946e+10,2.304952693943572235e+10,1.661820505531941032e+10,2.557135289090998459e+10,1.879610924371850967e+10,1.991430324729129410e+10,2.484262520477261734e+10,2.421690117715307236e+10,3.134066074017023468e+10,2.646005618487571716e+10,1.671863400056923294e+10,1.704870266535738945e+10,2.269071629960231781e+10,2.330703591623920441e+10,2.398619917100726318e+10,2.169557866857052994e+10,2.027145535822806168e+10,2.874279843260987854e+10,1.716198341905873489e+10,2.096314327215645599e+10,2.236434927026572800e+10,3.209041498997034836e+10,1.468954404198847008e+10,1.603865477506051826e+10,2.255540468190631866e+10,2.343104439427312851e+10,2.672771393127268600e+10,1.323609744959220886e+10,2.005739359097408676e+10
2.030684063533748245e+10,1.902231375533147049e+10,2.187621522843564606e+10,1.622230041276439857e+10,2.003178878426326752e+10,2.102267096905788803e+10,2.176816241379740906e+10,1.971401379874975204e+10,1.993877693834040451e+10,2.835970972718288803e+10,2.424248533440709686e+10,2.849130207905467987e+10,2.304316581508602142e+10,2.219536723265876389e+10,2.145935873320870209e+10,2.290438735134435654e+10,2.197966052986299896e+10,2.258834069590829468e+10,2.315125232329761887e+10,1.922196407039840698e+10,2.308106605859660339e+10,1.855845859586633682e+10,2.298272234753689957e+10,1.952967985933047867e+10,2.942137966431441498e+10,2.071769312663967514e+10,2.435773150131412506e+10,2.133811539233439636e+10,2.302120296842161560e+10,2.708158311146806335e+10,2.801545182390874100e+10,2.163102067234307098e+10,2.189586230234765244e+10,2.338010323684270477e+10,2.378823361826929474e+10,2.337501693831175232e+10,1.895341641007239532e+10,2.305374951887623596e+10,2.592433401536509705e+10,2.745850473531862640e+10,2.346312042805389786e+10,1.788595122693118668e+10,2.728326671190698242e+10,2.980153647559613800e+10,2.307443197030887985e+10,2.498122149462371445e+10,2.218071261663591385e+10,2.160085703198345947e+10,3.776374369346176147e+10,2.647424425509829330e+10,2.697902493100200272e+10,2.535620192945129013e+10,2.316962112223803711e+10,2.300385691427235794e+10,2.796210748326201248e+10,2.373429679062052155e+10,1.949731860290735626e+10,2.660138471616485596e+10,2.575818812827103043e+10,3.537879269700365448e+10,2.593683139355839539e+10,2.786537328028479767e+10,2.674146431558563232e+10,2.494030611770022583e+10,1.754728091671480179e+10,2.666227322891580963e+10,1.984995283805394363e+10,1.808469778672655106e+10,2.096950645139561462e+10,2.330326570109912491e+10,2.471264477362468338e+10,1.810224392030664825e+10,2.443875665315988922e+10,2.136456436104397583e+10,2.620898167942649841e+10,1.864098773174571609e+10,2.161905238010579681e+10,1.755451637774859238e+10,1.961066334562355042e+10,2.030252406943835831e+10,2.013200947680374146e+10,3.473419035317276001e+10,1.947007341433891678e+10,1.939187847569630432e+10,2.203384814964288712e+10,2.067259650737413025e+10,2.388225563968887329e+10,2.161447029614304733e+10,2.693857407455294418e+10,2.314534828651920700e+10,2.240719268556177139e+10,2.676750310092726898e+10,2.147394761595935440e+10,2.392369104649171448e+10,2.596469932725955963e+10,2.142890437141738892e+10,2.369086469862402725e+10,2.132313529532299423e+10,1.797004490608306122e+10,2.150408190447752762e+10
2.160202305563928986e+10,3.202057889955712128e+10,1.647188936829299355e+10,2.315256459935248947e+10,1.625007821971107674e+10,2.374670659031901169e+10,2.339082575196128464e+10,2.758619648858530807e+10,2.189422462019731140e+10,2.052035074170182037e+10,2.039254554933845139e+10,2.204286095573243713e+10,1.762284287364859772e+10,2.338405898553817368e+10,2.569658305678001404e+10,2.456723815540251923e+10,2.278185134782883453e+10,2.152627761348392105e+10,2.097036872125434494e+10,2.323596317966160583e+10,2.216554131184548187e+10,3.107428812371360397e+10,1.970020107766037369e+10,2.143711940576204681e+10,2.109376188374021149e+10,2.230753357562963104e+10,2.467782372936053085e+10,2.385031876749277496e+10,2.727239195911530304e+10,2.434741980471636581e+10,2.989047782209442139e+10,1.829417399730554199e+10,2.026620705650583649e+10,3.630592399790283966e+10,2.414096335361035919e+10,2.101024545338557816e+10,1.738286515061042023e+10,2.189492340955284500e+10,2.344881740968308258e+10,2.575211013111906433e+10,1.909836170509616470e+10,2.242307406141812134e+10,1.894537618170600510e+10,2.537136113583908844e+10,2.774630861780786133e+10,2.671529026078480148e+10,2.229657601758279037e+10,2.710736038193336105e+10,2.011113126409904861e+10,2.798816879245025635e+10,2.625052243482915115e+10,2.841556958684788132e+10,3.479783698765312195e+10,3.723487565064995575e+10,3.117983921514200592e+10,2.318399599317573547e+10,3.052999849289145660e+10,2.550527674912346649e+10,2.453752428363890457e+10,2.174849007863351059e+10,1.758421832872911835e+10,2.599393146129659653e+10,2.464107128723880005e+10,2.865716161181822968e+10,2.180480588667118454e+10,1.753532633638748169e+10,2.350567324357901764e+10,2.734279472362840271e+10,2.344849275220431137e+10,2.580563947360407257e+10,1.945856407682003403e+10,1.808015858629523468e+10,2.155906752599167633e+10,2.215849413970364380e+10,2.062300903853738785e+10,2.380268098419453430e+10,2.101507822526822662e+10,2.278336455054516220e+10,2.509026700704271317e+10,2.124080300879262161e+10,2.340842522580859756e+10,2.515595396682112885e+10,2.602075287955991364e+10,1.839520739994599533e+10,1.845952045318634796e+10,2.713115957158760834e+10,2.293665755367935181e+10,1.652788227920672226e+10,1.995114579365350342e+10,1.588232030429832649e+10,1.529073297102696609e+10,1.879441825058917236e+10,2.060520151468660736e+10,2.225249938513893127e+10,2.192761256066369247e+10,2.060572046223133087e+10,2.006468074647624207e+10,2.029661717493171310e+10,2.013026421983799362e+10,1.684893610166604996e+10
1.966661014240795135e+10,1.614582172720239258e+10,2.220017594500131226e+10,2.098807291060621643e+10,1.941155731294402313e+10,2.590282341298849869e+10,2.199882812219596481e+10,2.294123409573850250e+10,1.940316302333679962e+10,2.191509670620686340e+10,2.590418520553585434e+10,2.201176398056026840e+10,1.945030228537861633e+10,2.010852561376635742e+10,2.195906041530653000e+10,1.422637830661510277e+10,2.530259845554416275e+10,2.491330748796784973e+10,2.392097612936030960e+10,2.523328268186153793e+10,1.825174284345250320e+10,2.994277244421026993e+10,2.682663230777183914e+10,1.796609421712840271e+10,2.822257208012729645e+10,2.660152443362296295e+10,1.767289838802798843e+10,2.892067516365375519e+10,1.980733007049505234e+10,2.026624487980580139e+10,1.919947782015758514e+10,2.097186913222745514e+10,3.221499155844347763e+10,2.808169668269626236e+10,2.533297314085003662e+10,2.365036218561720276e+10,1.824778188927839279e+10,2.555227337695481873e+10,2.066228988969626999e+10,3.008275804925776672e+10,1.965892196546412277e+10,1.883540029626119614e+10,2.155236042032017136e+10,2.881689191080289459e+10,2.880902494640546417e+10,3.645087363404744720e+10,3.131392528968626785e+10,2.192122346212263489e+10,2.696199254208102417e+10,2.056851745443507385e+10,2.211275615803762817e+10,2.632198628779599762e+10,2.976967858253975296e+10,2.532523775985441589e+10,2.785867687112596512e+10,2.641702968659416199e+10,1.951481948340183640e+10,1.832057208985474014e+10,1.838249508107521820e+10,2.292114064293313217e+10,1.917900182480264282e+10,2.798754874368062592e+10,1.902977433065531540e+10,2.284110483815314865e+10,3.250630424255571747e+10,2.261060908982294464e+10,2.109928681029869843e+10,2.331055787244849777e+10,2.042979108062369537e+10,1.973230511348266220e+10,2.085017338017442322e+10,2.439713380064089203e+10,2.216391966488930130e+10,2.054775657394091034e+10,1.887848818588569641e+10,1.960790406944441223e+10,2.242642510130925751e+10,2.490013630025291443e+10,1.688204540990937233e+10,2.210022805634762955e+10,1.966971411120349121e+10,1.875084809760027695e+10,1.989855116174882507e+10,2.200046286516534042e+10,1.615007694422924805e+10,3.308449623324259567e+10,2.149760897293299103e+10,2.413661247136975861e+10,2.026836823956112289e+10,1.765181766199747086e+10,2.001906709601763153e+10,3.032175838311963272e+10,1.969236655754914093e+10,1.585449247874107933e+10,2.032686829692572403e+10,2.167965122357168961e+10,2.158852290316612625e+10,2.678580347411260605e+10,1.805430081389035797e+10,1.982387488768862152e+10
1.740164805666439056e+10,1.754712042099135971e+10,2.306110082674758911e+10,2.436945169072022629e+10,2.013849391756553650e+10,2.080596904061976242e+10,1.842515065069048309e+10,2.429665321582756042e+10,1.938349169452797699e+10,2.744540523238643646e+10,2.861600089633031464e+10,2.368415241149890518e+10,1.693327576883860207e+10,1.864563359758158875e+10,2.488764014309957123e+10,2.537525054520161057e+10,1.786761021287544632e+10,2.744580665613221359e+10,1.536542139347612762e+10,1.617044509776745415e+10,1.961009255027845001e+10,2.425851716364749908e+10,2.275889888465829468e+10,2.049251457147930527e+10,2.197474602691163254e+10,2.692666243914542770e+10,2.074620286029068375e+10,2.234681319977324677e+10,2.106824420069126892e+10,1.957449878186540604e+10,2.128431675693350601e+10,1.958692450157429504e+10,2.919948762263407516e+10,2.187867416315114212e+10,2.608612001198059845e+10,4.098273187818626404e+10,2.057593290054419327e+10,1.735999084439731216e+10,3.236353098352548981e+10,2.588044974310750961e+10,1.816303251361938858e+10,2.315254282380234528e+10,1.955289155157707214e+10,2.188589173710282135e+10,2.055829983084439468e+10,2.147099373666974258e+10,2.325259533124237061e+10,2.616950362739503860e+10,2.558018239862878418e+10,2.540279312201664734e+10,2.990660628124247742e+10,1.761337941381539536e+10,3.302972907904646683e+10,3.030622937344853592e+10,2.159310729138446426e+10,2.088383788331985474e+10,1.911744210816117859e+10,2.522536805799425507e+10,3.089105521181315994e+10,2.229646245892610931e+10,2.230491361762979889e+10,1.811993086548809814e+10,2.243731844519983673e+10,2.472747169551096725e+10,2.350434216499391174e+10,2.052618097549159622e+10,2.040967128492139435e+10,1.994433069255741882e+10,1.927753876214656448e+10,2.295383761290876770e+10,1.961394934510086441e+10,3.213271891301802826e+10,2.358023984949796295e+10,2.315223895332870483e+10,1.807089741417807770e+10,2.326172792833364105e+10,1.897561078149163055e+10,1.857165907414085388e+10,2.539783728149019241e+10,2.076045653214299774e+10,1.958957431475079727e+10,2.443473942921799850e+10,1.613347074742536163e+10,2.664476526142577744e+10,2.046336658794113541e+10,2.083435300449226379e+10,2.511621746010295868e+10,1.834148262710723114e+10,1.602649831287951088e+10,2.657623375853126526e+10,1.903101153722672272e+10,2.267369751455765533e+10,2.249400474313352585e+10,1.529617369850017166e+10,2.249085513376033020e+10,1.872708055758951187e+10,2.033108668426983261e+10,2.285571227118784714e+10,2.887284822170681763e+10,1.506157835681648827e+10
1.806592469406940842e+10,2.145328684349724197e+10,2.850651168499548721e+10,1.734739356586344528e+10,1.795502701134954453e+10,2.542884010461336517e+10,2.726212606779649353e+10,2.420918843188038254e+10,2.445804594441825485e+10,2.368907412463420105e+10,1.942997524962196732e+10,2.171536388327676773e+10,2.130577204338442230e+10,2.359386667562154770e+10,1.982875589756609726e+10,1.902442220089540482e+10,2.502775767603213120e+10,2.365932349435112000e+10,3.132592281237882614e+10,2.676835714811181641e+10,2.144365738744581985e+10,2.258452475242242813e+10,1.935172647452401733e+10,2.161198680329413223e+10,2.567430072048287582e+10,2.223517694136071777e+10,2.079181414272274780e+10,2.067577773034423447e+10,2.121689296312765884e+10,2.905197984590173340e+10,3.307295572944613647e+10,2.263730183685451508e+10,1.966876351277239609e+10,3.343692596337410736e+10,2.130639965787566376e+10,2.582996197918035126e+10,2.562872803066142654e+10,1.921957895510988617e+10,2.774922456081318283e+10,1.834963314762629318e+10,2.586007156148048019e+10,1.856968701922041702e+10,2.059815576461569977e+10,2.104495249260763550e+10,2.254857207297739410e+10,2.763475155278228760e+10,1.887728856928621292e+10,2.781318860665570068e+10,2.499269085514184189e+10,1.820439138683219528e+10,2.449803715882345581e+10,2.579348332457239914e+10,2.173459485009239197e+10,1.997932668005890274e+10,2.772937072922155380e+10,2.294474375017966080e+10,2.143755578271012115e+10,3.763044569209592438e+10,1.962286950265773010e+10,2.244287050874391937e+10,1.692476270461319733e+10,2.056775604394678116e+10,1.996736243627938843e+10,2.130581293686361694e+10,1.899185002395782852e+10,2.119405152448353195e+10,1.835384934838502121e+10,1.719470372923292542e+10,2.098005738819423676e+10,2.322123370224226761e+10,3.036088941722272491e+10,2.619083253213969421e+10,2.276560856555443573e+10,2.687379770250208282e+10,2.203515321520516968e+10,2.714888378895152664e+10,1.644995393615325737e+10,2.070612624593480682e+10,2.041505484599440765e+10,2.757678668822704697e+10,2.045606100124620819e+10,2.292033741554024887e+10,2.251786071600649643e+10,1.596597414342884445e+10,2.068813494192056656e+10,1.787446860397192383e+10,2.014754768347814560e+10,2.328057986104095840e+10,2.413597232461987686e+10,1.933483354283708191e+10,2.065216815164654922e+10,2.601760512045433044e+10,1.610371885449153519e+10,2.017525663119145966e+10,1.598029390436523056e+10,1.728393563596340179e+10,2.268626726723263168e+10,1.492986644038391876e+10,2.290773462592016983e+10,1.713331030336326027e+10
2.854604524760835648e+10,2.423003436349015808e+10,1.900799770613043594e+10,2.232443107182208252e+10,1.657583855264754295e+10,4.114751260961732483e+10,2.581864510297566986e+10,2.627721457957138824e+10,3.586964059577110291e+10,1.658873650593969154e+10,2.612792702542712402e+10,2.203204366749246979e+10,1.773810200591815186e+10,2.212707095824013901e+10,2.067121777357370758e+10,2.040159299572185898e+10,2.331509999405320740e+10,2.549251319156346512e+10,2.684296842809605026e+10,2.152797473518421173e+10,2.717434108051875687e+10,2.263304921225147629e+10,1.770920587608925247e+10,2.635295081861212540e+10,1.940556002104769135e+10,2.499854827871646881e+10,2.060538320808009720e+10,2.191087428944605637e+10,2.518061412938401794e+10,2.249309197812720108e+10,4.056452474109688568e+10,1.852982020393404007e+10,2.000918827536670303e+10,1.721392823610066605e+10,1.812423836882183456e+10,1.817219330583868408e+10,2.624861144565637589e+10,2.083937852328004456e+10,2.252666123890932465e+10,1.834415008305720520e+10,2.193408540931735229e+10,2.297264955945241928e+10,1.989975465076207352e+10,2.814234678274301529e+10,2.297457794151547623e+10,2.636133327247495651e+10,2.069811562018302917e+10,2.041959250756938553e+10,2.345684682634844589e+10,2.577724789337984085e+10,3.024865821869573593e+10,2.424846572469342804e+10,2.351572760302317810e+10,1.931096584789702225e+10,2.481429256552936172e+10,2.202088254087037277e+10,2.142163214229457855e+10,2.243545795377575302e+10,2.003935524857239151e+10,2.044966648026270294e+10,2.494887342292911530e+10,2.556217147236677551e+10,2.076248353226568222e+10,2.413269733617138290e+10,2.167061194132252121e+10,1.970233454136822891e+10,2.211546858720989990e+10,2.538585979313101578e+10,2.652469829019531250e+10,1.871725739718809128e+10,2.328760864732086563e+10,1.712153583519282150e+10,2.126877863284105301e+10,2.040366137545698547e+10,1.834969902731123352e+10,2.264101692180539703e+10,1.851852849564741135e+10,2.197600787844017029e+10,2.950596048427957916e+10,2.291240206961811066e+10,1.791239643204196548e+10,1.843209411598694611e+10,1.998081402941447830e+10,1.774230111407703781e+10,1.619676854601601982e+10,2.206011658105339050e+10,2.431108669106784439e+10,1.934993421627527237e+10,1.845029844420239639e+10,1.848859732268303680e+10,2.763266169597619629e+10,1.984437543866849518e+10,1.815764154647327423e+10,1.786323987820246887e+10,1.826726659759915543e+10,2.134564128381274033e+10,1.435564729790036201e+10,1.763650551276642227e+10,2.084713391446015549e+10,2.771124275524083710e+10
1.692999178813227654e+10,2.018818935977455521e+10,2.484663635943083954e+10,2.154327974531828308e+10,2.016652606989562988e+10,2.398977295630939865e+10,1.540173635606774139e+10,2.129158743579710388e+10,2.310193461573906708e+10,2.568538652792389297e+10,2.094394744890887833e+10,1.739625254471428299e+10,1.709663895974618530e+10,1.861610553943000412e+10,1.998275812817600250e+10,1.847839446659891129e+10,2.072644542353623199e+10,1.985649549981422424e+10,1.993802444333145523e+10,1.816277157703772736e+10,1.839478025839183044e+10,2.455101591932464981e+10,1.853189953688510895e+10,2.119829676331413269e+10,1.976132224559278107e+10,2.116165392952946091e+10,2.728533720108740997e+10,2.240353144237402344e+10,1.922468010480884171e+10,1.801381277185668182e+10,2.171993739778856277e+10,2.946196835963900757e+10,2.091125843549903870e+10,2.481560821885394287e+10,3.195581405655998230e+10,1.904635704247976303e+10,2.669937003608382416e+10,2.318254048800980759e+10,2.385528494129054642e+10,2.779437719367033386e+10,2.590833969535438919e+10,2.583945353614708710e+10,2.670787950701668167e+10,2.308184148870788574e+10,1.964110602151082611e+10,2.331683566030771637e+10,2.658209816828939819e+10,2.697205351553124619e+10,2.095941493134343719e+10,2.151549604522146606e+10,2.238865395351618576e+10,2.080595823564588165e+10,2.585995481642919922e+10,2.199743842140014648e+10,1.894467355443023300e+10,3.257543301836584091e+10,2.235772404645294571e+10,2.312242870182837677e+10,2.103082158389731216e+10,1.987338222939723969e+10,2.184861256754718781e+10,2.447517175235867691e+10,1.938345635523797607e+10,1.742319293939423370e+10,2.697806554751353073e+10,1.855988575353528595e+10,1.572202466177335167e+10,2.067635910074691772e+10,2.500512232939109802e+10,1.885884618305991745e+10,2.047827945419289398e+10,1.944022002990855026e+10,2.719626330488075638e+10,2.538869054349692154e+10,2.430036599377892685e+10,1.829201583032664871e+10,2.503254911485546494e+10,2.270055353596429825e+10,2.141082048400086594e+10,2.715872026732440948e+10,1.710484279680451012e+10,2.223185060447182465e+10,1.604252515291611862e+10,2.272642947766796112e+10,2.774940357154760742e+10,2.230864356123738861e+10,2.069518547939500427e+10,1.763549925012482071e+10,1.955711971530289078e+10,1.882872223505165100e+10,2.416384467773583984e+10,1.882215490932834625e+10,2.216032843120621872e+10,2.936796261194764328e+10,1.720574509535116577e+10,2.209787518017535019e+10,2.370288349085553360e+10,2.307250111301325226e+10,1.888855631734257126e+10,1.924033335181844330e+10
3.151450127452111435e+10,3.005252793661841202e+10,3.187531485691714478e+10,2.010312031662915039e+10,2.401959167963568497e+10,2.701614935180946350e+10,2.149975523372615433e+10,2.547033080942448807e+10,2.047394884692636871e+10,2.212092350409856033e+10,1.808373717736430359e+10,2.723871175640923691e+10,2.873795699913867950e+10,1.793973517816516113e+10,1.754220195098304749e+10,1.531371724019635773e+10,2.969517008088257980e+10,1.891287496215218353e+10,1.780831328258620453e+10,2.432271395401945496e+10,2.423276490145349884e+10,2.159292826774386215e+10,1.953427535023171234e+10,1.857062893957533646e+10,2.574072102665029526e+10,1.928503139712522888e+10,2.444002486929207993e+10,2.552169303283550644e+10,2.964063113415525436e+10,1.859643878664270020e+10,1.921478889646992874e+10,1.593728537244525719e+10,2.037600330037909698e+10,2.015102475322365952e+10,2.130075266154254150e+10,1.713571471950338936e+10,2.470003482411807251e+10,1.909544825899436188e+10,1.944651702788171387e+10,2.049943931922206497e+10,2.325323682307910156e+10,3.540959811664543152e+10,2.126494659826527786e+10,2.049336718361890411e+10,2.450238823974068832e+10,2.918016312826858521e+10,1.929632240531599808e+10,2.207049258077508545e+10,1.667010781371013069e+10,2.443693887085229492e+10,3.042945867064950180e+10,2.356209864864320755e+10,2.595454597530685425e+10,2.212639056996989059e+10,2.705516061392261505e+10,2.705182233466112518e+10,2.606338544982189941e+10,2.058760667424428940e+10,1.955408247034951401e+10,2.046869274498785782e+10,2.794797942064294434e+10,2.046559039584460831e+10,1.536644269789279175e+10,1.992938360247559357e+10,1.983467146217213821e+10,2.018803427418848038e+10,1.883764131252167130e+10,2.288191653560269547e+10,1.683859280911556435e+10,1.981879194954697800e+10,2.635265392489614487e+10,2.330501477080010605e+10,2.648842211424682617e+10,2.205739942710054398e+10,2.157579551895614243e+10,1.755063184654678726e+10,2.220878956434990311e+10,2.022659021194925690e+10,1.861132754656650162e+10,2.493765257256647873e+10,2.264274016591985703e+10,3.306924322063146210e+10,1.666839653946627998e+10,2.126077959542357254e+10,1.553519962001769829e+10,1.755234683946853256e+10,2.533688734308378601e+10,2.545174373902965927e+10,2.301652550096174622e+10,2.256269635987760544e+10,1.688370476187190056e+10,1.911585374055323410e+10,1.767178643584706497e+10,2.449313587594570923e+10,1.956096237577630615e+10,2.198139219057321167e+10,2.180917057170694733e+10,2.009682514287733459e+10,2.050909627279541397e+10,1.648341185944648361e+10
2.141843016235583878e+10,1.853451483584311295e+10,2.031341139390551376e+10,2.764846062814335251e+10,1.796100024412718201e+10,2.469043773850451660e+10,2.441759763445814514e+10,1.769126467686986160e+10,2.527735053394023895e+10,1.865726009173347473e+10,2.082261978444387436e+10,2.426935079179220963e+10,1.994469375418563843e+10,1.942631470152342987e+10,2.000563472656296539e+10,1.899253800521567154e+10,1.965254904582487106e+10,1.943832121766757965e+10,1.950893091013992310e+10,2.276689005396300507e+10,2.222590448571107101e+10,1.934177824683859634e+10,1.644309265373674393e+10,2.374381386576235199e+10,2.262468861910233688e+10,1.903731387904852295e+10,2.674002881380490494e+10,2.215115036194144058e+10,1.867060707408598709e+10,2.548950884696270752e+10,4.194072660841120911e+10,1.935200628671141815e+10,2.094097324586178207e+10,3.653257333256211853e+10,1.887564922869702911e+10,1.714233549814282990e+10,2.765179579362397766e+10,1.887856283669788361e+10,2.189134097841235733e+10,2.009032489724983597e+10,1.962901016039752960e+10,2.028063703270909882e+10,3.399855700927776718e+10,2.361160581292923355e+10,2.420547172391931534e+10,2.876854766666786957e+10,2.129589030701154709e+10,2.318022039800723267e+10,2.479772599999676132e+10,2.672463691302857971e+10,1.997966076854920959e+10,2.644300581016075134e+10,2.003240976299020004e+10,1.859434088039955139e+10,2.298909584955469894e+10,2.925848144775952148e+10,2.319187992759470749e+10,2.300685091845275879e+10,2.692001142007875824e+10,1.790326248227652740e+10,1.915584891224097824e+10,1.956753285002321243e+10,2.102572074964149857e+10,2.068447286459522629e+10,1.520010754437913895e+10,2.408873719543362045e+10,2.452233266712469864e+10,1.999891384418859863e+10,2.309326721760613632e+10,2.685749853883779144e+10,2.292549083468813705e+10,2.860539978330030441e+10,1.939633124041629791e+10,2.488317341835609055e+10,1.893558080587554169e+10,2.114361715898954773e+10,2.481761299103961563e+10,1.830003854436997986e+10,1.699037419153277779e+10,1.592062598497861290e+10,1.770901420840911865e+10,2.434009721720414352e+10,2.566691842383621597e+10,1.748009044167856979e+10,1.848266143405801010e+10,2.367084317940779495e+10,1.946195014920810318e+10,2.384976114990830231e+10,2.230520164203338623e+10,2.309284172607571793e+10,2.741200896593303680e+10,2.105656784638603973e+10,2.067625882519972610e+10,2.183536349122212219e+10,2.178392625481027985e+10,2.376770205272541428e+10,2.485252891024537277e+10,2.582396398190281677e+10,2.077163048142920685e+10,2.244287487142377853e+10
1.796507588420071411e+10,1.541402073787856483e+10,1.493466556657607841e+10,2.089601937991015244e+10,1.808280608238034821e+10,1.656071344876137161e+10,1.976614500027466583e+10,1.926535640222106934e+10,2.160065790707254028e+10,2.528019459509907913e+10,2.391003865028974915e+10,2.640639256156878662e+10,1.949211884940312195e+10,2.917794702374820328e+10,2.013491179105832672e+10,2.025171362444535065e+10,1.960099841935402298e+10,1.851054832855371475e+10,1.896322493075656891e+10,1.846674601151106644e+10,3.882112017020121765e+10,2.195897361159134293e+10,2.782915379893007660e+10,2.346517232480886459e+10,1.657620837612030792e+10,2.267078086553854370e+10,1.503397760263563156e+10,2.052218959167047119e+10,2.169554736517392349e+10,2.105442727254176712e+10,2.794230314516163254e+10,2.130501325413536453e+10,2.154872735379129028e+10,2.215236840557479095e+10,1.910383245232378387e+10,2.219955908992041779e+10,2.504517437805861282e+10,2.310647240785252380e+10,1.622348968378419495e+10,2.844370300615088272e+10,3.792528306611012268e+10,2.590551795894368362e+10,1.780743456974452972e+10,2.442087212728459549e+10,2.389798731759223175e+10,2.226817732313599014e+10,2.459576835844575119e+10,2.779077578486025620e+10,2.929115685255711746e+10,1.936040445989311981e+10,1.900575390990044403e+10,2.874391281509430313e+10,1.804895641014270401e+10,2.763366891347851944e+10,2.131007390440711594e+10,1.861878658104457474e+10,1.786156908551924515e+10,2.085443151029557419e+10,1.726051053707404709e+10,1.734708015092705917e+10,2.413551338078758621e+10,2.641325536162992477e+10,1.819158417491284561e+10,2.784467507550983810e+10,1.880215519723302841e+10,1.621613002098406601e+10,2.119624403686489105e+10,2.448799634633943939e+10,2.169393634952326965e+10,1.826608447213291550e+10,1.790546868380741882e+10,2.427339070045058060e+10,2.133732965840276337e+10,1.952447547974448776e+10,2.318296347349506378e+10,1.815042723962002563e+10,1.849819822611156845e+10,2.129164563161875153e+10,2.512143220899407196e+10,2.689770553712090302e+10,2.212113441789451981e+10,1.876518752499598694e+10,2.182607584142469788e+10,1.784509536295811844e+10,1.840194990229135513e+10,1.912608205299197006e+10,2.182015089360919189e+10,1.980707351337574387e+10,1.866271728959503555e+10,2.506242763102923584e+10,2.783254505475110245e+10,1.896744986764721680e+10,1.900864647373338318e+10,1.454021633968125153e+10,1.360308182298266983e+10,2.386406702388780212e+10,2.013132993111630249e+10,2.187390398977536011e+10,2.126060929579151535e+10,1.788114812048840714e+10
2.212427345466080856e+10,1.677616564187850571e+10,2.084516047235842514e+10,1.515996812822102356e+10,2.078776016996450424e+10,1.904932505674652100e+10,1.728919592620536423e+10,1.905359561619134140e+10,2.202824838392942047e+10,1.761429662581978607e+10,1.757303466324395752e+10,2.287410002621813583e+10,2.497460703289693832e+10,2.378603666228086472e+10,2.390421395874718475e+10,2.475501685975397491e+10,2.127094679449105835e+10,2.079447563797863388e+10,2.280011502446297836e+10,2.249543057654204559e+10,3.123808070973257446e+10,1.995290510595832062e+10,2.476021131890210342e+10,1.814828404179152298e+10,1.962425982429943466e+10,1.693224614094154167e+10,1.913678751534207535e+10,2.196155032597972488e+10,2.143786431948385239e+10,1.966126317995533371e+10,2.511367776311019516e+10,2.049393726083484650e+10,1.891289806340446854e+10,2.858707739325943756e+10,2.408836859474455261e+10,1.980729315648434448e+10,2.591547084224641800e+10,2.684784634127579498e+10,2.672327161578084946e+10,2.044448246133557129e+10,1.714654871528549385e+10,2.033469764513916016e+10,2.910910384241452789e+10,3.059919327270407104e+10,2.407683883060651398e+10,2.027399701821963501e+10,2.060268978177997589e+10,2.459013301918210220e+10,2.853173146605297470e+10,2.207100876529220963e+10,1.955884946241498184e+10,1.997896423068552017e+10,2.171897307310778046e+10,1.859848914238860321e+10,1.945890318533913040e+10,1.592692756242011642e+10,1.946823262839350891e+10,2.386895450113380814e+10,1.962654428456678009e+10,2.435728927533228302e+10,1.964340364021041489e+10,2.148061643108509064e+10,2.045769637608644104e+10,1.856551527161176300e+10,1.963680595358515930e+10,1.813742083932613754e+10,2.040955989883944321e+10,2.373845421971704865e+10,2.192970686973028564e+10,2.733834365027272797e+10,1.971588444343677902e+10,2.463981162530599594e+10,2.444672115102993011e+10,2.014577779852800369e+10,1.704034435860844040e+10,1.842027112593366623e+10,1.681500810271134377e+10,1.923240023879121780e+10,2.077873107135687256e+10,1.784023129510033035e+10,1.810767468134182739e+10,2.430691572453711319e+10,1.654150543685752869e+10,2.304347421213780975e+10,2.679228087155781555e+10,2.168301915949678040e+10,3.686102098633258057e+10,2.480482788655828476e+10,1.951266385998836517e+10,2.231170481533158875e+10,2.892380932695878983e+10,1.920864554017518997e+10,2.326018494985109711e+10,2.289630956226643753e+10,2.101652773399186707e+10,2.139974605347988510e+10,1.747176045220908737e+10,2.119765292603440475e+10,2.591355692522243881e+10,1.765474677162408447e+10
1.795533150902642441e+10,1.551360911735259438e+10,1.631449410723198318e+10,1.766039683268177414e+10,1.876902725546715164e+10,1.719820838052587509e+10,2.219752795269598770e+10,2.455714034294956589e+10,1.985155621542340469e+10,1.987917422357061386e+10,2.174523620152153778e+10,1.441588326403429794e+10,1.961184230635197830e+10,1.729115012645318604e+10,1.664170768129131889e+10,2.348034789543270874e+10,2.702988176826361465e+10,2.183633014800292969e+10,2.502072164285462570e+10,2.003419389061381149e+10,2.292878670391451263e+10,2.724422950364531326e+10,3.144337481423106384e+10,2.066732651881673050e+10,2.263593469367150116e+10,3.121182999911238861e+10,2.201835424456654739e+10,2.676711244607139969e+10,2.357039694036540604e+10,1.723501094557099152e+10,2.355540541466859818e+10,3.110287066093398285e+10,2.444760893391249847e+10,2.727595063813199997e+10,2.562651588776769257e+10,3.149303391173885727e+10,2.068162834467280579e+10,1.826064306767288208e+10,3.388143701936928940e+10,2.069843547618471146e+10,1.870589135471189880e+10,1.659612013909573364e+10,1.851545341256276703e+10,2.354830859254826355e+10,2.598608770427498245e+10,2.551217775982052994e+10,2.178883868799634933e+10,1.828487091499863815e+10,2.126292379658286667e+10,1.936737447027194214e+10,2.239826323530102539e+10,2.715655843010203552e+10,2.277537064895688248e+10,1.639990469312773514e+10,1.901233598108645630e+10,2.063506997875193405e+10,2.152176016378417587e+10,2.309465411445839310e+10,1.856969326566587830e+10,1.961452066229867554e+10,2.189755877279259872e+10,2.082681601704560089e+10,2.006959027552234268e+10,2.267030799949740601e+10,2.115361324352595520e+10,2.967671296414694977e+10,2.016561077098668671e+10,2.810236599053651428e+10,1.974376198972824478e+10,3.552786476021619415e+10,2.286765597286059570e+10,2.989632933203917313e+10,2.130335820605393982e+10,2.018117439172230148e+10,1.896102005663484192e+10,2.104899917573408890e+10,2.579313267382181549e+10,2.415626839091210556e+10,2.766043705837778473e+10,2.769175507712022781e+10,2.353463080320611572e+10,2.753054760612329865e+10,2.017820743171546936e+10,2.442661481946899033e+10,2.751913740234223557e+10,2.282578213772147751e+10,1.945950029484938431e+10,1.594992569720183754e+10,2.225663873025557709e+10,2.260030083127079010e+10,1.980260353593748093e+10,1.896095046248034286e+10,1.930538602747018433e+10,1.873907517389450836e+10,2.121109431668413544e+10,1.928609341633561707e+10,2.409124280698807144e+10,2.082819335515293884e+10,1.669259720433240509e+10,2.140684073804660416e+10
