1.999199811166341019e+10,2.469181428183691788e+10,1.223967756605979729e+10,1.924386221887414551e+10,2.352088078552183533e+10,2.614136059993651581e+10,1.938788243580392838e+10,2.550901848246132660e+10,1.660272468994385910e+10,2.579931755022938156e+10,2.072420848508795547e+10,1.972521409659239960e+10,1.396835118582409096e+10,1.675477694627051926e+10,2.069911531587746429e+10,2.858863904013757324e+10,1.667994295931560898e+10,1.851393670445858765e+10,2.088597412889466476e+10,1.673257969302011108e+10,1.470654318285865593e+10,2.171285977046351624e+10,5.922561037696408844e+10,2.072290322485847092e+10,1.470644771996670723e+10,1.420152550388641167e+10,1.239858961408469391e+10,8.210064279340473938e+10,1.643905177765977478e+10,1.338453756459416389e+10,1.973301034231546402e+10,5.531206491096338654e+10,1.261409407371980667e+10,1.652210064982619667e+10,2.071338199431484222e+10,2.537489478116047668e+10,2.628704445502999496e+10,2.046137305220640945e+10,1.774613867913832092e+10,1.998243658650731277e+10,2.889768097636877060e+10,1.596559810081804085e+10,1.287452748471749878e+10,1.481506452714125061e+10,2.021505588218418503e+10,1.230450503165723991e+10,4.294072910413163757e+10,2.005838096706185150e+10,1.488130960737686729e+10,2.156021957260187912e+10,2.859178173381801605e+10,2.616416546698942947e+10,2.778599437492998886e+10,1.986907109930129623e+10,1.859926084118910599e+10,1.321870409621399689e+10,1.850059932807973862e+10,2.349602548017966843e+10,1.567544169111930656e+10,2.990165112658356476e+10,1.993998266846470642e+10,2.381371548233322144e+10,4.385762654434334564e+10,2.156840310582144928e+10,1.379746915350946045e+10,1.949264374371694565e+10,2.214125319492512512e+10,1.618795017948179626e+10,2.703786297961661911e+10,3.206290679571694565e+10,2.544270726469073868e+10,2.557459827765814209e+10,2.274712528776728058e+10,1.752234010948059464e+10,2.396117340950902557e+10,1.964205993186985779e+10,1.352391924649747086e+10,1.386961234351387787e+10,2.970462518331615067e+10,1.566328024641934967e+10,2.139512780270391083e+10,1.833705255452420807e+10,3.872058504899438477e+10,1.841826205682500839e+10,3.465331564138168335e+10,2.233411545858450699e+10,2.260512929381946564e+10,1.611092363537408638e+10,2.061994434179508591e+10,1.327404823016187096e+10,2.358486723309959412e+10,1.957335943543650436e+10,2.013809911017191315e+10,2.232974939706290054e+10,1.309898590658926010e+10,1.154531272611467361e+10,1.566685955519836617e+10,1.480354429591056824e+10,1.573465472895465279e+10,3.076400730465370941e+10
3.438313717760377502e+10,1.360525664643301392e+10,1.918730794328243637e+10,2.857908700585730743e+10,1.799888637325685501e+10,2.040918354755225754e+10,1.709209722690423584e+10,1.979699772939839935e+10,2.239005772080264282e+10,2.099179734108893967e+10,3.631492495683068848e+10,1.101879332133177185e+10,2.539275885062347031e+10,1.434621694391854095e+10,2.326938221073970032e+10,2.992937828842342377e+10,1.579844055965963173e+10,2.433008797814242172e+10,1.810544690919151306e+10,1.529902452406701088e+10,1.934758793742003250e+10,2.245749970714044952e+10,2.064862572902425385e+10,2.329068734539144516e+10,2.033818832317485046e+10,1.350373328051515198e+10,1.674296316751693344e+10,2.026336133508267593e+10,2.161978386364991379e+10,3.886973089332662201e+10,2.383305629675537872e+10,1.997204831685188675e+10,5.572852717583713531e+10,1.705064777950259972e+10,1.946373710609418106e+10,2.246204173874656296e+10,1.680572329449345779e+10,2.977412844124077225e+10,1.650451471129152679e+10,2.080386062441336060e+10,3.919311225117403412e+10,1.926374617224296570e+10,1.707018286921079445e+10,3.535430973369554138e+10,2.094725087687354279e+10,2.266205629081126785e+10,2.128668120776539612e+10,4.371706018366819000e+10,2.218672226512847900e+10,2.188881484327919769e+10,1.481088981149548912e+10,4.468590499718214417e+10,3.310547061222215652e+10,5.168157453291609955e+10,2.410328443812557602e+10,1.690184533877580452e+10,1.957463369448130417e+10,1.961072035655385590e+10,1.970386262159013748e+10,2.627675796066428375e+10,1.938196706115258789e+10,2.783488929886017227e+10,1.659721058383309746e+10,1.655783136437069321e+10,3.233192169825945663e+10,2.013850338110198593e+10,1.634865166344989777e+10,1.820847850699048996e+10,1.698720035009478760e+10,3.404373344371472931e+10,2.573403698478502274e+10,2.017916251800117874e+10,2.011960966372039413e+10,1.764700524947891235e+10,1.152481941690986061e+10,2.190794497243951416e+10,2.394399315551695251e+10,1.214413478400032997e+10,1.740424967246501160e+10,3.158983375111350632e+10,3.354019982157048035e+10,1.368790011813479996e+10,4.255473297170836639e+10,2.114166200224766541e+10,2.934656184368414307e+10,1.636337732447171783e+10,1.808831966530971146e+10,2.928802749070383453e+10,1.642345890120657539e+10,1.541743304456777191e+10,1.554006668696571159e+10,1.120784325972331619e+10,1.734110997409924316e+10,1.687205493553054237e+10,1.909353697834020233e+10,2.544375166078993607e+10,2.330772729381709290e+10,2.241339989711590195e+10,2.000081303612792587e+10,2.153711282473000717e+10
1.382843101469154549e+10,1.800794609699139786e+10,1.625715062744454193e+10,1.271270504938341713e+10,1.546603957439869499e+10,3.390012714503023529e+10,1.453520768824831390e+10,2.095445016386804962e+10,1.502582840416474152e+10,2.138618655453409958e+10,6.152713541274368286e+10,2.008950640624625015e+10,3.108020095945059586e+10,1.598224007657540703e+10,2.101113060877748871e+10,2.221208392782255173e+10,2.100159298971803665e+10,1.696398228101167679e+10,1.597717824367506790e+10,1.514949356697302246e+10,2.319071823638215637e+10,1.454673287617399025e+10,1.352721006338830757e+10,2.604866959232207489e+10,1.402675394746496010e+10,2.651254616049149323e+10,1.613924655457746696e+10,2.367046642005724335e+10,1.632876837778100204e+10,2.030013880527771378e+10,3.024336276837412643e+10,2.125064374244234848e+10,2.974159817908332443e+10,1.597645157366168022e+10,1.217244398738644981e+10,4.181727729474057007e+10,2.124631929131993103e+10,1.993723676055385208e+10,1.703955773638774109e+10,1.224927008731095695e+10,1.586091277850982285e+10,2.286425099092780304e+10,2.209004824891739273e+10,1.907734887003820419e+10,3.597050311821355438e+10,1.726248676190576935e+10,1.692093891111901855e+10,3.931502894687831116e+10,2.687251305225520325e+10,2.232649824576148224e+10,2.557817825049805069e+10,1.668430129408572388e+10,4.267058654890864563e+10,1.556609631893363190e+10,1.469667489698106956e+10,2.992114042523800659e+10,1.932142403716437912e+10,2.218966046626659012e+10,1.602448770613437080e+10,3.015920155325957108e+10,2.241419192783298111e+10,3.832840497811584473e+10,2.193476666644899750e+10,1.620308204552306366e+10,1.480447762745748711e+10,2.348379172282279587e+10,1.836425708324694824e+10,1.475937769032164574e+10,1.420822420377486610e+10,4.803615206529058075e+10,2.110951978250151825e+10,1.425996753902069855e+10,2.181522463703574371e+10,1.382653458541527176e+10,1.742233238573175049e+10,2.042635577410127258e+10,1.352953464466138649e+10,2.403108694809959030e+10,2.445836786563348389e+10,1.947860807887926865e+10,1.866047284572000885e+10,1.883115947574068832e+10,1.817296677536339569e+10,1.402106556552444267e+10,3.942058875209704590e+10,1.697449976572170830e+10,1.149816840782021523e+10,2.269481725879545593e+10,1.336748873187779617e+10,2.342887316271675873e+10,1.716573515322908020e+10,1.841527106315865326e+10,2.659715044947644806e+10,1.791332445700082779e+10,2.259096503066923904e+10,1.888751467217972565e+10,1.641479232428072739e+10,2.715736973838787460e+10,1.314967229797643471e+10,1.738681011321815872e+10
2.393869620422010803e+10,1.821198202411810684e+10,2.172752893003982925e+10,1.985983182056636047e+10,3.175591974025236130e+10,2.011289933634768677e+10,2.033479410953302765e+10,2.352542759754369354e+10,2.793092169752129364e+10,1.962260582054129410e+10,2.703377406527675247e+10,2.282962726050660324e+10,1.433199128041014099e+10,4.171371550650682068e+10,2.355035162172892761e+10,1.768162866585012817e+10,1.620061292998418617e+10,1.837609675716728592e+10,2.407551217443317032e+10,3.408554210427989197e+10,2.199258514664737701e+10,2.150480032088148499e+10,1.731526885354204178e+10,1.746420917988647461e+10,1.680647326879638100e+10,1.599978154492791748e+10,2.634012486575743484e+10,1.286106633794526672e+10,1.547511293934026146e+10,1.530254296851899147e+10,2.978216414517904282e+10,1.846858384532633209e+10,1.749140269579140091e+10,1.772191792767052460e+10,2.573005679653586960e+10,1.320691444408242798e+10,2.522043836559934235e+10,4.102298459656042480e+10,1.827908544108504105e+10,4.144842299722036743e+10,1.845942419845100784e+10,1.460392428228809738e+10,1.604162418902872658e+10,1.976794632073439789e+10,1.513935687783248711e+10,4.075134982255168915e+10,2.253979898863920212e+10,2.261330107817359543e+10,1.689994949582522011e+10,2.234384957029842377e+10,2.246421919856425858e+10,2.086929264954709625e+10,2.202343292384568405e+10,1.194427314403696823e+10,1.762973431060697556e+10,2.003308701595964813e+10,3.177296886194235229e+10,1.299311312787816811e+10,1.957125024747777557e+10,1.883315626193115616e+10,1.311220525259465218e+10,1.520240308582058144e+10,2.668420947915748978e+10,1.311564135725270653e+10,1.178727080752882957e+10,1.730245158933931351e+10,2.604335592814316559e+10,5.004799065486206055e+10,2.369262016134225082e+10,1.632704188625560570e+10,1.787478093018149948e+10,2.079062956340437698e+10,2.882275203889119339e+10,2.018306804590518570e+10,2.064853357517367172e+10,2.062648469293424988e+10,1.331295592983856773e+10,1.829155014920372772e+10,2.309673165485469437e+10,1.966621814611106110e+10,1.336123543267079544e+10,2.333480289571487045e+10,1.570216994169359016e+10,1.412280258242378235e+10,4.431869785813356781e+10,1.278402608802081871e+10,2.278612770540752792e+10,2.828852606035374832e+10,1.569405338421531487e+10,1.352227353702458000e+10,3.100621626538711166e+10,3.111664661939727402e+10,1.725230573071555710e+10,3.136346016688548279e+10,2.060110410349408722e+10,4.022214963684299469e+10,3.881895160968317413e+10,1.440540989542872238e+10,1.569390956597393990e+10,2.271822483351379395e+10
3.243873876352773666e+10,1.390461882593878746e+10,2.979110107030979538e+10,1.923577341635837936e+10,1.518939463494297409e+10,1.402825615658291626e+10,2.229916824985089493e+10,1.799899750200292969e+10,1.734824036679147339e+10,3.404381727065566635e+10,2.411914408069819260e+10,1.080892619456003189e+10,2.636878764024882507e+10,2.158495094240383530e+10,3.986521083646121979e+10,1.773511291503734589e+10,2.240182805590124512e+10,1.482948435198886299e+10,2.183283123212980270e+10,1.442855992637314224e+10,1.890675686827233505e+10,2.354947054324450302e+10,2.662408358794462967e+10,1.799786144479656982e+10,1.844335590262063217e+10,2.108070265734461594e+10,2.189469874331493378e+10,2.564306250829510117e+10,3.724555175565594482e+10,3.930134861009853363e+10,4.468082224277339172e+10,2.013787253688912582e+10,1.523636792219341469e+10,2.138016717637279892e+10,1.730286370988856125e+10,1.783635818573106384e+10,3.378772588246542740e+10,2.762468692835141373e+10,2.654221984074615860e+10,1.794740602610255814e+10,1.762752835935747528e+10,1.220598419018289948e+10,2.531751671128162003e+10,1.355008390357895279e+10,1.945934561644259262e+10,2.080188132077157974e+10,1.150170093988074493e+10,3.396325399376336670e+10,3.377521164860610199e+10,1.753103769414444733e+10,3.419044594739323425e+10,1.542664284368716621e+10,2.195136804130968857e+10,1.421094719251104736e+10,2.923293084541778946e+10,1.885028350827260208e+10,4.282373259750654602e+10,2.512466946427864075e+10,1.434126385323450851e+10,1.848564538893460464e+10,2.202384596750778580e+10,1.665282637195279884e+10,1.376329870855080605e+10,2.246416698336741638e+10,1.375425198104961395e+10,2.553781571291544724e+10,1.634492069051491165e+10,2.663012312721780014e+10,2.082332485614122772e+10,2.150612235983063126e+10,1.867273716978959656e+10,1.163317821091786575e+10,2.444863414262352371e+10,1.560372476838458633e+10,2.412416138935488510e+10,1.796241956972964096e+10,1.197832622004620361e+10,2.837318464817318726e+10,2.066572752614853668e+10,2.572451439769817352e+10,2.738259659527418900e+10,1.389718030093918991e+10,2.295069541663110733e+10,1.612108866951687050e+10,2.076020733150432587e+10,1.894379177913606644e+10,2.076524568667457581e+10,1.618073870019155693e+10,4.348827500677436829e+10,1.843206608566480255e+10,3.907836349318557739e+10,1.816089645583407211e+10,2.850349414249547577e+10,1.525040373893760872e+10,1.261445130707954025e+10,3.032596921828163910e+10,2.067278936306874084e+10,1.693797237834847832e+10,1.597203678234750366e+10,2.667321500264423370e+10
2.455270466964151382e+10,2.513139727675240326e+10,2.096031987322142029e+10,3.509712948276341248e+10,2.622973182609172440e+10,2.772181854505681610e+10,2.884761261475880051e+10,2.612361338743928909e+10,2.013367865643666458e+10,3.494794116659896088e+10,3.130667662290824127e+10,1.790905485280118179e+10,2.977502045373692703e+10,1.876836744857986450e+10,2.638896483013259888e+10,2.414649624581595230e+10,1.782648090290347290e+10,2.990505168193994522e+10,1.226376782260614777e+10,1.424908617559743881e+10,1.763076573584320450e+10,1.385810472595585823e+10,1.739451645981784058e+10,2.117193519029859543e+10,2.988627444554926682e+10,2.687913269186945724e+10,1.870808667288697815e+10,2.339992394769787979e+10,2.910175709879724121e+10,2.293878585765219498e+10,2.801853400379126358e+10,1.671067280738829803e+10,1.713442420552076912e+10,1.852457986852585602e+10,1.944850773566967773e+10,3.571360492752841187e+10,1.919060209811945724e+10,1.864274091492745590e+10,1.727636355779919434e+10,3.133535955731325912e+10,1.566030821673449326e+10,1.534401236050356865e+10,2.612606362417628860e+10,2.784349654881068802e+10,1.878012680396512604e+10,2.149697344815190506e+10,2.809582743600004959e+10,3.095392405943765259e+10,2.197583975858689499e+10,1.599991671970780754e+10,1.901805283030345535e+10,2.696903092011108780e+10,1.415176257078053093e+10,3.133225914275194931e+10,1.320137985150921631e+10,1.447807663044861221e+10,2.891615566764262390e+10,2.502725065326725388e+10,1.475626574436265755e+10,2.311053092126944733e+10,1.844323165869437790e+10,1.789656621948007965e+10,1.898614442053582001e+10,1.103860600797688675e+10,1.660219238962933922e+10,2.658299368823230743e+10,1.412462989598412514e+10,1.850507969745135117e+10,1.401081804510793686e+10,1.667804082541968918e+10,1.868012146999117279e+10,1.200899083226650429e+10,1.358984739406749725e+10,2.023679135720151901e+10,1.870899820208004761e+10,1.674831170353620911e+10,2.864257570935503387e+10,2.084203963308306885e+10,4.270327921223583221e+10,1.966024775605613708e+10,1.822748004453016663e+10,2.350748927148150635e+10,2.466881685449007416e+10,1.385478529279327965e+10,1.514004205519221306e+10,3.330642632348926926e+10,1.685692141173645401e+10,1.596070848775998878e+10,2.364802988673014069e+10,2.000637172434426498e+10,1.634612908357806396e+10,2.474483743397732544e+10,2.236502849378947449e+10,2.500765126152556992e+10,2.062311670345842743e+10,2.094094584233507538e+10,4.370015174194267273e+10,1.525935743524279213e+10,2.240066882620307159e+10,1.579095379012224770e+10
1.678706686594098282e+10,2.268823795569726181e+10,1.849519770744236755e+10,2.191171369542668915e+10,1.733987893541753387e+10,2.570789584894014740e+10,2.239843818285398483e+10,2.284008423746655273e+10,1.804346496040271378e+10,1.738299694527368546e+10,1.533373347604515839e+10,1.433244230179452133e+10,1.823584741370743179e+10,1.768075218775313950e+10,3.208445784663236618e+10,1.692081028485604286e+10,1.663061557737666130e+10,1.404081587635991859e+10,1.821044192865599442e+10,1.830081952855403900e+10,2.043733386831178665e+10,2.099148874166673279e+10,1.713664732996380806e+10,3.622542442430727386e+10,1.854348588676544189e+10,1.737494391666247559e+10,1.956529879999560928e+10,2.014129265234088135e+10,1.436378085447252464e+10,2.666089647946612167e+10,2.542608387935764694e+10,1.267405839834454346e+10,2.071942640266860580e+10,3.154394854667545319e+10,1.616565768053246880e+10,2.627699208175977707e+10,1.342923300576815414e+10,1.853284654701969147e+10,1.848578227839271545e+10,2.022765423807485580e+10,3.272922449397242355e+10,2.160699492155041122e+10,2.064839551452299118e+10,1.768277220031443405e+10,2.912130111965930939e+10,1.791456500880725861e+10,1.557486186965242195e+10,1.945552305436383057e+10,1.647871963517650032e+10,1.804653313388267899e+10,1.685101347970274162e+10,2.227802965827016449e+10,4.229391864992350006e+10,1.798626165131414032e+10,2.668441943959405899e+10,1.859898859512811661e+10,1.545293566797506523e+10,1.618087831799766922e+10,3.248794673120066452e+10,2.343267816360728455e+10,2.032316213533632660e+10,1.594014022652886391e+10,1.750200242733456421e+10,1.505949292870002556e+10,1.295592228832879829e+10,3.329491033592376328e+10,9.169866740561581421e+10,1.940750930095014572e+10,2.022060547855449295e+10,2.185608736159792328e+10,2.154522876429317856e+10,1.543605439370558167e+10,2.210777673170476913e+10,1.920248879743331909e+10,1.811927682631206894e+10,2.317952154485979080e+10,1.679107087765109825e+10,1.607687577488609314e+10,1.916797687662794495e+10,3.371203067522166443e+10,6.276369419942311096e+10,2.060397326157853317e+10,3.061806802771964264e+10,1.859872569906613541e+10,2.573068568083022308e+10,2.142262986463219070e+10,2.252278354845296097e+10,3.306191329856038666e+10,2.025822592690780640e+10,1.742226817447023392e+10,1.947667760268838501e+10,1.619922555726966858e+10,2.152808222874221420e+10,1.488526950720067215e+10,2.645750767583475113e+10,2.925496075488801193e+10,2.232269856989043045e+10,2.024228708848172379e+10,1.700171774916215324e+10,1.853323951935601425e+10
1.624481559373534203e+10,1.461047417421342278e+10,1.631651769746087074e+10,3.312553484108483887e+10,1.609214673588511086e+10,1.583916394397206116e+10,1.555510633527740669e+10,3.131050076873678970e+10,1.529494992480972862e+10,2.807777831853539658e+10,3.994948151413003540e+10,1.618501739250864029e+10,2.031228796604902649e+10,2.151283800330724716e+10,1.480739728800073433e+10,1.697544917099206543e+10,1.680600508412236023e+10,1.976714825810731506e+10,2.158194662644309998e+10,2.045966635731538773e+10,1.518388678686186600e+10,1.443536939997830009e+10,2.751542351887052536e+10,1.445754153044670868e+10,1.534405377233180046e+10,1.740891350672651291e+10,2.008279398026828766e+10,2.811929320051673126e+10,3.033565652547895050e+10,2.863392046930243301e+10,1.735926206497024536e+10,1.744145237693913269e+10,2.529499222360783005e+10,3.501527147066822052e+10,1.964709083177879715e+10,1.889248739289780426e+10,2.360460949359974289e+10,2.252043402486291504e+10,1.897728075300763321e+10,1.579114313275248718e+10,1.673533185530140877e+10,3.234238790857903290e+10,2.644800692511155701e+10,1.658806393092165947e+10,1.703822217360912132e+10,1.915013353199982071e+10,1.832258795987843704e+10,1.781439868702210236e+10,1.821444746729071808e+10,2.120053399678197098e+10,2.387069752943345642e+10,1.886700075143487930e+10,3.036649115252606201e+10,1.714494260162691689e+10,1.353357379680330467e+10,3.622164631606435394e+10,1.932954914680103302e+10,3.122618745274964523e+10,2.156277053142258453e+10,2.274852263733906555e+10,3.246717919450895309e+10,1.652621178080073929e+10,3.266755502623197556e+10,2.521779438472014236e+10,1.870911499105276489e+10,2.264355767013287354e+10,1.364773068967159653e+10,2.218870522988078690e+10,1.847823369412834167e+10,1.917957379566306686e+10,2.892245223966668320e+10,1.824940812766359329e+10,1.865498578474538803e+10,2.486398142812479019e+10,2.084003951983564377e+10,2.493736408881376266e+10,3.068098013181556320e+10,3.332879066430931473e+10,1.551605189745895576e+10,1.781054113861396408e+10,3.269798346930629730e+10,2.127726026563012695e+10,2.154956814012302399e+10,3.252630038139879608e+10,3.645450335174947357e+10,3.829758033503334045e+10,1.691859622718095779e+10,3.722527999020932007e+10,2.745326620697547531e+10,1.210209499814532280e+10,1.828892508221623230e+10,2.532231012667501450e+10,3.120913313682645416e+10,1.826062057809720993e+10,1.743010579165787888e+10,1.544409854209618950e+10,2.050165811647385788e+10,1.732118728790852356e+10,1.865997356007341385e+10,1.854065089530999374e+10
1.668219354602456284e+10,5.148689339613171387e+10,1.898912728304515839e+10,2.850018959553508377e+10,1.882882022736017990e+10,1.844733333354939651e+10,2.355195100554727936e+10,3.021404097491452408e+10,4.197186938327505493e+10,2.573051594313191986e+10,1.210532555351777267e+10,1.670181617012643814e+10,2.178269963882063675e+10,2.351354631362147522e+10,1.362499217189719582e+10,2.312612392041739655e+10,2.587273629684025574e+10,2.443113325960654449e+10,1.448455789746001434e+10,1.792408100019772720e+10,2.431185716428309631e+10,2.545073240357243347e+10,2.510881097018708801e+10,3.874979179694168854e+10,4.242019673665039062e+10,1.690090055746574020e+10,2.138470710356398773e+10,1.730473306123136139e+10,2.423547438061028290e+10,2.679925897332147598e+10,3.216716022202164841e+10,1.844154500709312439e+10,2.387907066072764587e+10,2.363403417550860214e+10,1.965469340267807770e+10,1.443960798662354851e+10,2.079175161735850143e+10,4.068392283280941010e+10,2.214359935476574707e+10,1.673218723572814369e+10,1.771664368243509674e+10,1.872804628622761154e+10,3.091615437179708862e+10,3.416895624839328003e+10,4.013076735983076477e+10,2.272448510855451202e+10,2.215499511370735931e+10,3.953516461412367249e+10,1.846302209286759567e+10,3.989687107401661682e+10,1.871964902951989746e+10,2.666255504126547623e+10,2.387839647392379761e+10,1.319049996840272141e+10,3.323400891208522034e+10,4.284348765009550476e+10,2.313477180580218506e+10,1.675574746504757690e+10,2.245236163818526840e+10,1.642273848623731995e+10,2.267932676117953873e+10,2.215785781143405533e+10,2.064736404343240738e+10,1.821168691133825302e+10,1.732604610233944321e+10,1.401339181937879562e+10,2.268315754463721085e+10,2.651137320203482819e+10,1.433713022075921059e+10,1.506157968043840218e+10,1.868949489688664627e+10,1.771047212480556488e+10,2.040937421196225357e+10,2.935222241336635208e+10,1.962380657599842072e+10,1.771767596399886703e+10,1.956985809886860657e+10,2.676246333146958923e+10,2.673198394225789642e+10,1.676887712674271393e+10,3.669676059349854279e+10,2.755667182468393707e+10,2.008282284998174286e+10,2.985958822301983261e+10,2.267313299822939682e+10,1.492050751189408493e+10,2.314478156957463455e+10,1.888124081686709595e+10,3.667010213000899506e+10,3.342418370371781158e+10,1.542024346348353195e+10,2.597025457460649872e+10,2.027685812771813965e+10,2.320147993909128189e+10,2.141406157013957214e+10,1.955613324274517441e+10,3.339954402818228531e+10,1.522023015877189064e+10,3.026716081466817474e+10,2.237518252901451111e+10
1.479844866963786316e+10,1.947523054245299911e+10,1.653337036171866989e+10,3.127035528762571716e+10,1.861356648836116028e+10,2.314663002581986237e+10,4.140791155641459656e+10,3.992568502325714111e+10,1.161263573326613998e+10,2.834319013493147278e+10,2.579880962782820129e+10,2.186105932604789352e+10,1.596631044110734177e+10,2.158608277080883789e+10,1.573335549292614746e+10,2.254921840911463547e+10,2.873274759461063004e+10,3.281131550560642242e+10,2.415298254164223480e+10,2.230895326799701309e+10,1.790242325855340195e+10,1.843841674122375107e+10,2.989624854824477005e+10,1.962052185326079178e+10,2.189150325526621628e+10,1.724755090171210098e+10,2.177852622524226761e+10,2.360995805776183701e+10,1.801462887317797470e+10,2.688780174237481689e+10,2.506313571264175797e+10,2.555876027026087952e+10,2.202326854251161957e+10,1.094769134146317482e+10,1.870022368391833496e+10,1.962695737209504318e+10,2.675123065767031479e+10,1.629219938066091156e+10,1.998370627603388214e+10,1.752796357353989792e+10,2.401504395431457138e+10,2.323502848543614197e+10,2.157742467538345718e+10,1.482399038244797325e+10,1.785489184048775864e+10,2.045184040973608017e+10,2.190462920487495804e+10,2.249597709234529114e+10,4.358119238511677551e+10,2.268900329951282120e+10,2.294802033513784409e+10,5.158152470211235809e+10,1.475006209067652893e+10,1.818131028200221252e+10,4.218632238037924957e+10,1.901795734157259750e+10,1.758210046710148621e+10,3.265252256256620407e+10,1.749675892380759811e+10,1.870732919636951065e+10,2.220603737139160156e+10,2.872240954313556290e+10,1.767575167326406860e+10,1.162799697403010368e+10,3.129066375111981964e+10,2.970055367655017853e+10,2.070246472258896255e+10,2.149887391724911880e+10,2.274429337325638962e+10,1.112929588197107697e+10,2.628623436969627380e+10,3.078252686815697479e+10,2.276775686367096329e+10,1.914839400886864853e+10,2.606275078683656311e+10,1.879218582494958878e+10,1.739314322595374680e+10,2.789823629322143936e+10,6.613835533475382233e+10,2.387367644292127991e+10,1.715014466746125031e+10,1.594538749967328453e+10,2.041925893286854935e+10,1.918635978874064255e+10,2.901196955526897049e+10,2.110170217243207932e+10,2.191271018649906921e+10,2.386316505041346359e+10,2.271245608339458084e+10,2.970197561381947708e+10,2.011850812807817078e+10,1.620457792657940483e+10,3.480712910783869934e+10,2.371843097630800247e+10,1.199676062381286049e+10,1.837133092414292526e+10,2.907700104800720978e+10,2.570937519216743088e+10,2.469703716202170181e+10,1.828166106639918900e+10
1.717364155941445541e+10,2.363498778097465515e+10,2.026934792513809586e+10,1.890945386190672684e+10,3.672795257484374237e+10,2.371156069567056656e+10,3.470552437499757385e+10,3.653970934685480499e+10,2.289697290113687515e+10,1.497514586083095932e+10,1.646327530257769585e+10,1.766468625400494385e+10,2.435311015243771744e+10,2.865137228224824142e+10,1.413935484477056122e+10,2.022218212229429626e+10,3.699362242587796783e+10,2.720506381261267853e+10,1.397399136214121246e+10,2.140297134303780746e+10,1.875639541834833527e+10,1.631424071679967499e+10,3.117103983131968307e+10,3.640753914442805481e+10,2.003831155957754898e+10,3.091530127080298996e+10,2.359002462631447983e+10,1.674206166700608063e+10,1.445250954676861000e+10,2.290161843008745193e+10,2.783802015452722931e+10,1.514772700058846664e+10,2.249075881012911224e+10,1.764512985740042877e+10,1.447786611615861130e+10,1.954474059977855301e+10,2.379519764504773712e+10,2.016203910842162704e+10,2.411839995722645569e+10,1.544398360462112999e+10,3.961906531189508820e+10,2.661653720252585602e+10,1.696526014414713478e+10,5.504947901015470886e+10,3.786081521217260742e+10,1.373775329182939529e+10,1.335167557563475037e+10,3.177915374734847260e+10,5.264441821471835327e+10,3.703508447087989807e+10,1.803230080107665253e+10,1.455475759342139435e+10,2.403371650923640442e+10,2.330928808460429001e+10,1.768032211024799728e+10,2.309070370558369064e+10,2.051016267613624573e+10,2.189740980732731628e+10,1.909102293413164520e+10,1.989081139068134308e+10,2.453937156116684341e+10,2.255632724185074997e+10,1.828094311905340576e+10,2.877145672487024307e+10,2.712061131653073883e+10,1.984357875036801147e+10,1.345162087407108688e+10,1.486263483620803833e+10,1.976445068872579575e+10,1.900484349359926224e+10,2.097850591162236404e+10,3.103336992315280533e+10,1.521591987077625084e+10,2.011757170079748535e+10,2.533577737462507629e+10,2.578009570403684998e+10,2.513518541929466248e+10,2.381268924134435272e+10,1.891947207368172073e+10,2.367861487446437454e+10,1.764475177102834320e+10,2.085037383516396332e+10,2.525281666823735428e+10,2.228315200001481247e+10,2.420751254351400757e+10,2.266768681946272659e+10,2.442820445997089005e+10,2.688727268143398666e+10,2.557277155280485535e+10,3.638241986345578766e+10,1.325447372596498680e+10,2.696962609475326157e+10,1.605591666214967155e+10,1.736928182903863144e+10,2.074821580959955597e+10,1.628915522086601639e+10,1.340119954664971352e+10,1.301663593243927574e+10,2.439085500680046082e+10,1.676309784789257050e+10
2.299042936347816467e+10,1.904492010281337738e+10,2.123351679510694504e+10,3.396366260050915146e+10,1.615445038642247009e+10,3.635465965318091583e+10,3.930752646181605530e+10,2.263492099810355377e+10,4.319533876841719055e+10,2.636076205309959793e+10,2.075754056091060257e+10,2.490321613466350555e+10,1.442333398024515533e+10,2.219582955384676361e+10,2.261618661047871399e+10,1.886745964659150314e+10,5.057745302942292786e+10,2.767252286936687088e+10,2.567290562653832626e+10,3.302668563497753143e+10,2.129963963576293182e+10,3.202723394968215942e+10,1.563286378152176285e+10,2.224420268463086319e+10,1.843797601304368591e+10,1.457182903048112869e+10,1.732132499387101746e+10,2.120713896252577209e+10,1.708431452631139755e+10,2.457620488939844131e+10,1.776812942684447861e+10,2.231149491011426163e+10,1.190900787869714928e+10,1.951085279527123642e+10,1.788501664155331039e+10,3.558799523157886505e+10,2.273729657978835678e+10,1.578850394260631752e+10,2.769306523684678650e+10,1.456221769929038429e+10,1.929914655242103577e+10,1.909810731999743271e+10,2.197659010546380234e+10,2.912529705852617645e+10,2.011634391038174820e+10,1.936353096786386871e+10,2.100015376029782867e+10,2.717785106499934387e+10,1.804857216278584671e+10,1.466715370310213852e+10,2.744716603366576004e+10,2.754576718557559586e+10,2.048739814139211655e+10,2.850190864503215027e+10,1.863997632150907898e+10,2.244179096155429459e+10,2.664796989740784073e+10,1.794093534084697723e+10,1.794233211055605698e+10,2.767477528266045380e+10,3.028502322225617599e+10,2.113973382596402740e+10,1.874293442469491196e+10,2.100390781556024170e+10,1.882799217238449097e+10,2.469924019734522247e+10,2.731669251693207932e+10,1.736538292664340210e+10,2.049533145482489395e+10,2.166283112012442017e+10,2.481558351744206619e+10,2.527719427156982422e+10,2.443430231835886002e+10,5.676373997766690826e+10,2.892113952960783768e+10,3.278302697515385437e+10,2.534910586783776093e+10,3.313668603462694931e+10,2.735123030129919815e+10,2.361760122439196014e+10,1.806442307098474121e+10,2.489158541877770996e+10,2.526985495460158157e+10,1.654184229686933708e+10,2.628055004485020828e+10,2.365858684111162186e+10,2.275097818908417892e+10,1.837015334338795853e+10,3.134038832990877914e+10,1.685716881832794762e+10,2.273423504857368851e+10,3.879012302724597168e+10,1.407946257981106949e+10,1.665027585630776215e+10,2.394157708904366684e+10,1.402447519122801781e+10,2.023901498193564606e+10,1.366963320863502502e+10,1.498144121861083221e+10,1.887740583705574799e+10
3.656742750655686951e+10,1.053871904995575905e+10,1.610016317664954758e+10,1.639821047801489258e+10,1.936471972547157669e+10,3.420200151303348160e+10,1.613745004307268906e+10,1.751877416223009491e+10,2.362949212490665436e+10,1.501004516117854691e+10,1.819780802680720520e+10,1.857748136383049774e+10,3.143679447187140274e+10,3.134955321919422150e+10,3.060354936248192596e+10,1.595117375375529480e+10,2.549464659659512329e+10,2.279963739872342682e+10,5.267430468954727936e+10,1.814778415122281265e+10,1.901955839404587173e+10,1.631287533094458008e+10,1.815613850895615768e+10,2.298015599994893646e+10,1.480464195652985001e+10,1.901764391500395584e+10,1.703363044533748055e+10,2.125713761548252487e+10,1.750196610470697784e+10,1.765334846228461838e+10,2.104162607719356537e+10,2.778347810964524460e+10,1.813803995738069153e+10,2.548979695177611923e+10,2.793961348929660416e+10,1.646397412398129082e+10,3.593018523537274933e+10,1.678051268013529205e+10,1.767082498508613586e+10,2.921538196478977966e+10,2.411593071307572556e+10,2.162319214017383575e+10,2.374713363732639694e+10,1.485060743398382568e+10,2.012443802344027328e+10,2.186483994313115311e+10,1.834330987464623642e+10,1.680651730617027855e+10,1.931905331753597260e+10,2.303316010217409897e+10,2.891018785344228363e+10,1.531611777964460182e+10,4.925378780123487091e+10,3.418746088701287460e+10,8.772621224068533325e+10,2.789119268120352173e+10,1.311235186571602631e+10,1.990367541965846634e+10,2.042892075952061844e+10,1.699821066946243668e+10,5.700760648091060638e+10,1.637219251365519905e+10,1.777025972095166016e+10,1.868713296368138885e+10,2.421894972831964874e+10,1.563214403808327675e+10,1.621566209282056236e+10,2.002837020953376770e+10,2.240182180575515366e+10,4.877954130533939362e+10,2.858198121854898834e+10,7.219983748430737305e+10,1.573028864695925331e+10,2.156239083903254700e+10,2.069260681629500961e+10,1.502840313142639351e+10,1.851446594986786652e+10,3.353883900178693771e+10,1.708186869588140869e+10,2.487002793656903458e+10,1.166867513165125465e+10,4.174504002926207733e+10,1.628001521842016029e+10,1.751895889616286087e+10,1.365421642201800156e+10,2.369508953874478912e+10,2.446395416933617401e+10,1.538870100365397835e+10,2.060573166513573074e+10,2.406586362813766479e+10,2.945760077254714584e+10,3.122172228636329651e+10,1.641466995936178017e+10,2.250964094602727890e+10,1.354819343739930534e+10,1.532219975780234337e+10,1.703320545984059334e+10,3.503357253371839142e+10,1.482681574220632553e+10,1.892335908084497833e+10
2.043362608922072983e+10,1.703204706045544434e+10,1.482687842069134331e+10,1.693778514386059189e+10,1.811297802348817062e+10,1.386679226137972260e+10,2.721632771960756302e+10,3.422789615446118927e+10,1.242087455601856422e+10,2.815666679610806274e+10,2.810074543059882736e+10,1.972032161123079681e+10,1.726368349757838058e+10,2.122787734686662292e+10,2.309816149764472961e+10,3.532218971093714905e+10,2.033911017750859451e+10,2.126162655860782242e+10,2.023821292259878159e+10,2.905854876150944519e+10,1.819050612371961594e+10,1.931243939471649551e+10,2.086768231521810532e+10,3.211916400231678009e+10,2.026590878661396027e+10,2.920010210268665314e+10,1.930203228015881729e+10,1.193755118360685539e+10,1.600054263691040039e+10,1.310108542002182961e+10,2.142831238350651932e+10,1.950331828843086243e+10,3.765443524965972900e+10,1.507855210226967812e+10,1.741546786463427353e+10,1.431814955784186363e+10,1.567298162382682800e+10,2.415019326001232910e+10,2.076566621478120041e+10,4.002460773496119690e+10,1.946560042385188675e+10,1.869201018503404999e+10,3.081865102046297836e+10,2.776376834510803986e+10,1.793561535205545807e+10,1.747359771977663422e+10,2.492576829453641510e+10,2.489277431654737473e+10,2.810068699734449387e+10,2.198915025775693130e+10,1.682647924523681259e+10,2.601125405644268036e+10,2.269004092770511627e+10,4.271911686916957855e+10,3.746414270881260681e+10,2.243378096284957123e+10,1.796288319847804260e+10,1.785314448099054337e+10,1.685210137112701607e+10,1.808467971009959030e+10,3.736612631694947052e+10,3.487112254481246185e+10,6.612206738248948669e+10,6.342594969207668304e+10,8.862186732203778076e+10,1.831304706886108780e+10,2.283012423050908279e+10,4.619392439437268066e+10,2.121522413489065933e+10,2.373929280525764465e+10,1.782765525534959030e+10,2.223260060823732376e+10,3.846599565344020081e+10,1.977862284719013977e+10,2.007930070507704926e+10,1.973570659322250366e+10,2.298314446056561279e+10,3.705936763536430359e+10,2.157379271512504196e+10,2.911186797696680832e+10,1.950471602988407516e+10,3.932430487857682037e+10,2.332343266426235580e+10,2.624568360176393890e+10,2.309754434237439728e+10,3.021785016409843826e+10,2.304782257561635590e+10,2.595340977123986816e+10,1.791242343876613617e+10,2.466699518756499100e+10,3.467350381160337830e+10,2.036268993023736572e+10,2.458371332919630814e+10,2.106579081700516891e+10,1.620488604148196793e+10,1.554750588100622940e+10,1.922203788718867493e+10,2.655819778150236511e+10,3.378168149794075394e+10,1.352670584484856796e+10
1.701941474025780106e+10,1.399910319810418701e+10,1.672502036168510246e+10,1.644775054521337700e+10,2.680402317310962677e+10,1.476308252557282257e+10,1.786320261004469681e+10,1.798660342649308777e+10,1.649425229320504189e+10,1.840989841187627029e+10,3.134983613713567352e+10,2.124291787822989273e+10,2.899606657365549469e+10,1.913819184096276855e+10,2.176989424058940887e+10,3.042051416966358185e+10,1.993775297772032928e+10,2.723700119438493729e+10,2.310341314181330109e+10,2.109191779650453949e+10,1.912762273913698578e+10,1.772248161146716690e+10,3.543444471782893372e+10,2.507402092134101105e+10,1.268946263024932861e+10,2.782572097729180908e+10,1.628706724424165726e+10,4.511862214772551727e+10,1.967092773334273529e+10,2.114301936091540909e+10,2.404880645005977631e+10,2.388883622604701614e+10,3.012108185423725891e+10,4.710257466070929718e+10,2.996635764066053391e+10,4.347696880682567596e+10,2.041342162733000565e+10,2.245220277667529297e+10,1.973755725360347366e+10,1.768148239039335632e+10,1.815249566088998032e+10,4.118861754767771149e+10,2.336461503910778046e+10,2.826405143231730270e+10,3.667075393111141205e+10,2.084052901635342789e+10,2.814353350019815445e+10,2.416256502159845352e+10,1.666983143198822975e+10,2.040349808568294144e+10,2.209835061969319153e+10,2.067651156386552048e+10,1.420759559592227364e+10,4.842530005617866516e+10,2.644366134841182327e+10,1.798474074840801620e+10,2.689067965768328094e+10,2.197947821872935867e+10,2.159402331809779739e+10,3.104241051362521744e+10,1.976001796814950180e+10,2.175308248175524902e+10,1.566824449731500053e+10,2.513058037849224472e+10,2.127119111123143005e+10,3.086137541675593567e+10,1.799135368609570694e+10,1.857898818149792862e+10,1.808300031582546997e+10,2.349072921413684464e+10,2.751488071247100067e+10,1.781482229060937119e+10,1.789351937403792191e+10,3.715217702130055237e+10,1.981226184956706619e+10,2.298936207236599350e+10,2.311549913900310135e+10,1.856358558318057632e+10,3.601862439785725403e+10,1.488440317791655540e+10,1.943886056063931656e+10,2.091696671903113556e+10,2.612226767333131409e+10,2.640203730587976456e+10,1.856140282466011810e+10,2.909923060022045898e+10,2.982650718975814819e+10,1.932709612057934952e+10,1.921512347636085510e+10,2.335164602979277420e+10,1.721238497622946548e+10,2.406564387599259567e+10,5.740070942433572388e+10,2.286247891204646301e+10,5.714678679744529724e+10,2.517413785589390564e+10,4.522006206930236053e+10,2.368142421794477081e+10,3.213664776926436615e+10,1.440917177475984573e+10
5.142625747042300415e+10,2.971426825248450089e+10,1.746331236061451340e+10,3.849692451274779510e+10,2.487432426922678757e+10,2.427578898956081009e+10,1.938579804545227051e+10,2.166350458747262955e+10,2.286056325722641754e+10,3.859229595035066223e+10,2.580738235234053802e+10,4.257529732266664124e+10,3.748553754118923950e+10,3.849106783167185974e+10,1.611327571477115059e+10,2.554550571189321518e+10,3.268731974577419662e+10,2.235021045067622757e+10,1.762712925813574219e+10,2.318378087987979889e+10,2.242185654931401443e+10,3.366273461770489502e+10,2.177202868284469604e+10,1.597641920271562767e+10,3.026237877899195862e+10,2.277055330229238892e+10,2.916849661633560944e+10,1.874194303329201889e+10,2.402060442922184753e+10,2.147331023626524353e+10,2.580273397637831879e+10,2.247186381323346710e+10,2.178305479608119583e+10,2.287851008076495361e+10,1.923809087885948563e+10,2.062645271437714005e+10,1.703649762596147919e+10,2.023080201916997147e+10,1.956858636225753021e+10,1.669569849413154602e+10,2.005309690392490005e+10,2.340667812275320435e+10,1.773349722646212006e+10,1.945965223031659698e+10,2.386909278325409317e+10,2.119575623904860306e+10,2.164637029161984253e+10,2.385457230744196701e+10,2.271380301592230988e+10,1.983848504581826782e+10,2.690246642726516724e+10,1.977719111778488922e+10,3.830789047394276428e+10,2.304545897100777054e+10,2.304846293174537659e+10,2.576174334756876755e+10,4.345906565987233734e+10,2.511575201643628311e+10,2.581996307881039047e+10,2.412807765986626434e+10,2.356489253725718689e+10,2.020180623202868271e+10,2.114573499658548737e+10,1.662253023559712219e+10,1.767062637665475464e+10,2.654651415152754593e+10,3.950388312137370300e+10,1.707410399145671272e+10,1.909254573807018280e+10,3.207367522766343689e+10,1.722372236951319504e+10,2.537876005237404633e+10,2.242278931097710037e+10,2.228341674220451355e+10,1.757287691281547928e+10,2.603721739576610184e+10,1.991521420849835968e+10,2.874004074617846298e+10,1.803461085876736069e+10,1.484363436492911530e+10,1.720047247224412155e+10,2.428003218484026718e+10,1.913956137052976227e+10,3.931744681751220703e+10,2.085735001389488220e+10,1.521030838156501007e+10,1.610518767328802109e+10,2.728493050542987823e+10,4.443465245055029297e+10,1.896634837418253708e+10,2.757577986331781387e+10,2.438458895693275070e+10,1.728152647904576492e+10,1.573684597784712601e+10,1.450800202205286789e+10,2.870879851682979584e+10,1.751097961198846817e+10,1.648625134590407372e+10,3.703628634305963135e+10,2.112073013757035065e+10
3.913721274551358795e+10,2.829663726773672867e+10,3.415951941594874573e+10,2.134850992220554352e+10,1.207738001976192665e+10,1.582509570016153336e+10,2.367938001807348251e+10,1.838678316139076233e+10,1.786940134243876266e+10,1.967075574817296219e+10,2.590738924343247604e+10,1.822952575700503922e+10,1.684277597821412277e+10,2.802124341715189362e+10,2.553438084137906647e+10,2.684725136438162231e+10,1.828437906772639465e+10,2.037900308384669495e+10,2.071233777506576157e+10,2.814705264669865799e+10,2.168949642595346451e+10,1.986938349765981674e+10,1.486753179564055061e+10,2.375328259618831635e+10,2.555587833749857712e+10,3.401181092852882385e+10,3.020687083953391266e+10,2.294778093009836960e+10,2.719174599276883316e+10,2.402411347034744263e+10,2.102356262547026062e+10,2.143269569571662521e+10,2.072710942403074265e+10,3.645559642929781342e+10,2.486009207370440292e+10,1.909561650486155319e+10,1.832865404637141418e+10,2.090722804200460434e+10,3.406842938638930130e+10,3.175818973538800430e+10,2.287884420302891159e+10,1.970477756307089233e+10,2.306216260135842133e+10,1.680366747098300171e+10,2.251806947875452805e+10,2.114067726029002762e+10,3.328268286828516769e+10,2.388577289237934494e+10,3.485378274921061707e+10,1.987342672946268845e+10,2.354262649995496368e+10,1.460150035906168938e+10,1.815249145569338608e+10,2.485653422323713303e+10,2.652697201733425140e+10,3.015610768019744873e+10,2.284469714155065536e+10,3.849696636387245941e+10,2.265967562486986923e+10,1.952450224527695465e+10,2.477066918401976395e+10,2.387652759207246399e+10,1.718848989408506775e+10,1.779475305588732147e+10,2.461515778288473511e+10,3.309658173874892044e+10,3.475724558110798645e+10,2.128869549326764679e+10,1.533503397458802605e+10,2.000782694178225708e+10,3.530113570923560333e+10,2.570349866289472580e+10,1.983452420013680649e+10,3.547594764760710907e+10,2.723134477986324692e+10,1.772447047946123886e+10,2.944262547261725235e+10,1.766708363859816360e+10,2.484046590642542267e+10,2.041325546255141068e+10,2.082034899369832611e+10,2.946805903370210648e+10,3.346072465260468674e+10,2.408476944240313721e+10,2.401028032476128769e+10,2.688978259621260834e+10,2.318709836873571014e+10,1.755393013106338120e+10,3.112064940219121933e+10,1.890708718276517487e+10,2.906135366702877808e+10,2.097163761908143997e+10,1.841777608197761154e+10,2.512745411529026031e+10,1.608429267305426025e+10,1.439364935640170670e+10,1.904389063879454422e+10,2.083826664532337570e+10,2.673766909074567413e+10,2.147634561945230865e+10
4.829299416607633972e+10,1.568455165729591560e+10,3.901913588442214203e+10,1.925605312199835968e+10,2.498985179349698639e+10,3.040673627737609863e+10,1.829174842531278229e+10,2.366225138057569885e+10,2.346455602578559494e+10,1.865052074629573822e+10,2.607289872100861359e+10,3.373391419857317352e+10,1.713965366399988365e+10,2.699166961702096558e+10,1.946842169416358566e+10,1.575235586686489868e+10,2.290432318946393967e+10,1.980474851971393585e+10,2.167554062923237991e+10,2.415862933769638824e+10,2.742351521100140762e+10,4.336500988488921356e+10,2.379311699489030457e+10,2.154012133412693787e+10,2.362212442638727570e+10,2.800850513288658142e+10,2.247497697968167114e+10,2.122534067665871811e+10,3.674476579400576019e+10,1.991463820788527679e+10,2.781239044647578430e+10,2.393317972270969009e+10,3.329011748142162704e+10,2.971692306468453598e+10,2.182162458923921967e+10,1.823581810207159424e+10,2.941919560077969742e+10,4.593828072232247162e+10,1.973971364876095200e+10,2.190042911925562668e+10,4.728748405613585663e+10,2.387867113131753540e+10,2.170959582724512863e+10,1.841667450883320618e+10,6.442502194749198151e+10,1.960641576172629547e+10,2.371506332738944626e+10,2.701975013054705429e+10,1.903860325944091415e+10,3.765190002478843689e+10,2.895484927803434753e+10,3.585516379658726501e+10,2.455897493518653870e+10,2.207323035728044128e+10,2.805027310469220352e+10,2.258646174923075867e+10,1.856636823843098068e+10,3.039843548392172241e+10,2.860566305030856323e+10,2.306746957028472900e+10,1.825071523079714584e+10,2.307290572667291260e+10,3.232463721907080078e+10,2.801333359529961777e+10,2.418597356139862823e+10,1.866031249614745331e+10,3.607770239351640320e+10,2.547518604441501999e+10,2.718007189720087433e+10,2.098853649436046219e+10,1.802333425267558289e+10,3.906686691658699036e+10,2.903950266405472946e+10,2.323495135463993835e+10,2.117831598794435883e+10,2.876296803196260452e+10,2.309547217511478806e+10,3.328636852059038544e+10,1.809526380622240448e+10,2.711078378726698685e+10,2.313387458923598862e+10,2.754486497835185623e+10,5.084923206438748932e+10,2.956622353824839401e+10,2.264328161534340668e+10,2.312032967391656494e+10,1.410300676838904381e+10,1.783174137827910614e+10,3.554615685377739716e+10,2.999742757843321609e+10,1.949890127753672028e+10,1.824678251363630295e+10,2.873617039529275894e+10,2.409733649525666428e+10,1.549360678938289070e+10,1.791450987545987701e+10,1.870152073012287903e+10,2.383224167567427063e+10,1.767843847006401062e+10,1.896833557352352905e+10
1.539050175280183029e+10,2.529950117264702988e+10,2.386389081589975739e+10,1.496109556831305504e+10,2.475177670499677277e+10,2.497996738175479889e+10,2.086133690309512329e+10,2.280409688272090149e+10,3.563398061623245239e+10,2.579997537862408447e+10,3.180078388578085327e+10,4.727717437657413483e+10,3.018599069371162415e+10,2.566619875167821121e+10,2.964758170220086288e+10,2.280080764345890427e+10,1.734889078063805771e+10,2.793386575987153625e+10,2.731582921532582092e+10,3.222622641029138184e+10,4.961201974154297638e+10,3.592589751136780548e+10,3.041658333385654449e+10,2.679493556369533920e+10,2.771652217131050491e+10,1.853577945400336456e+10,2.253432558351099396e+10,1.554568522255166817e+10,3.278802931581743622e+10,2.502137442860098267e+10,2.094473680927366257e+10,3.221486584642885208e+10,4.012002013565375519e+10,2.345801041460465622e+10,2.939340376435422897e+10,2.490265925022529602e+10,2.813901665783903503e+10,2.592802266852156448e+10,2.219770308023414993e+10,3.284736932364673615e+10,1.421875618900298691e+10,2.781499576578025818e+10,2.785514129774511337e+10,2.561535653698167419e+10,2.607198584790710831e+10,1.640628229686173630e+10,1.971105392711420822e+10,5.270695317980250549e+10,2.649451583392652893e+10,1.970256772350820923e+10,2.181967868657984543e+10,2.194599724859537506e+10,2.970009736295785522e+10,2.689528550226235580e+10,3.251732167385608292e+10,1.887108198343816757e+10,3.570269381618423462e+10,2.487920786334147644e+10,5.091853730265378571e+10,4.030971717159047699e+10,2.706945188712789154e+10,1.772158608976539993e+10,1.968455979272536469e+10,1.755710621628111649e+10,3.548518286955581665e+10,3.277571136777819443e+10,1.980628209052108383e+10,1.978747159855800629e+10,1.852105009491522598e+10,3.277454767063772964e+10,1.645125398661017990e+10,3.530943292201425171e+10,2.142111179481449890e+10,5.144682921841716003e+10,3.626836798810990143e+10,2.519573734066901016e+10,1.998837464707019806e+10,2.352759390094673157e+10,3.538612074171270752e+10,1.831378447489592743e+10,2.530783082118836594e+10,1.779343409024470139e+10,1.582944972277437782e+10,1.826444970027943039e+10,2.349387191290575027e+10,1.701770733822667122e+10,2.348685067943355560e+10,1.814443811289784622e+10,2.716406390037721634e+10,2.224137193399354935e+10,2.124791937334609604e+10,1.644757019052267647e+10,1.898286723153763962e+10,2.222631905336871719e+10,2.313762029529089737e+10,2.053679672097836685e+10,2.412902990702511597e+10,2.075412760410327530e+10,2.863587514534194565e+10,1.684062650411817932e+10
2.102662393614809036e+10,1.989810644611722946e+10,2.381565524345956421e+10,2.763098302018590164e+10,3.399654384945317841e+10,2.267682248330150604e+10,3.408031607824668503e+10,2.627411621119439316e+10,2.576594642396195602e+10,1.735823577139326859e+10,2.323413918842269516e+10,3.151875838467047119e+10,3.529740393318847656e+10,2.273157640947023773e+10,2.177068256712154007e+10,1.778655856995239258e+10,1.938379268319408417e+10,2.107754156271872711e+10,2.882306944221814728e+10,2.715879285227305222e+10,2.007742025936104584e+10,3.512301517685034180e+10,3.704408156670215607e+10,2.306990468116076660e+10,3.968763977115279388e+10,3.431357189091584778e+10,2.538759892075868607e+10,2.875965335955375671e+10,1.974982236224811554e+10,2.798692223194309235e+10,2.711973593056013870e+10,1.932536806901201630e+10,3.326950987039979172e+10,2.540733656042790604e+10,2.569687179291417313e+10,2.129471318250405884e+10,4.075187074247137451e+10,4.040426574313200378e+10,2.090042215280743027e+10,2.787498669045159149e+10,2.946470852662407684e+10,3.277306632558380890e+10,1.802429737029628754e+10,1.941976630262533188e+10,3.847188616121833038e+10,5.260569694197201538e+10,2.963203496024279022e+10,1.042373579718699188e+11,3.885927831675885773e+10,2.284546812474952316e+10,2.554301410650152969e+10,2.457364559203869629e+10,3.617196673929676819e+10,4.024487408997456360e+10,3.490662937894128418e+10,3.745115348149235535e+10,2.898009450366795731e+10,2.257702465586453247e+10,2.350891886146046829e+10,3.446256074452651978e+10,2.461906818314438248e+10,2.923131374242938614e+10,2.687761656357902908e+10,3.147166498609034729e+10,3.042253842756053162e+10,1.828523805809016418e+10,2.537993380355950546e+10,2.680148831954614639e+10,2.406472185586039352e+10,2.770848243622678757e+10,3.030899609428037262e+10,2.359435208966606522e+10,2.809319577867321014e+10,2.383640196533415604e+10,1.842580500816059494e+10,2.771750615837689209e+10,1.821963907147525787e+10,2.272848883511427307e+10,4.598416712887790680e+10,2.146116371414158630e+10,2.533567732849544525e+10,1.678198550712505341e+10,2.272104761315877914e+10,2.882658811458596802e+10,5.056983253799829102e+10,2.139117450468845749e+10,2.386643777548864746e+10,4.592762383898131561e+10,2.429169823461335754e+10,2.223313683533318329e+10,2.675573506804766846e+10,2.734928352031740952e+10,2.256201671925976562e+10,4.430768687384579468e+10,1.622380691830471230e+10,3.422124761383094406e+10,3.021497700878714371e+10,2.682279156171943665e+10,2.713144322805348206e+10,2.703463611459821320e+10
2.744615393935167313e+10,1.831429133657338715e+10,2.599806563886672974e+10,2.325849317162979507e+10,2.378288607449737167e+10,4.025930573675734711e+10,1.927772691099024582e+10,1.991045292035523987e+10,2.044669680991023636e+10,1.885633981534580231e+10,1.765439288229747391e+10,1.751322283036466980e+10,2.709023512028025055e+10,3.902994179175347900e+10,1.813462245645801926e+10,2.397035440470849609e+10,2.819154307668725967e+10,4.125617776830151367e+10,2.209386126043505859e+10,3.317086418526282883e+10,2.026590726538077927e+10,3.234962927795071411e+10,2.347277599816706848e+10,2.116742074114598083e+10,1.596854232741430092e+10,2.701670160694017410e+10,2.375914583000238037e+10,2.289551852457019043e+10,2.063790863214747238e+10,2.201824946270203781e+10,3.014770582254779053e+10,2.622679535735126114e+10,4.049915761869667053e+10,2.163400947922176743e+10,2.288045885438558960e+10,2.042307982410743713e+10,2.606861883111396027e+10,4.872031390691245270e+10,2.284326220543760681e+10,2.894254297338209915e+10,2.266407294293136215e+10,2.886455011673043060e+10,2.648765573255014801e+10,6.620795319910582733e+10,2.455426837761106873e+10,2.276680692053921509e+10,3.941418565240249634e+10,6.474523254962063599e+10,2.743513738548605728e+10,2.410766381588836288e+10,3.049487751304387283e+10,2.656921548644302368e+10,2.476697372495964813e+10,2.266882800746758270e+10,1.721962797041229248e+10,2.195155075183990097e+10,2.236341512869290161e+10,2.359789969929504013e+10,2.358973649596427155e+10,2.531771963748649979e+10,2.178338543819341660e+10,2.354001600055445480e+10,2.476702737873141479e+10,2.317797780188056946e+10,1.958091127035544586e+10,1.872816545636798477e+10,2.206138139637366867e+10,4.405744568391300964e+10,3.469563229844821930e+10,4.623148518611727142e+10,1.986014895609511948e+10,2.964331712769813538e+10,4.284395784659270477e+10,2.550549448529773712e+10,1.678131915116505051e+10,2.020614756215286636e+10,2.143713420892789078e+10,1.954627224579917526e+10,2.968804464888496399e+10,1.836982538997852707e+10,4.711934624935647583e+10,4.193270374042911530e+10,2.113848342132975388e+10,2.924283127149750137e+10,2.482259663039166641e+10,1.968732545248925018e+10,2.643258073037242508e+10,2.805563659700782394e+10,1.935881496822940826e+10,2.348308769458655930e+10,2.704661779389220810e+10,2.386608539688095856e+10,2.588282738224937057e+10,2.567645405985000610e+10,3.320384645599733353e+10,2.120369545367300797e+10,1.385740689043094254e+10,2.224791274468382263e+10,2.025440029903026962e+10,1.712373358784881210e+10
2.134717645497674561e+10,3.017679417384434891e+10,3.210231957687981796e+10,1.698060809607474136e+10,3.379451281540756989e+10,2.301285452775543594e+10,2.918545876922078323e+10,3.408320745183967972e+10,3.020216033321889114e+10,3.009319525215705109e+10,1.869026164778441620e+10,3.080453841373065186e+10,2.139804731408876038e+10,1.851290994899275589e+10,1.674902326924613953e+10,2.726397614168204498e+10,4.379967774601787567e+10,3.312664687346658325e+10,2.572217773018159866e+10,1.911523443288228226e+10,2.755776825643144608e+10,2.408552236776120758e+10,3.605640853259343719e+10,2.727948136159341049e+10,5.917044952787126923e+10,2.716920046421751404e+10,4.400873536919344330e+10,3.736186784692684174e+10,1.886469368307569504e+10,4.586492137640155029e+10,1.999593764812174225e+10,2.978204712360290527e+10,2.559858250775989532e+10,2.831624650870726776e+10,2.665115596653685379e+10,2.114829972510980988e+10,2.264183109761812210e+10,2.346464338063232422e+10,6.112052335725511932e+10,3.274704587996202469e+10,1.962640486323693848e+10,3.134679691104162598e+10,4.682012095180113220e+10,2.863817939431140518e+10,2.507326238681817245e+10,6.080032291781394958e+10,2.918427084195472717e+10,2.826103335357558060e+10,2.758505117725917053e+10,2.272694787042965698e+10,2.512688274789860916e+10,4.507528760521473694e+10,2.808676327926477432e+10,2.647714125369997787e+10,4.675835845044899750e+10,3.887967693309993744e+10,2.184670165326173401e+10,2.588770553065213013e+10,4.358096980725678253e+10,3.615010951665028381e+10,3.460822705808020020e+10,3.563367782311610413e+10,4.897465026836324310e+10,3.499682342608121490e+10,3.172815342981574249e+10,2.533545311010937881e+10,3.348139735287478256e+10,2.090798892753326416e+10,4.134957116063434601e+10,2.503558820477605057e+10,2.819980092175930786e+10,4.938037232349997711e+10,2.769491528735264587e+10,1.964834658867369461e+10,3.063477003742982483e+10,3.361644073231450653e+10,2.213173073972606659e+10,2.945088550632539368e+10,3.583038144955522156e+10,2.733223619709818649e+10,3.232741054579369354e+10,2.548192169233974838e+10,3.231134303685352325e+10,7.547175783999969482e+10,3.661390399801265717e+10,1.503330774188194847e+10,1.889956185859510803e+10,3.132763066628981781e+10,2.035109292015331268e+10,2.527006054070214462e+10,4.150633435142657471e+10,1.915278558093960190e+10,3.153489517305286407e+10,1.453411975224542046e+10,2.463649108200095367e+10,2.360361386704784012e+10,2.207083684872388840e+10,1.314571449344254875e+10,2.349198925592279434e+10,2.668081116533359909e+10
2.421782823279492569e+10,3.576533235447536469e+10,3.197807183860989761e+10,2.174130832131538010e+10,3.779850046987213898e+10,2.253953299683456421e+10,1.862477869097661591e+10,3.731752564501787567e+10,2.476163190586804581e+10,1.709373266126861954e+10,2.027015882968043137e+10,1.896039653241741562e+10,4.741385471906723785e+10,2.566246293937778473e+10,3.070929131662885666e+10,2.518211937361957932e+10,3.185660471369387054e+10,3.018142486646468353e+10,2.172767398939330673e+10,2.144679729174454498e+10,2.554544655969076920e+10,2.664459192541199875e+10,5.439693146805819702e+10,2.214556522425820541e+10,5.943145437250312042e+10,2.222431299401715851e+10,2.137416719667057800e+10,6.077862224035977173e+10,3.062468879539411545e+10,2.079039767182268906e+10,1.959005878496221542e+10,2.507588799493765259e+10,2.102570600624580002e+10,3.048508156561354446e+10,3.391921028344326019e+10,3.811299645773435211e+10,1.745767466020708084e+10,2.649468155727156067e+10,3.163693315865718079e+10,2.861312678299282074e+10,2.414501079015595627e+10,3.010835537676807404e+10,3.496439430619758606e+10,2.405669048622195816e+10,2.832297182500394440e+10,3.342788406901072693e+10,3.105772531054405594e+10,2.785240111164072418e+10,3.023334893191495895e+10,2.092013915663031769e+10,1.985392298298764038e+10,3.412712887042088318e+10,2.803856512792849350e+10,2.303231568589137650e+10,3.463811647445233154e+10,2.391846721431788254e+10,4.765692782692553711e+10,2.835438916944960785e+10,3.941986423133163452e+10,3.016536607653305054e+10,5.191369954012831879e+10,2.524736790594291687e+10,4.441617714524641418e+10,3.497203286641977692e+10,3.930037841688887024e+10,2.500677546060585785e+10,2.350286036070447159e+10,2.641433524075437164e+10,3.278236778338745880e+10,4.924725847079787445e+10,2.957682854338609314e+10,3.703016705226854706e+10,5.695216935114066315e+10,6.502110086659325409e+10,2.444148301262756729e+10,2.807898740001958847e+10,3.270897751425336456e+10,3.060379380327522278e+10,3.576938336973954773e+10,2.081946228415304565e+10,2.717052560691606903e+10,1.766591534498638916e+10,2.944726704883525085e+10,2.544212432335831833e+10,3.335399918432114792e+10,2.800869317431784439e+10,1.940234202782168579e+10,1.920361903805635452e+10,1.923628042587198257e+10,3.542833392663224792e+10,2.421493384212868118e+10,2.650115717291037750e+10,3.982250489290233612e+10,2.456822893121878052e+10,2.104129810830475998e+10,2.911433997735778046e+10,2.344226123641479492e+10,2.536545634628302765e+10,1.801216099839441299e+10,6.079562966207826233e+10
2.263184064977648926e+10,2.301933344228576660e+10,1.596281261461812019e+10,3.433462117953385925e+10,2.050660208279001236e+10,2.709195506609172821e+10,2.298654698419306564e+10,2.586730515956472015e+10,2.662415135941548538e+10,3.209895535275474548e+10,2.060333281634015656e+10,3.448742486623443604e+10,5.149697019079131317e+10,3.078425407651761627e+10,2.533716965854061508e+10,3.705650559445922089e+10,6.793755971120174408e+10,3.237204545874007416e+10,2.663097482536066818e+10,2.593238833261497498e+10,3.350820470568864441e+10,2.994410654806081009e+10,3.563722577000894928e+10,2.580562799105880737e+10,3.217698135696797562e+10,3.129764416546323776e+10,2.338262725505839920e+10,2.670480555081612015e+10,5.423043596424024200e+10,5.996088916027220154e+10,3.446942362656462860e+10,4.546196843078733826e+10,4.207184449343955994e+10,2.162075036925133896e+10,2.741893963328375244e+10,2.280382476526313782e+10,7.477622754198081970e+10,2.285485813922945023e+10,2.124574079415049362e+10,5.141189094354498291e+10,3.541486055111223602e+10,2.427105625290228271e+10,2.547824103400237274e+10,3.760107747134673309e+10,2.112072898172704697e+10,2.356231640367434692e+10,2.745345416396692657e+10,3.247873815243678665e+10,4.041486519441479492e+10,2.677860658320906448e+10,2.811590058613840866e+10,3.174183968344934464e+10,2.719519985372505951e+10,3.249934843948597336e+10,3.106249562742349243e+10,3.018269042245766830e+10,2.682426589054830551e+10,4.914689776925904846e+10,5.183445789922653198e+10,4.127482711227885437e+10,2.072265215059967041e+10,3.113625405992583466e+10,3.788510565239315033e+10,2.203104414128979874e+10,1.592276805938597107e+10,2.373485006907814407e+10,2.623867259607989502e+10,2.439216253298616028e+10,2.199726606921720505e+10,2.002056857524974060e+10,5.546532172934727478e+10,2.497828276681570435e+10,1.696137541662749100e+10,2.938315647555920029e+10,2.691567853926014328e+10,3.564557539572749329e+10,1.837710571823697281e+10,2.113539928564840317e+10,4.265447610693506622e+10,2.251268325130807877e+10,1.889256786706913757e+10,2.125876308797225189e+10,2.349364280734209061e+10,2.736077455531857300e+10,2.740396161282703781e+10,2.549366842236761093e+10,2.779204340605108643e+10,3.217954025149959564e+10,2.825649993457150650e+10,2.780038755407698441e+10,3.435742156080901337e+10,3.274085062796782303e+10,4.119573362494374847e+10,1.735717477748984528e+10,3.103995844241816330e+10,2.491377526437863541e+10,2.560936564934812927e+10,1.753698176253916931e+10,2.067968555456267166e+10,3.104202891366938782e+10
1.962298022247591019e+10,2.008295206873619080e+10,2.482875528957592392e+10,2.395738758284646225e+10,2.111798885231176376e+10,2.038935569345299149e+10,2.486143512645138168e+10,2.590963226841202164e+10,2.148736908830931854e+10,3.433762400387422562e+10,2.548160778586705017e+10,3.434829533267104721e+10,2.988788715338201523e+10,2.143211578505017853e+10,2.356664325117157364e+10,2.042883461513495636e+10,3.217957023210815811e+10,3.267246711876772308e+10,1.841086301351907730e+10,3.497206055815148926e+10,2.298884447830611420e+10,4.026921390033571625e+10,3.845300130294322205e+10,2.743504128698844528e+10,2.819592326122290802e+10,2.769526505178868103e+10,2.352254679622104263e+10,2.807023620889555359e+10,2.552950644310501099e+10,1.995475764763945389e+10,4.350251123277654266e+10,3.274714081805656052e+10,2.904225029739545822e+10,1.721472908590764999e+10,2.727821262215734100e+10,1.934695164253092194e+10,3.072370763243358231e+10,2.871044644510765839e+10,2.482294436490268707e+10,2.326812922554486847e+10,2.688151306141244125e+10,4.940282658985311890e+10,1.698046734312018013e+10,1.786442895800856400e+10,2.959506594766583252e+10,1.703307441688726425e+10,2.421265348988242340e+10,4.306194055234701538e+10,2.265394365335910797e+10,3.043327056876175690e+10,1.974296935002859879e+10,2.389244579708552551e+10,4.065129587823712921e+10,4.870349532126935577e+10,2.018340921094062424e+10,2.281539830131583786e+10,3.071188963272797394e+10,3.110104057183818436e+10,3.308580065104931641e+10,3.680979041404601288e+10,3.106401162499809647e+10,2.196047756428404617e+10,1.901008829132839966e+10,3.299515556487937164e+10,4.812983065652940369e+10,3.201622245422288132e+10,3.384931879990491486e+10,2.462018663627697754e+10,3.591217183964310455e+10,2.299181947144123459e+10,2.191458643892594910e+10,3.620747545879451752e+10,2.345433931531070709e+10,4.960902081954113770e+10,2.503434473797851562e+10,3.805447064014514160e+10,1.932152371048817444e+10,2.182630376097196579e+10,2.663264911212689209e+10,2.308248003567721558e+10,3.688844886814774323e+10,2.781372178897861481e+10,2.223988143794063568e+10,3.614583412387114716e+10,2.304665356116310501e+10,1.984778874549471283e+10,4.006560216576718140e+10,2.222909414927405548e+10,4.363792428416331482e+10,3.366125754437748337e+10,5.148413485694738007e+10,3.649397965673512268e+10,2.120784323558869934e+10,2.121544467842998886e+10,1.589336137226961899e+10,3.526097555594457245e+10,3.641413352058006287e+10,3.436620194394705200e+10,2.368642314645836639e+10,1.723079492411312485e+10
2.996323724364445114e+10,3.150103034994935226e+10,2.278454920034496689e+10,2.615132022390235138e+10,1.935468297410431290e+10,5.431881857989227295e+10,2.447491140026874924e+10,2.152089822464058304e+10,2.115873216437960052e+10,1.837204842240082550e+10,3.611122038330509949e+10,4.440938630904254150e+10,2.368392723078637314e+10,4.346549124440415192e+10,2.553512216420301819e+10,3.402752552310879898e+10,3.212482252619305420e+10,2.407219654854088211e+10,1.971250490010180283e+10,3.874057175606887817e+10,4.174511205700282288e+10,2.406894342281761551e+10,1.816394548864863205e+10,2.412808766117749023e+10,2.534989115476784515e+10,2.972450041234783173e+10,2.610637887214762115e+10,2.675573207685511017e+10,8.490057182916667175e+10,3.002012356563822937e+10,4.655534881734226990e+10,3.155737201249383926e+10,3.430923318521449661e+10,3.357500165576510239e+10,1.848426563618162155e+10,2.972492616919212341e+10,3.145377977045975113e+10,4.447731594827011871e+10,4.607070359564910126e+10,4.132308198510977936e+10,3.587855034927056122e+10,2.931375273105186462e+10,3.932331614648516083e+10,2.377852811283564758e+10,6.281538338946924591e+10,3.571252548347388458e+10,3.041828797868790436e+10,3.720947129224561310e+10,4.003750869839570618e+10,3.652000558621849823e+10,2.183305786207060242e+10,1.959570817528304291e+10,3.005514217311779404e+10,5.377409467303572845e+10,2.790425868542731476e+10,7.428419359213964844e+10,3.996914852142541504e+10,3.013711679930235291e+10,2.348087656629968643e+10,3.284779383446800995e+10,3.353312893234231949e+10,2.326243662167166519e+10,3.775809167470906067e+10,2.188134062684280396e+10,2.237008072715232849e+10,3.385530951301332092e+10,2.883766286192908096e+10,3.369096935353834915e+10,3.602033372925637054e+10,3.061170188812781525e+10,2.483338473224918365e+10,2.991905568469433212e+10,1.905651148067465210e+10,2.854099039455746460e+10,2.394423335844885254e+10,2.074229335769884491e+10,2.002625830512353897e+10,2.341831464725676346e+10,3.494506862326245880e+10,2.076473667151934433e+10,2.390418373151438904e+10,2.622266640077589035e+10,2.374586466519889832e+10,4.339382470026098633e+10,2.831530089057116699e+10,3.806011191596246338e+10,3.311932054690118790e+10,2.473437966926529312e+10,1.909872025252884293e+10,2.755229666934560394e+10,4.075914078088185120e+10,2.489047283217198181e+10,2.329097601101352692e+10,2.010545012679224777e+10,2.090252712015864944e+10,2.249176716607734680e+10,1.930158467705569077e+10,2.767213114498163223e+10,2.148685005460363388e+10,1.935422651093671036e+10
2.163728353160589981e+10,3.183053136307056808e+10,2.666895976395342255e+10,2.006117503206461716e+10,2.448881720999118042e+10,1.958102654641266632e+10,2.309663686500971603e+10,2.270812425313711166e+10,3.029470839240827942e+10,3.111528295419400787e+10,1.841166880350069427e+10,3.116872237454289627e+10,2.693605670632607269e+10,2.596527828732726288e+10,1.790303169371792984e+10,4.812418665262664795e+10,2.480380703155125046e+10,3.978045654034457397e+10,4.328148742283837128e+10,1.785067270041195297e+10,2.203813790515918732e+10,3.001570197029598999e+10,2.462871403802495575e+10,2.732047262415790176e+10,2.374834332636621857e+10,2.291026343716498184e+10,2.211757680030852127e+10,5.391908037984331512e+10,2.443194035635067749e+10,3.714747077949008942e+10,2.692174903501213455e+10,3.158174324537528610e+10,3.308490735033962250e+10,1.844677468814326477e+10,3.133000567661931992e+10,3.847704437598352814e+10,4.597247974104277802e+10,3.905952943593813324e+10,2.592514013211606598e+10,2.837747836908844376e+10,3.354339978309038544e+10,4.346350439128351593e+10,2.893490955925569916e+10,2.271101982673488235e+10,3.721570809826599884e+10,3.460692721509802246e+10,4.114347635219515991e+10,4.378011555966846466e+10,2.210091706464723206e+10,2.109070337146725082e+10,1.801257919197474289e+10,4.238654531806892395e+10,3.135412323115080643e+10,2.918667486614381409e+10,2.578199672104074097e+10,8.173920233962115479e+10,3.255424244952141190e+10,3.342052497475963211e+10,4.617701964189687347e+10,3.889181717880158997e+10,2.636980421070279694e+10,2.935641293830567932e+10,2.225156820117486572e+10,2.805723163608427811e+10,2.326673845406023026e+10,1.867554156762550735e+10,2.645801199889641953e+10,2.365222009292704773e+10,1.829312029780930710e+10,4.261926186326040649e+10,2.327559243080587006e+10,1.693296072297636414e+10,3.587092513966119385e+10,5.733927152267626953e+10,3.997597528754697418e+10,5.642116322240745544e+10,1.970587197403451157e+10,2.845197122520050812e+10,3.810283948478941345e+10,2.379453311415887833e+10,3.896032457689244080e+10,2.892781403516203308e+10,2.155940008011082458e+10,3.598906409462193298e+10,2.353591805922084427e+10,2.319677972092771530e+10,2.797782279049964523e+10,3.700443620165180969e+10,2.482467787197166824e+10,2.046088739460826111e+10,2.431157005118617249e+10,3.232067032797183228e+10,2.223250222093812180e+10,3.587803411957982635e+10,3.774373629355886078e+10,2.566011615460800934e+10,3.448108368235925293e+10,8.500139055402088928e+10,3.725041800189232635e+10,2.436300472236744690e+10
2.001011628167007446e+10,2.675969563777105713e+10,2.903178865618822098e+10,3.006326305128227997e+10,3.898151968155975342e+10,2.813721378613014984e+10,1.914255962947759628e+10,2.429381731391023636e+10,2.135918791974679947e+10,2.427759507487295532e+10,3.096402729784387207e+10,3.097356296704765701e+10,3.466865858583634949e+10,3.498377489425980377e+10,3.425518795535331345e+10,2.439379327751829529e+10,3.459001173554193115e+10,3.079404460435116577e+10,2.044846965174176788e+10,2.369271519557724380e+10,2.935556754796056366e+10,2.566806157531140518e+10,3.071108582170782471e+10,3.626765216559169006e+10,2.631848697141817474e+10,4.016079007216414642e+10,4.009218251472157288e+10,3.380627597274212646e+10,2.775420696427289963e+10,2.918688195595877838e+10,2.374581502404975510e+10,3.350884424009438705e+10,3.105066988792812729e+10,6.235110408292357635e+10,2.718664291511377716e+10,2.630742005656267929e+10,2.343732202119076920e+10,2.878048317093992996e+10,2.502459239612513351e+10,2.371208911093199921e+10,2.912890334369192123e+10,4.347626714208927917e+10,2.573433194875210571e+10,2.539742388902069473e+10,4.537141197886900330e+10,3.595480534120954132e+10,4.883292668193775177e+10,2.729613443907002258e+10,3.683805612048773193e+10,3.102099016697828293e+10,1.889538985011443710e+10,2.140707193647468948e+10,3.004058377816706467e+10,3.341373358231058121e+10,2.878322107047063446e+10,3.377857671088453293e+10,2.489782397548413849e+10,3.194164940282462692e+10,1.213351738833091125e+11,2.108709050746880722e+10,3.009868522748395157e+10,3.006496318682516861e+10,2.736988323198926163e+10,4.759855720308145905e+10,3.302657289427203751e+10,2.883194859280087280e+10,3.780610282768631744e+10,3.701967861523926544e+10,3.150438494238287354e+10,3.040780359873287582e+10,2.866914475178075027e+10,4.169188091411225891e+10,2.133583292227761078e+10,2.669259810241349792e+10,4.399832746493339539e+10,4.139309595702548981e+10,3.140968514996545410e+10,2.613084508815520096e+10,2.637205050444293594e+10,5.503685745160455322e+10,2.410446677824867249e+10,2.625853337180231094e+10,3.146009462216418457e+10,7.567464089897029114e+10,3.099548346231049347e+10,3.524300562364578247e+10,3.615522435518688965e+10,1.879218934591060257e+10,3.033318785740154266e+10,2.027302850115288544e+10,4.752853086355466461e+10,3.449397090570004272e+10,2.235065590633681488e+10,2.849685515601672363e+10,3.440206724641368866e+10,3.836138093445703888e+10,2.401096858192123413e+10,3.784197640994647217e+10,2.450171575873975754e+10,3.403460182065913010e+10
2.038112001630891418e+10,2.012312681223079681e+10,3.343948405532439041e+10,2.363167574495805740e+10,3.238185071385214615e+10,2.991567260520029449e+10,2.279591777725263596e+10,3.285959436104099655e+10,3.122898809018811417e+10,3.967955994547642517e+10,2.638624223347950363e+10,3.317965904875456238e+10,2.110864787771443558e+10,5.675204720664162445e+10,4.448107973933399963e+10,3.301994941213893890e+10,2.532005795798726654e+10,2.881480896624237823e+10,3.594391569650177765e+10,3.796701627153524017e+10,2.419184459707772446e+10,2.021476042767493057e+10,3.961873172100864410e+10,2.688901984662963104e+10,6.454577549821243286e+10,3.154793095159607697e+10,2.085295094708164215e+10,2.644853418024520874e+10,3.000219275540802002e+10,2.721078876569822311e+10,2.858079786730136108e+10,2.920151549644634247e+10,2.599583833452455139e+10,2.830271599110377502e+10,2.109262134821661758e+10,3.149217880617456055e+10,3.882837959992662811e+10,2.712079305239270020e+10,4.364137047739505768e+10,6.330230201923319244e+10,2.114152910232645035e+10,2.391731396761968994e+10,2.308493744359524536e+10,2.515190175067951202e+10,3.749621554195130920e+10,3.380500019907054901e+10,2.696590423413766861e+10,3.095656449923210907e+10,3.961960211302849579e+10,3.329933293791548920e+10,2.428493962278231049e+10,2.215992385377612686e+10,3.392076659256684113e+10,3.093429048590518570e+10,3.513012690155327606e+10,2.295578343679007339e+10,4.288855368058989716e+10,2.708572707089067841e+10,3.595901413459055328e+10,3.088591328815965271e+10,4.132362017018006134e+10,2.414198792824773788e+10,3.804642048588999176e+10,5.168197870941238403e+10,3.073990370600524521e+10,2.804688818379771042e+10,3.263978682093009949e+10,2.618582516682758331e+10,3.786433642418717194e+10,3.560831748905733490e+10,2.542306175387866974e+10,4.080971501144039917e+10,2.864257634462308884e+10,4.947238977317870331e+10,2.632687739469076920e+10,3.536824931050167847e+10,4.116442321161145782e+10,4.230264036244732666e+10,2.440410635782550430e+10,2.472051017546467972e+10,4.693246399996130371e+10,2.581723778571375275e+10,4.194433629902690125e+10,4.256752114185012817e+10,2.404000598634937668e+10,4.658165254275706482e+10,3.596320705634315491e+10,4.397033945437147522e+10,3.299355819422809219e+10,1.763215624429056168e+10,4.186361250411450958e+10,2.093191177790256882e+10,3.471932919649397278e+10,2.478132691918686676e+10,2.558541540520450211e+10,4.189992490416115570e+10,2.791749145882108307e+10,2.099791145671752930e+10,2.864295699238036728e+10,2.733817489040447998e+10
2.056602486362281036e+10,1.669767766256298065e+10,2.286795886267897797e+10,3.073502870371847916e+10,2.219860846686636734e+10,2.778028112811771011e+10,1.468842699067521667e+10,5.763754468710124969e+10,2.642782908103461456e+10,2.069925065232048416e+10,2.616824135581688690e+10,2.588406497704840088e+10,2.709590699762102127e+10,4.183505770032675171e+10,3.237608013158421707e+10,5.229638710374175262e+10,3.174524590145096207e+10,3.687600921560868835e+10,3.084209022283649445e+10,3.867543052540716553e+10,5.652429555908330536e+10,4.104049699087644958e+10,4.702491803104871368e+10,2.371923744791959381e+10,4.020167408063117981e+10,3.267685107413672256e+10,3.037377823401130676e+10,2.638716856433810043e+10,3.863105598016613770e+10,6.299331151803588104e+10,6.141804265698303223e+10,1.727553453597792816e+10,2.572548644290906906e+10,4.008407217306657410e+10,2.198403496161748123e+10,3.913725395897263336e+10,2.758623946129789734e+10,2.251659970932224274e+10,3.033012107085307693e+10,2.913764322505140305e+10,4.091048010627445221e+10,3.378294077198826981e+10,2.644915198468610382e+10,3.271845162097946167e+10,3.008752954261820221e+10,2.656213317354224014e+10,2.732503280259794998e+10,4.268556155519887543e+10,3.038740235839134216e+10,2.573416997689468002e+10,3.718943524445117188e+10,3.316607803656797028e+10,2.477466665011777496e+10,3.498418170421459961e+10,2.944824357573517227e+10,2.882244001094476318e+10,3.611274298919911194e+10,2.755930547350511169e+10,5.779341217770480347e+10,2.839625071743968201e+10,4.326601620011562347e+10,2.712948004366770172e+10,3.437673458619993591e+10,4.337043863386144257e+10,4.498458792404486084e+10,2.423251182389415741e+10,4.765859688243358612e+10,2.287860283110778046e+10,2.217432693174219513e+10,2.634385208974322510e+10,3.297977253709014130e+10,1.908453224248215485e+10,2.406916714440806961e+10,7.549810219135006714e+10,3.417630950449658585e+10,2.571516445201060486e+10,2.809373836781094742e+10,4.320677345624143219e+10,4.247678935671960449e+10,3.406114541180147171e+10,3.560545659072748566e+10,3.175314245278981018e+10,4.097259177892852783e+10,4.398410269355130768e+10,2.834966834208254242e+10,3.309218118252566910e+10,2.323009609625505066e+10,2.570415175927166748e+10,4.176459148352641296e+10,2.821059976809391022e+10,3.985530350247692871e+10,3.136288417274623489e+10,2.656532499090283203e+10,2.988709426310096359e+10,3.263795353949920273e+10,2.161465382183481979e+10,3.224567626588769913e+10,2.757473011472393799e+10,3.422932751931618500e+10,3.510253455144045258e+10
2.403393532281174469e+10,3.588548046865179443e+10,2.135875140832005692e+10,1.895500810757602692e+10,3.320124310171709442e+10,1.993179217175995255e+10,1.990171865456159592e+10,2.281445332149226761e+10,2.452052655108649063e+10,4.720158526707341003e+10,5.884093111315260315e+10,3.145885717692119217e+10,2.661636852971435928e+10,3.759428423558412933e+10,2.686108745057507706e+10,2.174142070733142853e+10,3.673729915644709015e+10,4.211843631458014679e+10,4.197181907244804382e+10,3.898434744133485413e+10,3.402736815146447754e+10,2.612500432776003647e+10,3.548438618211198425e+10,3.916497644227607727e+10,2.926174414567776489e+10,3.038421069783394623e+10,3.814199647465888977e+10,2.429831360787173462e+10,6.770348575462391663e+10,6.011438518937223816e+10,3.245802715393427658e+10,4.318927341332126617e+10,2.603905339718873596e+10,2.889707200057825851e+10,4.852770440175090027e+10,3.067203303640720749e+10,6.437500721334069824e+10,3.233853802823867035e+10,5.042136034164515686e+10,3.796445904965874481e+10,3.108577685060594559e+10,3.040272465184512329e+10,2.690638212344934845e+10,2.834467738633502197e+10,2.136124695903937912e+10,5.003670487605511475e+10,5.353406009180717468e+10,1.162524457366269836e+11,4.405773155004560089e+10,3.511722404337381744e+10,3.271921219230384445e+10,3.144522841952728271e+10,3.773937829525215149e+10,6.954180839016613770e+10,2.438977309008211899e+10,2.726735258429498672e+10,2.508579068899205399e+10,3.577609099532227325e+10,5.722366316403752899e+10,3.694349758103666687e+10,4.306931974376669312e+10,1.832671350986257172e+10,4.813210562693165588e+10,3.325516265200211716e+10,2.833822607598402405e+10,3.699737141933144379e+10,6.334422667524931335e+10,3.744728607701409912e+10,3.754007619363365173e+10,4.084237837777175140e+10,3.181486256207526779e+10,3.733095143990862274e+10,4.281988154962858582e+10,2.822289262175332642e+10,4.159936935702385712e+10,4.423545474828533173e+10,2.713739975897377396e+10,4.704898408450211334e+10,4.137493245812189484e+10,3.353124455433765411e+10,3.751017620064862061e+10,2.374924338580839539e+10,3.452751406251443481e+10,3.339176263339618683e+10,3.039904780580665207e+10,3.035624004808074570e+10,3.377475406585946655e+10,3.198763841917063522e+10,2.957414820253578568e+10,1.694055099219212341e+10,2.805685960491633606e+10,7.121117988619245911e+10,4.044825051397003937e+10,3.347601788645058823e+10,2.578259527821466064e+10,2.769479771131689072e+10,3.513351439163999176e+10,3.615274593576811981e+10,2.831967911803017807e+10,2.040396411489015579e+10
3.508078710866252899e+10,2.204165083261456680e+10,2.186080230331262589e+10,2.241473887966186523e+10,4.590427062863347626e+10,2.139541231189604187e+10,2.750227530411030579e+10,2.128199485087300873e+10,3.427810119425179672e+10,3.068364783435324478e+10,3.208711006003304291e+10,2.538787589908581161e+10,3.576191983861130524e+10,2.129875909622811127e+10,2.462209658380300903e+10,3.238253193000489426e+10,5.213303980844751740e+10,2.643556365901794434e+10,4.423317794032785797e+10,3.334426155528935623e+10,2.412024821382367325e+10,4.748204754121559143e+10,4.076938921284363556e+10,2.683804115369500732e+10,2.046315543386608124e+10,3.818097135595207214e+10,3.067818602824368668e+10,5.858037180857336426e+10,3.624372361957190704e+10,3.341889145724612808e+10,4.735654066009958649e+10,2.606099428724728012e+10,3.077858116086579895e+10,3.241179134507668686e+10,6.105309348117563629e+10,3.631399718353154755e+10,3.317021651174925613e+10,3.983023167030902863e+10,5.599629561910717773e+10,1.821398584838865662e+10,4.441760298020555878e+10,2.096303125884806061e+10,4.936207502080645752e+10,3.154375714435064697e+10,4.325036664443981171e+10,2.576086264471439362e+10,2.714897680393626022e+10,4.151697935096293640e+10,6.722388949963446808e+10,3.214461379478088379e+10,3.978726406309588623e+10,4.007128786109745789e+10,3.961204011746545410e+10,2.722889179196905899e+10,2.879419297276756287e+10,3.741197978113442993e+10,4.980618503167789459e+10,3.828970801110418701e+10,4.626300948720617676e+10,4.180350502740167236e+10,3.037707740151486588e+10,2.270810560539748001e+10,4.553115516515746307e+10,3.411269009287622452e+10,9.354407099542488098e+10,3.031274005137450790e+10,3.337475082782526398e+10,4.513700168925119781e+10,3.085802977994906998e+10,3.504604649130248260e+10,3.517917476472770691e+10,4.457878169548051453e+10,5.083794149656151581e+10,3.963378455210749817e+10,4.063380966370748138e+10,3.875652479234540558e+10,1.383558894977166138e+11,6.347527829054594421e+10,6.377658823037261963e+10,3.210356366000444412e+10,4.215334809073070526e+10,2.575569082228094482e+10,3.715456070575666809e+10,3.336642472585088348e+10,3.841198106218825531e+10,4.177541524884986115e+10,2.929512430817982483e+10,2.691581618237445068e+10,3.988537451866484833e+10,3.109001358386333084e+10,1.740709784706307602e+10,3.085764108559121323e+10,3.360955410719008255e+10,2.723154758618278122e+10,2.269686752590662766e+10,3.782369667191769409e+10,2.823565887267029190e+10,2.609577309999239731e+10,2.702080592147248840e+10,2.385678495551923752e+10
4.860262984183420563e+10,1.986216857253012848e+10,2.565470583923934174e+10,1.888579025752349091e+10,2.609128417031454468e+10,2.593838574031485748e+10,2.449769856960445404e+10,3.207318588071809387e+10,2.240303344324608612e+10,3.827764390507315826e+10,3.274058595899848175e+10,3.981347605348152161e+10,2.994947275999028015e+10,3.197978640367892075e+10,3.766845426694503021e+10,3.208399701084276199e+10,2.783364417955134583e+10,7.455650724522578430e+10,3.055698292489125061e+10,3.642468164203722382e+10,4.858935015915110779e+10,3.808714959896604919e+10,3.548520683792897797e+10,4.202509095769838715e+10,2.329181774377191544e+10,4.892397426722135162e+10,5.974260333511069489e+10,3.596083102041436005e+10,3.792800621323302460e+10,3.606981323712583923e+10,4.020497528839891052e+10,3.874822896191065979e+10,4.715107863370768738e+10,3.998352975956666565e+10,1.114315891878125000e+11,3.653483170041721344e+10,5.270192648490326691e+10,3.627741734842253113e+10,3.772941288448915863e+10,2.660111092734210968e+10,4.219012715696541595e+10,2.766728749504757690e+10,4.401551077268978119e+10,3.318997728031652832e+10,3.534074519440444946e+10,2.646756845330180740e+10,3.128660625111478043e+10,3.879563571999710083e+10,2.368603271581676865e+10,2.910697015750278473e+10,4.183222651133483124e+10,3.430310582750947571e+10,2.915021715588885880e+10,2.883091830057561874e+10,3.147745744253348541e+10,3.504209661529284668e+10,3.823436099190589142e+10,2.902773080537466812e+10,2.709319037777199554e+10,4.183176500592646790e+10,5.248764760064230347e+10,5.113491578616123962e+10,4.372656934675833893e+10,4.353287548745542145e+10,3.522286674626808167e+10,6.951340510315516663e+10,3.182089524427111435e+10,5.382935221361114502e+10,2.847288406763197327e+10,3.788824546498396301e+10,3.790676879132196808e+10,3.656127235333683777e+10,4.741134578034163666e+10,3.407674395182706070e+10,3.532808953428003693e+10,4.055267081545695496e+10,4.877760671682630920e+10,5.991762968449665070e+10,2.883034985209237671e+10,2.240522044577552032e+10,3.971822990736249542e+10,3.686418588571286774e+10,3.984684192355341339e+10,2.450870472890754318e+10,4.591383237415586090e+10,4.092797118915452576e+10,3.275347461427187347e+10,3.432491125755945206e+10,3.721784698692118073e+10,2.617333553482236862e+10,6.498588569205978394e+10,3.219836685373388290e+10,2.351912483882271194e+10,4.406309703384121704e+10,3.613516532403945923e+10,2.182560389076981354e+10,3.101531824911607742e+10,3.278612616873188400e+10,2.696961930082428360e+10,2.696268615838024521e+10
1.732653484944130325e+10,4.128170274615009308e+10,2.572564496648960495e+10,2.440608524697439194e+10,2.569056839889643478e+10,2.616370465509225464e+10,2.164416563586108780e+10,3.034731201769582367e+10,2.529514154698848343e+10,2.722728460680524826e+10,1.238272801628859863e+11,2.981632142726914597e+10,2.822308086095886612e+10,2.765261937124211884e+10,2.918971112802080917e+10,4.100715354336801147e+10,6.342092419522642517e+10,5.607036009318283081e+10,5.461648633390480042e+10,4.527009101531583405e+10,4.887041166346423340e+10,3.814691851536949158e+10,5.548497032276756287e+10,3.359144162848757172e+10,3.276138054776405334e+10,3.407913162456182861e+10,5.197190792598104095e+10,4.722905865910358429e+10,4.932931507636650085e+10,7.210333931495153809e+10,4.884982481800584412e+10,5.042604848001012421e+10,3.653686045913957977e+10,4.227363572852320862e+10,7.160923842558581543e+10,4.168238773323104858e+10,2.860156162479922485e+10,3.860086809530114746e+10,4.423348544862239838e+10,5.358288531406081390e+10,5.715006383153186035e+10,4.411006835533357239e+10,3.076697922450114059e+10,3.673277640915583038e+10,3.899543375774590302e+10,3.909309518626039886e+10,3.713502317878331757e+10,5.087262297556656647e+10,5.072635067455435944e+10,3.099848810061764145e+10,3.602647533765599823e+10,3.429908372936512375e+10,3.139326298147311783e+10,4.214370194982198334e+10,5.105293249177198792e+10,3.672088331272226715e+10,2.967665887279562378e+10,3.984979576410821533e+10,3.061034697561812210e+10,3.107320888439341736e+10,3.049112283881285858e+10,3.154623301995603943e+10,4.150310455547555542e+10,4.499923702564068604e+10,4.972770568910019684e+10,3.323985321175396347e+10,4.496835729218524170e+10,7.454742111306994629e+10,3.653732153905819702e+10,3.196121707179937363e+10,1.095584602172996674e+11,3.287069860119054413e+10,4.656103593058715820e+10,3.488941419885729218e+10,3.359850891627729416e+10,4.353909228531504059e+10,3.642646228498601532e+10,4.697620790381069946e+10,4.687602992506503296e+10,5.592723719432614899e+10,4.370803459019306946e+10,3.678482031566014862e+10,5.160801041534058380e+10,2.952632388458499527e+10,3.439596244166259766e+10,5.122518369995706177e+10,6.559420786007830811e+10,3.074166512702065277e+10,3.590722910911829376e+10,6.194529683206812286e+10,5.351766629510591888e+10,3.513373774725195312e+10,3.243112329195402145e+10,2.593646001708924484e+10,2.456973993231531143e+10,2.153518998787836838e+10,2.290076059961982727e+10,5.098745228286325836e+10,2.552296978848785019e+10,3.545889194642943573e+10
2.469193137122801590e+10,2.422231816904956436e+10,3.404485697712051010e+10,3.609596259037953949e+10,2.518471371294725800e+10,4.092561634433420563e+10,2.901818059873850250e+10,2.319771082663552475e+10,3.714927902606731415e+10,5.131274452539720917e+10,3.011106528456219101e+10,3.513034804238367462e+10,4.898968391358510590e+10,3.123976468176068878e+10,3.225889116626683807e+10,3.598011831612187195e+10,3.983322318402733612e+10,4.479362561247943878e+10,3.799477375731188202e+10,6.146181315978755951e+10,6.596692659566472626e+10,3.734313178989756012e+10,3.640599756895998383e+10,3.690157135185777283e+10,3.469010799185279846e+10,5.075414996190740967e+10,3.901111466254186249e+10,4.132038341202935791e+10,6.680324755070904541e+10,4.337224271573753357e+10,4.851156578758599091e+10,5.634137745678293610e+10,3.857547596645191956e+10,3.956366058544159698e+10,3.999395119899998474e+10,3.514015804345405579e+10,3.449490198419127655e+10,3.994203450806250763e+10,5.047976520363319397e+10,3.005225233779795074e+10,6.109354592343652344e+10,4.131564396682398224e+10,4.866337005954343414e+10,4.268112946929611969e+10,3.241658960290465927e+10,5.747185361744058990e+10,8.041116821235687256e+10,3.771568202640521240e+10,4.454398675339620972e+10,3.796448769245240784e+10,4.154824768683196259e+10,3.738076264403540039e+10,3.714188825531540680e+10,4.548546454711796570e+10,5.412082558929972076e+10,4.571580794705007172e+10,3.480992711747641754e+10,3.428482708563528061e+10,3.511950816555424500e+10,3.189574686273060226e+10,3.827870050408398438e+10,3.699680558696900940e+10,3.086617817721333694e+10,3.302369833269152832e+10,2.855288728931152344e+10,4.248350431970211792e+10,6.532613854503067780e+10,4.393953374889225769e+10,5.297029659563452911e+10,3.983740995230453491e+10,4.534902155263660431e+10,7.170194542188873291e+10,5.533198655422978210e+10,8.511011367531372070e+10,4.273861835708943176e+10,5.194286294855226135e+10,3.921479458145159912e+10,5.045054778398538971e+10,4.397478275172259521e+10,3.818160612745665741e+10,5.292333316339221954e+10,3.663432281850942230e+10,3.801036616721611023e+10,3.375198240799592972e+10,3.634975945875405121e+10,4.036777973679270935e+10,2.813282568997711945e+10,3.166451943734687424e+10,3.194000240577804184e+10,3.242036416098914337e+10,3.282899040218793869e+10,3.887682035643465424e+10,4.543064282611890411e+10,3.276011390811822128e+10,4.530127251567890930e+10,3.186110547420511246e+10,1.211906570222034607e+11,3.322138646762451172e+10,4.198105298213571930e+10,3.006423583613315201e+10
2.390083872552550888e+10,4.834502013030219269e+10,2.622138077136427689e+10,2.847320722253306961e+10,3.340597754301388931e+10,4.122658967408459473e+10,2.408546328312135315e+10,4.175307332974084473e+10,4.255536106789923859e+10,5.814442404753091431e+10,3.529201767798531342e+10,3.554335648706363678e+10,4.188226819856555176e+10,4.253831107184338379e+10,4.028600168549998474e+10,3.783455504720777893e+10,3.671477746701670837e+10,3.315671758222271729e+10,5.101221790938939667e+10,4.559186791142336273e+10,4.276583282994648743e+10,6.269344222094821930e+10,5.692446781098001099e+10,4.209816782748498535e+10,4.495245399773984528e+10,4.293895947412755585e+10,3.714513987303405762e+10,5.003932245708586121e+10,6.028727333767403412e+10,7.544985216351281738e+10,9.401209723312109375e+10,5.218994934065357208e+10,3.912378744248347473e+10,4.311875720382318878e+10,3.162903356392947006e+10,5.653610599219950867e+10,5.196834468629724121e+10,9.365232387868623352e+10,4.797066771231093597e+10,6.229355926344581604e+10,3.781187329957946777e+10,3.874451058732663727e+10,3.062504669899742126e+10,6.344672412433422852e+10,3.172947886442226410e+10,4.965802187042088318e+10,2.702194237930461884e+10,7.317822257765507507e+10,4.827006110282896423e+10,5.680197366888824463e+10,2.684185899125400162e+10,3.791502729737342072e+10,6.175819954859154510e+10,4.500508500585068512e+10,5.158223195731425476e+10,3.320298190485619736e+10,3.713689882473558807e+10,8.149968849485479736e+10,4.735423060931072235e+10,4.378023688162742615e+10,3.989403308169622803e+10,3.880056086873365021e+10,5.416091082736763000e+10,3.697279154247580719e+10,5.184136780686328888e+10,4.478684683454509735e+10,5.719834503700639343e+10,4.961699925165969086e+10,3.368679264004486847e+10,3.543838337406507874e+10,5.058146975626499176e+10,5.060726907994038391e+10,5.588793957707024384e+10,3.313683852732146835e+10,3.814865766696513367e+10,5.821934913686711884e+10,5.748188281471070862e+10,3.688350526152436829e+10,4.263913984194398499e+10,3.462108094796482086e+10,8.341907910058702087e+10,5.682034576696350098e+10,5.107311160749352264e+10,6.637469838890998840e+10,5.269626212052354431e+10,3.143954381835648346e+10,5.168784341965382385e+10,5.632540317471783447e+10,3.190165761036045456e+10,3.201880008040837860e+10,4.646025115823532104e+10,2.664566811957265091e+10,3.026261401208181381e+10,3.900938442494047546e+10,3.516588845410936737e+10,2.544580802237694550e+10,2.710818164692401123e+10,3.584916239796645355e+10,3.798717701799687195e+10,3.151914533336766434e+10
3.155645513613963318e+10,3.076123293384770584e+10,4.400029693071348572e+10,7.806686751452151489e+10,3.548524060305037689e+10,3.322167329251147461e+10,3.559530031995345306e+10,3.078798864340383530e+10,2.869821888934005737e+10,2.433585923067071533e+10,3.991838504416818237e+10,3.834663738766876984e+10,3.785750153426605988e+10,5.787793214770716095e+10,3.638461690845182037e+10,3.627638845302268982e+10,8.554598412551371765e+10,4.359075246567074585e+10,6.359730872245755005e+10,4.780898628662731934e+10,3.634853633155339050e+10,6.895986287345368958e+10,5.522979806432270813e+10,4.725281104011312866e+10,4.247106630771089172e+10,6.343306920557534027e+10,8.573998950294116211e+10,3.912624322964620972e+10,8.734794845781880188e+10,7.679803671034442139e+10,5.666488217796957397e+10,4.603187130375273132e+10,3.207882021957188034e+10,3.802262160419458771e+10,4.737903919528059387e+10,3.000601215695829010e+10,3.167413450333420181e+10,5.283861202077104950e+10,5.299074200394435120e+10,4.471243501438661194e+10,5.617433127034463501e+10,4.305854387706363678e+10,7.406563264851539612e+10,4.377756437915242767e+10,4.172358240437069702e+10,5.140476645647398376e+10,3.875703567550791931e+10,2.917547267385111618e+10,4.838158139954463196e+10,3.618040204429384613e+10,2.949073347924656677e+10,3.540478249061061096e+10,3.834125233965923309e+10,5.835937920582170868e+10,2.966624585569071198e+10,3.014195273565956116e+10,3.958549632666122437e+10,9.317093685460617065e+10,4.478168964941482544e+10,4.546639293932549286e+10,4.423330365252554321e+10,6.236309709823036194e+10,3.449607192599832153e+10,4.622710585758970642e+10,4.017296754061335754e+10,4.709787879910092163e+10,5.309478327544792938e+10,4.051581611267268372e+10,6.841695249857913208e+10,3.768587000667312622e+10,5.698789505519445038e+10,5.434738382247251892e+10,6.021879702315347290e+10,5.364503156528457642e+10,6.331081880556253052e+10,5.469484821019861603e+10,5.268402580449900055e+10,6.867212741767379761e+10,5.463434976407961273e+10,5.028134502196804047e+10,3.848976521052710724e+10,4.568296905958262634e+10,3.433435185069460297e+10,3.615264673364136505e+10,4.063494306749170685e+10,3.410250846762281418e+10,3.967544494179446411e+10,2.583185254358489609e+10,4.313213569204718018e+10,5.700146764950028992e+10,2.319040917459309769e+10,3.797438966970471191e+10,4.667337845573132324e+10,4.093407836561975098e+10,2.296394186355626297e+10,3.403472425098531723e+10,7.526182351423124695e+10,3.574377475903512573e+10,3.084458553922836685e+10,3.367193063498680115e+10
4.104610973646828461e+10,2.922339587437578201e+10,3.418455682659061432e+10,2.841666614832472610e+10,3.115336071403470230e+10,3.882096954030550385e+10,4.015952052273310089e+10,3.931399449607781982e+10,2.980917505372200012e+10,4.181510756918502808e+10,6.041515957751718903e+10,5.742104343258171844e+10,7.364675424703115845e+10,4.404368365952349854e+10,6.134636508964578247e+10,5.546253496098738861e+10,5.368334588881693268e+10,6.238664515216985321e+10,4.358820287051452637e+10,6.948926912130131531e+10,7.250593877473030090e+10,4.074600819920729065e+10,4.934944109131012726e+10,6.585373835721176910e+10,7.555573199529963684e+10,5.609734842485190582e+10,4.265834694164685059e+10,4.219111101608901978e+10,7.595036572735713196e+10,4.724223066153968811e+10,5.426323041332369232e+10,4.027731706094203949e+10,6.754032189687769318e+10,8.152639369208966064e+10,5.709187599125807953e+10,4.276726430051746368e+10,4.170109753395191956e+10,6.199379646148735046e+10,4.953852576262203217e+10,4.414357643216709137e+10,3.302507716540602112e+10,4.794162803950748444e+10,3.828622594546692657e+10,4.147403676353688812e+10,6.215685077475128937e+10,4.940796551954735565e+10,3.455663971783564758e+10,4.809323658168341064e+10,6.616051892286531830e+10,5.740430964071237183e+10,3.716375518913962555e+10,7.459082502302081299e+10,6.348394483371875763e+10,6.458997590652046204e+10,4.049173656293817902e+10,3.862692278501692200e+10,5.624029291334410095e+10,4.903372019366671753e+10,3.531669996137168121e+10,3.586491806790970612e+10,3.051632918241012192e+10,3.943675537338085175e+10,5.206817665079409027e+10,2.848761944206447601e+10,4.990048561235308075e+10,5.624209029889514923e+10,4.128125107914967346e+10,6.513088186749962616e+10,4.739358920520973969e+10,3.562366544679640198e+10,7.588437796707514954e+10,6.000114006783093262e+10,4.960867210871057129e+10,4.028832852262464905e+10,6.145496140249339294e+10,4.295142663959928894e+10,5.484441760048358154e+10,4.995486300640631866e+10,4.604283304690191650e+10,4.963929010913168335e+10,5.709574148359225464e+10,5.557150207081962585e+10,3.518253557790618896e+10,5.712153913593152618e+10,5.489317360144697571e+10,3.200824627774032974e+10,8.833106081569081116e+10,5.311762548986984253e+10,3.559784345414807129e+10,3.467594863335266113e+10,3.868362969141954803e+10,2.927454734874843979e+10,5.312161905736717987e+10,3.329913436311488724e+10,3.756398589094245911e+10,3.815100356972248840e+10,4.495300421907907867e+10,5.746181561249380493e+10,2.747539309475017548e+10,3.340556566695350266e+10
2.406612910295415115e+10,5.411276266167128754e+10,5.156946146682362366e+10,4.302470419998968506e+10,3.185705014756086731e+10,5.111256345413670349e+10,3.021835651976813507e+10,3.203295282605648422e+10,2.952318964386877441e+10,3.951233037802371216e+10,4.904454709133654785e+10,3.712033461891196442e+10,4.320848776144113922e+10,6.317483752328199005e+10,4.054123351790644073e+10,4.527754275163274384e+10,6.324028813833573914e+10,4.000337856308946228e+10,6.596090986524651337e+10,9.280367847790031433e+10,8.395774522559057617e+10,6.329616787746722412e+10,6.444091389442341614e+10,8.567556771887832642e+10,6.023022379371916962e+10,3.694019451122680664e+10,6.965762142096284485e+10,6.940585761008666992e+10,5.668259150038417053e+10,4.407800515557215118e+10,8.910891267314691162e+10,1.345271628611274719e+11,4.222659114710164642e+10,3.719687519367285919e+10,4.224607653904967499e+10,4.784686029551798248e+10,4.781703754981872559e+10,4.267254573121790314e+10,3.947175301321105194e+10,6.421279778149283600e+10,5.366124238658211517e+10,4.802306594341131592e+10,4.228513038645976257e+10,4.677967224870237732e+10,4.353650838121302032e+10,3.994803296074691772e+10,5.633209838023691559e+10,4.226948920664913177e+10,3.969636912028121185e+10,4.883472369602452850e+10,3.951250614867897797e+10,3.224132237724341202e+10,3.764052340153363037e+10,5.167924586499156952e+10,4.984582319493827820e+10,4.555285353507004547e+10,4.552995877943511963e+10,3.883963616769461060e+10,4.451954610022242737e+10,4.714478005949133301e+10,5.751253619206514740e+10,4.018080100611447144e+10,3.734222519016733551e+10,4.970856318397933960e+10,9.742625219108808899e+10,6.291534331201873779e+10,5.522169866443042755e+10,7.004404595875178528e+10,5.196153252087005615e+10,8.078807068279702759e+10,7.048606189141560364e+10,5.968153885949896240e+10,8.366860023130967712e+10,5.412778353381121826e+10,7.104585163296328735e+10,5.222607567820615387e+10,4.647281697421065521e+10,6.601568839190366364e+10,4.722987926070018005e+10,8.498994211571916199e+10,4.697831108194158936e+10,6.220158807807086945e+10,5.161410271198160553e+10,4.337977046392714691e+10,5.734706225092079163e+10,4.087685922312262726e+10,3.120347816752140045e+10,8.955429230277845764e+10,6.830392899785141754e+10,6.844305663755347443e+10,3.152743528263154221e+10,5.701119981924671936e+10,3.528313058655202484e+10,4.266154933979415894e+10,6.053980132494927979e+10,5.343131260610885620e+10,3.798604764907534790e+10,3.423879434222230148e+10,3.012707306663976288e+10,3.541821068142389679e+10
3.407174776034178162e+10,3.142782760306432724e+10,3.499257280250868225e+10,3.340272260922132492e+10,3.322840732356557465e+10,6.635705483741632080e+10,4.564971950660237885e+10,3.141958340653573227e+10,6.772621950985060883e+10,3.854506757482017517e+10,7.191309483176487732e+10,4.551269529100729370e+10,5.590465276934782410e+10,5.047108217858789062e+10,5.675854054042069244e+10,8.190158576928335571e+10,4.135201258883438873e+10,7.727063086864517212e+10,7.292551587494425964e+10,4.915218991095429993e+10,7.422153406263745117e+10,3.852806695999960327e+10,5.942786141774781799e+10,8.002570250425924683e+10,4.784475461004894257e+10,6.560161920087583160e+10,7.843026081772869873e+10,7.097992971259657288e+10,6.174083219242000580e+10,7.891015248943186951e+10,1.317860248768914185e+11,5.690495371623519135e+10,3.886435786563518524e+10,5.442009380078602600e+10,6.539641662084867096e+10,5.317564661281150055e+10,6.615125642004482269e+10,4.957125415595832062e+10,5.247583111425395966e+10,5.768046536256191254e+10,5.845926536095165253e+10,5.997699613714434814e+10,6.236715610493695831e+10,5.397796093231263733e+10,5.782477190135661316e+10,5.364918189156373596e+10,3.149254178827254868e+10,2.534431114183924866e+10,4.419502997143418121e+10,5.400541724424626160e+10,5.683744220658703613e+10,6.851812240035119629e+10,6.776013092892805481e+10,4.133119759396691132e+10,3.784084684114189148e+10,3.670500545287417603e+10,3.953474742299568939e+10,3.716466195282834625e+10,9.248954156226510620e+10,5.455746962294492340e+10,3.903692021863031006e+10,4.454244631055593872e+10,3.638640909081809235e+10,4.018006824042224884e+10,3.721766956802406311e+10,5.475157716294590759e+10,9.981964532554354858e+10,6.724808068527210236e+10,6.420731831285308075e+10,6.752459014982390594e+10,6.969960919616973877e+10,6.330194640976235199e+10,5.339203402782199097e+10,5.806797674540142822e+10,5.067613940815115356e+10,5.577212692606403351e+10,4.720628168695343781e+10,8.607346118905076599e+10,7.241337590271476746e+10,5.320810616020077515e+10,4.602032592262484741e+10,6.378077020766029358e+10,6.789262863335872650e+10,5.911042000086720276e+10,6.986316815806869507e+10,4.150247060704901123e+10,3.685356014063024139e+10,6.339124537973004913e+10,3.639754481833444214e+10,6.773417798652226257e+10,3.098135193952797318e+10,4.320715824970989990e+10,6.251412695293453979e+10,4.592965618732452393e+10,3.320889968175720596e+10,3.939032654507692719e+10,4.089337894529528809e+10,2.798579451320392227e+10,4.014396699753433228e+10,4.359302554800699615e+10
3.411868883750449371e+10,2.057415261374202728e+10,3.317163113977768707e+10,3.631907708601187134e+10,5.126947496807453918e+10,4.652987425290318298e+10,3.410843630704031754e+10,8.106502397323399353e+10,4.297018550456739044e+10,5.636959299379478455e+10,5.386850386085961151e+10,4.994942030151689911e+10,5.554726943076978302e+10,3.530263665118767548e+10,5.285544874896288300e+10,5.549116212969083405e+10,5.257031235504328918e+10,5.870357058158338928e+10,6.362028164327292633e+10,4.432539215650136566e+10,6.674260721396762848e+10,5.099553016006166840e+10,5.680583640975715637e+10,1.190064893648276672e+11,6.147569839537207031e+10,8.412914181975430298e+10,6.829829064874033356e+10,5.496898993904586029e+10,6.660159623111347961e+10,9.328450736079681396e+10,5.922003316818567657e+10,6.900667238613682556e+10,6.745559665281618500e+10,7.636330464028451538e+10,8.873443233106388855e+10,6.215711424087745667e+10,4.739482584847629547e+10,5.474137521674936676e+10,4.272687488213945007e+10,4.825105372049348450e+10,8.371274406480920410e+10,4.576683511429373932e+10,3.506359683595732117e+10,4.636475261261226654e+10,3.635186659063154602e+10,5.618500302914286804e+10,4.024801086015747833e+10,4.372872564913800049e+10,3.869783949090838623e+10,7.249112063106625366e+10,4.489603129502484894e+10,4.454832552291822815e+10,4.419711331585870361e+10,5.298454586489985657e+10,4.768039420720618439e+10,5.408858124998826599e+10,4.579784506422785950e+10,5.457727913538912201e+10,3.957677450358850861e+10,5.665046851532689667e+10,6.682415315893379211e+10,4.068108469517632294e+10,5.426370759152921295e+10,4.287576520292676544e+10,8.048556720291017151e+10,5.767540068111765289e+10,3.878868235886009216e+10,4.370698725460409546e+10,9.557879735044001770e+10,5.296934764410772705e+10,7.268281918029067993e+10,6.443195403826238251e+10,7.891749301029826355e+10,6.201795639932081604e+10,7.103393742913104248e+10,7.358304907525979614e+10,4.011579929573462677e+10,9.042477572634008789e+10,6.106538815411816406e+10,7.213740704788661194e+10,9.547764460740734863e+10,5.622022021716972351e+10,5.956407748219853210e+10,4.589804980087084198e+10,4.328387923311982727e+10,7.893421514217163086e+10,7.748721717636929321e+10,4.101620000355487061e+10,4.658537707628137970e+10,7.591660224957212830e+10,5.211502047933237457e+10,3.731882110561323547e+10,5.037845125678168488e+10,4.571728516690197754e+10,3.208069379776244736e+10,4.225476715227757263e+10,5.047114077049072266e+10,3.326698236611307526e+10,3.581087437076145935e+10,3.317349766003890991e+10
2.616160451282500076e+10,2.478492896337007141e+10,3.018191840701041794e+10,4.330079694248744202e+10,3.029488065505436707e+10,3.600116036718367004e+10,5.307500089063478088e+10,7.891329068868534851e+10,3.738872752776081085e+10,3.377221031446116257e+10,6.750586709943870544e+10,5.183592363149823761e+10,3.878944527861725616e+10,4.156253223682543182e+10,5.084195232883431244e+10,6.831382192956376648e+10,9.373001951656687927e+10,6.718615642953512573e+10,9.198404545217492676e+10,6.347188408541709900e+10,1.052617386124755249e+11,8.802496275293864441e+10,6.919261223632408142e+10,7.196046279699172974e+10,8.675294313119586182e+10,6.866144123701374817e+10,9.693876816788444519e+10,9.927648151594902039e+10,7.200560489790074158e+10,7.937407004702827454e+10,5.754456077686122131e+10,1.010718594735258942e+11,1.082746688522033997e+11,5.942764504941541290e+10,5.612618624027494049e+10,8.486924450440242004e+10,7.650087106300807190e+10,1.021609389879135590e+11,5.463284592203553772e+10,5.573234852740377045e+10,3.791707027249257660e+10,4.671550490710240173e+10,7.836632986729489136e+10,5.783055442359645081e+10,4.862660400690861511e+10,6.505540896982452393e+10,4.844455149943241119e+10,6.755138091238332367e+10,7.321557262772236633e+10,4.112248355984764099e+10,4.855724680291992188e+10,3.057342962173273849e+10,4.445678565263105011e+10,5.473586898237020111e+10,4.514847947486588287e+10,6.644652544300142670e+10,4.994508060325454712e+10,3.623900109476792145e+10,3.515776299710764313e+10,5.567652115013072205e+10,5.708782100659011841e+10,6.713557694683844757e+10,6.523290899135707855e+10,6.106812253509262848e+10,5.404646773157534027e+10,1.276542634486677551e+11,5.423133543374713898e+10,5.608086253724854279e+10,7.382830453009085083e+10,1.162932685563537445e+11,6.994277072793807983e+10,1.236798215129854126e+11,1.549346006370561218e+11,7.202654136646710205e+10,7.573583484353637695e+10,6.646061970276692963e+10,8.937152796753587341e+10,7.445107149327297974e+10,5.220573498471669006e+10,6.577721178742534637e+10,5.396067001816869354e+10,5.983498589864639282e+10,7.558323921091421509e+10,6.846643501570648956e+10,6.959620877195623779e+10,4.984090385100373077e+10,4.243529642757220459e+10,7.852054410169554138e+10,4.680578809975090790e+10,3.989567806420013428e+10,5.417579153102697754e+10,3.633987081359036255e+10,5.545171961121386719e+10,4.535501609628829193e+10,3.948651524210225677e+10,3.505770623526089478e+10,4.304859959546941376e+10,2.408046071182897568e+10,2.731103197939968872e+10,2.941625787725366974e+10
2.382524660969805527e+10,2.797853139918080521e+10,3.624262221292643738e+10,5.035183944036303711e+10,3.605718521881528473e+10,4.228854910752406311e+10,4.366331239511818695e+10,3.419076235548748398e+10,4.411229381330136108e+10,6.937192739539080811e+10,3.648736773925508881e+10,3.743392118578426361e+10,5.456536994121938324e+10,4.573377173262770844e+10,5.200623573969255066e+10,7.129212785118034363e+10,5.373596786005900574e+10,6.860650843048265839e+10,9.641171138368972778e+10,6.059299089544317627e+10,7.754498167997373962e+10,1.200449842396333160e+11,8.608620438081564331e+10,9.188777985768215942e+10,1.536046549919257812e+11,7.748585659241642761e+10,7.147049534033468628e+10,6.177734111347299194e+10,6.260205508968453979e+10,1.090797330239026337e+11,9.634670317556605530e+10,1.128183889051979675e+11,1.022653634952748566e+11,7.750941196669389343e+10,5.844848638937288666e+10,1.021556897242187347e+11,6.123796469386206818e+10,5.783215416002931976e+10,6.276754282861629486e+10,4.935606956214215851e+10,5.421262701216795349e+10,8.667957728943699646e+10,5.847642464195160675e+10,7.072278601092399597e+10,4.216716716216296387e+10,4.641695709386297607e+10,3.847266086203519440e+10,5.146929751423870850e+10,3.482981249809358978e+10,6.299768200298450470e+10,4.691710526062816620e+10,8.035162416056619263e+10,5.596540656958037567e+10,7.337351102248078918e+10,6.801775789516382599e+10,5.832316019916076660e+10,4.898991195378111267e+10,9.759392885934356689e+10,4.445184467611261749e+10,6.570914147611447144e+10,5.057030792493483734e+10,6.123463080423925018e+10,6.445426629403707123e+10,5.798402539812124634e+10,1.018571304776068573e+11,7.847077704600805664e+10,8.369805054786236572e+10,6.858834308325469208e+10,9.205942267102508545e+10,6.961527538852928162e+10,6.570535425583892059e+10,7.613815201078529358e+10,9.072445908871675110e+10,8.938274090703720093e+10,7.689377611798582458e+10,8.318578223559292603e+10,8.901531299439447021e+10,6.876733625764039612e+10,9.723285610627267456e+10,8.228319595066429138e+10,7.251582384269201660e+10,5.247060971856163788e+10,6.217178918816771698e+10,6.691452181514549255e+10,7.167488258268663025e+10,7.719848587350025940e+10,5.484896783394323730e+10,7.183334990568179321e+10,5.199109506036914062e+10,7.926953465099739075e+10,3.440051226511007690e+10,3.482656113672469330e+10,4.422692728822287750e+10,5.773513081468840790e+10,4.149017123007675171e+10,5.348364908147875214e+10,4.014193393794168854e+10,4.026370470157376862e+10,3.219577963485802078e+10,3.741714244485607147e+10
3.048539944184224319e+10,3.121887399912521744e+10,3.140460729313666916e+10,2.734143508903711319e+10,5.123281924305036926e+10,4.296149815378603363e+10,3.853439182215036774e+10,4.962176851758899689e+10,4.420580414695745850e+10,5.065611764577743530e+10,4.933009123338507080e+10,3.765828912870230865e+10,5.040270282917634583e+10,5.586742813572768402e+10,8.604020158799226379e+10,6.306737834086124420e+10,6.980830991583937073e+10,8.726847782848886108e+10,7.889797668604942322e+10,9.066340699229661560e+10,9.544323352317315674e+10,9.683395839702401733e+10,1.184195537959456329e+11,8.081978719757415771e+10,1.382287085892167053e+11,7.383542751324502563e+10,9.639893527482009888e+10,7.861271989415303040e+10,1.055863334643129578e+11,1.087549156189592285e+11,8.155773220593896484e+10,1.070183503004595337e+11,8.181340951102468872e+10,8.350075449308351135e+10,7.001444226647972107e+10,6.370852695979764557e+10,6.986027183842872620e+10,6.356547257082143402e+10,6.674562934382080841e+10,7.521105001597500610e+10,6.655648386004237366e+10,6.020989907530788422e+10,9.289793450201893616e+10,5.614075601187048340e+10,4.249168501017241669e+10,9.091841784290869141e+10,6.361857917312606812e+10,6.578484847881130219e+10,4.374203422502764130e+10,5.347265173819598389e+10,4.674682905776091766e+10,4.908176999201602173e+10,5.446914119359107971e+10,6.392120874661003876e+10,5.093535484392560577e+10,6.733646154145500183e+10,6.487815679500118256e+10,8.652828961752636719e+10,7.372064585429861450e+10,4.608951033819057465e+10,5.395893771391723633e+10,7.084343521570033264e+10,1.348498357895720215e+11,6.007745778365535736e+10,1.023889822518892975e+11,7.567748277768475342e+10,9.264215345124351501e+10,8.885471335945234680e+10,9.615572177040740967e+10,9.553936110179077148e+10,1.044595391469573975e+11,1.301330281998517456e+11,7.411704881871595764e+10,9.567437474073504639e+10,1.164139405421214294e+11,8.686230521164775085e+10,1.331354631348522491e+11,1.522074368242653198e+11,1.576576974729051514e+11,8.739375000139117432e+10,1.025290920690589752e+11,8.169661674537452698e+10,7.138450538022860718e+10,7.776903529369947815e+10,1.066287769091091309e+11,6.282116246605494690e+10,5.042638974613265991e+10,8.239090713460424805e+10,4.065559024824581909e+10,4.438952289753726959e+10,5.450352100858539581e+10,5.553511380128873444e+10,4.145624030309458160e+10,2.553692316397832870e+10,5.409476080154824066e+10,4.061930166257124329e+10,4.491684518114715576e+10,5.098367259364062500e+10,5.096194102583200836e+10,4.319396743300071716e+10
3.510615950225396729e+10,4.423697738210066223e+10,3.094792674996871185e+10,4.556538896303937531e+10,5.001659435468009186e+10,3.396534870775462723e+10,4.121335104501393127e+10,7.955934964395790100e+10,5.649644980637907410e+10,5.849709505916070557e+10,5.256249624930410767e+10,5.670358356616437531e+10,6.463861421241728210e+10,1.078380794695145264e+11,7.521410643836477661e+10,8.769448565011862183e+10,6.745750458868100739e+10,9.959178500576477051e+10,9.085492383049317932e+10,9.247308011928663635e+10,1.135980885578426819e+11,1.123725075100255280e+11,1.315176089832682648e+11,9.160581138913935852e+10,1.236927539874668884e+11,1.042036874108926239e+11,1.517855178614942017e+11,1.050317055320258026e+11,9.773583490367958069e+10,1.714117526904340210e+11,7.899829605594801331e+10,9.211043249968342590e+10,1.001328968567430878e+11,8.236212197693983459e+10,1.056946502031949921e+11,9.563497080907865906e+10,1.191892562743352966e+11,8.465387055031651306e+10,7.724823948948396301e+10,7.122445837742541504e+10,9.282197948707768250e+10,6.320532940035015869e+10,4.688209487702240753e+10,6.589691000566352081e+10,8.143464876322186279e+10,6.936106284370506287e+10,4.654384225465719604e+10,6.744550309702828979e+10,6.702243669892090607e+10,5.466206286861460114e+10,6.777090248168581390e+10,8.907788769093882751e+10,5.037880608762147522e+10,4.956544211881807709e+10,5.973785121534050751e+10,7.973810419695785522e+10,1.124214824647583771e+11,7.937803341198088074e+10,6.167965136585368347e+10,6.039698987149937439e+10,7.056843655585841370e+10,5.439114418728956604e+10,6.980994031816670227e+10,5.908249212461663818e+10,1.140151558045945892e+11,8.395768318640646362e+10,8.824576295520768738e+10,8.758399394982995605e+10,1.618607018493434753e+11,8.262058358394631958e+10,9.502649263507516479e+10,1.338353538317918701e+11,1.275409648678124084e+11,1.169968200434765015e+11,1.516114946375110779e+11,1.204283719549345245e+11,1.196686652791116486e+11,9.540473256247811890e+10,1.311141890081528931e+11,1.183264964392095032e+11,8.248643724964236450e+10,8.404011335744644165e+10,9.023905872703479004e+10,1.324808953726266022e+11,7.119165871709614563e+10,7.145064363038298035e+10,8.697398556067980957e+10,6.571539960185675049e+10,9.854434491266668701e+10,3.913632433071298981e+10,6.863568727255451202e+10,3.246364196028944397e+10,7.897867268614604187e+10,4.124013524574558258e+10,2.737974409935794449e+10,3.656142688896960449e+10,3.014574481940235519e+10,2.998025483611436844e+10,3.366028212201339722e+10,6.474404584021656036e+10
3.978001267742297363e+10,5.168739101202753448e+10,3.847446495628041840e+10,4.698163457749707031e+10,6.043880192179027557e+10,5.066950518191119385e+10,3.727619746542115021e+10,4.701037173772302246e+10,8.087766388532264709e+10,4.705720912586854553e+10,6.246157078840284729e+10,7.270701885259545898e+10,7.389900316245562744e+10,6.448314538193808746e+10,1.130913615569503326e+11,7.117167915108918762e+10,1.456811589478169861e+11,8.278130973766188049e+10,1.002413972062039337e+11,9.918840374007896423e+10,1.064398465037779999e+11,1.572461872912640076e+11,1.453376167402580261e+11,1.898087008953034668e+11,1.286908501266656799e+11,1.478341631324154663e+11,1.601781674686533508e+11,1.406986778304703674e+11,1.265515723654222107e+11,8.341414496454559326e+10,1.237626303162094116e+11,1.464518496355918579e+11,1.075467321451087189e+11,1.023116858219012146e+11,5.765814885798322296e+10,8.041413869903857422e+10,1.182391682716506042e+11,6.445985915305290222e+10,9.122408456914387512e+10,5.503578281360746765e+10,8.896478312880224609e+10,7.096887485008990479e+10,5.965879481004872894e+10,6.385166958462844086e+10,5.805275235216120148e+10,5.586012719164009094e+10,4.395505950593262482e+10,6.502379374550112152e+10,9.439837739826681519e+10,7.990989848004400635e+10,5.017960614184963226e+10,3.701106546273983765e+10,4.057579271862940979e+10,8.822944338167127991e+10,5.457830654890907288e+10,6.250770983132891083e+10,6.661682736851186371e+10,7.340443467403991699e+10,9.133326564377357483e+10,6.682479611663540649e+10,8.695235932196479797e+10,7.142678653750181580e+10,9.407128986166905212e+10,9.035566888176063538e+10,7.422116138076240540e+10,8.441899158724975586e+10,9.599122896438090515e+10,8.567099688682246399e+10,1.263800065959482880e+11,1.001201192732183990e+11,1.133147607998585052e+11,1.118191555337314148e+11,1.257791757425044250e+11,1.314195447020771790e+11,1.431120216964822693e+11,1.190581392921635895e+11,1.046944694913400879e+11,1.904935999684060364e+11,1.122547730586476440e+11,1.187975010794295807e+11,1.499827569563590088e+11,1.072515316858876953e+11,1.031253241293234711e+11,1.377863947397978516e+11,1.057120078166869659e+11,7.957714674339451599e+10,9.029282072721228027e+10,8.439666536824931335e+10,8.648861127299157715e+10,6.689856191966432190e+10,3.603791458835880280e+10,9.813104576154820251e+10,6.119055140921331787e+10,5.192632704459123993e+10,5.027451033351390839e+10,3.925423533686111450e+10,4.425738628024940491e+10,3.164105764444229126e+10,3.509973940876110840e+10,5.496439629442536926e+10
3.273477445013300323e+10,3.439580878026942444e+10,3.962888653895189667e+10,4.993234051056554413e+10,6.603760087752214813e+10,4.958324521883417511e+10,6.504118649423384094e+10,1.051700056906748962e+11,3.879353902834927368e+10,5.355919847829778290e+10,6.478590087426174927e+10,6.847804360420810699e+10,7.325670274314244080e+10,7.640942996334358215e+10,5.568696316069396973e+10,8.477484805968598938e+10,9.591016870666793823e+10,7.717712930594808960e+10,1.169177424776518707e+11,1.507655570241901245e+11,1.432210075790136719e+11,1.624616593436549988e+11,1.372717322254994049e+11,1.410906904632727966e+11,1.324641516231308441e+11,1.403340311966481628e+11,1.517866790156881714e+11,1.598921177518736572e+11,1.830527394328435669e+11,1.687558132370146179e+11,1.532851349351392212e+11,2.026375210375783386e+11,8.649707081939704895e+10,1.328699713117033844e+11,9.827565865713897705e+10,9.138445162540946960e+10,8.066118156344030762e+10,9.273395152835246277e+10,8.617013163962818909e+10,7.151369821988998413e+10,7.826571393204743958e+10,1.212839304245076141e+11,6.556157251663195038e+10,9.085662662007675171e+10,1.005968423948335266e+11,8.214583491133421326e+10,7.770543225057734680e+10,5.167990578605785370e+10,8.294459790834518433e+10,7.498489086107965088e+10,5.686881265434616089e+10,4.937293323903517151e+10,4.915784553240058899e+10,5.878705625510810089e+10,7.465580798768344116e+10,6.480091933211769867e+10,7.193220293287890625e+10,6.237674469976992798e+10,8.545100133967234802e+10,1.080851310398690186e+11,9.493094451238932800e+10,1.036490772387826996e+11,1.064636469605354919e+11,1.152260975044986725e+11,1.066722873083317719e+11,1.174473500199811401e+11,9.182498799561833191e+10,1.037382625720178833e+11,1.548518071747875366e+11,1.303910079043800812e+11,1.292140072627107544e+11,1.248784996278954010e+11,1.611182771779732361e+11,1.148155349572015686e+11,9.740272197637612915e+10,9.723627853133370972e+10,1.332111622715988312e+11,1.310085577953955231e+11,1.290188785331048279e+11,1.552477528070032349e+11,1.445351218569269714e+11,1.172855628133410645e+11,1.085618201294407349e+11,8.186323243195466614e+10,9.042992721026438904e+10,6.678427792454654694e+10,5.893327242034320831e+10,6.734901274756692505e+10,7.588157900453329468e+10,6.747741441677944183e+10,7.448049569481790161e+10,5.009245828788532257e+10,4.609238901817795563e+10,7.462123378206520081e+10,5.803888861517626953e+10,9.087887591808108521e+10,5.193589649652429962e+10,4.495637787510415649e+10,3.409788793044089127e+10,3.449878412014476776e+10
3.229928336149998093e+10,3.719529783671208191e+10,2.718768251583708954e+10,3.819528216446524048e+10,3.304661994772143173e+10,6.824110470435847473e+10,4.906351583023460388e+10,7.263061520093092346e+10,4.662519586081211090e+10,9.457358734924765015e+10,7.413210872874902344e+10,6.171497113457647705e+10,6.214114772793238068e+10,8.813069725591654968e+10,9.767414722247247314e+10,1.239289503419826965e+11,1.092952745098088379e+11,1.160210980310823059e+11,9.478019788751315308e+10,1.356142121363307495e+11,1.552608033295821533e+11,1.886202786464502563e+11,1.719539671832222595e+11,1.931410017182309875e+11,1.146503565230953217e+11,1.482420188266110840e+11,1.723511559582146606e+11,1.825000887017453308e+11,1.753468086721646729e+11,1.726489094645349731e+11,1.651767273731461487e+11,1.700884870617174683e+11,2.244747380868500366e+11,1.123511505730397491e+11,1.416114296335401306e+11,1.030384872004852295e+11,1.148954363510264893e+11,9.654816487708192444e+10,1.042481101717868500e+11,1.085106010833178101e+11,6.267013128023616791e+10,6.995704764843933105e+10,6.942015684730952454e+10,6.649763064838489532e+10,6.742465159504450226e+10,5.548753753139325714e+10,6.112178048479467010e+10,5.676943363032979584e+10,8.326566744747570801e+10,5.411500562322891235e+10,8.788507113503372192e+10,4.846810196151780701e+10,7.734715704523175049e+10,6.273319646791603088e+10,6.441290298595239258e+10,7.824255981531469727e+10,6.970021245931535339e+10,7.221362427977189636e+10,6.471013852715039062e+10,1.057460272872870636e+11,8.338335957428460693e+10,7.650944477448149109e+10,5.724657597107059479e+10,8.385028642194075012e+10,1.435207773497904968e+11,1.381091348134213562e+11,9.475304451027162170e+10,1.248962056364364471e+11,1.329576774938815308e+11,1.895287065613724365e+11,1.296718185749008636e+11,1.312831143192255859e+11,9.824133906254956055e+10,1.026223256741599121e+11,1.105127722058350372e+11,1.149278290466021576e+11,8.335696049324679565e+10,9.601664295874147034e+10,1.177776688283512421e+11,1.496798469624089966e+11,1.468267284769648438e+11,1.341888852859099731e+11,1.131730053046067200e+11,8.195794901268392944e+10,1.044348089579616241e+11,9.020677019596339417e+10,9.446764280756784058e+10,6.945461952308804321e+10,5.502655745022732544e+10,8.146749520638929749e+10,5.851755512272167969e+10,9.048533149743971252e+10,5.146960532254541779e+10,4.750041870545745850e+10,3.324269585949964523e+10,5.370985979197694397e+10,3.159017541622090149e+10,2.864451636731185532e+10,3.475284473347428131e+10,2.720419649456477737e+10
4.241300145841297150e+10,5.138548616417138672e+10,4.159519085320347595e+10,3.325509766714138794e+10,4.382112488670188904e+10,3.585869755957986450e+10,4.997746809850209808e+10,5.771631878511923981e+10,4.497725058028894043e+10,6.043101261376557159e+10,5.083029341897790527e+10,4.816125006224743652e+10,9.840312012133302307e+10,8.068335685853692627e+10,9.273341102771481323e+10,1.378721525387218018e+11,1.112255057342284088e+11,1.271051820085760803e+11,1.426414281801428223e+11,2.398969260813941345e+11,1.875585960607882080e+11,1.755447793589258728e+11,1.860735505008497009e+11,1.284727205171538239e+11,1.131529303401675568e+11,1.331373006262612000e+11,1.343388315892943115e+11,1.829155221831675720e+11,2.299206881696465149e+11,1.921791795226808777e+11,1.563526582297348022e+11,1.656262979171752319e+11,1.135260240756491241e+11,1.164108719737599335e+11,1.102633111645081635e+11,7.556713969008293152e+10,7.776657676433842468e+10,8.759420316629144287e+10,6.674655489762084961e+10,7.655736638557481384e+10,5.949450096851570892e+10,5.465593955471410370e+10,8.533866080132203674e+10,4.519708440557306671e+10,6.234523016282596588e+10,5.895605288326901245e+10,8.150551504663914490e+10,8.995873540995968628e+10,7.264356337224884033e+10,1.057595168982784576e+11,6.884833107220881653e+10,6.138826676981871796e+10,6.280726182410488892e+10,5.344791380622301483e+10,8.265954728206632996e+10,6.334343848611183167e+10,1.267339541974695587e+11,8.041153980545509338e+10,8.357679347330784607e+10,1.168856263182442627e+11,7.542597827694541931e+10,6.657626712889849091e+10,7.431327697051672363e+10,8.569111326604159546e+10,8.687395139272146606e+10,8.815698405985102844e+10,9.144322939028768921e+10,1.323641770336620331e+11,1.692325638467409058e+11,1.785427481199812927e+11,1.388357128508920593e+11,1.398636679699157410e+11,9.461818051672915649e+10,1.192367778568917694e+11,4.274586671835458374e+10,6.964538907814762878e+10,9.381780351620620728e+10,1.225660997421676025e+11,1.413980267008097229e+11,1.519820283786280212e+11,1.364069743534594727e+11,2.377027066770170288e+11,1.565975672329447021e+11,1.166351865597562866e+11,1.230350397200207062e+11,1.139198341244946289e+11,6.649474573027751923e+10,5.089313648196917725e+10,6.438324161158019257e+10,6.908599405384967041e+10,5.777566501322301483e+10,4.720463646272815704e+10,4.245121708981668854e+10,4.092765337927722931e+10,3.991228556874392700e+10,4.857193174988407135e+10,5.960471554358300781e+10,6.514643093747263336e+10,4.150101989682809448e+10,6.097027324585711670e+10
6.182005073229862976e+10,2.844100980088198090e+10,3.137181121326114273e+10,5.341071628293217468e+10,6.763631365592304230e+10,4.726387735882692719e+10,4.813031917163727570e+10,4.697209303348931885e+10,5.878269957643148804e+10,4.946456198797625732e+10,5.126668843729026031e+10,5.755353018822944641e+10,1.073161074039009399e+11,7.439376674180654907e+10,7.506800750935778809e+10,8.264884809701428223e+10,1.250448506248717651e+11,1.724029511832165222e+11,1.631944892024031982e+11,1.454754819082145996e+11,1.891779957593937378e+11,2.094474243979130859e+11,1.494475891238796997e+11,1.057191479377725830e+11,9.787439568073992920e+10,1.138538684114705811e+11,1.065613730308899078e+11,1.245958544281515808e+11,1.836151473749811707e+11,2.218135819961658936e+11,1.474277926285036926e+11,1.673671255641434021e+11,1.353900563056601410e+11,1.555741640186556091e+11,1.127811884070509949e+11,1.171641264932062683e+11,1.140763895720293121e+11,8.574702736585569763e+10,1.124073941405148773e+11,7.787854492089266968e+10,7.388879069000253296e+10,8.316369206468963623e+10,6.942395598872390747e+10,9.755789464883708191e+10,7.280779655488890076e+10,8.405611223103042603e+10,6.625103882735633850e+10,7.799638505767132568e+10,6.213497394506427765e+10,6.130290575004425812e+10,7.473977558108119202e+10,6.493465541131775665e+10,9.537223201370164490e+10,7.494672458932951355e+10,6.659027743125102234e+10,7.566428906285610962e+10,8.056963450618324280e+10,8.131590370690661621e+10,7.327485809516055298e+10,9.935464243437947083e+10,6.325998846465433502e+10,7.551895176488438416e+10,8.813632833847671509e+10,1.225133363135981140e+11,1.138010768137166443e+11,9.900571817013047791e+10,1.209053105356748199e+11,2.085055903172780457e+11,1.223142209740872040e+11,1.629942656034047852e+11,1.360637913822916718e+11,1.246909553856581726e+11,7.873261282937571716e+10,5.047624024149699402e+10,4.602017970814198303e+10,4.864799004095704651e+10,6.086982012813919067e+10,8.891005617067425537e+10,1.432406313245476990e+11,1.721177836753335266e+11,2.091350324077730408e+11,9.608410551874798584e+10,9.486860419472592163e+10,1.035924420693220520e+11,9.911199925362286377e+10,1.074819041966928101e+11,9.240655589925401306e+10,7.140459896685496521e+10,6.467724484448785400e+10,6.473052538229425812e+10,5.497584444091484833e+10,6.133759862420457458e+10,4.906865347819438934e+10,4.862820063430624390e+10,5.975947746455820465e+10,7.452382139792739868e+10,4.500747609779004669e+10,4.903810143244346619e+10,5.147606600176517487e+10,3.875356303099553680e+10
6.941455504450653076e+10,2.583289705340555573e+10,4.508099768092554474e+10,4.471030141845664978e+10,5.900620266758161926e+10,5.791375131184976196e+10,3.863658448839191437e+10,9.264848601076412964e+10,6.117886876957507324e+10,5.910452252401278687e+10,4.190858247479138184e+10,7.389821711855484009e+10,1.012175269142497559e+11,1.011359561425323334e+11,1.217844910169805450e+11,1.018750377702697601e+11,1.393318134939274292e+11,1.446886309279217224e+11,1.444716003955722656e+11,1.982535502903226929e+11,1.572028905901320801e+11,2.013864470861055603e+11,1.510209366588336792e+11,8.715210784593955994e+10,9.370026298458039856e+10,7.643295275261259460e+10,1.044852273815713348e+11,1.699888641257481384e+11,1.990042195338336487e+11,1.932607809660359497e+11,1.620736260211085510e+11,1.658333232543724670e+11,1.176036971603859863e+11,1.116117966216852570e+11,1.141946171045875549e+11,9.761312601541278076e+10,9.528523027745903015e+10,1.188486850459869080e+11,8.528207029559677124e+10,1.078356995549929047e+11,8.247947370031584167e+10,7.495252316379383850e+10,8.609289100891795349e+10,7.804788519137046814e+10,5.771146330949321747e+10,1.136976783283146820e+11,9.985006139304544067e+10,5.664885981066066742e+10,5.696866354835646820e+10,5.034530892279283905e+10,7.043776257581263733e+10,6.332329643585380554e+10,4.279721695427222443e+10,9.564914343197837830e+10,7.155628791567776489e+10,6.107859522480915833e+10,6.055083927925492096e+10,9.830189475988084412e+10,8.115666453065618896e+10,8.509659677425711060e+10,8.729026136388777161e+10,7.006851347569494629e+10,7.943485865756599426e+10,7.740548191278059387e+10,1.272111810841751709e+11,1.036451127470318451e+11,8.799438661634545898e+10,1.179045435068215332e+11,1.138260201136965027e+11,1.902467537950865784e+11,2.008152448005414124e+11,1.640117904890509033e+11,1.033073459662418060e+11,6.144373158201818848e+10,3.500770620510736847e+10,6.025249793895251465e+10,5.998918967566641235e+10,7.720443722977259827e+10,1.351158180487102814e+11,1.804552862216753235e+11,2.211757348833566589e+11,1.679497884841553345e+11,1.398500346923596497e+11,1.684943977225227661e+11,1.023598244264020538e+11,6.400258521423374176e+10,7.427979152938626099e+10,8.701237203786459351e+10,1.073546861761217957e+11,6.978093395478381348e+10,7.838936489294245911e+10,5.616511177722087097e+10,6.556839206415151215e+10,3.478326816730161285e+10,4.952464114529445648e+10,4.306433470907418060e+10,3.711406782329243469e+10,3.806239825269254303e+10,5.539958208257727051e+10,3.537419093967999268e+10
2.292309423184191132e+10,4.484123451672252655e+10,6.066837084229809570e+10,4.351892735860806274e+10,3.863771425953222656e+10,4.340535904156833649e+10,4.806251001502577972e+10,5.559851650877488708e+10,7.496786285191940308e+10,8.325173783240243530e+10,6.448023132243813324e+10,8.503185471873608398e+10,8.206106526070771790e+10,9.886942517607566833e+10,8.427139741740031433e+10,1.171058450767543030e+11,8.239261825889395142e+10,1.163233742104285278e+11,1.059622966241650085e+11,2.006028633148108826e+11,1.843087156167020264e+11,1.743303620168858643e+11,1.602835208527497253e+11,1.109223502885959320e+11,9.745779829363313293e+10,1.184029699132380829e+11,9.959488161509616089e+10,1.590083404463984680e+11,2.093568931919104004e+11,1.463685534789703674e+11,1.739261856355960693e+11,1.571278357970579224e+11,1.187789980330327148e+11,1.363172917222777557e+11,9.969801474480984497e+10,1.010480953726725616e+11,1.811174871146471863e+11,8.553881693405526733e+10,8.961919757832058716e+10,8.578537509082159424e+10,7.888904153030247498e+10,7.266836865446131897e+10,6.635470336864851379e+10,6.841215316111614227e+10,6.361363296055187988e+10,8.871641316113807678e+10,6.057567311511596680e+10,4.963643306191015625e+10,8.089269512598484802e+10,6.889033569120936584e+10,5.005845609437108612e+10,9.970540398941539001e+10,7.026891972165518188e+10,1.193022241104480133e+11,6.516804812952503204e+10,1.037009268318980865e+11,7.925540854000747681e+10,6.852984993479656982e+10,7.954812249259175110e+10,5.682857068915361023e+10,7.089712357269267273e+10,8.097389910559843445e+10,1.063010169448309631e+11,1.028748507015050354e+11,1.335790640109081879e+11,9.528638425256101990e+10,1.108403447891032104e+11,1.502287016378641968e+11,1.333639221958055420e+11,1.534261351446649170e+11,1.356371551506923828e+11,1.618114182200168762e+11,9.454822665758329773e+10,4.413961307778081512e+10,5.098507450747641754e+10,1.057415640798100891e+11,8.058620110126548767e+10,1.031333596951776276e+11,1.211655773608054962e+11,1.767768047985714722e+11,1.356405637610652313e+11,9.685460599522018433e+10,1.035469203779782867e+11,1.067319188757932281e+11,9.652033680604602051e+10,1.182360818915017700e+11,6.935929719319090271e+10,5.572330096619209290e+10,4.421228047590083313e+10,7.294179300213214111e+10,4.707170923076451874e+10,3.857845558778903961e+10,5.705067385053866577e+10,3.981542064175500488e+10,3.054623178886211014e+10,3.087901053795925903e+10,4.246205942711486816e+10,4.414056497802823639e+10,3.886200653738634491e+10,3.190402400799907684e+10
2.386597633050984955e+10,2.545623462411314774e+10,3.558353725160462952e+10,4.286173149832437134e+10,5.332355494429021454e+10,4.120527686095569611e+10,6.518156296724864960e+10,6.265940643352062988e+10,7.807927990524060059e+10,5.184161834890466309e+10,5.166368707530280304e+10,7.670081455130459595e+10,7.707796582229972839e+10,7.268323056757327271e+10,9.286040106985964966e+10,8.609981663416905212e+10,1.847883379118525085e+11,1.473252931988825684e+11,1.243274152727386017e+11,1.406914572597416382e+11,1.877668325859762878e+11,1.538850945613797302e+11,1.476253503734903259e+11,1.415530759684556885e+11,1.454054709032033691e+11,1.518408196015824280e+11,1.243957784059280548e+11,1.959665227781532593e+11,1.537735799976936646e+11,1.846665462453860474e+11,1.337578546670245972e+11,1.144255812975415497e+11,1.317191553351781921e+11,1.421052271285115051e+11,9.839934632000688171e+10,1.165343241026607361e+11,8.299334666901364136e+10,1.202236712450264435e+11,1.029884679090641022e+11,9.799068100670620728e+10,7.675131611985615540e+10,1.190655957379511261e+11,9.897528927449815369e+10,5.949679424275930023e+10,8.238464224377810669e+10,8.444471196050762939e+10,9.841368842085319519e+10,8.385632423185217285e+10,7.428299735989732361e+10,1.075612708947522278e+11,1.058888338190282898e+11,1.471153641433875732e+11,6.160546113350927734e+10,4.864933899687332916e+10,4.711162073475047302e+10,7.897325470914729309e+10,5.980919318312842560e+10,1.011465834614842682e+11,5.816170247596144104e+10,1.074088348947938995e+11,1.016096519996477814e+11,5.758533724698570251e+10,6.548282934084766388e+10,7.292815278312692261e+10,8.277264272798399353e+10,1.266526543066575623e+11,1.106702494765504913e+11,1.614289876445570374e+11,1.213052161641179199e+11,1.830782024989998169e+11,1.420870450286362915e+11,1.436349640524583130e+11,1.255545270052047424e+11,8.164856668924118042e+10,9.667625447820401001e+10,6.817779322463536835e+10,7.218568988925559998e+10,1.069182025914225769e+11,1.347975879063342590e+11,1.525000423318846741e+11,1.200025576107774506e+11,1.433935654702513428e+11,1.384823517331619263e+11,1.167149725301607971e+11,8.247642295130232239e+10,8.333671025668844604e+10,5.918630322369472504e+10,4.736922100990766144e+10,7.238470970047140503e+10,6.891792182839472961e+10,5.055945004312547302e+10,4.798761100790628052e+10,4.255011013268619537e+10,8.541872194825320435e+10,3.742243361810895538e+10,3.326955041483710098e+10,3.492021547433537292e+10,4.242839577425561523e+10,3.227524210547788620e+10,3.129322432207543182e+10
3.965613760908639526e+10,4.145303288566014862e+10,3.106988427199944305e+10,3.537672070857949066e+10,4.153311573254149628e+10,5.895431118644557190e+10,9.339136143262776184e+10,6.251812274953527069e+10,9.054218559174406433e+10,6.182674331223446655e+10,7.900613327941516113e+10,6.503066224403691864e+10,6.096851909187094879e+10,5.533407594665209961e+10,8.379140993483250427e+10,7.447167053382566833e+10,1.304841858987063599e+11,1.010956932604700775e+11,9.286708385292239380e+10,1.430415345182657471e+11,1.354956680806781006e+11,1.698046651490566101e+11,1.401380901437933044e+11,1.486622319418957825e+11,1.356621839196961212e+11,1.436336619580047607e+11,1.594023512805054626e+11,1.398228610567707520e+11,1.435858279307224121e+11,1.502427756805386047e+11,1.136172953593001556e+11,1.985435420995635376e+11,1.127459004257272949e+11,1.056028813722281952e+11,1.123659447328653412e+11,7.423519224655871582e+10,7.353914200558953857e+10,9.632929661651721191e+10,8.061257066909988403e+10,5.609739608016049957e+10,5.762455843193309021e+10,4.603803441448737335e+10,6.281159940728397369e+10,5.970303953780239868e+10,5.871846215898558044e+10,1.205212981400449219e+11,5.246709526440143585e+10,6.908803810835740662e+10,4.466398543899437714e+10,5.616034598210945892e+10,4.756692302765896606e+10,1.246362983926611176e+11,5.211385208544668579e+10,4.533566935560719299e+10,7.890124443487799072e+10,9.490748007673681641e+10,7.889443338228948975e+10,7.283104781599189758e+10,9.900460614594451904e+10,6.510086295899881744e+10,7.422063189881643677e+10,1.047919704764688873e+11,7.840771277769894409e+10,9.791858005810418701e+10,7.802536612792584229e+10,1.664087420391816406e+11,7.686384560948121643e+10,1.400519284525735168e+11,1.372684614809057770e+11,1.498125116996426392e+11,1.189865003896608887e+11,1.458340937086133728e+11,1.678424248956709900e+11,1.232242734109278870e+11,1.008432245693314514e+11,8.810661965777342224e+10,9.202719704299084473e+10,1.989636688759443970e+11,1.015233854521053467e+11,1.303900454707447968e+11,1.072167797653030701e+11,8.852211468676055908e+10,8.420347487011672974e+10,9.078509376626031494e+10,9.703218956579286194e+10,8.768500088040829468e+10,8.179030279873976135e+10,6.459399999049610138e+10,1.128599175955432281e+11,5.735273392764035034e+10,4.502845431950369263e+10,4.268601960056708527e+10,7.126570546736265564e+10,7.134608150121235657e+10,8.884856457538040161e+10,5.155087891915432739e+10,3.516172458793476105e+10,5.538398379166603088e+10,4.782318722554237366e+10,2.628764782642684555e+10
3.455857450185897827e+10,5.405335979325063324e+10,3.507625619160532379e+10,3.733306857510639191e+10,4.640281090582534027e+10,6.005227925521525574e+10,4.889714871173964691e+10,4.484716167433308411e+10,7.046229154863174438e+10,5.491782510646111298e+10,9.558633161957824707e+10,4.755091070232788849e+10,7.902196479157264709e+10,6.147767725692218781e+10,6.881675470994116211e+10,8.477447739295910645e+10,1.147483834351233826e+11,1.114307034648113708e+11,1.061326801763724823e+11,9.346022106720736694e+10,1.264392825156601715e+11,1.630515295507489624e+11,1.248671126864990692e+11,1.308776877480546417e+11,1.785119265177776489e+11,1.313203975485876770e+11,1.479031755094106140e+11,1.924627777789319763e+11,2.035912017193258057e+11,1.310178303748349609e+11,1.690577038013274536e+11,9.791893532847897339e+10,1.252299298556996002e+11,9.424126113679052734e+10,8.656331136705906677e+10,9.172572376108087158e+10,5.598734415311478424e+10,8.866892569774433899e+10,8.467899276606629944e+10,6.881674206754560852e+10,1.095571515710225067e+11,9.890308986244210815e+10,4.961376542685983276e+10,7.905815359613255310e+10,6.950960805400318909e+10,8.365169332141532898e+10,5.627892688897967529e+10,4.869992678557534790e+10,4.059911431038246918e+10,5.960991906449921417e+10,6.205452475307296753e+10,4.222668889430335999e+10,5.679251733660610199e+10,5.367443787379262543e+10,4.924417378655163574e+10,9.654306019558406067e+10,7.027287894792488098e+10,1.140357158547705078e+11,8.206386856247361755e+10,1.004812333103382721e+11,7.506992576420414734e+10,8.662175242178044128e+10,7.055493960857447815e+10,8.878818490015110779e+10,1.092151812671376190e+11,9.992355414785346985e+10,8.273706698815023804e+10,9.180000990744300842e+10,9.428672543208959961e+10,1.129249371749594269e+11,1.265552748152534027e+11,1.181042982496279297e+11,1.406458462503327026e+11,1.203839084835403595e+11,8.706153064716299438e+10,9.426154518591679382e+10,1.255513775237757263e+11,1.070393829381438904e+11,1.381972840472311707e+11,1.020440184968371277e+11,1.177619085304796448e+11,1.276103360625997314e+11,1.006128746433869324e+11,1.026498097974762878e+11,1.107364844792989197e+11,9.625325562547569275e+10,6.612385912676570892e+10,4.180724826511785889e+10,6.869137904966467285e+10,6.357584601920651245e+10,4.292567035613875580e+10,4.844279613994116211e+10,5.296888694634608459e+10,5.913222737190689087e+10,5.550372879987399292e+10,4.278777793707019806e+10,4.202462908569701385e+10,4.478977893885610199e+10,4.502079486334387207e+10,2.604168290898129654e+10
4.892598414300025940e+10,3.328943745564304733e+10,2.832412016772079468e+10,2.975030737421439743e+10,5.669768600974207306e+10,7.378101531677105713e+10,7.489948676552078247e+10,5.502508959548007202e+10,4.944997239682792664e+10,5.175333051986617279e+10,8.506239161440119934e+10,6.655809969778047943e+10,7.664570697823757935e+10,5.870091165794044495e+10,6.137504093413801575e+10,5.066743614461071777e+10,6.776157222362570190e+10,7.392340686997799683e+10,1.352367370055587311e+11,1.245989396627513885e+11,1.004187749642810211e+11,1.034849217270321198e+11,1.319567052999598999e+11,9.568302727485667419e+10,1.095083853499238281e+11,1.055757408440917664e+11,1.673319747142782898e+11,1.542658982558167114e+11,1.146058257039200745e+11,1.184359060003398285e+11,1.303905309575610504e+11,7.080792432029891968e+10,1.525405061327514343e+11,6.721082540834611511e+10,7.834204263108270264e+10,8.531071848107923889e+10,6.029712425109115601e+10,8.149174428140414429e+10,5.650933510855776978e+10,6.602566959947279358e+10,7.706648406138395691e+10,5.774641698034819031e+10,4.237559269908600616e+10,5.670075287773074341e+10,4.895783741927618408e+10,6.453905232735572815e+10,5.113273180948529816e+10,8.644751551737774658e+10,9.185908639649574280e+10,5.616720035233063507e+10,6.202990269054975891e+10,4.979932060265863037e+10,6.958218734120823669e+10,7.820586281750378418e+10,4.692548438209979248e+10,4.495033262050166321e+10,5.475343460402495575e+10,5.222542774307095337e+10,4.772679091943679047e+10,4.153662015340857697e+10,6.064941798961529541e+10,7.612690402726776123e+10,5.991207645833472443e+10,6.907522256899914551e+10,9.646026979006402588e+10,7.167168378926113892e+10,7.939197592811466980e+10,8.074286497496733093e+10,1.227536250183554688e+11,9.536965490577984619e+10,1.285733446038671265e+11,9.638711839698727417e+10,1.301478039300686646e+11,8.254445903150038147e+10,1.350403610083552856e+11,1.093111030180078278e+11,1.242593769334531250e+11,8.295875144814073181e+10,1.127077110275605011e+11,8.055773901502101135e+10,1.245579717864026794e+11,1.236879123306783752e+11,1.157734792081926727e+11,7.950122712563931274e+10,7.506877716316217041e+10,7.795709841640119934e+10,6.295716434609054565e+10,6.189777194766243744e+10,5.425831055942813873e+10,8.671331581235458374e+10,5.882601312292732239e+10,5.035630011301571655e+10,4.923266802638330078e+10,5.437496327623880005e+10,4.995111871067414093e+10,5.169703715311381531e+10,2.511617203139844513e+10,3.614169748441468811e+10,3.574519239771729279e+10,4.154687275993319702e+10
2.995115490431642532e+10,2.875465303923099518e+10,4.904950734735671997e+10,3.674943469501985931e+10,5.647237797114916229e+10,5.504099998758068848e+10,5.534534632812129211e+10,5.987332430077141571e+10,3.646681265114026642e+10,8.135407235720976257e+10,5.365362434881944275e+10,4.469677570406044006e+10,5.751551944709342957e+10,6.095363803444472504e+10,9.862213149781629944e+10,8.070998304663023376e+10,6.275620558215943909e+10,4.740869659341393280e+10,8.579348554854512024e+10,9.614425684316384888e+10,1.363028554723063049e+11,1.284610897671069794e+11,8.862711561631254578e+10,7.401107458753038025e+10,1.579627163932047729e+11,9.783865256701031494e+10,9.879903233601696777e+10,1.306392898917996063e+11,1.115800031737481079e+11,8.088846677117736816e+10,1.177693645356699982e+11,6.222920838309165955e+10,1.190910475001672058e+11,7.228273996996496582e+10,7.032643344635548401e+10,6.199681205859748840e+10,6.553402849463114929e+10,7.396201374472729492e+10,8.006743546077799988e+10,6.201505425463811493e+10,5.835750263372579193e+10,7.186700987111834717e+10,6.427642759345307922e+10,5.794684775803910828e+10,7.392439641461543274e+10,5.178087572862625122e+10,4.664373572643072510e+10,7.786685930682951355e+10,4.995091671528285217e+10,6.423138189607365417e+10,5.260203935942325592e+10,6.050834957265884399e+10,5.041485229094200897e+10,3.646662506011806488e+10,5.128524861032137299e+10,4.726137614872737885e+10,5.886850759816793060e+10,6.116849215506311798e+10,7.247883556972531128e+10,8.456916700209931946e+10,5.946474157028825378e+10,6.627817459937510681e+10,5.128433917813951111e+10,1.212091650905267944e+11,6.628743857165908051e+10,9.187087955957150269e+10,5.206090351156387329e+10,5.648627276313446045e+10,8.924678198178579712e+10,8.079309364829939270e+10,7.880964592174218750e+10,9.194899716221827698e+10,1.060880540505674286e+11,9.614845709356883240e+10,7.174773728619856262e+10,7.101487449473377991e+10,1.002890247814208832e+11,9.089915224409649658e+10,7.524164721801979065e+10,1.051472703543560333e+11,7.888925996545272827e+10,7.173410970368084717e+10,7.457257790014297485e+10,6.685240632386476898e+10,7.467058170147941589e+10,6.674217009883983612e+10,6.725789663024600220e+10,5.339481553647711182e+10,4.970395876767706299e+10,6.187948928746114349e+10,7.982596879055485535e+10,4.335772417760308075e+10,3.317492410123728180e+10,5.264276897530403137e+10,4.994268685317414856e+10,4.722388086803901672e+10,3.631549308231210327e+10,2.989507615399693298e+10,3.441341883252684021e+10,2.978843965150471878e+10
3.813631960910776520e+10,3.600421944868090820e+10,3.277750637926781082e+10,4.726388252250315857e+10,7.773933590991828918e+10,5.272775984226642609e+10,5.486826044054717255e+10,4.007842367632195282e+10,5.161185309438892365e+10,4.965374184339352417e+10,5.206758499133921814e+10,3.221610789314817810e+10,5.015632222136226654e+10,6.718032980282296753e+10,5.997268278395651245e+10,5.892885445369864655e+10,8.177609331827627563e+10,9.556201851518338013e+10,6.003836784215551758e+10,6.904665841478486633e+10,8.939018086800924683e+10,1.185392794427102356e+11,1.012965102675147552e+11,1.160534069485612335e+11,8.348267467678582764e+10,8.691796535373210144e+10,1.165389139689401398e+11,8.268329090598019409e+10,8.342694590458180237e+10,7.599468021220942688e+10,1.252056609473155823e+11,1.164535210807433167e+11,6.589462969865337372e+10,6.156124530157848358e+10,1.157272680870865021e+11,5.233667867413717651e+10,7.473056969242848206e+10,3.692677402353054047e+10,7.637259099893855286e+10,5.397732097934032440e+10,4.504676725974737549e+10,7.620314197913598633e+10,6.591956885786700439e+10,5.419853777490505219e+10,4.498017109283560944e+10,6.181333468076655579e+10,7.531224446607365417e+10,1.106235107104510498e+11,7.010395188206942749e+10,5.448323033416771698e+10,4.199401970735606384e+10,5.974502936142155457e+10,4.239854159879743195e+10,4.657915852813304138e+10,6.351879453664421082e+10,6.621720713790403748e+10,5.203405829973594666e+10,6.019326398172714996e+10,5.542054552248664093e+10,5.083144747707056427e+10,8.057820780692535400e+10,7.221085565881997681e+10,7.690974204245252991e+10,6.898498469078491211e+10,7.330722470782096863e+10,9.361455969554867554e+10,7.871310965791987610e+10,4.841835597576689148e+10,8.603111410931149292e+10,8.866873698840640259e+10,1.569184612468390198e+11,9.078025362094808960e+10,1.062428215274975739e+11,7.623704312153802490e+10,6.514583055465710449e+10,1.299813187940150604e+11,1.460809240554317932e+11,7.572173464309196472e+10,8.108201012831217957e+10,1.550326170865319519e+11,6.909662561923149109e+10,1.215500260864122314e+11,7.897617401351731873e+10,7.481235697043670654e+10,7.223345082632225037e+10,8.804553536895103455e+10,7.167819045817045593e+10,6.421832404581591034e+10,4.049870091430797577e+10,5.676541165856349945e+10,5.847526076251341248e+10,5.184271158251186371e+10,4.442035131480709076e+10,5.284535724762564087e+10,4.929882316754247284e+10,5.481466188412921906e+10,4.037844930578506470e+10,2.735156572270209885e+10,5.474651547734284210e+10,2.947096606158433533e+10
3.127603528354079056e+10,3.669955722351061249e+10,2.511876997580069733e+10,7.041615281051049805e+10,2.972046137970063782e+10,5.921455336955755615e+10,3.262930463585130310e+10,4.579400621022089386e+10,4.542591499784539795e+10,2.814408292976545715e+10,4.258342314380912781e+10,5.017287880875393677e+10,5.506141994587197876e+10,6.224604692473448944e+10,1.078398090974903717e+11,5.494148844615267944e+10,1.018806226108113708e+11,6.617786183808737183e+10,6.225709847566335297e+10,6.681494103827558136e+10,8.054056427337052917e+10,8.388091556860786438e+10,5.961488550491184998e+10,8.591369841974488831e+10,8.365962532254916382e+10,9.833701430023193359e+10,7.206310125910160828e+10,6.550235254056820679e+10,7.540428684902655029e+10,5.920004092343704987e+10,7.545549981297853088e+10,6.516420448015665436e+10,8.576684039119648743e+10,8.670336108424488831e+10,6.919829145752479553e+10,5.551004507000417328e+10,5.128597929972868347e+10,6.919467832469064331e+10,6.622249617133123016e+10,5.830408894368550873e+10,9.002060285658496094e+10,3.480002535260279846e+10,4.277871872112506104e+10,6.765726158481488800e+10,4.002349726737500000e+10,4.384708229499180603e+10,4.249257348116055298e+10,5.559854428962342072e+10,3.957686221730650330e+10,3.971132992418375397e+10,5.087231627658746338e+10,9.338389175642411804e+10,8.467615934004229736e+10,5.177161291361522675e+10,4.047070249638477325e+10,5.775742783472359467e+10,4.264431589073606110e+10,5.513902866461942291e+10,6.205780853428446960e+10,7.343496265411276245e+10,6.109926656431951904e+10,5.009147340016204071e+10,6.573983215853638458e+10,7.222020297406651306e+10,4.608632270576132965e+10,5.144286404565046692e+10,6.262235005222035980e+10,7.564708791780682373e+10,7.153244614247866821e+10,8.089643496801707458e+10,7.745024240921934509e+10,6.331206847362409210e+10,9.225337206596229553e+10,8.288181934239468384e+10,5.286867858189095306e+10,6.969307861329466248e+10,6.584913154288433075e+10,7.213115667777272034e+10,7.852337331184759521e+10,1.088793042887623138e+11,6.600548023009319305e+10,7.351775976423200989e+10,7.655055918113789368e+10,1.165960665178849030e+11,8.079474134773959351e+10,5.339837389709142303e+10,6.269508020987460327e+10,5.355540369248226166e+10,5.132034375091134644e+10,4.965860968421500397e+10,6.267385221714099884e+10,3.661505774832404327e+10,1.115082406238987579e+11,3.440702541849621582e+10,4.883778960748864746e+10,4.899358312519622803e+10,2.833433634776217270e+10,3.333987268806353378e+10,3.986308713499346161e+10,2.785917908030510712e+10
3.440239157031231689e+10,2.805908050244808578e+10,3.662249604164137268e+10,5.205732129810548401e+10,7.372858697702268982e+10,3.560548523610630035e+10,2.807644574680011368e+10,5.137479066213024139e+10,6.376682127365564728e+10,4.169269786357965851e+10,2.752267464976937866e+10,5.677583402800746918e+10,4.022841250910452271e+10,1.090252201268087616e+11,5.072490902838999939e+10,4.191859247256528473e+10,6.400527071042967987e+10,6.216862048205319214e+10,5.899679285890660858e+10,1.026299455996465912e+11,5.884491572155747223e+10,7.141915643610188293e+10,6.923220763092927551e+10,6.378746324217245483e+10,6.473339347098577881e+10,4.305897616338705444e+10,5.228921978438669586e+10,9.776338734964630127e+10,9.883718377558255005e+10,8.014832307597003174e+10,9.714293777458186340e+10,1.176474624211505737e+11,6.595813230650594330e+10,7.322658482563414001e+10,5.536127719562127686e+10,1.823580198337661743e+11,5.373766265977103424e+10,4.667684635992491150e+10,5.290968568562647247e+10,5.399540092686921692e+10,5.003125111061821747e+10,3.752571399272349548e+10,4.277847168207850647e+10,6.001495524613774109e+10,5.377000245885099792e+10,4.674266883202365875e+10,5.266968175121552277e+10,3.691900634560416412e+10,7.305969751503198242e+10,3.317526729046699905e+10,4.442519851696698761e+10,4.519746729033055878e+10,5.333743406992066956e+10,8.770557340325209045e+10,5.627572715574101257e+10,6.534155979834466553e+10,4.901418141510450745e+10,4.341727001557359314e+10,4.915571706399106598e+10,5.144566568442095947e+10,5.871609355419937134e+10,5.559379363014573669e+10,5.331969460805780792e+10,5.697149255418412781e+10,1.139219196420459747e+11,6.627415863335234833e+10,4.026320219396473694e+10,1.052542722804525604e+11,5.252580164518302917e+10,7.308606721007788086e+10,8.667813350055020142e+10,8.286872461403108215e+10,5.831614515972601318e+10,8.871084647744654846e+10,5.987739113706119537e+10,6.318475795999266052e+10,6.538137495676323700e+10,1.181469021501015625e+11,7.868499151375067139e+10,1.041920482799446411e+11,8.790727267100392151e+10,6.296039221388169861e+10,5.130778194399673462e+10,4.552873889505290985e+10,4.095106558126830292e+10,4.923143354858937073e+10,4.668320083919618225e+10,4.067036524916643524e+10,5.168078841266537476e+10,4.105943411008506775e+10,5.120025491152198029e+10,3.798759984483046722e+10,4.543888415307472229e+10,3.010226455226759720e+10,3.273269669096831894e+10,5.508809458765306091e+10,5.411478621300407410e+10,3.285763159384362411e+10,3.269757660532250977e+10,4.080997441790498352e+10
2.443049817651741028e+10,3.603046739665305328e+10,2.769854714344242477e+10,6.405183295108008575e+10,3.889977986064744568e+10,3.902060837779763031e+10,3.667138203876523590e+10,5.514341369651350403e+10,4.482099854779272461e+10,5.862981621206426239e+10,4.394486558817713928e+10,3.390114613916744614e+10,4.149213899419361877e+10,4.225930032672415924e+10,4.625971477167070007e+10,6.656489869797906494e+10,5.526720280936010742e+10,7.331181001330677795e+10,5.521428198580963898e+10,6.396735879981306458e+10,8.903170010133003235e+10,4.847146616033866882e+10,5.207430965805255127e+10,6.156843469733713531e+10,6.268531182573938751e+10,6.244868829028246307e+10,6.078560837930292511e+10,6.582436456580731201e+10,6.300834710948146057e+10,8.154654250751182556e+10,6.692785607968291473e+10,5.045957459731428528e+10,5.295206585801110840e+10,4.488024920977684784e+10,5.245162165771182251e+10,4.403001224769313812e+10,5.004710541828234100e+10,5.453947263766837311e+10,8.851042213068823242e+10,6.055719190152077484e+10,6.036218641859929657e+10,4.160406798359862518e+10,3.878739279939874268e+10,5.872234500195854950e+10,6.366090977995924377e+10,7.032292484442494202e+10,4.387688264048108673e+10,4.619213493285363770e+10,4.658432053333559418e+10,4.225130160525510406e+10,7.310923153992445374e+10,5.031074567360171509e+10,4.531248313547602844e+10,3.725691374332511139e+10,4.148077140773534393e+10,3.856278918829810333e+10,4.190901520923140717e+10,4.718494781848466492e+10,2.912573750313186264e+10,4.574737661008755493e+10,5.032512580148943329e+10,4.778723828627014923e+10,1.175534007348012848e+11,5.801704706707418823e+10,7.230798468620166016e+10,5.281931736541730499e+10,7.226262999499737549e+10,5.624618242700860596e+10,1.812555296119090576e+11,6.398074425614058685e+10,5.402306129769277191e+10,7.082409751794589233e+10,5.974265593246089172e+10,6.840408118217548370e+10,5.960271412941809082e+10,5.743794897213095093e+10,5.572858481831140137e+10,5.925351599750670624e+10,6.960199234248794556e+10,6.726639095261639404e+10,5.800736900323466492e+10,5.292502971729766083e+10,8.436875146688513184e+10,5.584052889462004089e+10,8.263844614851679993e+10,6.201504681337223816e+10,4.058431744155744171e+10,7.989927488138403320e+10,3.958928699955580139e+10,6.209632425899484253e+10,4.649045067511688995e+10,3.769092010061636353e+10,4.011195629924124146e+10,6.975288047822210693e+10,3.903715741832943726e+10,5.339146549538517761e+10,3.623254995678520203e+10,3.075672255758886719e+10,3.401621776430332565e+10,3.849945048071389008e+10
2.218548636437240601e+10,4.140854105185016632e+10,2.438271116704179001e+10,3.020831544267277145e+10,4.104383037321290588e+10,2.695639760999990463e+10,4.871464886896601105e+10,5.525962907436125183e+10,6.335365059956294250e+10,4.957858020784190369e+10,3.296872465211197662e+10,4.042555843863253021e+10,3.413291173281913757e+10,4.588995092844407654e+10,4.629348617672542572e+10,5.083256918024319458e+10,8.337938938219601440e+10,3.387483100627267838e+10,4.877384958725754547e+10,7.687557627626780701e+10,5.862281475477259827e+10,7.021021620098052979e+10,4.365022665184345245e+10,4.966562351495312500e+10,4.474347675412914276e+10,8.869643580747523499e+10,4.102557293746971893e+10,6.868278862290368652e+10,5.702008544677282715e+10,6.823070296394292450e+10,7.308885573332328796e+10,4.084126692795610046e+10,8.421245173617648315e+10,5.066872784493965912e+10,5.751620592644782257e+10,8.354919525613392639e+10,4.273905093999141693e+10,3.901256107872275543e+10,4.949738504681364441e+10,3.725024429417124176e+10,9.688751848369601440e+10,5.669420862206796265e+10,8.996006320831785583e+10,4.346522553477799225e+10,4.911244316624562836e+10,4.776266972285032654e+10,4.011448983703150177e+10,4.216095489012531281e+10,4.265431345140548706e+10,3.355857549095760345e+10,3.192224456491724396e+10,3.814280838776918030e+10,6.440397384216477203e+10,3.972189441178652191e+10,6.559153539684997559e+10,5.132741597253202057e+10,3.693961818995026398e+10,6.515390256912944031e+10,6.415060217089423370e+10,3.831667509533712769e+10,5.264908667495793915e+10,5.336746000539016724e+10,3.932129684958527374e+10,7.148461386953802490e+10,4.142842242880588531e+10,8.328649251591972351e+10,7.158007410735987854e+10,3.345530248477270508e+10,7.127920637600727844e+10,5.977845234780237579e+10,3.843049878764321899e+10,7.066791368109788513e+10,5.682117653309201813e+10,6.116585999529389954e+10,6.301815155663927460e+10,4.406605549066512299e+10,6.343137930554071808e+10,6.644077312427799225e+10,6.785222422411021423e+10,6.508203342678968048e+10,4.761701795300939941e+10,7.807604046790586853e+10,4.297824176002619934e+10,6.254135774735158539e+10,4.626957644737294769e+10,5.302507816116513824e+10,4.961801108059201050e+10,3.757010445100251007e+10,3.962582728938794708e+10,4.133251837242053986e+10,5.512458749973953247e+10,3.186617843051647949e+10,4.338422052980925751e+10,5.207804852239588165e+10,4.119927940117776489e+10,2.964869182234510803e+10,5.429005135078945160e+10,3.031008882736769104e+10,3.543344993055625916e+10,3.846130682352764130e+10
2.406389649798481750e+10,3.667847540112854004e+10,2.984167807174872208e+10,4.344873228478485107e+10,3.036760278896752930e+10,2.885564504292047882e+10,3.387767380878173828e+10,2.947475879228389359e+10,4.356776334204869080e+10,5.143097514247590637e+10,3.807401559630275726e+10,5.856368452465339661e+10,3.606540824490969849e+10,4.838461179855735016e+10,3.254163821968767166e+10,3.295246552848011017e+10,6.453461080498128510e+10,4.143810042580683136e+10,4.476435832826843262e+10,7.423989306439155579e+10,7.056529512236166382e+10,4.267757730335073090e+10,5.018830396274809265e+10,4.113888826064494324e+10,4.323122419313534546e+10,6.301225489464891815e+10,6.398663696911110687e+10,4.836308408414172363e+10,7.221601018992971802e+10,4.114971970780265045e+10,6.063818722125098419e+10,6.673909257292457581e+10,3.551281793425658417e+10,5.291779536014909363e+10,4.487733945332379913e+10,4.199331252458886719e+10,3.920855270833570099e+10,3.418357722022778320e+10,3.085675915161240387e+10,3.222649422705032349e+10,5.005742950718219757e+10,5.204908614211230469e+10,4.379726326887918854e+10,5.105801108916542053e+10,3.996800466938123322e+10,3.601997516759806824e+10,3.060650606879279327e+10,4.495361717450447083e+10,5.886392649004690552e+10,3.981884977682363129e+10,6.028185795515197754e+10,4.132307630743479156e+10,3.758138528339524078e+10,3.975551409865975189e+10,4.438285821520076752e+10,2.918514081609932327e+10,3.329925560654948807e+10,3.917699237056036377e+10,9.756618841897050476e+10,2.818912895511491013e+10,2.752610571159426498e+10,2.993157086770985413e+10,4.428554419843753052e+10,7.378281646260961914e+10,5.136774144301704407e+10,4.468567105804471588e+10,5.253061416564508820e+10,5.570195432746067047e+10,4.151450478663285828e+10,3.938820514677739716e+10,7.235035009514100647e+10,5.889972251158342743e+10,7.633234438168286133e+10,4.964162911598680115e+10,6.576204122572851562e+10,7.459393549439091492e+10,4.638730507946475983e+10,5.589074826764205170e+10,6.438846847591812897e+10,6.194790307967036438e+10,8.139877961285525513e+10,4.878342251776015472e+10,4.094363048043875122e+10,6.084753412353717041e+10,3.684621604370675659e+10,5.133449938887007141e+10,3.642493584208781433e+10,4.765946431156695557e+10,5.201681013786065674e+10,3.017530598114867783e+10,2.623815596103228760e+10,3.538784536551835632e+10,3.763270071416957092e+10,3.312517742704072189e+10,5.487323315687700653e+10,4.952501106906034851e+10,3.091741170375859070e+10,3.424613106577584076e+10,3.939183142373608398e+10,2.698370280059514618e+10
2.879302796610397339e+10,3.465319248672608185e+10,3.126207575167505646e+10,2.649519043250001526e+10,2.431768417653534317e+10,3.399195090241557693e+10,2.689064128316458130e+10,3.760934761719522095e+10,2.821940720337063599e+10,4.984020956409409332e+10,5.224715180395265198e+10,3.522227124687766266e+10,3.929322393890299988e+10,4.403217884104350281e+10,4.225730034357205200e+10,3.436228429015037537e+10,5.293808109021810150e+10,4.324804453245221710e+10,4.886725813021172333e+10,5.593514723219790649e+10,3.875649766277961731e+10,6.429974586445378876e+10,4.967973060224807739e+10,3.759822494314392853e+10,5.079362541006394196e+10,3.746763881141950989e+10,5.058517169277801514e+10,7.234096613943415833e+10,4.007180735859442139e+10,5.998671359741269684e+10,3.857961341947381592e+10,4.009953969065043640e+10,6.925199658113851929e+10,5.746502752446229553e+10,3.344839291855813980e+10,5.195106377660850525e+10,5.978272133481636047e+10,6.748622433538293457e+10,4.924070890979349518e+10,4.134056078359703064e+10,4.822759731844087219e+10,5.009976560178531647e+10,3.348231595889628983e+10,4.401880057494716644e+10,5.006738092973903656e+10,2.635952172816222382e+10,4.259816390186827850e+10,4.710163201314644623e+10,4.048181702526748657e+10,2.824292377378295517e+10,5.499339462508342743e+10,3.380723512591800690e+10,3.210596144648455048e+10,5.094766623608472443e+10,4.494174743971639252e+10,3.458899660118431091e+10,3.483425945832620239e+10,2.952494795784387207e+10,3.376807280116432953e+10,4.332448522887914276e+10,3.364861667009762573e+10,4.708669574546792603e+10,4.832142006866423035e+10,7.798438657687426758e+10,5.521122359097103119e+10,6.861749742716304016e+10,4.127942633452856445e+10,5.666238535716122437e+10,6.880409137966189575e+10,9.799575951354251099e+10,3.643258716426681519e+10,6.630948633511106873e+10,3.892834658707521057e+10,5.740354715353218842e+10,6.391241837836189270e+10,3.130561185781346512e+10,5.177548460577356720e+10,9.128063265809963989e+10,3.598298491707872009e+10,5.445143851991620636e+10,4.642571592975482941e+10,4.178985380835757446e+10,3.805914275758351898e+10,4.450782404542163849e+10,5.486388529693869781e+10,3.749411497885226440e+10,4.885574964076795959e+10,3.202549192010585785e+10,3.348503015903896713e+10,1.242653347805129852e+11,2.690632848192342377e+10,6.396681338382502747e+10,2.964350814453236771e+10,5.898537113298503876e+10,2.984141737414680481e+10,3.068225081264613724e+10,2.775184071332491684e+10,3.769132799911103058e+10,4.505363804994401550e+10,3.294762263011232758e+10
5.092600528356807709e+10,3.476190003102066040e+10,2.737239236370909119e+10,3.533588183630180359e+10,2.259708068302475739e+10,5.122559119115326691e+10,4.400931981841344452e+10,3.024271759294073105e+10,4.645362975450912476e+10,2.832220128237478638e+10,4.169363500109082794e+10,3.484999023160869598e+10,3.328095203787026978e+10,4.076652720110870361e+10,3.360546955072612762e+10,7.458403829008096313e+10,4.619745496195921326e+10,4.498438608405854797e+10,3.785870190185774231e+10,6.609828129080715942e+10,5.783859434105249023e+10,4.561978298710414886e+10,3.440519710649948120e+10,6.393803127703669739e+10,3.435173539693148422e+10,8.079635159913482666e+10,4.443947362860202789e+10,4.480104859807578278e+10,3.428039420364271545e+10,3.682963112553954315e+10,3.589214459812398529e+10,8.625717795455145264e+10,5.907391309238554382e+10,3.735140062165859222e+10,3.885164824144969177e+10,5.149865481828370667e+10,4.406515687120200348e+10,6.701060118507308960e+10,3.975043671291449738e+10,6.403020347190503693e+10,4.766204068832761383e+10,4.111552241734379578e+10,2.757886386998941040e+10,4.996415470156523895e+10,2.401471891608053589e+10,2.624931317014879608e+10,2.250050686866723633e+10,5.742923403807311249e+10,3.770121113973596191e+10,4.144495884546274567e+10,2.851001976045174408e+10,3.536909834904487610e+10,5.048547094769104004e+10,5.900142672505478668e+10,4.312923139626654053e+10,2.965889389452124405e+10,5.403564676077495575e+10,3.549154733537443542e+10,6.973792755645153809e+10,3.725486234248583221e+10,3.554889982839620972e+10,5.233673189554264832e+10,6.280413592818437195e+10,4.378528549903353119e+10,6.709712385534629059e+10,4.606040817698464203e+10,6.788822760811641693e+10,5.726782490280060577e+10,5.088872372831772614e+10,4.693187159585153961e+10,6.473373818868264008e+10,3.591363773524680328e+10,4.594212214258309937e+10,3.726469084191979980e+10,6.262328100372320557e+10,8.122732889420039368e+10,4.854049023502493286e+10,3.585368335807455444e+10,4.318421691724618530e+10,3.607377806854220581e+10,5.373084897111835480e+10,3.805469951612177277e+10,4.571897061649575043e+10,2.537651350053358459e+10,3.449600022863100433e+10,4.623978582970582581e+10,3.681292154888449097e+10,3.339405446611880112e+10,4.132187183503066254e+10,3.809745022226011658e+10,9.845898977085238647e+10,3.647459781930717468e+10,2.448006559428464508e+10,3.983677047387500763e+10,4.698375147021064758e+10,2.750179059944005585e+10,4.835684880594236755e+10,4.192713733826244354e+10,4.996883997099935150e+10,5.463304230556870270e+10
3.147090081227507782e+10,3.262687837263584900e+10,2.860578084480502319e+10,3.980850428019910431e+10,2.585977297882685471e+10,3.819092719099640656e+10,3.169855453153422928e+10,3.096179008593391418e+10,4.494224635539554596e+10,3.305322781144781113e+10,4.346694739540991974e+10,3.701820614790658569e+10,3.625888158576682281e+10,2.360390751539450073e+10,3.153811013248516846e+10,4.269274004874786377e+10,4.332773110898265076e+10,4.058846633213871002e+10,6.929087953748435974e+10,4.522731038939141083e+10,7.663470336815316772e+10,6.217734157882832336e+10,5.476335968704978943e+10,3.863087589679080200e+10,3.254367428184943390e+10,8.738519151154920959e+10,2.648942796913848495e+10,4.221405589552450562e+10,5.975236354181939697e+10,4.078204294935969543e+10,3.441850512232572937e+10,5.008382194132215118e+10,5.111547721381163788e+10,5.731534353228870392e+10,3.631532486812042999e+10,7.172987262877201843e+10,5.439937542859194946e+10,4.818854685713392639e+10,2.792967946973898315e+10,3.170142112295382309e+10,3.364736688746379089e+10,5.303589844240148926e+10,3.691678919383488464e+10,2.678248031566962051e+10,5.195156912739013672e+10,6.449281174833565521e+10,3.443468294350675201e+10,5.970400447716382599e+10,3.606157423670674896e+10,4.738459117416811371e+10,2.715141151248415756e+10,3.463759267557514954e+10,3.044635340372483444e+10,3.036732336491503525e+10,3.392164092558165741e+10,4.284114202337951660e+10,4.437188484798829651e+10,4.120878891522988129e+10,2.978698235209357452e+10,2.314791436216964340e+10,2.419554045602477646e+10,3.089812894223282623e+10,8.894485125012071228e+10,3.959303489598028564e+10,1.708242289703068237e+11,3.163465732128353119e+10,4.389326493307804108e+10,5.387607093917320251e+10,4.799859801699024963e+10,3.303328815603916931e+10,3.523500822464508057e+10,3.644918099546395111e+10,2.885054849761151505e+10,5.976833412832682037e+10,5.407460723768706512e+10,6.208083586768679810e+10,3.398034048585831833e+10,4.872806368468626404e+10,7.812522876521211243e+10,1.143477447939061127e+11,3.394264434736300278e+10,2.972270489864001846e+10,3.536339383560630035e+10,3.930996537542008209e+10,3.670109600668125916e+10,4.183342313622341919e+10,3.526398572848236084e+10,2.808303306997754669e+10,4.962146669661943817e+10,3.347544185046897507e+10,3.711457883046791077e+10,7.865243420242384338e+10,5.629794200693733215e+10,4.589965326455369568e+10,2.092656759815267944e+10,3.713786231448871613e+10,2.599896000497557831e+10,4.295677643005317688e+10,2.765894771319349289e+10,2.640671068704584503e+10
7.088838401526872253e+10,2.365208164199035645e+10,2.511035010884713364e+10,2.159580087485938644e+10,2.495641510729384613e+10,3.100961133509622574e+10,2.842610512765889359e+10,9.235049883640045166e+10,3.573420604749317932e+10,2.416994929168119049e+10,2.037897269675620270e+10,3.180310842692248154e+10,3.882062862327245331e+10,2.549155557742292786e+10,3.483699335533351135e+10,4.912527051468672943e+10,3.164824512617765045e+10,6.323048557055921936e+10,4.482465227422474670e+10,2.568564885122233582e+10,4.635899658998462677e+10,5.734959055198607635e+10,4.522566278915738678e+10,4.700060949358364105e+10,4.217888502230661774e+10,3.468077033784571838e+10,3.193700211059921265e+10,4.184238500364759064e+10,4.121185663243771362e+10,3.399810003313447571e+10,3.621889101764995575e+10,4.197872375965770721e+10,5.513218838736910248e+10,3.911695523606264496e+10,4.515952090020587921e+10,4.018416065024335480e+10,2.280250848831513214e+10,4.117075704964710236e+10,4.078571381582618713e+10,4.023857839976231384e+10,3.260567112392607880e+10,3.230960158853942871e+10,3.686246040330355072e+10,3.012351582256929016e+10,4.408266135095899963e+10,3.080678912003559494e+10,4.060784035415029907e+10,2.836862469408069611e+10,3.647378447180684662e+10,2.936681305677305984e+10,2.538582066118804550e+10,4.360746244857827759e+10,2.830395626242650986e+10,5.219728731372367096e+10,4.189384088407050323e+10,3.452121340819903564e+10,2.213817222977644348e+10,3.299672345307887268e+10,3.182753306077729797e+10,5.353475544453628540e+10,3.149446022019144058e+10,4.128227771214682007e+10,4.820145680437595367e+10,5.666628751029160309e+10,4.950302139591673279e+10,2.874702322063249588e+10,3.366401435812913132e+10,5.568830079336692047e+10,4.534814545918399811e+10,3.433591025395329285e+10,6.019789439773379517e+10,3.343834008967102051e+10,3.782142990411276245e+10,4.681291541932019806e+10,3.864115567508762360e+10,3.052009781903751373e+10,4.071873035875169373e+10,6.191451789841497040e+10,3.613650375003610992e+10,3.254308033627020264e+10,4.585009648057798004e+10,3.285139947147652054e+10,2.717871867795992279e+10,3.692304294421273041e+10,3.112659801809467697e+10,4.935867935238563538e+10,4.334226776899395752e+10,3.043234061565760803e+10,3.034575536214094543e+10,2.806590378407680893e+10,4.257534306186351776e+10,5.704976800000675201e+10,3.589635182680765533e+10,3.185441130812848282e+10,3.102101806093570709e+10,3.594074429309647369e+10,4.376910658364503479e+10,2.859555548011965561e+10,2.145462407098567581e+10,2.304112947179156113e+10
2.942853531197659683e+10,2.784359540379833984e+10,2.720892906078528595e+10,4.226691500618902588e+10,2.805766657473838043e+10,3.342153903417890549e+10,1.800315429180081177e+10,2.637118768069025421e+10,3.777897836937481689e+10,2.379122773045021057e+10,2.880685377039574051e+10,6.832846183387680054e+10,6.595935263155507660e+10,5.073129431288841248e+10,4.595576945527855682e+10,3.416826112485755920e+10,5.326365288589807892e+10,5.429700606494459534e+10,3.764813289828473663e+10,3.706262864773998260e+10,4.711427957931582642e+10,3.155173544517905807e+10,3.570512623302175903e+10,3.401402536613366318e+10,3.105476635700971985e+10,3.131887422185818100e+10,2.815912544676623154e+10,3.339159461997544861e+10,2.803284120687584305e+10,3.181549808965393066e+10,3.605161641336736298e+10,3.223659952471495438e+10,3.338414305965452957e+10,2.848771805751041412e+10,5.418315342680414581e+10,3.666290641605361938e+10,5.384266930132221985e+10,5.376822400272024536e+10,2.844919406579018402e+10,3.303452772528105927e+10,4.118775903665540314e+10,3.258376135237049103e+10,2.736938157008362961e+10,6.289130284401866913e+10,2.805640722742062378e+10,4.192214520516735077e+10,3.798999628861707306e+10,3.663480660148012543e+10,2.774377358517191696e+10,5.069855756228295898e+10,2.184790235965008926e+10,4.184984634951203918e+10,3.179138759225559998e+10,1.883443074774757385e+10,3.806490234711798096e+10,2.703583483980608368e+10,2.735245450839644241e+10,2.773804757086592484e+10,3.567013156579426575e+10,4.227605290784716034e+10,4.813815145621427917e+10,3.416191519346988297e+10,3.447114344918990326e+10,2.187530902675523758e+10,3.805947897879690552e+10,3.972425367678397369e+10,3.541075515434822845e+10,3.784271647029959869e+10,5.310206983033354187e+10,5.493055491737528992e+10,4.108599812240027618e+10,4.151613067724683380e+10,3.490763387079067230e+10,3.168300042959939957e+10,4.962268534823922729e+10,3.436612156970350647e+10,3.461097816531921387e+10,3.635657883683611298e+10,3.560533091328319550e+10,4.478067345234093475e+10,2.309687897509514236e+10,2.891329247318788528e+10,7.423943496573260498e+10,4.380209740972045135e+10,4.957335810382581329e+10,5.250933862720923615e+10,3.179128259043616867e+10,2.402833485588447571e+10,4.026881185633300781e+10,4.184370289003461456e+10,2.627482072445450974e+10,5.962842527118974304e+10,2.517903314975294876e+10,4.453243340907488251e+10,3.991900693250286102e+10,3.296823891994223022e+10,2.856663979227661133e+10,2.939676988574566650e+10,2.158135977463395691e+10,2.399567360452779388e+10
2.105429099947340775e+10,3.348405354335728455e+10,6.552680984001463318e+10,3.242157327105787277e+10,6.342129379967108917e+10,3.336576880326659393e+10,2.034199289740660095e+10,3.183350347659132004e+10,4.994907273110240936e+10,2.454973817793097305e+10,2.387683111229067993e+10,2.735321406681404877e+10,5.158517516301679230e+10,3.545642427723645020e+10,2.601707438819844055e+10,2.755266860626155472e+10,2.813545173160721970e+10,6.483581980585874939e+10,1.059376399868219452e+11,3.977277538865345764e+10,4.141954682903029633e+10,3.272611390678677750e+10,3.711551331248090363e+10,3.536811223558509064e+10,3.978760369554724884e+10,7.641332026744886780e+10,3.276175068679462814e+10,2.753656925526740265e+10,3.878686416997901917e+10,3.573685919648923492e+10,3.808898544052928925e+10,5.819619672384083557e+10,3.085614955006332016e+10,2.784707705503097916e+10,6.094602816095517731e+10,4.407431499826050568e+10,2.939057221271864700e+10,3.795527029792756653e+10,2.992419422984307480e+10,5.522063748744559479e+10,3.789689693247386932e+10,2.310046012249592590e+10,5.087746553201341248e+10,3.509288707163274384e+10,5.265073117187228394e+10,3.143520066389701843e+10,3.184336945490206146e+10,2.473561109574147034e+10,2.362328489468682480e+10,3.337619645366303635e+10,4.276474145007975006e+10,3.676217574854581451e+10,3.655821992973567963e+10,3.695757606189262390e+10,4.718267200549610138e+10,2.818587160997286224e+10,3.408987131902354050e+10,2.240974971333189011e+10,3.252770322443350601e+10,6.849044604739604187e+10,3.535251367623957825e+10,3.036283261074480057e+10,5.496185760181780243e+10,2.474294768766783905e+10,2.987886093301342773e+10,5.319124374024047089e+10,6.368843668889960480e+10,3.113888203236580276e+10,2.397362033908283234e+10,3.302231598547413635e+10,5.173393382856922913e+10,3.402990287312990189e+10,3.284084268682192993e+10,5.191158488911872864e+10,1.247607666261713562e+11,2.966966649846171188e+10,4.138836627724833679e+10,2.744538921138322830e+10,3.307556215803820038e+10,5.275592218891686249e+10,3.666182288651828766e+10,4.941491597475744629e+10,4.498294995868135071e+10,2.853005192151167297e+10,3.667568919783950806e+10,3.582040390569062805e+10,2.676287481447627258e+10,2.498986575288022995e+10,2.367999086862758636e+10,3.180689910566167831e+10,3.754094416661078644e+10,3.245303050160195923e+10,2.391955165063196564e+10,3.032223139860932541e+10,3.228814906699549866e+10,1.922067399921487808e+10,2.887022070410478592e+10,3.404569090511926270e+10,3.294270061259114075e+10,3.627895807612905884e+10
2.388789380007829285e+10,3.378456694841115189e+10,2.242831701936010742e+10,2.386736966108731461e+10,5.103331800460692596e+10,3.324493209907973862e+10,2.786844480270112610e+10,3.402046272415365601e+10,2.568974532348357010e+10,6.917182250632295227e+10,3.187331023413266754e+10,3.566000718677851868e+10,2.931240394511772156e+10,5.446441160846060181e+10,3.624164141007674408e+10,2.903868624866913605e+10,4.071054683565060425e+10,3.630294943441603851e+10,2.761624395167764664e+10,3.975254993071028137e+10,2.713758621866759491e+10,3.909651435142709351e+10,3.262726961866368866e+10,2.928288001790170670e+10,3.632576781246891022e+10,4.195270466371209717e+10,2.935737653359418488e+10,2.096556530855980301e+10,3.694136523109111023e+10,2.459710071518487930e+10,4.028020425205776215e+10,3.322282774563601685e+10,3.237631316466964722e+10,2.870667529651720047e+10,2.889041773837762070e+10,3.080771861962207031e+10,3.171529459301949692e+10,4.282107871078892517e+10,4.649087473447185516e+10,3.637831999370866394e+10,2.851547457304740906e+10,3.859561261764366913e+10,4.377600810264929199e+10,3.743936301554624939e+10,3.160983006983820343e+10,3.528743536601512909e+10,2.347629136890482330e+10,5.095585923440807343e+10,5.353271103221141815e+10,3.614692343455185699e+10,2.942653995359909821e+10,3.937849465304762268e+10,4.405779203282050323e+10,7.509899202062657166e+10,2.723209742798767853e+10,2.397892783088327026e+10,2.674922999383768845e+10,2.308375411419920349e+10,3.360028771716391754e+10,2.389828937229293442e+10,2.398043513474639130e+10,3.082280847823045349e+10,4.899182876547834015e+10,2.454296264976869583e+10,2.718003261656039810e+10,2.312594089410875702e+10,2.930517239560672760e+10,2.705631789236026382e+10,3.614305424882356262e+10,3.115455934586921310e+10,2.925860857289892197e+10,5.996281873765745544e+10,5.578551854384336090e+10,3.210038318504595947e+10,2.750724370306547928e+10,8.050818526599681091e+10,5.367485264529905701e+10,2.205396922960695648e+10,3.758401474470602417e+10,3.289354863423169708e+10,2.808061550354554367e+10,3.279941982128530884e+10,2.445689502135851288e+10,4.486038821332133484e+10,2.732368311758948135e+10,4.945492713044474792e+10,3.044357345579188919e+10,3.625247848815505981e+10,2.615746667723341751e+10,3.342677509017443085e+10,6.389712001964323425e+10,4.801611297435454559e+10,2.105643559344116592e+10,2.123239102850723648e+10,2.672160292220489883e+10,1.748627529121337509e+10,1.799655451538170242e+10,4.079771292373203278e+10,2.129203130465561295e+10,3.140436613999829483e+10
3.026848283350467682e+10,3.392246152631819534e+10,3.081058604941940689e+10,2.625875391295943451e+10,3.499240209970443726e+10,3.344867315093722153e+10,2.552356580321206665e+10,2.892643547063291550e+10,5.056907954687041473e+10,3.121967766559994888e+10,2.241332329699535370e+10,3.613996615709050751e+10,3.859109760219429779e+10,2.134355303966397095e+10,5.532155979923037720e+10,2.230160779128055954e+10,2.803808998086916351e+10,2.613288797956465530e+10,3.140362417262275696e+10,4.586303469970290375e+10,3.361123202308837891e+10,4.860752213954857635e+10,5.086128387248875427e+10,4.175270598982493591e+10,3.361224640147441864e+10,2.964653916849430084e+10,4.012833294291436768e+10,3.113381206522542953e+10,3.092836307829774475e+10,3.615022540619654083e+10,3.081707458720090103e+10,2.950887105159543991e+10,4.339781815937851715e+10,4.719736366071442413e+10,3.065038037431621170e+10,3.012581462180146027e+10,5.016834641641627502e+10,3.855928143288298035e+10,6.587129990098862457e+10,3.197626130887255096e+10,3.956285595646250153e+10,3.518782884489687347e+10,4.174307841664726257e+10,2.961742887577402115e+10,3.079108486541830063e+10,2.163821012826311493e+10,3.464873858388318634e+10,3.818085263543170929e+10,3.398459596476313019e+10,4.530140834334530640e+10,3.706555007008792114e+10,4.399463631324878693e+10,2.768489264054160690e+10,3.393394678256188583e+10,2.357446615230131149e+10,3.163159704393712997e+10,3.043744982442913055e+10,2.970691718796240616e+10,2.279408190632546997e+10,5.454481442339694977e+10,2.652090037546100235e+10,3.563851102689246368e+10,2.574764647486032486e+10,4.490399682165634155e+10,2.386841440719293213e+10,2.571680787704898071e+10,2.420897743812499237e+10,3.074551129862923813e+10,3.162840544723219681e+10,6.660428264473294830e+10,4.606866124358522797e+10,2.432099120088181686e+10,2.822903332160124588e+10,3.244923706684108353e+10,3.879881166347698212e+10,2.280688849927552414e+10,4.284854788322746277e+10,3.300544218326637650e+10,3.563059570555881500e+10,3.641677907029911041e+10,4.421069970420070648e+10,5.107955171774563599e+10,2.320208559088203049e+10,2.944281198273264313e+10,4.437323731297033691e+10,2.003518709425445175e+10,2.892265084284265137e+10,2.348327941976857376e+10,8.507248294265664673e+10,3.426590849135772705e+10,3.167499779621845627e+10,3.335590771689647675e+10,4.734557453317611694e+10,2.479235806708238983e+10,2.633143629339283752e+10,2.565933660025390625e+10,3.606355685167865753e+10,1.952090938820167160e+10,2.255085079276599503e+10,3.362952473258383942e+10
3.811206657644719696e+10,3.048760128232345963e+10,2.419250877500267029e+10,2.931726266233725739e+10,3.025624569120708847e+10,2.197381057377018738e+10,2.448406899069065094e+10,1.865961129135480118e+10,2.006263009032902527e+10,3.099162825758020782e+10,7.449374694759843445e+10,3.964483713644239044e+10,2.827079121011153412e+10,3.680540239219403076e+10,2.589722468497382355e+10,2.563773958947735214e+10,3.990155496866756439e+10,2.820113010978821182e+10,2.192642149870083618e+10,4.099013891340187836e+10,3.377474899833793640e+10,1.952058952262427521e+10,3.068847652413692856e+10,5.522276423291642761e+10,3.167719131327717972e+10,3.134145036810208130e+10,3.343011319249710846e+10,3.196811986776710510e+10,4.906935372359825897e+10,3.566813979613604736e+10,3.530258865093656158e+10,3.581203475215138245e+10,3.611319368153469849e+10,3.946601276460307312e+10,2.512808222900205231e+10,3.755092638235002136e+10,3.456996529606768036e+10,5.566284751763130188e+10,4.480414788315190125e+10,3.060179825147706985e+10,2.250510858489203262e+10,2.781412356265632629e+10,2.713465291441445160e+10,2.074887087917530441e+10,3.731524635159902191e+10,2.927548348568851471e+10,1.939511959391272736e+10,5.873149385617238617e+10,3.025300161214984131e+10,7.334210003371211243e+10,1.664859456051176453e+10,3.915990507741949463e+10,4.622329758572153473e+10,2.053498637088745880e+10,2.774021712970402908e+10,7.550895885240104675e+10,2.796039892023786545e+10,2.631073006654093933e+10,2.932287296919682312e+10,4.482855238101300812e+10,2.554089141975890732e+10,3.522710891641207123e+10,3.000055881330223846e+10,3.162759553201468277e+10,2.547599874985220718e+10,4.113686718858930969e+10,3.040217038346033859e+10,2.340471896731240845e+10,4.984716704232646942e+10,3.496722828549682617e+10,2.141435484684844971e+10,2.453849984606481552e+10,3.905654883202424622e+10,2.682273972936233902e+10,3.577281086744686890e+10,3.609288370054801178e+10,2.960007006694666672e+10,3.218890386972986221e+10,3.361255705568905258e+10,4.501902278315380096e+10,3.653342391916133118e+10,1.985987041592914581e+10,4.374088270761381531e+10,2.941242096030732727e+10,4.179532524152009583e+10,3.542114533617999268e+10,2.669009902756048203e+10,2.331644224159468842e+10,2.782035674903346634e+10,2.057207182116712189e+10,2.631644615834600449e+10,4.142871127894822693e+10,3.119387506089635086e+10,3.364792534774006653e+10,3.113516842217563629e+10,1.811943506122589493e+10,3.535842199392932129e+10,1.937847007009213638e+10,1.573814269317130280e+10,2.208887551799694061e+10
1.755813380764417267e+10,3.627237909866740417e+10,2.383877819309180069e+10,1.921992318275800323e+10,2.719738821010819244e+10,2.704946794637564468e+10,2.936130432033060074e+10,4.728792922280613708e+10,2.823200788990120697e+10,3.038936630496223068e+10,2.279020643315402985e+10,2.924509628341160202e+10,2.637413082120667648e+10,2.562338566292442322e+10,2.380591691209931183e+10,3.712474011115642548e+10,2.560049127386016083e+10,2.426255652589933014e+10,3.052776722845784760e+10,3.029355963426341629e+10,2.968446475293551254e+10,3.554590050524559784e+10,2.962433134213122559e+10,2.494865941120042801e+10,3.451622255914562988e+10,2.676833335332495499e+10,2.859642031711017227e+10,2.474762573793797302e+10,2.652260162465082169e+10,3.178618996228762436e+10,1.055431442643541107e+11,3.857154775519877625e+10,2.273436341302978897e+10,2.923563604154748917e+10,4.444303689798680878e+10,3.264883194312732315e+10,4.814587231232288361e+10,2.565966216812333298e+10,2.818761519674923325e+10,1.908479962165074539e+10,2.949682524245249176e+10,2.325680206339337540e+10,2.629012735994112015e+10,3.777047019537789917e+10,3.493706745741191101e+10,4.762554578288227081e+10,4.174689905139102173e+10,3.784010485002378082e+10,2.555753950682436752e+10,2.075125153939636230e+10,2.510973104289945984e+10,4.471915188219960022e+10,4.194129658177795410e+10,2.486187268593574524e+10,2.696827284388659286e+10,3.057071547317587280e+10,2.297967659130770111e+10,3.785193002229154968e+10,3.106743078783744431e+10,2.595100304391340256e+10,2.157924605260455322e+10,3.232781787974589157e+10,3.924727553104141235e+10,2.274661237669700623e+10,2.913253087293646622e+10,7.309758928413569641e+10,2.777798001708075714e+10,4.193752627070070648e+10,3.184542772103416061e+10,3.981081363041902924e+10,2.791069766464583969e+10,3.277857370838108826e+10,5.897707298482859802e+10,2.798420050152091217e+10,5.433911802196703339e+10,4.834838854168601227e+10,2.292161477028868866e+10,3.433386163063501358e+10,2.655344150586299896e+10,3.966118409978586578e+10,3.156868480221189880e+10,2.676943230584262466e+10,2.933688443584468460e+10,4.244003657960869598e+10,3.916693162515679169e+10,2.104864500287735748e+10,3.580984459543537140e+10,3.159175798428746414e+10,1.891312111115019989e+10,3.330982132640559006e+10,2.605637071627797699e+10,2.233344271451345444e+10,2.528075381392224884e+10,1.959123648424991608e+10,3.920161695732553101e+10,2.097410814987199020e+10,2.442817646955292892e+10,1.945689927203131104e+10,3.249083994461456299e+10,2.493769103435870743e+10
2.816484777282827377e+10,2.218767979373659134e+10,2.981204055070806885e+10,3.146233778517021561e+10,3.325646606868687439e+10,3.294024197985223389e+10,2.185760112528291702e+10,3.563492168163735199e+10,3.238774218667316818e+10,1.707143010734162331e+10,2.898429591409316635e+10,4.545386759330909729e+10,2.666345943711044312e+10,4.108524636742660522e+10,2.798703317992473984e+10,2.221228420684902191e+10,2.334343785545917892e+10,3.138421061190635681e+10,2.607268356043605804e+10,2.446248285452972412e+10,2.118203166051699448e+10,2.437680651435381699e+10,3.253828277928107834e+10,2.499712719968990326e+10,2.735119783217831802e+10,1.981941411879873276e+10,3.598779787680198669e+10,2.670667363895262527e+10,4.243208331263500214e+10,2.880252787747221756e+10,3.269724333954532242e+10,2.871297731381068039e+10,4.538917809401675415e+10,3.660978568339788055e+10,3.511400721677735901e+10,3.679929341332338715e+10,2.540644079070114136e+10,5.776333740886582947e+10,2.780361071085385513e+10,2.594866924263223648e+10,5.142383764205028534e+10,2.176804011476980209e+10,2.913037537673953629e+10,3.563639656948129272e+10,2.961645843108079910e+10,2.574361806472668076e+10,2.750891323198295212e+10,2.993146657364340973e+10,2.803531660843243408e+10,4.399263295966788483e+10,1.981732526225434113e+10,2.645595927879562378e+10,1.968079785031341934e+10,2.448177593938579559e+10,6.038384759702346039e+10,2.994597691368526077e+10,5.501015862197425842e+10,4.812157484460859680e+10,3.563592990254493713e+10,2.000971139374655914e+10,3.784886240336949921e+10,3.963879410050042725e+10,1.883088895550648117e+10,2.615817269788713074e+10,2.573147732739338303e+10,6.204882708296916199e+10,2.810498387709037018e+10,2.906693822067275238e+10,4.367230150807056427e+10,3.334727148631806564e+10,4.486968299867506409e+10,2.400397478558170319e+10,2.202631367055186081e+10,3.477232075254181671e+10,2.550856410200062943e+10,3.123785030663320160e+10,4.763627823494236755e+10,2.694487885372006607e+10,2.705433284024719238e+10,2.271264193601770782e+10,4.792697142825408936e+10,2.156278741717068481e+10,6.385868458171109772e+10,4.658182314340737915e+10,2.803257744735337830e+10,3.330034888212033844e+10,2.179937736633049774e+10,3.262662491030641556e+10,2.267736854581118774e+10,3.560301706581248474e+10,3.365517397665205002e+10,3.952311183710907745e+10,3.994138436546024323e+10,2.410542253192951584e+10,2.397542433351231003e+10,4.397195470222262573e+10,2.700148922930126953e+10,2.204176774251351929e+10,2.652985495707030487e+10,2.424848630822237015e+10
2.853066619993740845e+10,1.929953461910264587e+10,2.095859348991382217e+10,2.209661929573023987e+10,2.851924984312156677e+10,5.415484691608594513e+10,2.339106648410498428e+10,4.793121556222118378e+10,6.101585291938037872e+10,2.907626186908490753e+10,1.945691893584090042e+10,2.306161469182595825e+10,2.292439720665103149e+10,4.124906414407151031e+10,4.749340122216036224e+10,4.921210139075590515e+10,2.753195131474502945e+10,3.555612530139454651e+10,5.278172257959440613e+10,3.101384766795882416e+10,2.766627294806549454e+10,3.171403439698929977e+10,2.660508903659880447e+10,4.064632774781189728e+10,1.954852330851586533e+10,2.448007095398504257e+10,3.217719958161543655e+10,1.844604202768568039e+10,2.214347417768740463e+10,5.208013173162516022e+10,2.313187011228852844e+10,2.308801462432818985e+10,9.059273908883699036e+10,2.572312633740071106e+10,3.229600619129082870e+10,3.513644165509577942e+10,4.691723984297461700e+10,3.478330398846023560e+10,6.926344491465609741e+10,1.930062741541948318e+10,2.670913208331544495e+10,2.668006666607001495e+10,5.961384057964329529e+10,2.828698743025326538e+10,3.575278027927413940e+10,5.351458630130683136e+10,3.085122484919776154e+10,3.047608111563847351e+10,3.828075764727729034e+10,1.998841530549248505e+10,3.043541090982326508e+10,3.066226270809448624e+10,2.256671659868944550e+10,4.146288580518034363e+10,4.363177652455744934e+10,3.721285464859947968e+10,2.354711496682545853e+10,1.971024996878424835e+10,3.673056380060086823e+10,2.718310548604751968e+10,3.430882866871248245e+10,2.271768157156847382e+10,2.491953360963607407e+10,2.513115771415084076e+10,2.383068712648905182e+10,2.677568726299527740e+10,2.456876095682057953e+10,3.592081920397291565e+10,4.177137330319110870e+10,3.014841227560753250e+10,3.070119950116197586e+10,2.878280305310662842e+10,2.151852070447144699e+10,2.877340731579126358e+10,5.602745271741255951e+10,3.695385296489637756e+10,2.538584371170632935e+10,2.718657976978598785e+10,3.348707156725280762e+10,3.262150867220478821e+10,2.692305394866102982e+10,3.726496696089649963e+10,2.785932153587602997e+10,2.547353339887203979e+10,4.475047369219602966e+10,2.561022403384842682e+10,1.803153057818330002e+10,2.146330957418403244e+10,2.758763282490842438e+10,2.292466703724936295e+10,3.280082470126818085e+10,1.743761876284455872e+10,1.884204471881941605e+10,6.940825331139280701e+10,1.706471721768341446e+10,4.083533491596728516e+10,1.708814058633010101e+10,2.116974337508647919e+10,2.389700748947113800e+10,1.932483072617403030e+10
3.126529631744575500e+10,2.306696953227505875e+10,2.048544780441110611e+10,2.090730502303684616e+10,2.365722359696682739e+10,3.134596832503768158e+10,2.553832786257425690e+10,3.006615680097093964e+10,2.777666470240668869e+10,2.062236085150471115e+10,4.281160140104991913e+10,1.986616359283871078e+10,2.185031681105079269e+10,2.076186193363882065e+10,3.237222211819877243e+10,2.388092201989871216e+10,2.495434454895576477e+10,2.735375706354923248e+10,2.158591062195846176e+10,2.033545864498335266e+10,2.532247948061324692e+10,3.228467171044540787e+10,3.507331306839577484e+10,2.064443445310491943e+10,2.206634311722122192e+10,2.785114373913018417e+10,2.065578977914081192e+10,2.166192236897816086e+10,2.978812284617215729e+10,3.404893486809579468e+10,2.664816434044206238e+10,2.473718363846296310e+10,2.932365258996354294e+10,2.983792913956137848e+10,2.730990917175775528e+10,2.608915989002163315e+10,1.964754511586197662e+10,3.071897474257262421e+10,4.033963428940946198e+10,2.603162728329386520e+10,3.651477468157157135e+10,2.389864926711016464e+10,3.005913232820959091e+10,2.818847136217597961e+10,2.408656863148614883e+10,3.584422807553855896e+10,2.587123366511858749e+10,2.452846903172582626e+10,4.445681588045602417e+10,2.693778779541205597e+10,3.824229117372505188e+10,2.592682269258303833e+10,3.689480933981011963e+10,2.378575684463698578e+10,2.968277861694195557e+10,3.369309540398529816e+10,2.411342961359620285e+10,3.054847803889064407e+10,2.969445581881359100e+10,2.464019644929306030e+10,2.559254100588164520e+10,2.635665977338603592e+10,2.647767839287591171e+10,3.945940689495285797e+10,3.321888313882606125e+10,2.771521329794561768e+10,2.415489853000847244e+10,4.196124177849951172e+10,3.416169583638175583e+10,2.562776780654601288e+10,2.782263046140713882e+10,2.488112368216298676e+10,2.716447809586639786e+10,2.750691364765703583e+10,2.741888225450600052e+10,1.874549773914584732e+10,3.091100024185277557e+10,2.405185212508770370e+10,2.365693476111104584e+10,3.764512940973371887e+10,2.501727773314617920e+10,1.987463022269402695e+10,4.593368276199423981e+10,5.041170909855561066e+10,2.271806811899272537e+10,3.003683335204580307e+10,3.335363707528277588e+10,1.989014450860929489e+10,2.926035764897202682e+10,2.115129973909276581e+10,2.926681886041638947e+10,3.268373892712304688e+10,2.225835568997174835e+10,8.718905593674230957e+10,4.206335753878951263e+10,2.914781962949066162e+10,2.268881787531922150e+10,2.400105665354964447e+10,3.555170006757981873e+10,2.417439115064049149e+10
1.657559449956959724e+10,2.176476683757250595e+10,3.088016947244807816e+10,2.208310950480972290e+10,3.814483795326491547e+10,2.132492723132011795e+10,2.339119761034771729e+10,2.595687683160237503e+10,4.857205318518547821e+10,2.492056789177379227e+10,2.335978710585890961e+10,2.887892727129075241e+10,4.912249653071726990e+10,2.024532479934382629e+10,3.245370358159111404e+10,2.929239063436083984e+10,3.598267136003571320e+10,2.060777835915306854e+10,4.204760152952220154e+10,2.896703417574559784e+10,2.911249666429893112e+10,3.729562360294522858e+10,2.129877899300061417e+10,3.825743214829737854e+10,6.418162409008730316e+10,5.785578641980403900e+10,2.927253725286275864e+10,2.794959805006251144e+10,2.725099044326678085e+10,2.434651444835651779e+10,3.107208507748616409e+10,6.446823481456060791e+10,3.448687976744742584e+10,2.671325457571244049e+10,4.512143151083882141e+10,3.382615855898896408e+10,2.996520617187027359e+10,2.682641234065295029e+10,3.575795194412822723e+10,2.686185605090439224e+10,2.662211327858241653e+10,2.505214732308787537e+10,2.788581822037311935e+10,2.073208511060628510e+10,3.284512234994903183e+10,3.005713633281211472e+10,2.605261573583996964e+10,2.265281644419337082e+10,1.985093820477249146e+10,2.098341446180157471e+10,3.447284948421780396e+10,2.087189201851917648e+10,1.747736578587065125e+10,2.150095168070006180e+10,2.789912666309624863e+10,3.201701661976516342e+10,2.231774347716794586e+10,1.961976644620625687e+10,2.079109918273953247e+10,3.031979077231982422e+10,2.327390048096888351e+10,3.100833817318820953e+10,3.071171232949664688e+10,3.162310675211730194e+10,3.440988735865249634e+10,1.895085509566372299e+10,2.948791796998477936e+10,2.894491129514347839e+10,3.553755648212255096e+10,5.806391392643402863e+10,2.108046498261210632e+10,2.082305718459028625e+10,2.416436282061275864e+10,3.577229391849211884e+10,2.497539230609312057e+10,2.331748309922164536e+10,2.235583638033832932e+10,2.936518515600220871e+10,2.707793539722048569e+10,2.460290789433440018e+10,3.001142624288833618e+10,2.828856278235564041e+10,2.564911804059144974e+10,4.074744651139572906e+10,2.673617558820035172e+10,2.615644597155805206e+10,3.292661685091921616e+10,3.191521652922477341e+10,2.813562298529922485e+10,2.751817380038490677e+10,2.355295273694888687e+10,1.873844279471734238e+10,3.373370763572990417e+10,3.124293514753240585e+10,2.549115494762391663e+10,3.135185656512578583e+10,9.130273288605366516e+10,2.174054748879701614e+10,1.956101971897534561e+10,3.546048568835145569e+10
2.064703430433524323e+10,2.106054986758847427e+10,5.544271683614624786e+10,2.869723391318124771e+10,2.660906472762026978e+10,1.990577259735471344e+10,2.260346375612749863e+10,2.603329339761419678e+10,3.295159969355319977e+10,2.535495002651441956e+10,2.013711890058557510e+10,2.239834246296974945e+10,3.395434686280108643e+10,3.474717328813573456e+10,3.714216603503266144e+10,2.304788467145686722e+10,2.391350482515795898e+10,1.848720502112020493e+10,2.357659092640099335e+10,2.686042978847227097e+10,2.754487196182130051e+10,2.211258339427610016e+10,2.458946831484861374e+10,3.623236218917321014e+10,3.637794412372693634e+10,2.343660958099160385e+10,2.059533288884140778e+10,2.529732407182989502e+10,2.767394583022484589e+10,2.368002219612670898e+10,2.629623845438844681e+10,2.083277330525378036e+10,3.105346449740799332e+10,2.235188253400276566e+10,5.824437614947236633e+10,2.210709177886888885e+10,2.268217274156183243e+10,2.335738973266527557e+10,3.142740601931505585e+10,2.538218067233979034e+10,3.406249784437416840e+10,2.341581075995483780e+10,2.771551049864550018e+10,1.875175009529286957e+10,2.005361245389469528e+10,2.120635358707386017e+10,2.634362000504425049e+10,1.934646215305284882e+10,2.765491539296506882e+10,1.892805983670927811e+10,5.598946078846072388e+10,2.848112320085881424e+10,3.489368132836395264e+10,3.544310068796707916e+10,2.853310596176091766e+10,2.939380231667463684e+10,3.282075272639934158e+10,2.801481553371254730e+10,2.559508830626194382e+10,3.012754190616138840e+10,2.591529072523305511e+10,2.473533321125583649e+10,2.885933117530628586e+10,3.936540002598542023e+10,2.513679966988496017e+10,2.690415623596724701e+10,2.245672868624753189e+10,3.587614781339707947e+10,2.035535019604431152e+10,2.007299103519635773e+10,2.519585545711368561e+10,1.946950019013861847e+10,1.937735599625601196e+10,1.683029028448419571e+10,2.605121113878468704e+10,5.809187205737799072e+10,4.283820093708782196e+10,2.515586420229385757e+10,2.578201315762926483e+10,2.726827442793370056e+10,2.551279087639335251e+10,2.085996526879604340e+10,2.280148682293339539e+10,2.784844630135867310e+10,1.874537009864699554e+10,2.579003515554174423e+10,3.810498507443875122e+10,2.496235827629409790e+10,2.001226557118183899e+10,3.134074982215042114e+10,2.613250025151726913e+10,3.129540783329030991e+10,2.029176897248595810e+10,2.284996294181899261e+10,3.035249595558950424e+10,3.502149181357411194e+10,4.067320554174883270e+10,3.298485696040106964e+10,2.931490901865542603e+10,3.275723405448265839e+10
3.689736303160306549e+10,2.215667734300783920e+10,1.815543926332547760e+10,2.840373566378337860e+10,1.785941018938624573e+10,2.771510590277851486e+10,1.882597718284950256e+10,2.569196328573008728e+10,3.101402339840713120e+10,1.820211359744885635e+10,2.441648542206570435e+10,2.448921515011281586e+10,1.901604149091655350e+10,2.123534703298692703e+10,1.549438900721427155e+10,2.105499685304035187e+10,2.357306085711965942e+10,6.389729364333526611e+10,2.949347860420533371e+10,1.987376253379555893e+10,3.562578062007802582e+10,5.057179999955522156e+10,2.994478360113583755e+10,1.661179240460577774e+10,2.014241983824176788e+10,2.411887238241196823e+10,2.525211125276411819e+10,3.128580865953967285e+10,3.051028994075816727e+10,2.161878692677799225e+10,2.989016815422181320e+10,2.695104941106052780e+10,3.778779286557078552e+10,2.159001681147316360e+10,2.822310991484033203e+10,1.970202470930605698e+10,3.252430580792300034e+10,3.006223229779210663e+10,2.198645496833299255e+10,2.136040908874362946e+10,2.150756173538969040e+10,2.938812638200783920e+10,3.056063361759233856e+10,2.519407144953426743e+10,2.539154100859560776e+10,2.018925300704750061e+10,2.323184694542704773e+10,2.813013246685242081e+10,2.512057347945489120e+10,3.370564009203016663e+10,2.031553320380179214e+10,2.385537003236632156e+10,2.198075973211688614e+10,8.893943718889007568e+10,3.437540717084387207e+10,2.458299530913483810e+10,8.922801534304937744e+10,2.769623817053377533e+10,2.920658024537162399e+10,2.109886379188596725e+10,2.607477959470058060e+10,1.852902789234552002e+10,1.991861448357361984e+10,5.727597812758860779e+10,3.305502201143803406e+10,2.889906895169426346e+10,4.341784728954938507e+10,2.691434034690447617e+10,2.283376165672837448e+10,3.486598609697605133e+10,4.128808481664885712e+10,4.616617665888670349e+10,2.032334303580918884e+10,2.553461753367939758e+10,4.114084541468964386e+10,2.306572794962007904e+10,4.674310683348435211e+10,3.100242866492798233e+10,3.717027502442146301e+10,4.356826711250156403e+10,4.224619886458154297e+10,2.240151641625111389e+10,2.292912889679617691e+10,2.578088644178247452e+10,2.111334852433061600e+10,2.107178622966602325e+10,2.291917350242127991e+10,5.656410808633307648e+10,3.082268079441927338e+10,2.342069559084151840e+10,2.789329103506168747e+10,1.996124416353349304e+10,2.160780752182554626e+10,3.075421099994455719e+10,2.135010375790659714e+10,2.908846505270740509e+10,1.950887190554413986e+10,3.369232852376927185e+10,2.703069885575966263e+10,3.349573685693862534e+10
2.180035596451329041e+10,2.805702036913076401e+10,2.027977419250809479e+10,2.884696274025413132e+10,5.506858083746424103e+10,1.848845930564768219e+10,1.742588584676169968e+10,2.817838719342654037e+10,2.010095074821913910e+10,3.550774007383903503e+10,1.573430325021123123e+10,2.107599668115039444e+10,2.106231894746520233e+10,2.237035803570100021e+10,1.792407496400313568e+10,2.432011657231738663e+10,3.147790800365676498e+10,2.948013747028749466e+10,4.821805919449364471e+10,2.654096326654446411e+10,2.035170445456531525e+10,2.433653558710567093e+10,1.815345786339366150e+10,2.350930138457849884e+10,2.015489348892120361e+10,2.127032961010910416e+10,2.329099347969174957e+10,1.853700642825584030e+10,6.216229694844255066e+10,3.350592251656515503e+10,1.910790582670914459e+10,2.798114978388111496e+10,2.116898039827080917e+10,2.403093928272227097e+10,2.970759685704605865e+10,2.114335554570263290e+10,2.371309418991852188e+10,2.085500514506147385e+10,4.202051070958638000e+10,3.091866954855629730e+10,2.736779339065630341e+10,3.124099101013423157e+10,3.994778005246099854e+10,2.321075985791145325e+10,2.445497365565563965e+10,2.348569928186783218e+10,3.098340740720238113e+10,1.802429723737438202e+10,4.228127733924775696e+10,2.696379343270212173e+10,2.581126958315863419e+10,2.025714135702559662e+10,3.208351826618944931e+10,3.332343658276455307e+10,3.039608867342984390e+10,3.572847128454959869e+10,2.678842329166288757e+10,2.073332891988812256e+10,3.829253883104619598e+10,1.830294713221834183e+10,2.287967900946492004e+10,5.229655670674406433e+10,2.896651317421854782e+10,3.981687517958053589e+10,2.709464241316224670e+10,3.364010188833732605e+10,2.339171739129874802e+10,3.301347740941090775e+10,4.199419769470092773e+10,2.805105419358191299e+10,2.408605278193857956e+10,1.887126024450619507e+10,1.795343107907202530e+10,2.190263932433257294e+10,2.251442471832883835e+10,2.415228233309067535e+10,3.795350486361463928e+10,3.994254480902897644e+10,5.172644268324609375e+10,1.890422020225535965e+10,2.139739594249399567e+10,3.451846679808118439e+10,2.236029474443221283e+10,2.893497520425993729e+10,4.585866317038527679e+10,3.130770034562665558e+10,2.321556818171079254e+10,1.900303073103764343e+10,2.902969091898921204e+10,2.763235589876653671e+10,3.770033287142116547e+10,2.189265944421275711e+10,2.433138139031631088e+10,3.251816391380512238e+10,3.553733092338545227e+10,2.322375097835960388e+10,2.790535025885416031e+10,2.503426755569817734e+10,2.553752491306359863e+10,2.869124606403133392e+10
1.940139462473372650e+10,1.461024185619632339e+10,2.833687163575031662e+10,2.732849954261812592e+10,2.065123978222541046e+10,2.698626838970519257e+10,2.928945647489680099e+10,2.017008377967775345e+10,2.988681216650973892e+10,2.065770952588231277e+10,2.105238023685972214e+10,3.362913700681562424e+10,2.127370351146679306e+10,1.857355566909738922e+10,2.262855715877568436e+10,3.047237375514021301e+10,2.386043500277878952e+10,1.915164936669152069e+10,2.496977434371669006e+10,2.693794101800925064e+10,2.272703410628256607e+10,3.383542841980572510e+10,5.283454841448690033e+10,2.767359509771266174e+10,1.903331154478450012e+10,8.598087392279878235e+10,2.990426635581412125e+10,2.179648873856240463e+10,3.075267894150342560e+10,2.324171386781627274e+10,2.569767691166162491e+10,2.860420938087872696e+10,5.039605039206242371e+10,2.766475331198670197e+10,3.110138639684810638e+10,1.995268026008686066e+10,3.946039266164698029e+10,2.240763969034953308e+10,1.749792935789174271e+10,6.127637861424962616e+10,2.952542837918324661e+10,3.786725869030242157e+10,2.221205531781893158e+10,1.799730112910723114e+10,2.214523270212667847e+10,1.901559086838174438e+10,1.931955769163173294e+10,2.439312083196637344e+10,1.765601876823228073e+10,1.926829897718097687e+10,1.972516999829927444e+10,4.245975082574172211e+10,2.114080453713552856e+10,1.625582244078077316e+10,4.645506653053839874e+10,2.631485125105715561e+10,2.476813580530882263e+10,2.151619126405304337e+10,2.585150155711542511e+10,1.733001793466870117e+10,2.197199908106075287e+10,2.143147950866175079e+10,2.054069534237060165e+10,2.279777733759868622e+10,1.776489650248491287e+10,2.210876992492074585e+10,3.163354690360978699e+10,1.871804926194392395e+10,2.098289424310181427e+10,2.397475063427661514e+10,3.185717378975947571e+10,2.712099281192615509e+10,2.507651130965589142e+10,2.270791752273944473e+10,2.684627193710419464e+10,3.837222539037291718e+10,2.622397357508665466e+10,2.505821438142294693e+10,2.198440691187612152e+10,2.224937689893612671e+10,3.513349650329295349e+10,2.229242226689554977e+10,1.734831560769324493e+10,1.843966922295964432e+10,4.451095465747522736e+10,4.221933917303693390e+10,2.339845963088714981e+10,2.096566085940501404e+10,1.624695579530496407e+10,4.283425522106401825e+10,3.491777404676403046e+10,3.364409268960518646e+10,1.526217830514275169e+10,1.979364063463078690e+10,1.690622815057834053e+10,4.146869000329576874e+10,3.025920576566922379e+10,2.535112991364215469e+10,2.145261103976004791e+10,2.435437691894015121e+10
2.715206664685717392e+10,2.353065548083274078e+10,2.334722824890030670e+10,1.605772526147939491e+10,4.445944200132279205e+10,3.152995904392722702e+10,4.161224201647914124e+10,2.515321023124844742e+10,2.230193055824732208e+10,2.648497536907905579e+10,1.543394030303703308e+10,1.756270814773015594e+10,3.054964569645943451e+10,3.328761069322967911e+10,2.726521020991544724e+10,1.849910065170353317e+10,2.799502404446820068e+10,3.492595066684801483e+10,2.355607262085343933e+10,4.072271083035316467e+10,2.267132333903025055e+10,2.560354703824380493e+10,6.208635304306565094e+10,2.186038329087046051e+10,6.886573913242323303e+10,2.374620852578789520e+10,2.234839279667744827e+10,2.981456063427170563e+10,1.874244460653974533e+10,2.615148750187170410e+10,3.502695088307066345e+10,2.953469297446866608e+10,4.884072428074696350e+10,1.655065008294685745e+10,1.802187338128065872e+10,1.750920289750757599e+10,5.698564469718787384e+10,2.184987964976544952e+10,2.502186439503921890e+10,2.422658293186473083e+10,2.732779055435238647e+10,2.227015395178865433e+10,1.670849074269959641e+10,1.969453481742045593e+10,2.426146355664720535e+10,1.948957093780128479e+10,1.975089194686991501e+10,2.272820805140743637e+10,1.470704140611845970e+10,1.629098477971420097e+10,1.746676639364937592e+10,4.338495221650276947e+10,2.430215552874094009e+10,3.184112617324140549e+10,1.595391944413552475e+10,2.616322274565827179e+10,1.657524819573083115e+10,3.160965563011848068e+10,3.011170299775716019e+10,1.929526186339577484e+10,2.762162928688980484e+10,2.091184339524492645e+10,2.754622737018785477e+10,4.886450928270496368e+10,2.673400743106861877e+10,2.660013577999044037e+10,2.080614868594858170e+10,1.555098569055715942e+10,2.463935802500615311e+10,2.620607197960990524e+10,2.658682050138361359e+10,2.294570374483858109e+10,2.869346273469557571e+10,2.050259020811095810e+10,2.569907632959677505e+10,2.347950200993078232e+10,1.592879041816618156e+10,2.692234524972121811e+10,2.246073839901965332e+10,1.903991092749238968e+10,1.603808540321656036e+10,2.660821370192843246e+10,1.774147573803636932e+10,3.109328469045687485e+10,3.581377518965875244e+10,2.096650029042009354e+10,2.238426804568043518e+10,2.110645091915852737e+10,2.420089852338032913e+10,3.075011293553557205e+10,4.758667159221456909e+10,2.078375964927186584e+10,3.055912795894955826e+10,2.697525482885364532e+10,1.816974853625415039e+10,2.699630768996901703e+10,1.603318297368563080e+10,3.125362969376342773e+10,3.220519860810554123e+10,3.486752559880261230e+10
1.999836312894299316e+10,2.263268230070452118e+10,2.133929920714018250e+10,2.911866707014539719e+10,2.104051724222732544e+10,2.256298678342000580e+10,1.737460554589872742e+10,2.681871093419685364e+10,1.586183655903173828e+10,1.871321808243935394e+10,3.064034331204380035e+10,1.898774915785795212e+10,2.498998221164801788e+10,2.544807629146472931e+10,2.262356376318658829e+10,4.262233735835852814e+10,2.565210101897626495e+10,2.474490068249646378e+10,1.909850260525978088e+10,1.756433063346096802e+10,2.051756217170049667e+10,3.225304139089764786e+10,2.057694049342641068e+10,2.356264553480099487e+10,1.678397373745238876e+10,2.030760273671917725e+10,2.082156447684023666e+10,2.447331695182788086e+10,1.563133114938501930e+10,1.952701620863175964e+10,1.949005149204899216e+10,2.994770015902597046e+10,4.512256284765970612e+10,3.862472203369031525e+10,2.271228536891878510e+10,1.648756306370298576e+10,3.210591966997365570e+10,3.114645559122740555e+10,2.571268894131293869e+10,3.020517267710367966e+10,2.297195685356352234e+10,2.180442879343146896e+10,2.703684377937256622e+10,2.949430454056338501e+10,1.576422879859171295e+10,3.764969523490137482e+10,2.844440533289170456e+10,2.206180173420285416e+10,3.951342701321978760e+10,3.183411066794279099e+10,2.572553604442229843e+10,2.321154386433204269e+10,2.007493641778779221e+10,2.938863956909216309e+10,3.061507323433065796e+10,2.699315258968452072e+10,1.569725590095734978e+10,4.721461809183290100e+10,2.254948602369576263e+10,1.693412184248072243e+10,3.455951390720069122e+10,1.974965675106772995e+10,2.584353013316843414e+10,2.566366410021556091e+10,2.338056578331510162e+10,2.372410032977553177e+10,2.108721567208507538e+10,2.687086899856735611e+10,2.305721039661749649e+10,2.444485164549148560e+10,3.731946389632854462e+10,2.348209605590058517e+10,1.483191911379735184e+10,2.177014740260542297e+10,2.976298645188902664e+10,2.925963001379893875e+10,2.905977951521516037e+10,2.143222099061003113e+10,3.396915623899480438e+10,1.897474991403038788e+10,1.991310742713499069e+10,1.507421533682456207e+10,2.527813583898228836e+10,2.715746817848615646e+10,1.956426293218915558e+10,2.713093450433700180e+10,2.327384856026969910e+10,3.216461011080511093e+10,1.950696347697597504e+10,2.837897805935738754e+10,2.335260667008380508e+10,2.088939879089559174e+10,1.273868322051002502e+10,1.842584739241253281e+10,1.793078290959720993e+10,1.480441448355263710e+10,3.872485048409954834e+10,1.923786008702713776e+10,5.417595119102886963e+10,2.316177332202682495e+10
1.951227597355662155e+10,3.072536497564563370e+10,2.872590212591753387e+10,4.385491099153290558e+10,3.548322625363477325e+10,2.574328113336766052e+10,1.405423347113209534e+10,2.720611684226641083e+10,3.214083748351374817e+10,1.629290398712091446e+10,2.788990186867411423e+10,1.595186208433753967e+10,1.995342854978943253e+10,1.468824504381111336e+10,2.012124909355728912e+10,2.572553224366289520e+10,2.070107556811022186e+10,2.314004949184703445e+10,3.318941542717695236e+10,1.811991158558174896e+10,2.615148993176891708e+10,2.702727319349711227e+10,3.445248461500487518e+10,1.864648053940253448e+10,2.019090371723746872e+10,1.882433271377489471e+10,1.723076126702021408e+10,2.695226957031519318e+10,2.204632951755201721e+10,2.679828411523936081e+10,2.885126779635253906e+10,3.327067859110102081e+10,1.792914097263297272e+10,2.277902363623553085e+10,1.836155838787243271e+10,1.753700338507618332e+10,1.900758061483969116e+10,2.077938902601642227e+10,1.957281254184321976e+10,4.563432940630280304e+10,2.760548832128685760e+10,2.610705324943839645e+10,1.944006703054396057e+10,2.154198854907569122e+10,2.254736025135684967e+10,1.940397053529858398e+10,2.593901644138290024e+10,1.600791799597711372e+10,2.133663763691748810e+10,3.066443356821169281e+10,2.362668459920959091e+10,2.007630104537622452e+10,2.271219730644745255e+10,2.709495279778949356e+10,1.656853446528852463e+10,1.564546175328849411e+10,1.181274914969072723e+10,2.251727499545632172e+10,3.364742263831356430e+10,1.767156725475778961e+10,1.766728164357424545e+10,2.315722686080031586e+10,3.312206523561077118e+10,1.886965756881307602e+10,4.075011316073262787e+10,2.246659936698711395e+10,2.264589852763616943e+10,3.027755933598789978e+10,1.892280379098427200e+10,3.922169027581747437e+10,4.143623250340891266e+10,1.968793888004122543e+10,2.751568524833438492e+10,2.138083574031615448e+10,5.356509442975856781e+10,2.148930393227896881e+10,4.628979705674968719e+10,2.208924190553947830e+10,2.176852066702156830e+10,2.674313994648768616e+10,3.238069280468830109e+10,2.707942350103424835e+10,2.892838471411753464e+10,6.003159490077237701e+10,1.954361736826308060e+10,3.203206914143457031e+10,1.910077882465564346e+10,1.558959522619959259e+10,2.708679334029222107e+10,3.537786316490180206e+10,2.436979577586092758e+10,3.182708561108916473e+10,2.356437072912886047e+10,2.856767943196833038e+10,2.179731204904402924e+10,1.890931774620658112e+10,2.121168254793126678e+10,2.034453714001535797e+10,1.168434068171535873e+10,2.553756278418057632e+10
2.388002883272103119e+10,1.459250426289419746e+10,1.868755230733464813e+10,2.396957486165276718e+10,2.420567387215674591e+10,1.944449909642948532e+10,1.494240321900414467e+10,2.612100812962332916e+10,3.123298635679896927e+10,2.307695889476436615e+10,2.104987647458722305e+10,1.525682515342867661e+10,2.626475995656978989e+10,1.999280816637763596e+10,2.162600317919748688e+10,3.999607125279593658e+10,3.017128991350255203e+10,5.281396029546683502e+10,2.094417735279587173e+10,2.615620626042926788e+10,1.366978843541169167e+10,2.397758044182353973e+10,2.260095867071731186e+10,2.706110651986676025e+10,2.921640603076925278e+10,1.520115648395049095e+10,2.116290869346716690e+10,2.305542615505207825e+10,3.544405002388156128e+10,2.621966187531797028e+10,2.463497434739890289e+10,2.162921816418220520e+10,4.489783172699433899e+10,3.943542646564640808e+10,2.582583080462712097e+10,1.863745437291092300e+10,2.189958543532549286e+10,2.058490172700124359e+10,2.736258819197423553e+10,1.827072020033397675e+10,1.960973977403934097e+10,4.133180511683122253e+10,2.057634156872701263e+10,1.945924661425531387e+10,2.251739932522799301e+10,2.125763564428264236e+10,2.727574177518770599e+10,1.599413516599134445e+10,1.994944802547170258e+10,2.120725609952284241e+10,2.837876146276644897e+10,1.522828388797671700e+10,3.965180579006639862e+10,1.771830479309797287e+10,1.985336068769555283e+10,2.029677285091548920e+10,2.510710725737766266e+10,2.951107381298788834e+10,2.857674642745160675e+10,2.764196889745466614e+10,5.893687083539960480e+10,3.240616057704803848e+10,5.218104410173356628e+10,2.014554759883367157e+10,3.648242191328210449e+10,2.110746042625901794e+10,1.726580050399353409e+10,3.622467479306781006e+10,2.023406856009972763e+10,3.255705996226357651e+10,2.118553457027712631e+10,2.016288757278133774e+10,2.846955405402063370e+10,2.707248414259624481e+10,1.978508592563497543e+10,1.957933636789976883e+10,2.793096598473981476e+10,2.070083430477642441e+10,2.305393598368202209e+10,2.701860400574112701e+10,2.593349391613029480e+10,2.072304620727471161e+10,1.983751231507361603e+10,1.648041794680852890e+10,2.721034385808514786e+10,1.846145203389054108e+10,2.781910375797024155e+10,3.028599873657022095e+10,1.992703619706904602e+10,1.729337638038953781e+10,4.676343297855878448e+10,1.533543304338826942e+10,1.820139703015602112e+10,2.631356685667271423e+10,2.489596494240733337e+10,2.174080330696427155e+10,2.058479062694499588e+10,1.725106879523694229e+10,1.535403801900476074e+10,2.322024685976371765e+10
1.585056033165017700e+10,1.370462754383536339e+10,2.594909533030612564e+10,1.540908676974382973e+10,1.894102229330890656e+10,2.835134332918544769e+10,2.089114324010292816e+10,1.895143364457574081e+10,1.697657526009793091e+10,1.642466893316392326e+10,2.182308616048255920e+10,2.279731476314756775e+10,2.624123386621796036e+10,1.873944587671443939e+10,2.240263037419298553e+10,1.524361848552090645e+10,4.557165874737020111e+10,1.309070493174148750e+10,2.334409053699278259e+10,2.099356885547747421e+10,1.350863953381071854e+10,2.549546514567193222e+10,2.003305242184984589e+10,2.241155980229713821e+10,1.284638014568027306e+10,1.780710768662070084e+10,2.871685306951227188e+10,2.367577077989221954e+10,1.740941502040025330e+10,2.107304701645264053e+10,2.853375936343845367e+10,2.126727258437982941e+10,1.773221522042761230e+10,2.950627665308563232e+10,2.406038825398016357e+10,2.298626876945495987e+10,2.329215161228531265e+10,3.259692085100862885e+10,2.083602400806943512e+10,3.795834206029249573e+10,1.639090644960776138e+10,3.334421649048721313e+10,1.665138562190905380e+10,2.420559281551741409e+10,1.356177302909670639e+10,4.150010309443350220e+10,2.278160043846597672e+10,1.856263880105950165e+10,3.145878175672707748e+10,1.695657951905185318e+10,1.891226854767645645e+10,2.224593761908397675e+10,2.067853626992316818e+10,6.799726383931996918e+10,2.845160161036140442e+10,2.663517486947843933e+10,2.993066126415993500e+10,4.496063087862733459e+10,1.867348873175221252e+10,1.948799466664301300e+10,2.006549714344065094e+10,3.537001675458264923e+10,3.466458305273448944e+10,2.369491269451530457e+10,3.062938792615999222e+10,2.818141494632101822e+10,2.584834318899251938e+10,2.393987058524890137e+10,2.876465133231673050e+10,1.742728378864116669e+10,1.827947179947695923e+10,2.165941430104366302e+10,2.316060494393629074e+10,1.834579763403816986e+10,2.163963574878467941e+10,2.855239166227463913e+10,4.759001301906538391e+10,3.821004208937364197e+10,2.831412212419568253e+10,1.633674219827004242e+10,2.311259660518954849e+10,1.362108185292349243e+10,1.632986868038241386e+10,1.833238660549202728e+10,2.007197394938512421e+10,2.849188449180709076e+10,2.412421247846150208e+10,3.269539184686759567e+10,1.769863685953836823e+10,2.259087542231833267e+10,3.719441441060649872e+10,1.734186132761163712e+10,1.948168041826182175e+10,1.319366693554012680e+10,2.136149376046931839e+10,2.594083840712319183e+10,1.488577408538714790e+10,1.553481503916283798e+10,1.691770920818379784e+10,2.393874008254255295e+10
1.679261266727053833e+10,1.449574230848076630e+10,2.078396629500752258e+10,1.609887787544099998e+10,1.775988499809291840e+10,1.690710703449976540e+10,1.357149838187308884e+10,2.814557193529809952e+10,2.559488962704859543e+10,1.699496147814475632e+10,3.899390591696834564e+10,2.299596161261621094e+10,4.648017267347267151e+10,2.150534477301866150e+10,1.817520166809722900e+10,2.247892767650951385e+10,2.356346684007207489e+10,1.974043185270679474e+10,2.529899953294707108e+10,2.431191794295786285e+10,2.266157851763847351e+10,3.336482097161576843e+10,2.740326459834060669e+10,4.064703455537855530e+10,2.688340557668110275e+10,3.017005985755150223e+10,2.144510374870396423e+10,1.227508958062996292e+10,2.607769100947450638e+10,1.881287111958191681e+10,2.078313641176922607e+10,1.798669187899395370e+10,3.315751045862492371e+10,2.792360176397474289e+10,2.522343418856870651e+10,1.929607255079991913e+10,1.824694532170854950e+10,3.089101147112562943e+10,2.146758107536506271e+10,2.408863397275867462e+10,1.986930985251299667e+10,2.750695926132913589e+10,2.287703981561878586e+10,1.901983365482570648e+10,2.985097562079459763e+10,2.592019177426165771e+10,1.892747309485701752e+10,2.199180234425294876e+10,5.572401365759220886e+10,2.271400479744636536e+10,1.933227275902054977e+10,1.595904259479063225e+10,1.729900696798128510e+10,1.988535767817361450e+10,2.205457922073176193e+10,2.142225181874208450e+10,1.757863902370530701e+10,2.290102270315108871e+10,1.796580642619244766e+10,2.089633115587550735e+10,1.858968848974454880e+10,3.130342657646515274e+10,1.732200543083993530e+10,1.840298962181379700e+10,2.827505029962195206e+10,3.144166368250873184e+10,1.989879108854320526e+10,2.048715135587845612e+10,2.545123390383878326e+10,1.843529588699871063e+10,2.569907206583668137e+10,3.986628071832508850e+10,3.211291311471290970e+10,2.453277473965858459e+10,1.418714593889871597e+10,2.718446627764521790e+10,2.068750589993293381e+10,4.235800436200605774e+10,2.653810996045210266e+10,2.954591049446844101e+10,3.836456760049445343e+10,1.587155611322281265e+10,2.995369961112213516e+10,2.852372910149958038e+10,2.149820071064456177e+10,1.779692752932615662e+10,1.711561886784232140e+10,1.972695635940885162e+10,1.451935114333720016e+10,1.906361930568488312e+10,1.465138476118405724e+10,1.782479470897378159e+10,2.565710668126114655e+10,2.631717862071416855e+10,2.423398577824222565e+10,2.177420232490157318e+10,1.743203531862553787e+10,2.804053585956784821e+10,1.392152946810541725e+10,2.401605236644815445e+10
1.960502953342034531e+10,2.043394948573355103e+10,2.164349528957078552e+10,1.351716006458629036e+10,2.283683852046861267e+10,2.166450682091917801e+10,1.424786441775875282e+10,2.316909258089498520e+10,2.632511720141863251e+10,2.379970654925432587e+10,2.080791229722864151e+10,2.098108207161138153e+10,1.406101495242182350e+10,2.144956254477770233e+10,2.593826097953496170e+10,1.518639681416736984e+10,1.280080097135703468e+10,1.880297061254153442e+10,3.006320212558701706e+10,2.228623499695895386e+10,4.662288024509344482e+10,2.223413784004827118e+10,2.081466015114653397e+10,1.939205998717306137e+10,2.614723186373971558e+10,4.689905565494730377e+10,3.319735934255355072e+10,3.209021160383815384e+10,2.636861626513734055e+10,2.115161385964345932e+10,1.883974347845010757e+10,1.621407030252357674e+10,4.337955018056391907e+10,1.882936335821489716e+10,1.806070722939557648e+10,2.783569791350059128e+10,2.858731501902888107e+10,4.413315375565121460e+10,3.441875124469354248e+10,2.243444994641592789e+10,3.356207859803976059e+10,2.149976726936616898e+10,2.631412610718177032e+10,2.360633312965919113e+10,1.964538394278971863e+10,1.685482025101279449e+10,4.216208282824250793e+10,1.534765673349065208e+10,5.621604418426272583e+10,2.042415193198610687e+10,1.730206225437446594e+10,2.444941026628313446e+10,1.638109962780429649e+10,2.289978144987641144e+10,3.293941392641789627e+10,2.899744012494711685e+10,2.367230951371875000e+10,3.483529565069739532e+10,1.954033771558902740e+10,2.139512882365291595e+10,2.656142112340209198e+10,1.660950283103021240e+10,2.424062752436075592e+10,2.490389095530410767e+10,3.520253751512626648e+10,3.148237749105828476e+10,2.884119389050327682e+10,1.414260899808147430e+10,1.451668746107650948e+10,2.374807741500556183e+10,3.264131140303769302e+10,2.957599868875101089e+10,1.789784604536593628e+10,1.800099865743727493e+10,1.965553988169025803e+10,2.204197741047602081e+10,5.946947990355688477e+10,1.989353824405462646e+10,1.559922656597370529e+10,2.072654031249177933e+10,1.468122662756649590e+10,2.207031848417658997e+10,1.680977493580134773e+10,2.245356576501994705e+10,3.469173018044158936e+10,1.521076845352976608e+10,2.830188155129057693e+10,2.115791797647709274e+10,3.058759172941999817e+10,1.832360784687243271e+10,2.657952111787459183e+10,1.451487195476959038e+10,2.273997717110607147e+10,2.067459299965298462e+10,1.820999737692351532e+10,2.275682939211042404e+10,2.131546162052519608e+10,1.874808880127473450e+10,1.651106640949398422e+10,2.449926883588825989e+10
1.733961114773261642e+10,2.095365124570784760e+10,2.437854934780039978e+10,2.395601419167751312e+10,1.732154043734512329e+10,3.291416869199932480e+10,2.506439027482164764e+10,3.391955763288299561e+10,1.790632579708262253e+10,1.833453439567229080e+10,2.536232282578562164e+10,1.666366212265906334e+10,2.171622946021722031e+10,1.350958314176443863e+10,2.033360069745281601e+10,1.954690445235644913e+10,1.839164064793414307e+10,3.202107468983475113e+10,3.602260094223342133e+10,2.034735903459296036e+10,2.178633667443743896e+10,2.260597682906842041e+10,1.688801789422713661e+10,1.985864951842300797e+10,1.499666888762554550e+10,1.830658416802906418e+10,1.450583790298675919e+10,2.578863459482635498e+10,2.107800929511905670e+10,1.989162402820365143e+10,3.015924532919356537e+10,4.524811888641867828e+10,1.926859877632077026e+10,1.631719360652782059e+10,1.742738902529183960e+10,1.531717130430774879e+10,2.506200527823546219e+10,2.294122900547246170e+10,2.146454288065343475e+10,1.610517594702927208e+10,1.465813059538325310e+10,1.788954026606578445e+10,2.214181163963820267e+10,3.386842508974191666e+10,2.437270113408044815e+10,1.998021121077816010e+10,1.820860066822005844e+10,2.322249791296155548e+10,1.636387222219337082e+10,1.683944493907740784e+10,2.343308984532078552e+10,1.389626223290087509e+10,1.589498475157309151e+10,1.182336960783117294e+10,3.728687909775252533e+10,4.379400905793132019e+10,3.478361895646374512e+10,1.403580954208298683e+10,2.624906272069782257e+10,1.578640835889705849e+10,2.061483561423813248e+10,1.949530324470262909e+10,2.653657118882304382e+10,2.993278022206847000e+10,2.103192194878779984e+10,2.708248852323916245e+10,2.030000534947026825e+10,1.829674623820406342e+10,2.794890345913355637e+10,1.523923064047110748e+10,2.455285867562442780e+10,2.172893431566211319e+10,5.185358294427536011e+10,2.052989155687955093e+10,2.516715179738356018e+10,2.354671020103258896e+10,1.625658299683009529e+10,2.068254319743469620e+10,2.067739830074168015e+10,2.871581271008164978e+10,1.969546608680861282e+10,1.620556726368925476e+10,1.823869773083362961e+10,1.663064815579079628e+10,2.760310506136875916e+10,1.434088860140171051e+10,2.315512620903065109e+10,2.730179039302513504e+10,1.601690978129554176e+10,3.070313283136245728e+10,3.185649203882466507e+10,2.140063766419657135e+10,1.813540413388846588e+10,2.091817582609802246e+10,2.017165714857704544e+10,2.910175296182399750e+10,1.803526616847510147e+10,1.450259351402709961e+10,1.921558207571339798e+10,2.241968966312670135e+10
1.970266784037424469e+10,1.722539869103626251e+10,1.715508363754297638e+10,2.278380534880641937e+10,2.502742789187473297e+10,2.550913168201276016e+10,1.691176511771140099e+10,2.735667583358117294e+10,2.093195202809449005e+10,1.611425456223833466e+10,1.677230363817866325e+10,2.671063931618507385e+10,2.005159518472833633e+10,5.732902125361473083e+10,1.560740221856966591e+10,1.539132156256213570e+10,1.653411389071982765e+10,2.137003603130038071e+10,1.889794034030384445e+10,3.288101754920865250e+10,1.591306865067995262e+10,1.593029582044189453e+10,1.775674266556127930e+10,1.377471869565331650e+10,2.494284696809134674e+10,1.729061118732970047e+10,1.424213904760954857e+10,2.395303857461348343e+10,2.130093309073777390e+10,2.517254349069844818e+10,2.622813553718092346e+10,1.618728366557139969e+10,3.833039651164437866e+10,3.142241851645482635e+10,2.064094735241672134e+10,1.670317503458306122e+10,3.281196202899806976e+10,2.157144156473039246e+10,1.995513067326730347e+10,2.801145614618150711e+10,1.813374938568546677e+10,3.694889946631652069e+10,2.125025396741827393e+10,1.803793147777033615e+10,1.717337372953732872e+10,1.704516219201251602e+10,1.928416600224642944e+10,1.608371682385787964e+10,2.249187326846604919e+10,1.881200317605337906e+10,3.307194111318770981e+10,2.436994667431895065e+10,4.330983990215640259e+10,1.874653334106214905e+10,2.519133282381127548e+10,2.363519388497228241e+10,2.957024843044892883e+10,2.162487035784784317e+10,3.089779019255952454e+10,1.841554881757128525e+10,3.428692704627807999e+10,2.201214197586610031e+10,2.649715377412528610e+10,1.939954919999579620e+10,2.633073887863545227e+10,1.920570022953462601e+10,2.880898978382140350e+10,2.005917625741507721e+10,1.369572493649126244e+10,7.295390952758380127e+10,1.658526723685946846e+10,3.107235276781552505e+10,1.705735315253253174e+10,3.546697007503334045e+10,3.557542479035774231e+10,2.617619419139244080e+10,1.866679946244766998e+10,1.829411260520497513e+10,1.877017043591594696e+10,2.628190371172437668e+10,1.705544859675073433e+10,1.475091843845709229e+10,3.091780309959889221e+10,1.560550709010740471e+10,2.228174459811040878e+10,1.462971007067031670e+10,1.807110942327376175e+10,1.360840774882041740e+10,1.841126971312850189e+10,1.908746552511975479e+10,1.924564847292520905e+10,1.635417424756569099e+10,1.529833173498959923e+10,2.113468587385736847e+10,3.669805361922576141e+10,2.084920783087847137e+10,2.130046458666567612e+10,1.795518907473827362e+10,1.443581304529675293e+10,3.530406696565635681e+10
1.732498851109046936e+10,2.139933489212079620e+10,1.580737941644634628e+10,3.832502422753413391e+10,1.832290878307446289e+10,1.557093275451058388e+10,2.037344717365607452e+10,1.660252844825617027e+10,1.614264571339358521e+10,2.245388984803928375e+10,1.280369154163360596e+10,1.489608186496945381e+10,2.797544270304823685e+10,2.265321992997661591e+10,2.060055690808747482e+10,2.286247542560063553e+10,1.544637983483676529e+10,1.542549910032399368e+10,2.015307564519538498e+10,1.634722632203788376e+10,1.558811806896166611e+10,3.149213112910281754e+10,2.043055393423041916e+10,1.411634730462772751e+10,1.307490126250380898e+10,1.643097843866823387e+10,3.924888962819171906e+10,2.293955872294408798e+10,1.799474388911746597e+10,1.775043256589425659e+10,4.259862860256101990e+10,2.552889099392755508e+10,6.376186103031012726e+10,1.820413316098070526e+10,1.930191742429574585e+10,2.057462376363271713e+10,1.688670574133575058e+10,3.166407770070776749e+10,2.506727344290369797e+10,1.316337198772277260e+10,3.364091966580108643e+10,1.869223564104220581e+10,2.048618877446011734e+10,1.214921558928205681e+10,1.562284146041924667e+10,1.509262323059142685e+10,1.764749585655117416e+10,2.169601402882396317e+10,1.827286754656354904e+10,2.405627300979255676e+10,3.428656419314743805e+10,3.144011114297678757e+10,1.781821777556617355e+10,7.006071294916441345e+10,3.921298375173374939e+10,2.579460293088754654e+10,3.414097286340122604e+10,2.208320258210971069e+10,2.221635529790699387e+10,2.994140239066660309e+10,1.625213369673020363e+10,1.524298870059582138e+10,2.422907432756039810e+10,2.017805499811112595e+10,2.456202226059945297e+10,1.901748091653759003e+10,1.545361604868401718e+10,1.446630803458295059e+10,1.893693645450180435e+10,1.666402051422309875e+10,1.775691007070180511e+10,2.045262967697638321e+10,4.062155472886416626e+10,2.165889125450112534e+10,2.734462567532041550e+10,1.599860294699131966e+10,1.934030175845706177e+10,2.325097608380244446e+10,1.587048670239987183e+10,2.544609681951442337e+10,1.434589295408864212e+10,1.645134785145821381e+10,1.948138343757471466e+10,1.981072697360855103e+10,2.008466630905971527e+10,1.349774675550629234e+10,2.011782573684572220e+10,1.837794486539255142e+10,1.654376951515651321e+10,1.961550842661214447e+10,1.707768147062716866e+10,1.711063662682517242e+10,2.250688690132327271e+10,1.721153496302984238e+10,2.030328146905194473e+10,2.342555493389527512e+10,1.672917155593084526e+10,2.655733274043829727e+10,1.666380263330112839e+10,1.764474803109643173e+10
1.425839840775840569e+10,1.458700770559336090e+10,2.574842611111610413e+10,1.698513536222102737e+10,2.398214258794219589e+10,1.658126687695882797e+10,1.569397279379092407e+10,1.330602186963412285e+10,3.746973362466049957e+10,2.488212891800737762e+10,1.337031437781902122e+10,1.364891446321236420e+10,1.890402791946155548e+10,3.486349090154819489e+10,2.007874234871045303e+10,2.044133515434324265e+10,2.140117600402320862e+10,1.457597245311963081e+10,1.984605423269730377e+10,2.467449791033820343e+10,2.529020864064517975e+10,3.113271807424014282e+10,3.175406884806834793e+10,2.946537644122710800e+10,1.936115323739593887e+10,1.531153761418687248e+10,1.710214265912760925e+10,2.006328542907521820e+10,1.630178906934608078e+10,2.191916791124021912e+10,2.381856745184613800e+10,3.205616467875885773e+10,1.994268462095506668e+10,3.048624359270299911e+10,1.887597036473609543e+10,4.925961162467613983e+10,2.277650243573409271e+10,2.216945398113940430e+10,2.010741258964247513e+10,4.863295588057256317e+10,1.383389123952572632e+10,1.766679858151569748e+10,3.090467655672003555e+10,1.974152620617072296e+10,2.008757933003740692e+10,1.674972702926779556e+10,1.658571469631275558e+10,1.656941778012628555e+10,3.575001248370080566e+10,1.805002792394205856e+10,1.435648671712180710e+10,2.477593834514798737e+10,4.147571453558118439e+10,3.278134202512599182e+10,6.948887315838372803e+10,1.684994450479937363e+10,2.015857344929444122e+10,3.445381433909668732e+10,2.280750439638346481e+10,1.906698965266931152e+10,2.231393692317008591e+10,1.551789593618446350e+10,2.580903979226916885e+10,2.361348523585686874e+10,1.976883124672382736e+10,1.578435005443692970e+10,3.485759725528818512e+10,1.822547934670238495e+10,2.560071263489195251e+10,1.355722565853859711e+10,1.690207599380853844e+10,2.133224618067364120e+10,1.433663376454395866e+10,1.765601202600041580e+10,2.926318590687908936e+10,2.057786449008506393e+10,1.711868757259280968e+10,2.736578552991869354e+10,1.147245601046208191e+10,1.888745054691410065e+10,2.150912142050296021e+10,3.382067732116592026e+10,2.911105416345065689e+10,3.152306565028633499e+10,1.644758307335122108e+10,1.471477814447794724e+10,2.961449882835863876e+10,2.065898547003673935e+10,2.061536869842144012e+10,1.904523593796464157e+10,1.937046201970216751e+10,2.817603733934753036e+10,1.702894906579929352e+10,2.473364379816278458e+10,2.107762408063038254e+10,2.089556146156196213e+10,2.395300634432989883e+10,2.458629472629085922e+10,2.401143263776299286e+10,1.590362387602028275e+10
2.471306139436566544e+10,3.986966868550157166e+10,2.023258681613550949e+10,1.933910326960836411e+10,2.259891222175310135e+10,1.686889816044314957e+10,1.088885325411096764e+10,1.125075203653486061e+10,3.645955386623457336e+10,1.867190457037906647e+10,1.232589978640754700e+10,1.779924417790489960e+10,1.078918897910357285e+10,1.612816515736062050e+10,2.592713981960280228e+10,1.712934108673325729e+10,1.536159092622185516e+10,1.872823585043257523e+10,2.876049420312675858e+10,1.974518075918516922e+10,1.622776714924065399e+10,1.840267180264213562e+10,2.107814553492677307e+10,2.579510286416844559e+10,1.854741385615822983e+10,2.549946412111807632e+10,2.839698085962827301e+10,1.719533469402674484e+10,2.151452381362814713e+10,1.801556181581259155e+10,1.458558893153381157e+10,3.173290895850151062e+10,1.918796878260654449e+10,2.954781943068756485e+10,1.994157916086213303e+10,1.317357834080220795e+10,2.819266933578620148e+10,2.200082083911601257e+10,2.084120191479693985e+10,1.482729575398524475e+10,1.761993113704109955e+10,1.800199325524768829e+10,2.970872456479019165e+10,1.639495037835438919e+10,2.432323710667510986e+10,1.826911891968188095e+10,1.851611614075365448e+10,1.243425768818892860e+10,1.703396815150095749e+10,2.737779074516248322e+10,2.794757247680185318e+10,2.396819979039494705e+10,2.403107713412875748e+10,1.628896399313821220e+10,1.518437260673448753e+10,2.792523190548025513e+10,2.065588068881022263e+10,3.898894576250495148e+10,1.744683536947847366e+10,3.366322104638180542e+10,2.616771122089340973e+10,4.012611984869853973e+10,2.458123178603200531e+10,1.755650630181812668e+10,2.513783682960982513e+10,1.442827154136246490e+10,1.843739459691910934e+10,4.123294013969650269e+10,2.773654667687490082e+10,3.049667804438337708e+10,6.946823209891900635e+10,1.567438852268218422e+10,4.820958134616167450e+10,1.444655535556636047e+10,2.040111086631118393e+10,1.820273916537062073e+10,2.231956337625436401e+10,2.552103360581049728e+10,2.883492568668974304e+10,1.950728424887653351e+10,2.632771559862636566e+10,1.969153349662331772e+10,2.065009517109790802e+10,1.585358149739898872e+10,1.992546678686013794e+10,1.422333998833715057e+10,1.604352023856386757e+10,1.476737000100995636e+10,1.270922806531197548e+10,2.490938644894968796e+10,1.748009967239360809e+10,1.845185773458980560e+10,1.676374514811854744e+10,2.932586232137378311e+10,1.823939687648201752e+10,2.044032793445941162e+10,2.762063311886138535e+10,1.992367404896395493e+10,1.968194241296693039e+10,1.524870177499003410e+10
4.650330672889083862e+10,1.904290329381576538e+10,2.121825397070297241e+10,1.610636244372448921e+10,1.974046209761341095e+10,1.702493904588950920e+10,2.684275154852864456e+10,1.317482813092183304e+10,1.575883094622689247e+10,2.345730102861271286e+10,1.577234424751422119e+10,1.618886751823169899e+10,2.160248524163430786e+10,2.188098841591986847e+10,1.575096309911375618e+10,1.611572363859265518e+10,1.658316486995840073e+10,2.108270902710766220e+10,1.975942696122309875e+10,2.488906012166355133e+10,1.923438096439097595e+10,1.922960250693974686e+10,2.298984286578490829e+10,1.988227983361824036e+10,1.784429970391017914e+10,1.653351395852240562e+10,1.221946018372068596e+10,1.727711368239171600e+10,2.183597192210501480e+10,2.380937426015810394e+10,1.584153922085722923e+10,1.831077280479680252e+10,2.750016156628813553e+10,1.607609838973341560e+10,1.996404169356687927e+10,1.321943609320290947e+10,2.844665450896223068e+10,1.898836904424337769e+10,3.313292839767921448e+10,2.196685638773646164e+10,1.549582201751359940e+10,1.510436945111886978e+10,2.893566108209769440e+10,1.264969933740825653e+10,2.300008611379990387e+10,2.614266657817054367e+10,2.795156024295743561e+10,2.008967584686352158e+10,3.863143729178926849e+10,2.598979754240699768e+10,2.222087079259562302e+10,1.907404440036942673e+10,1.718739601318707657e+10,1.785201081688143539e+10,2.769080669287260437e+10,1.111876611592243385e+10,1.905935390745635986e+10,2.908265645246883011e+10,1.511558850240950966e+10,4.267909301154479218e+10,1.772201050064738846e+10,3.156484185503758240e+10,2.849660473627095795e+10,1.989863343687952805e+10,3.083505241428759384e+10,2.101285739141872406e+10,1.539209017982667351e+10,2.376020503939520264e+10,1.750905401564636612e+10,1.914780947772934723e+10,3.568759569497335052e+10,6.851015994171958160e+10,1.837769807455239105e+10,2.468667859759976196e+10,1.246969181437309647e+10,1.713505421342111015e+10,2.279049293843527603e+10,1.449059921992718315e+10,1.658292762889838791e+10,1.957799512713798904e+10,1.501765694617432785e+10,2.183463182518724060e+10,2.022431347208350754e+10,2.450618418692330551e+10,2.268454642983710098e+10,2.097578222480531693e+10,1.926187465906517029e+10,1.365202614511225319e+10,1.193240535251399040e+10,2.956083862896392822e+10,3.194897086256573868e+10,1.725759285186448669e+10,1.424547044641386414e+10,1.964951622233646774e+10,1.601355493606975365e+10,2.366777571163483429e+10,1.591221764243680954e+10,4.008877121710262299e+10,2.454235279398818588e+10,1.597239800885963058e+10
1.868751217574720764e+10,1.422150648784875298e+10,1.384388996212971878e+10,1.318311790312722397e+10,1.916450964996612930e+10,5.253058841990567017e+10,2.427182210634508133e+10,2.301665920291623688e+10,1.228142991121384239e+10,3.752344386330328369e+10,1.406334634253793144e+10,1.278085030571370316e+10,1.986375797470283508e+10,1.715295166477822304e+10,1.997922699593172073e+10,1.689917798490655518e+10,2.480683847482516479e+10,4.052944882501437378e+10,2.139691165560078812e+10,2.048589193909970856e+10,1.499222416877808380e+10,2.344914847765349579e+10,4.408491894437487030e+10,1.801193208645037460e+10,1.536005350788764572e+10,1.816559996364920807e+10,1.869767145369725418e+10,1.481097926318829536e+10,1.462673720597472191e+10,1.632252007415349579e+10,8.453053800706007385e+10,2.759046084367826843e+10,2.025958058782272339e+10,1.427957305985680580e+10,3.537717173699948120e+10,2.325321604452676773e+10,2.858624831065450287e+10,1.608154951613697624e+10,1.953922906335286713e+10,1.343343207303706741e+10,1.531509023875260353e+10,1.651236650515931702e+10,1.986679265071762466e+10,1.281065413741703224e+10,1.625492010251370621e+10,2.385472661952083588e+10,2.855892000530333710e+10,1.450830552175076103e+10,2.691175219339273453e+10,1.762839770033325958e+10,2.176201113190203476e+10,2.376373847523743820e+10,1.815698222250982285e+10,1.417799577495813560e+10,1.973254706277388382e+10,2.051761206576729965e+10,2.234940604160163116e+10,1.736186742406804276e+10,2.564921836077294922e+10,2.440767403459217834e+10,2.913983699150621033e+10,2.896135422997560883e+10,2.163712352584666824e+10,1.744380264536825943e+10,1.562768097897625160e+10,1.756975760134339905e+10,1.708216818700947952e+10,1.697733995716259193e+10,1.506873042203516197e+10,1.354152161581545830e+10,3.042422905308374786e+10,1.648698786002891922e+10,1.279204167319241714e+10,1.937290512528589630e+10,1.240798985104754829e+10,1.297236661338741302e+10,1.978454105481870270e+10,1.344497548278813744e+10,2.496791348220365524e+10,4.116560921491091919e+10,1.434823061254980469e+10,2.941726192366800690e+10,1.590329769286755180e+10,1.619103135045280075e+10,2.990948142723165894e+10,1.558028366770536041e+10,1.699809998432596970e+10,2.968357824857839203e+10,1.866960368754143906e+10,1.074505009708283234e+10,2.022170148461653137e+10,4.477989315629541779e+10,2.553177128324890137e+10,2.763752282231847000e+10,1.449734258107437134e+10,9.786135930424617767e+09,2.794566783948822784e+10,1.699376963201668739e+10,1.623470999433185577e+10,5.230105544817913818e+10
1.615548590537342072e+10,1.818981457923537445e+10,2.439796867167370224e+10,2.083921540635256958e+10,1.678843810263348007e+10,2.274755631505084610e+10,1.893226987645698547e+10,2.088113120250578308e+10,1.735528271832148361e+10,1.752572653726118469e+10,1.761828237901081848e+10,4.151632295439490509e+10,1.566862608644379807e+10,1.755665857495386887e+10,3.004086624722645187e+10,1.593069231754450417e+10,1.987130711580830002e+10,2.478441438897764587e+10,2.482370144437074280e+10,1.682511654889888191e+10,1.498849639831815338e+10,1.765757245718273544e+10,1.208819391677429581e+10,1.889394365030857086e+10,1.224060970338687897e+10,2.994715161639783096e+10,2.120409263588783646e+10,2.556772962970727921e+10,2.525359449328000259e+10,2.487935699018297577e+10,3.101658953749784088e+10,1.537275993566728973e+10,2.634639355125863266e+10,2.944569261291906357e+10,1.797357696669831467e+10,1.630663045507285690e+10,2.002984678023345184e+10,2.184511141663161087e+10,2.214033952904230118e+10,2.693406783267051697e+10,1.793188425674813080e+10,2.299086526340018845e+10,1.676291612816151047e+10,1.295277558775707817e+10,1.382942625956910896e+10,1.427810126166389847e+10,1.612405741476276588e+10,2.294788395699957657e+10,1.655821194207789421e+10,5.613000952121261597e+10,4.446256563339859009e+10,2.303167400952204514e+10,1.531632865300412941e+10,2.065828889984125519e+10,1.773554733898346710e+10,2.579227454703865051e+10,3.128792040275894547e+10,3.200218808852076340e+10,1.531235444871611786e+10,2.415106359232284927e+10,2.005335293201657486e+10,2.813040037090935898e+10,2.323840775697211838e+10,2.491104972718790054e+10,1.926987040523195267e+10,1.788708514283010864e+10,2.455389384732459641e+10,3.208521800560690308e+10,1.799647936235116959e+10,4.306930859166436768e+10,2.694319466737547684e+10,1.916881109968753433e+10,1.504006370665230370e+10,4.132165280927699280e+10,2.373711746323224258e+10,1.667933307452664757e+10,1.985513675343879700e+10,2.125718792464280319e+10,1.721314027886215973e+10,1.740700623942474747e+10,1.978535181966547775e+10,2.279740308848674774e+10,5.136306551399618530e+10,1.559321676573677444e+10,1.993252982703135681e+10,1.229448452535151291e+10,1.550632803864210892e+10,2.569590824966003036e+10,1.538076005804649353e+10,2.333900325669864655e+10,4.443619119804726410e+10,1.999630047219527817e+10,2.829374497111139679e+10,1.442949580429049492e+10,2.000065335500457764e+10,1.367975942045924950e+10,2.354857234578713226e+10,3.429954405228412247e+10,1.780438621339430618e+10,2.454082545495336533e+10
2.598583235911637497e+10,1.975954782524329376e+10,3.327220058283902740e+10,1.690233565636108780e+10,1.484616865904084969e+10,2.108715380344458008e+10,1.756530178762478638e+10,1.846450313409413528e+10,1.493943381718011093e+10,2.492191510835838699e+10,1.964040897116761017e+10,2.754636755492318726e+10,1.653179881721386337e+10,2.295245255515030670e+10,2.273561577100110245e+10,1.476674638662846184e+10,1.587027013287782860e+10,1.506340045201171684e+10,3.182085779329706955e+10,2.357926812758962631e+10,1.734990028485187912e+10,1.434857469151754189e+10,2.316601510428915024e+10,2.236627302498748016e+10,1.637852727041672134e+10,1.775199859621693039e+10,2.455659493393415451e+10,1.760252221908461380e+10,1.511848707002295113e+10,2.145034385306663132e+10,3.135109129598493576e+10,1.664059685633793259e+10,1.894812471785256577e+10,2.586168317300769424e+10,1.833664329789064407e+10,2.052810578885940552e+10,2.004016433164922714e+10,2.783732142853201675e+10,1.814460016318797684e+10,3.225421668685628510e+10,2.681336755283363342e+10,2.489865502977224350e+10,2.191631223009960938e+10,1.036562717926503181e+10,1.868581648855096436e+10,1.611683963672959137e+10,2.394500520604370117e+10,3.059243614349529266e+10,2.023352209227601242e+10,1.845525772576446915e+10,1.572087082281180382e+10,2.521510225078661346e+10,1.424791474800547409e+10,2.136465421868999863e+10,2.549703681993369293e+10,2.012667867486652374e+10,1.750429139634588242e+10,1.765171673807617950e+10,1.703877760181756973e+10,3.320251085604436111e+10,2.108621173296106720e+10,1.165215831683813667e+10,1.628516929598320007e+10,1.268305446181662941e+10,1.460445741808522034e+10,1.092173946956065178e+10,1.402195978702017403e+10,2.012896664051891327e+10,2.073884320627832413e+10,1.970790033385008240e+10,3.348626218550689697e+10,1.335200002554220963e+10,1.431536590886456108e+10,2.525847979282356262e+10,1.741217334453421402e+10,1.620967771221479034e+10,2.844931041877345276e+10,1.700398734672133064e+10,2.361947371185783768e+10,1.706541358386098862e+10,2.075168917164238739e+10,1.448355144177670097e+10,1.639479112677046394e+10,2.207976795530571747e+10,3.061974380662853241e+10,1.470520286373427773e+10,2.024860870131976700e+10,1.469647992365593910e+10,1.850909129037078857e+10,2.641650282006144714e+10,2.081666140165887070e+10,2.164258311400555801e+10,2.547381427075981903e+10,1.299879026071811104e+10,2.231827710073198700e+10,1.585584204054356003e+10,1.627868655397472191e+10,2.226712702574506378e+10,3.033187154300811005e+10,1.470787489980022621e+10
1.301008903757919884e+10,1.759842104845044327e+10,1.988365143233261871e+10,2.046528338267038727e+10,1.748514803906680298e+10,2.267435099106617355e+10,1.776729591944443130e+10,1.338844384248427773e+10,1.817101061606403732e+10,1.816073884176053238e+10,3.264178352849878311e+10,2.215120695440843201e+10,1.503031627399556160e+10,2.185990016684831238e+10,3.005459160156378174e+10,1.664398250355395126e+10,2.897997839250949097e+10,1.141126390023952103e+10,2.265703682279156113e+10,1.902546725167351151e+10,3.369803634152742004e+10,5.604894523065996552e+10,1.187062976045781326e+10,1.591996648400648689e+10,2.668484688173355103e+10,1.762305088393815994e+10,3.101668495972839355e+10,2.544958036065008545e+10,2.495134064374485016e+10,1.648427899531054306e+10,2.201178921133324814e+10,3.209105062357688522e+10,2.836622501667566681e+10,1.720919678691270447e+10,1.952529404224154282e+10,1.597618864128788185e+10,2.314087824791945267e+10,1.595362686743734360e+10,1.961723482093170929e+10,2.489306955206876373e+10,1.910607132429859543e+10,2.581181045611020660e+10,1.366060613345164299e+10,1.756143802361572647e+10,1.864084169087878799e+10,2.836842227233555222e+10,2.073621343584735107e+10,2.253841713546925735e+10,1.578896711141500664e+10,2.249153607098810577e+10,1.924112163775642395e+10,1.746420166596128845e+10,1.312525175310095406e+10,1.563253498099205017e+10,2.124947253969997787e+10,1.939995922157014465e+10,1.768429420824037170e+10,2.608758333850547028e+10,1.783068316356095886e+10,1.727613056051258087e+10,3.157136254426553726e+10,2.270798047216763687e+10,2.171860474583220673e+10,1.820974169518213654e+10,2.179377151793908691e+10,1.940179981701658249e+10,2.288181272466292191e+10,1.414027593386882210e+10,2.119870850190658951e+10,1.673708503011919785e+10,4.440030403880490875e+10,3.826892456791078949e+10,1.608902005647323418e+10,1.969688585995113373e+10,1.851606391208010864e+10,1.675490697385479736e+10,1.687288139939329720e+10,3.641983122360972595e+10,1.603858477773302841e+10,1.533166022698301315e+10,2.378829178347468948e+10,2.001766678287208939e+10,1.848816150478471756e+10,2.974490700037641525e+10,1.789718512448638535e+10,2.286579898127032471e+10,2.079872093116599655e+10,2.316038397560511017e+10,2.757251979161809158e+10,2.273888895314484406e+10,2.544632455039220047e+10,1.403167694729556656e+10,1.492046579009729385e+10,1.931485831552236176e+10,1.406591372761365318e+10,2.413967787556597519e+10,3.490221029647619629e+10,2.682857132083033752e+10,2.158084928630202484e+10,1.895730374597515106e+10
4.366385528190696716e+10,1.870756742088417816e+10,1.442215814606172943e+10,1.485293281751375961e+10,1.771365200599387360e+10,3.637679425809804535e+10,1.490057792775306892e+10,2.341725738444303894e+10,1.603327026053786850e+10,1.710266297272524643e+10,1.103416121333812332e+10,2.990256612473597336e+10,1.576806317421151352e+10,1.407903149713781929e+10,1.779239049099072647e+10,1.522131785743094444e+10,1.799138753017510223e+10,2.699916527904028320e+10,1.534301831741403008e+10,2.528031640012626648e+10,1.909026487455670547e+10,1.909511499641783905e+10,1.330318665196374702e+10,2.635587434340778732e+10,3.870622937891703796e+10,1.905526523844721222e+10,2.245398000186429977e+10,1.645488842902669525e+10,3.531126861475361633e+10,1.695562447342326927e+10,1.564804010001152992e+10,2.420441157837451935e+10,3.465703970526741791e+10,1.929427174337466431e+10,2.443905516413970947e+10,1.801885960435599136e+10,1.802011197129164124e+10,2.479200343078413773e+10,1.882027016561913300e+10,1.506730678936714935e+10,3.373562902873298645e+10,1.148054184706480789e+10,2.285729515112263489e+10,1.695573334749184418e+10,2.614515666201881790e+10,1.921725586380575562e+10,2.469909472806256485e+10,1.833164834951578522e+10,1.792626530963986969e+10,1.751994093195896149e+10,1.332970304158924675e+10,1.738735206685929871e+10,1.487449359174085426e+10,1.556827860479193306e+10,1.882198986947528458e+10,2.247914210306789780e+10,3.049774112247732544e+10,3.668165670710400391e+10,2.109292165266923523e+10,3.181949897461771393e+10,4.903312144214295197e+10,1.487716673979314041e+10,1.562129064753555679e+10,1.957695777341320419e+10,3.123896711904413605e+10,2.120354559970166016e+10,1.291044488820139313e+10,2.557811258095961380e+10,1.814032692705569839e+10,2.224549787095219040e+10,1.928219292464961243e+10,2.357742654819921112e+10,1.679803102551912117e+10,2.215266069367611694e+10,2.265054021496606064e+10,2.063895778850706863e+10,1.620433538519584656e+10,1.457704119030833626e+10,1.900752935672988510e+10,1.928707115718247604e+10,3.327181020428841782e+10,1.343836951518225670e+10,2.191556781904211044e+10,2.279772643090603256e+10,1.402408066122559738e+10,1.558253209883536148e+10,2.629489787226934052e+10,1.791791582959217072e+10,1.474076726337234688e+10,1.795982892512759781e+10,1.718400484902945328e+10,2.804286017079343796e+10,1.290233482849465370e+10,1.907043091250317764e+10,3.270077366483971405e+10,2.981438907110207748e+10,1.559326003531523132e+10,1.923560274072053909e+10,2.703180647397052765e+10,1.146249543358566475e+10
1.712993025317692184e+10,1.615431551671370506e+10,1.487674070959716606e+10,1.693543652979885674e+10,1.893422872789884567e+10,1.595703110661832047e+10,1.808540489686840439e+10,1.428680398502496910e+10,1.502877805695809746e+10,1.692970190482496643e+10,2.206632580915180206e+10,1.784015945717200089e+10,1.944455634884476471e+10,2.074132280304660416e+10,2.077333188252074814e+10,2.798956738379705048e+10,1.668803736332521057e+10,1.629099503027106285e+10,2.332061429224478531e+10,1.971460237712534714e+10,1.690429871328020859e+10,1.166978209483354568e+10,1.967106316596349335e+10,1.504123153694761086e+10,1.635987509240150452e+10,1.581531065142110634e+10,2.924948473344520569e+10,1.675423431572046852e+10,1.862278261892196655e+10,2.283176638343488312e+10,1.815387884246892166e+10,1.679575182098636627e+10,1.289309711627269745e+10,2.337433844840127945e+10,1.851475618947135925e+10,2.257969676895861053e+10,2.648123115590591431e+10,2.043171081160898590e+10,2.163318299514725113e+10,2.079418791195906448e+10,1.802063383989966202e+10,1.857314514239630890e+10,1.948037311709510040e+10,1.431060343768558121e+10,1.535155539616215134e+10,1.472830923087910080e+10,1.962287305183976364e+10,1.491640699883880424e+10,1.417138677122658348e+10,2.488756840200950623e+10,2.113100858332959747e+10,2.844240446922477722e+10,1.503821385701515770e+10,1.648975112621785355e+10,1.869283988688076401e+10,2.000543071806095886e+10,2.072544395164431000e+10,1.397164116490103722e+10,2.940939061839668274e+10,2.244103381204952621e+10,1.522054336576325607e+10,2.003755320217457581e+10,2.255502743501980209e+10,1.622703339584174538e+10,2.848035713090859222e+10,1.681409437840477180e+10,2.345939823985497284e+10,3.090272504690240479e+10,1.683153925354896545e+10,2.310501820691620636e+10,1.282181188851003647e+10,1.821239657676070786e+10,1.546916689707904053e+10,2.251598730779426956e+10,1.263426889839038467e+10,1.874682503286595535e+10,1.599546968973547554e+10,1.256998144064388275e+10,1.387968001412778473e+10,2.227291770516773987e+10,2.175633965993883896e+10,1.806363690689647675e+10,2.463674206660416412e+10,3.773307626817839050e+10,4.439111782537294769e+10,2.414080676556711960e+10,1.779924294801378250e+10,1.094377349607108498e+10,1.206125658950823784e+10,1.577006380733773994e+10,3.067220914757509995e+10,1.608260159957856560e+10,1.298919019926784515e+10,1.620776275804938316e+10,1.964953881500996017e+10,1.449530213293980980e+10,2.130220832802329636e+10,1.064659904802756310e+10,1.349030832930119514e+10,1.525508382264595032e+10
