1.424456181175671387e+10,1.920142028565003967e+10,1.168880151453958511e+10,1.165800666150058746e+10,1.716545015651825333e+10,2.003389711117109680e+10,1.679103677767308235e+10,2.058498053883549500e+10,1.948377339030815887e+10,1.626223858480597305e+10,1.616312544814324188e+10,1.545885540819946098e+10,1.145237122345254898e+10,1.746748553424356079e+10,1.780499943402276611e+10,3.937414678725441742e+10,3.785199996066802216e+10,2.408921341913324356e+10,1.867929280568790436e+10,1.485569693200314903e+10,1.414140334859402275e+10,1.677341354154398155e+10,4.952355005739937592e+10,1.822386477704469681e+10,1.585278804348406792e+10,1.205559152342639351e+10,1.444612062540197182e+10,1.625353196606147957e+10,1.868523424022548676e+10,1.120741818661545563e+10,2.324313300912599182e+10,4.983718084090251160e+10,2.782528149719025803e+10,2.373836224029076767e+10,1.744648779670157242e+10,2.538760301126251221e+10,2.612165829456875229e+10,2.362546939406154633e+10,1.998763752541970062e+10,1.666841715463657951e+10,2.437387314641071701e+10,1.613090921898756409e+10,1.209015302042602730e+10,1.405298251471012115e+10,2.312669683669194031e+10,1.732758391746775436e+10,4.401900879170804596e+10,1.694508308135440445e+10,2.360530770436187363e+10,1.847997224587312317e+10,2.120642952255655289e+10,2.456815458171217346e+10,2.141069583611926270e+10,2.167574524196152496e+10,1.879358586473559189e+10,1.684755556152655411e+10,1.351709417676434326e+10,2.670717980766620255e+10,1.703924294163450241e+10,2.228393228048173141e+10,1.817679733686053085e+10,1.981133315744236755e+10,2.778945985372825241e+10,1.903951007568721390e+10,1.352266785599779320e+10,2.213736542902638245e+10,2.083365747348145294e+10,1.452395154077535248e+10,1.684056201940183830e+10,2.518764769584249115e+10,3.228167060249570465e+10,2.648548560395348740e+10,2.366045942750593567e+10,1.571052011018756294e+10,2.116924695207823563e+10,1.548977262672643089e+10,1.535267810354645920e+10,1.450346469292644691e+10,1.361414851564585876e+10,1.627345010020248985e+10,1.816736145004968643e+10,2.689971959104175949e+10,2.076494028978016281e+10,1.660466104048951149e+10,2.585667595291444397e+10,2.687305369648633194e+10,2.107704365517977524e+10,1.680222301132932663e+10,2.061862326202705002e+10,1.812873026311656570e+10,1.794303410765163040e+10,2.099767241538038635e+10,2.307410059151915741e+10,1.732115475397726822e+10,1.190746847255613708e+10,1.758565774640200424e+10,1.253620305130349541e+10,1.319202978079432297e+10,1.325356012598565292e+10,2.189244031973534012e+10
2.732479558005681610e+10,1.802794188492586899e+10,1.257215466779334259e+10,3.220382463980121613e+10,2.116515794105326843e+10,2.093974837307376099e+10,1.793276063449421692e+10,1.168358271181589699e+10,2.708268613042443848e+10,1.756048338815923309e+10,3.509664584689511108e+10,1.342273258258508110e+10,2.400168073205928040e+10,2.358159552477946091e+10,1.941528501178503418e+10,2.099507422042149353e+10,2.510090501513393021e+10,2.733969371690428543e+10,1.607241989052607536e+10,2.015958277399254227e+10,1.686055444950983810e+10,2.855290657653168869e+10,2.025509336497798157e+10,1.752422587955139542e+10,1.388334949558507156e+10,1.938803126857690811e+10,1.388944574284639931e+10,1.683402066438760185e+10,2.044411038375265503e+10,1.280320499930973053e+10,2.766578692948418808e+10,2.130140688252459335e+10,1.849793916273521423e+10,1.243388716053329086e+10,1.827699442992349243e+10,3.628616348220893097e+10,1.731742720971037674e+10,2.741598577271731949e+10,1.952544261125380325e+10,5.059000674282888794e+10,3.531602354181600952e+10,2.430494369338774872e+10,1.813154417366537476e+10,2.655062052745875549e+10,1.937093731458568192e+10,2.218208614109264755e+10,2.329638074754953003e+10,2.853729858446815491e+10,2.121827194919048691e+10,1.612758652505058289e+10,1.567889029528552818e+10,3.022459968418867493e+10,2.385285886601549149e+10,4.019562333172782135e+10,1.807289268185446167e+10,1.446435745295735931e+10,1.565066329113763237e+10,2.315796997298161316e+10,1.482536607753484344e+10,4.012616904856550598e+10,1.371754412717756653e+10,2.089689665006870651e+10,1.810617130465331268e+10,1.766039792539709091e+10,1.488058241616916466e+10,1.713958339370562363e+10,1.719566435690769577e+10,1.840179371405009079e+10,1.574825461789984703e+10,3.486119500873964691e+10,1.905293020537258148e+10,2.790045034859088516e+10,2.084791600000499344e+10,1.649251855401669312e+10,1.599928902742676163e+10,2.876913616348755264e+10,2.676744377811995697e+10,1.132353958188875961e+10,1.091275696485484123e+10,2.818644815096089935e+10,1.587451817840798378e+10,1.291570269616621399e+10,2.115534196312958527e+10,2.129904957316287994e+10,1.296354195464460182e+10,2.121137111531462860e+10,1.489106381615694809e+10,2.155639898497457504e+10,2.072487380254608154e+10,1.344334887809651947e+10,1.780628008923760986e+10,1.270864716933417130e+10,2.655323453190064240e+10,1.753588258497035599e+10,2.092137498369967270e+10,2.704377636358339310e+10,1.769302533299637985e+10,1.941281217645921707e+10,1.627860560455539322e+10,3.729083377114710999e+10
1.685694405072724152e+10,2.019139150284655380e+10,2.507908748103599930e+10,2.842256127280767822e+10,2.665833540229691315e+10,2.761908050110123444e+10,1.745128783621406937e+10,1.521780345691584015e+10,1.563198420225747871e+10,1.774056155818904114e+10,4.276885729915613556e+10,1.627359499217595673e+10,3.560061405649044037e+10,2.230667525889572144e+10,2.283233768681182098e+10,1.728853472053501892e+10,2.534987388877827454e+10,1.396223140779407120e+10,2.052133004012687302e+10,1.943815852485353470e+10,1.477794503274123192e+10,1.367048103428613281e+10,3.528750338467512512e+10,1.630819754995815086e+10,1.504366322271416283e+10,2.838212867945516968e+10,1.071954440589567184e+10,1.517324516432151222e+10,3.721850565753696442e+10,2.262133992539857101e+10,2.458777558268001938e+10,1.556864933656735992e+10,2.283931922578855896e+10,2.188474707722940826e+10,1.241966240885712433e+10,2.366683992180790710e+10,1.647084430834818459e+10,1.887411217224072647e+10,2.061674537910652924e+10,1.434894933892336845e+10,1.614149263517441750e+10,2.114576713397479630e+10,2.285044310979719543e+10,1.785903065725732040e+10,3.305654776465353775e+10,2.285713746609904480e+10,1.609456853273187637e+10,1.755133867755007172e+10,2.514695094856331635e+10,2.284196909794058228e+10,1.753828416657740021e+10,1.829869431185361481e+10,2.288121724251601410e+10,1.450185438103991127e+10,2.963111740103950500e+10,3.131165725018395233e+10,2.212333980255555344e+10,1.650438780932530022e+10,2.697834415649149704e+10,2.042375578130283737e+10,2.655392607941144562e+10,2.330905084412670517e+10,1.426339956568699837e+10,1.634114117666920471e+10,1.502920232648148918e+10,1.680142271295205498e+10,1.859063999734239197e+10,2.229944019180721283e+10,1.308679299110582924e+10,3.997634847009304047e+10,2.008815722329130936e+10,2.615074180864818954e+10,2.401562900136160278e+10,3.262281261371615601e+10,1.884246746374353409e+10,3.163624717509706879e+10,1.195149717405935287e+10,2.091601384762614059e+10,4.929178824560588074e+10,2.094989892228913498e+10,1.553461466533160210e+10,1.497786212026655960e+10,1.352694808899161339e+10,1.709991477745273781e+10,3.405051651888498306e+10,2.911728102017727661e+10,2.166599321627707672e+10,1.566645002904464531e+10,1.411302356961170197e+10,2.620267979898088074e+10,1.922654859353830338e+10,2.143475393545281219e+10,2.539119320794625092e+10,1.819664416715929794e+10,1.452538213698734283e+10,1.944119680645583344e+10,1.944103626575487518e+10,2.932745327460862350e+10,1.671564694022734833e+10,1.617773848660626221e+10
2.511821403884576797e+10,1.634322474014530754e+10,1.910715933740429306e+10,1.173035748578627396e+10,1.578576615793959808e+10,2.122394847332224655e+10,1.585197732979678726e+10,2.694878014326884079e+10,2.924539838969356537e+10,2.127010705769461823e+10,2.359089435055015945e+10,2.438851468754940033e+10,1.471680505969657135e+10,3.790557182211178589e+10,2.080868566498448181e+10,2.053378209901298523e+10,2.140661677843873215e+10,1.819169284310755920e+10,1.675735428023200417e+10,1.885094309116992188e+10,1.729888335287203217e+10,2.154235391381998062e+10,1.686427334956572151e+10,2.697982162388838196e+10,1.876743729335943222e+10,1.871139610228387833e+10,2.312041775283337021e+10,1.345659715346053696e+10,1.605780257376992798e+10,1.815367113022256470e+10,1.993455868405043030e+10,2.101683466172591019e+10,1.689768022233328629e+10,1.249246012514730644e+10,1.595849579829490852e+10,1.298638339088534737e+10,2.160115386535488510e+10,3.754682688662644958e+10,1.056207050916654587e+10,4.249538597220458221e+10,2.673598258442421341e+10,1.345242797935606956e+10,1.971262044142085266e+10,1.292969532278899765e+10,1.777086673225675583e+10,2.792024549076005936e+10,2.258120439239952087e+10,2.045743052384347534e+10,2.591861303494239807e+10,1.937481544042171860e+10,1.772114460857128525e+10,2.347033123397465897e+10,2.243170111352690125e+10,1.806122329552796936e+10,1.493798460638724899e+10,1.892910598990676880e+10,1.466749892550158882e+10,1.343189165304037857e+10,2.275753195353833771e+10,2.280689718259273529e+10,2.205247661644245529e+10,1.694373807713142395e+10,1.707154678170631027e+10,1.314814424901695442e+10,1.397630331150856209e+10,1.811267059619779587e+10,3.474748724479580688e+10,1.919558906288951874e+10,2.263423145617160034e+10,3.123931164257505035e+10,1.890525486085338211e+10,2.057711550331521606e+10,2.029343757090356827e+10,2.782717720340782928e+10,1.644913812658447075e+10,1.883634885907455444e+10,1.778609046132498932e+10,1.826972319779108810e+10,2.419722991453406525e+10,1.927812461688536453e+10,1.440389251192112541e+10,1.817484045184935760e+10,1.658187920236054802e+10,1.663488504126266670e+10,1.412469482998664665e+10,1.979702999359189224e+10,3.064743686401277924e+10,2.001236708713415527e+10,2.264277127065927124e+10,1.368072660077039146e+10,1.697199187684369850e+10,3.098462050332774734e+10,1.895443934381560516e+10,3.195298407817034912e+10,2.264051613744610214e+10,1.811212944279761887e+10,3.151886781558294678e+10,2.291461100021912003e+10,1.186189667951503944e+10,1.166686676737173271e+10
2.706017377828664398e+10,1.843860265548862839e+10,4.351380913784223938e+10,1.741054839013169479e+10,1.722856176728865433e+10,1.596073919716131401e+10,1.902899058100289917e+10,2.027005948696680450e+10,2.086233352176863861e+10,4.861343038860771179e+10,2.206972221296667099e+10,1.352951207763543701e+10,2.279645877305658722e+10,1.931545663038115311e+10,2.653465111280014420e+10,1.622896952073910713e+10,1.917056541280823135e+10,4.634771671573529053e+10,2.241993852732519913e+10,1.704893722319111061e+10,1.734614879868688583e+10,3.076260065487358475e+10,2.812433270456734085e+10,2.511012993050160980e+10,1.637449625206218719e+10,1.298968654651651001e+10,2.195065608579777908e+10,1.909274133359003830e+10,3.221560698123460388e+10,3.346117385826527023e+10,3.371663431610792542e+10,1.754630234524595261e+10,2.849836301182054901e+10,2.726406699170355225e+10,1.761611603220803070e+10,1.868741356387530899e+10,3.433402606353202438e+10,2.325535687266327667e+10,3.806588905726572418e+10,2.146155107257690048e+10,2.049764940245225143e+10,1.292928187167704964e+10,2.884164497242941284e+10,1.526963377598361969e+10,2.066550821069138718e+10,2.421823928853169632e+10,1.426121911420960045e+10,2.627008820898263168e+10,3.301508321143257141e+10,2.958415039709907913e+10,5.136227425772844696e+10,1.176318091361139297e+10,2.716622326885084152e+10,1.414709503990832710e+10,1.956608655857799530e+10,1.526003877088404274e+10,2.515717083296598434e+10,1.509332496442095375e+10,2.100048810015498352e+10,1.998742288353366852e+10,2.559278937729414368e+10,1.827912818032788086e+10,1.902946091156365204e+10,2.312811789076884460e+10,1.694910538107966232e+10,2.558384469364046097e+10,2.086443778605030823e+10,1.986584971802597809e+10,2.026536654730310440e+10,2.548268220303262329e+10,2.602150791976809692e+10,2.510220874398123169e+10,2.255372608046144867e+10,2.149884773620545959e+10,1.867940242871860886e+10,1.566535768601346588e+10,1.629947804286883163e+10,2.327262558135312271e+10,2.113591205424839401e+10,2.818720552903552628e+10,1.783331852186533737e+10,1.839208363940407562e+10,3.134441955596125031e+10,1.518135430919167709e+10,2.042303283729203415e+10,2.450787548367073822e+10,2.072975353261426544e+10,1.295924780167833519e+10,1.908842310676678848e+10,1.578636145189351273e+10,3.898571974901398468e+10,1.748299868618858719e+10,2.166474376789522552e+10,1.906765133376964951e+10,2.330300860267426682e+10,2.256329500438972473e+10,1.818750174433749771e+10,2.159972963690636444e+10,1.984234943914526367e+10,2.722223569087569809e+10
6.330523821470049286e+10,2.305659645986523819e+10,2.092519867976085663e+10,2.613511373700110626e+10,1.318720293895363808e+10,2.537902609640079498e+10,2.826034780271119308e+10,1.983581734196567917e+10,4.990780196658874512e+10,2.035139109608095932e+10,1.276948520023491478e+10,2.062979133577577209e+10,2.642222484209341049e+10,1.574749447202544594e+10,2.467796685394221497e+10,3.181780383748686981e+10,2.055697778380542374e+10,1.752714384482050705e+10,2.354391735258683777e+10,1.464061066218510246e+10,2.618326498097264481e+10,2.511618585500645065e+10,1.542053406631501961e+10,1.710146082529476357e+10,1.994452831742146683e+10,1.707807340464666557e+10,1.724270980620013046e+10,2.000855964705484009e+10,1.707591968016508484e+10,2.248916900339200211e+10,2.070695446932312393e+10,1.844628539214944839e+10,1.594069083891874886e+10,1.978376452226292419e+10,1.751286009729773712e+10,3.454939624346027374e+10,2.135488716908882904e+10,1.810082042434698486e+10,3.072899437357615662e+10,2.599957749845818710e+10,1.924685567577141953e+10,2.582187366737097549e+10,2.220436663729037094e+10,2.375490274439015198e+10,2.000900396626323318e+10,2.177661215920413589e+10,1.660656504219694901e+10,2.949146185592680740e+10,1.861110531914448929e+10,2.372269022694683456e+10,2.273101002931671524e+10,2.796398207401089478e+10,1.292494398168443489e+10,3.439000706618278503e+10,1.568352021495513535e+10,1.518057382780197716e+10,1.917412094917725372e+10,2.101864895592398453e+10,1.420473183118579292e+10,1.765156727743330002e+10,2.093139240489139175e+10,2.251168134637213516e+10,1.767019245516360092e+10,2.416834969414535522e+10,2.158118664587961578e+10,1.930700962471051025e+10,1.515973493644808197e+10,2.057159873978382492e+10,2.419355977915427399e+10,8.668797903672039795e+10,2.166128888163187027e+10,1.399686610358053398e+10,1.462544210209029007e+10,2.046929556503533554e+10,1.642418021526081848e+10,1.515639749624826431e+10,1.952876179633925629e+10,4.642727558643067169e+10,4.491570214497631836e+10,1.878246632375962067e+10,2.006298452154237747e+10,1.948400224833958054e+10,3.822899678046903229e+10,1.464155109719676399e+10,1.790517283448897171e+10,3.863489443226997375e+10,1.788846334103449249e+10,1.988327320920671082e+10,1.229800248020873833e+10,1.958039920800562286e+10,2.464763419255795670e+10,2.152705914804035187e+10,2.522280209062672806e+10,2.038261446317086792e+10,2.798750706729949951e+10,1.932474111421864700e+10,1.427302907701304817e+10,1.650998620783281326e+10,2.231589722869229889e+10,1.536145768790261269e+10
1.656297043495805359e+10,2.247536860541225815e+10,1.318839449430981636e+10,1.554623892015360832e+10,2.452551011522585678e+10,1.933971522538909531e+10,1.765817714527365875e+10,1.678100426549852943e+10,1.774545498660305023e+10,1.992989900836892319e+10,1.918929892569710922e+10,1.314469206573583794e+10,1.724447454413700867e+10,2.189597233788649368e+10,2.169028451277071381e+10,1.510803278586771393e+10,2.350050884158299637e+10,1.433290707709821892e+10,1.932724093543629837e+10,1.638418798018017960e+10,2.593096551716928864e+10,2.409607861095961380e+10,1.451120377974635696e+10,2.073306595617573929e+10,1.935826303577772903e+10,1.499822648705802345e+10,2.652576467322139359e+10,1.355590926234141541e+10,6.672902571753497314e+10,2.730362636780631256e+10,2.736191653494134140e+10,1.496656422420814514e+10,2.016111458336428452e+10,2.555653508756288147e+10,2.014274759822929764e+10,2.352160680284675598e+10,1.505461227406845474e+10,2.938586912261046600e+10,2.833389775622485352e+10,1.864925300421366882e+10,4.555519464113090515e+10,2.005536036707286072e+10,2.595945336075278473e+10,2.196918541214422607e+10,1.801043280186276245e+10,2.670800822062136841e+10,1.489446290481504631e+10,1.867529676796660995e+10,1.819939937231265259e+10,2.479349124526013947e+10,2.062117326122881317e+10,3.590029066415888214e+10,4.774578042509791565e+10,1.703207227618495560e+10,2.262907809148137283e+10,1.793402029291427231e+10,1.538319369095990944e+10,2.204043271370757294e+10,2.296472235674040222e+10,2.633637003014138412e+10,1.733678315469008636e+10,3.505548623925098419e+10,2.020155559430257797e+10,2.254640482798081589e+10,1.053139994314951897e+10,1.818668818714582062e+10,8.330372170586856079e+10,2.891305565930661011e+10,2.053334628109937286e+10,1.774893173867868042e+10,2.765365165630374908e+10,1.408424995648426247e+10,1.571247783880267715e+10,1.382062888206840897e+10,1.411763859163557625e+10,1.626185002044232559e+10,1.740046704023663712e+10,1.623199836634642029e+10,1.847989482081549835e+10,1.863593663431901932e+10,6.985661900529797363e+10,2.276328590092552948e+10,2.542870164643085861e+10,1.798909411899057770e+10,1.908874410844021225e+10,1.919274312917419434e+10,2.506610748069243622e+10,3.342658796167181015e+10,1.776681760791960907e+10,1.698303684194601250e+10,2.107241662618728638e+10,1.512760658978905869e+10,1.806917372038605118e+10,2.667436461639030075e+10,1.993354904855047607e+10,2.919995108286868668e+10,2.520130761327930450e+10,2.765189034024508667e+10,1.839784043477458954e+10,4.863781408475599670e+10
1.510624498114317894e+10,1.724002936631391907e+10,1.518671600439480591e+10,3.444520632657006836e+10,1.952155307356370926e+10,2.061801297412866592e+10,1.211173581305521774e+10,2.587864997877857971e+10,1.683417077479528809e+10,1.540702658740733528e+10,4.666369862030474091e+10,1.706321835117199516e+10,2.075417996097274017e+10,1.718016542769509888e+10,1.420940402411536789e+10,1.772333647906900024e+10,1.254222279545754051e+10,1.912063569784259033e+10,2.354555818058884048e+10,2.743229128762685394e+10,1.731086238116691589e+10,2.995045875618614960e+10,3.133422667486402512e+10,2.274402946316196823e+10,1.445064627628200912e+10,1.825060217923957825e+10,1.367375091968329048e+10,5.266876948372286987e+10,1.704696810314115715e+10,2.987087524605225372e+10,2.397626111095794678e+10,2.279031845163846970e+10,3.270207970017153931e+10,3.554362219611970520e+10,1.915494726008886719e+10,2.272509792347199631e+10,2.868889151750592422e+10,2.923200144277623367e+10,3.396783672515921021e+10,1.312740754206792641e+10,3.061155154481004333e+10,1.446538731153513718e+10,3.249619368886494827e+10,1.700600450003311539e+10,2.946619880169815445e+10,2.055112354114741516e+10,1.790409167303475189e+10,1.803877542411972809e+10,2.312338962047521973e+10,1.803114862646414185e+10,2.751294816574349976e+10,1.961508350274897003e+10,1.453204490019171143e+10,1.780164570092731857e+10,2.059519478211232758e+10,3.839750258737085724e+10,1.678928300485032463e+10,2.964079657207411957e+10,2.007614581997628784e+10,2.561719734568476105e+10,1.442919755392137527e+10,1.816037983317745972e+10,1.999306156487820435e+10,3.130905691682162857e+10,1.700238979309223747e+10,2.411477254561302185e+10,1.388014985273564529e+10,2.560453351713543320e+10,2.047338986036328888e+10,2.037860081245879364e+10,2.993887390504517365e+10,1.774582620421275711e+10,1.654737188383186913e+10,2.495051389794747925e+10,1.905302625038246155e+10,1.718749084540163040e+10,3.287681946905322647e+10,2.480683004832139969e+10,1.680636392096528435e+10,1.494554888734035492e+10,2.821372756302382278e+10,2.524755149703713989e+10,1.852719782967069244e+10,1.489168420528388977e+10,3.564788994894612122e+10,2.697480133525943756e+10,1.650655262205701828e+10,2.635901327535670090e+10,2.951580801002761841e+10,1.385405821745321083e+10,1.917992664090309525e+10,3.827601511182585907e+10,2.234898821293165207e+10,1.657105436329320908e+10,1.823330923959794998e+10,1.930786086450117493e+10,1.696286417146131325e+10,1.657211512369789696e+10,2.144436433654675674e+10,1.625054034798034668e+10
1.309866799239876556e+10,4.626754118060487366e+10,1.627259991309897423e+10,3.083727093736053467e+10,1.692035398173929024e+10,2.520366856366444397e+10,2.522974330894043350e+10,2.448713834651894760e+10,1.530946638575647354e+10,2.183870325060065079e+10,1.419904190340489960e+10,2.186922995129021454e+10,3.006558010710590363e+10,2.845480869917542267e+10,1.369302875302322006e+10,2.105155970033445358e+10,4.451210053053591156e+10,2.343875021332690048e+10,1.780093960559677887e+10,1.922152256468415451e+10,2.171437205521133423e+10,1.489333685679301834e+10,2.905986357695489502e+10,2.970417713724624252e+10,1.358435775104213524e+10,2.829409200830417633e+10,2.526398583538543701e+10,1.770093756046526337e+10,2.886178246010281372e+10,2.463942494661832809e+10,3.020404704716838837e+10,2.141515857009366989e+10,2.182531652389925766e+10,4.065511494652557373e+10,1.857473960992412949e+10,1.666392668994704437e+10,2.023243828854896164e+10,4.913083624068267822e+10,1.599249969080175591e+10,2.187148035618659210e+10,1.855367649836101913e+10,2.682397215122961044e+10,4.502638926582812500e+10,2.465166965245344543e+10,2.949608882529928207e+10,7.281064064435159302e+10,2.814813608775242996e+10,3.558897336358616638e+10,1.936036994899750137e+10,2.457173662701018906e+10,1.875094795237310028e+10,3.719689075646725464e+10,2.619883291394558716e+10,1.327547334717418098e+10,3.382695023733112717e+10,4.065719311546430969e+10,2.495394861753202438e+10,2.686685023141896820e+10,2.489464647513166809e+10,1.457984957712143135e+10,2.435925774848417282e+10,1.678941771419588470e+10,2.199160854226755905e+10,2.382293140567473221e+10,2.709843816821470261e+10,1.531551386741657448e+10,2.465893162250329208e+10,2.310291706160752487e+10,2.312141258653676605e+10,2.559989524239326477e+10,1.677256929890245247e+10,1.784371446408931732e+10,2.284357407124837875e+10,1.470869730600071144e+10,1.795011512204849243e+10,1.499338476184080887e+10,2.343732019178810883e+10,2.410198554885752487e+10,2.902530923280962372e+10,2.243011996348542786e+10,1.976102358487854767e+10,1.513243396034427834e+10,1.726753358480912018e+10,2.953601417244758987e+10,2.834909294776443481e+10,2.155475716383821487e+10,1.927837314471189880e+10,2.092458348231902313e+10,3.582353021984677124e+10,2.613503206620610809e+10,2.145948430400562286e+10,2.659609363059484100e+10,2.009309937896379471e+10,2.214325667105644608e+10,1.549640809575395775e+10,2.664409947550579453e+10,3.550335238043067169e+10,2.514047743180908966e+10,3.207001315901276779e+10,1.793224419584591675e+10
1.452681315014165497e+10,1.683254394589945221e+10,1.559958206409275818e+10,3.235707011448709106e+10,2.680235233122342300e+10,2.789687338674399567e+10,1.757473876062827301e+10,2.863214705620148087e+10,1.331168644093788910e+10,2.007679169761947632e+10,2.903231005770041275e+10,1.832995591023840714e+10,2.168487085650328827e+10,1.851426775526734161e+10,1.364641093375539017e+10,2.653210892076919174e+10,1.739586542117544174e+10,3.458052810990377045e+10,2.424438395723963547e+10,1.616261454791200066e+10,2.409580043351320648e+10,1.674797212807893753e+10,3.021431195679801178e+10,1.825619525634156036e+10,2.117047876148089981e+10,2.638335894455963516e+10,1.957636636713610458e+10,1.920272171219277954e+10,1.867346629347852707e+10,2.429012264417626953e+10,2.192623635916263962e+10,2.587206675043398666e+10,1.855653884777357101e+10,1.222859143718416595e+10,1.916900563763926697e+10,2.441109442475857162e+10,2.979258847817974854e+10,2.054484065774183655e+10,1.632563299378680420e+10,1.590980304845632172e+10,1.318356937907386589e+10,2.987684040657064438e+10,1.951330282642040253e+10,2.006545815957007599e+10,2.494936841506696320e+10,3.377525074291006470e+10,2.511119279303698730e+10,2.324150694449164200e+10,3.799301316487040710e+10,2.986757390530608368e+10,2.339687803641893005e+10,2.744497150752858353e+10,2.441300103176696014e+10,1.978465869932513809e+10,4.291047998580978394e+10,1.753047468698977280e+10,1.505000202207290077e+10,2.244802070183436584e+10,1.534052041884601784e+10,2.433607244552394104e+10,1.854827733138044357e+10,2.955534346843699646e+10,2.188349063309868622e+10,1.457941862184592438e+10,2.160150286954177094e+10,2.072116271082795334e+10,1.998226911226866531e+10,6.220234908102703094e+10,2.401632772161054611e+10,2.709024129371236420e+10,2.328460644823063660e+10,1.758993536790945053e+10,2.191553972053425598e+10,2.064945331415338898e+10,2.369316912691722488e+10,1.477533454466987610e+10,1.326910085401701546e+10,1.856221514992013550e+10,4.839227213775263977e+10,1.577084410518451500e+10,1.853809308241943359e+10,1.803901350716121292e+10,1.686216640933096695e+10,1.840707581803001404e+10,2.974064048330295944e+10,1.663948809447162247e+10,2.744002027205552292e+10,2.673906135807084274e+10,1.712961815342629051e+10,1.676413264405480576e+10,1.362307411939454269e+10,1.600878996007554436e+10,3.292194679653277969e+10,1.819521788164314651e+10,1.088152567681371689e+10,1.812540165555775452e+10,3.244791725826625443e+10,1.962783222245336533e+10,2.534761564317084503e+10,1.761204312141679001e+10
3.003457320549453735e+10,2.067334267184629822e+10,2.190860339036592484e+10,2.463500767740248871e+10,3.191216339507789612e+10,4.348124530790927887e+10,2.611056946075361633e+10,3.466625272913954926e+10,1.604066650154526138e+10,1.950865517077820206e+10,2.016235859348699188e+10,2.464088361031491089e+10,1.901063273866013336e+10,2.472225126117047119e+10,1.257732516105530357e+10,2.171446604159630203e+10,3.463678001237902832e+10,3.105374986632543945e+10,1.504678192882073021e+10,2.179004998947379684e+10,1.807939488795993805e+10,1.620551293531334305e+10,1.857190883574045944e+10,2.184837857982349396e+10,2.890155544883399200e+10,1.535292152514482498e+10,1.654521841967466736e+10,1.919443445467987061e+10,2.071424607658251190e+10,2.187994261490291595e+10,2.140035341762097931e+10,1.553199332553233528e+10,1.778152667283675766e+10,2.157866611129954529e+10,1.483550050806933022e+10,2.192212420202686691e+10,2.134916056890250397e+10,2.372469404256683350e+10,2.732795413633416367e+10,2.012915242719548035e+10,2.777593091019457245e+10,3.803207841062619019e+10,1.534078766504464531e+10,3.805364545009417725e+10,2.232144948242780304e+10,2.207757427453065491e+10,1.424654683563681793e+10,2.816959737150362778e+10,2.332423723754534531e+10,3.965688983382153320e+10,1.983947363843134308e+10,1.932415383047974396e+10,1.493113996379967499e+10,2.128304767637647247e+10,1.875361463221794891e+10,1.605896893051536751e+10,2.130393700192777634e+10,2.550243330446084595e+10,3.097378391680172729e+10,2.065792008896402359e+10,2.058473250645719147e+10,2.199307575452645493e+10,2.079548663959978485e+10,2.450942386391759109e+10,2.034675811532513046e+10,2.114865430631139374e+10,1.642730445637395096e+10,2.494234013759080887e+10,2.027669136107863998e+10,2.347070078301074600e+10,2.236091928645565414e+10,2.290890037840530396e+10,1.480983117998040962e+10,1.606643452575857544e+10,1.974457342990448380e+10,2.480434616616213608e+10,1.580640100332045937e+10,1.635151648934851456e+10,1.809742459876066589e+10,2.223151611618675232e+10,3.116256650108456039e+10,1.970849687183093643e+10,2.745288825053419876e+10,2.556773155078540802e+10,2.054210847415379715e+10,1.524104401274568939e+10,4.353675788251129150e+10,2.203240925304382706e+10,2.702586768798775482e+10,3.114925551415700150e+10,1.100690972541953087e+10,2.213619760786903381e+10,2.673780669058544922e+10,1.754631419839971542e+10,2.617660060197957993e+10,1.756478015047642899e+10,2.168340844529634857e+10,1.436333599063092804e+10,1.786458895549878693e+10,1.704221445474929237e+10
1.682349222761966896e+10,2.508004437069897079e+10,1.461283110121280289e+10,3.417493860394603729e+10,1.181721233774823570e+10,4.237327798686682129e+10,4.502678498322796631e+10,2.577559940676700974e+10,3.067204488258583832e+10,3.796886246257323456e+10,2.495058056941098404e+10,1.918776265197504044e+10,2.708485098914818192e+10,2.506388825734274292e+10,1.646993219242207718e+10,2.915723254918922043e+10,5.011964337155568695e+10,2.653994975284371567e+10,2.004995245519743347e+10,1.934051526234687424e+10,2.849526580828343582e+10,2.836507495597874451e+10,1.750098443194223022e+10,1.659464482513266563e+10,2.112558818451634598e+10,1.802017722990086746e+10,2.040133128763691711e+10,4.884709124408440399e+10,1.338824657161805916e+10,2.078440202096794128e+10,1.530755907249155998e+10,2.843703254217857742e+10,1.663075697784031105e+10,1.904893439531872177e+10,2.164041156747416306e+10,3.425518752668503571e+10,2.696045525768202972e+10,1.760409478372662354e+10,2.430276800448726654e+10,1.755011291557825470e+10,2.051358908174090576e+10,2.542495337188306808e+10,1.724493245985958481e+10,3.013476201502518845e+10,3.638451990542381287e+10,3.767434784099166870e+10,1.875416055968584442e+10,2.119350256104467392e+10,1.640162932698650551e+10,1.525632217110403633e+10,1.349264255041920280e+10,1.602362488450451660e+10,2.722656566937023544e+10,2.231010333161331940e+10,1.762048903742187881e+10,1.955590358615056229e+10,3.481159610880549622e+10,2.191151520923054504e+10,1.592037352837708282e+10,2.292241530997815704e+10,3.029573794915705872e+10,2.181081663518447113e+10,1.805382309326716995e+10,2.167068350787964630e+10,1.821350631304018021e+10,1.629885853309555817e+10,1.687595123994539070e+10,2.027356575779370499e+10,1.765066843854556656e+10,2.702755449878096008e+10,2.738225880784010315e+10,2.544928288886937332e+10,2.449959742266222000e+10,5.771080459104154205e+10,2.017239280436071777e+10,2.569450751186268616e+10,2.135186067455976486e+10,2.017295882572349167e+10,2.002703513781657028e+10,2.732820638651268005e+10,1.965003934679938507e+10,3.330415467766990280e+10,3.190279541111044312e+10,2.189674162239376450e+10,1.856548963577304459e+10,2.475564535106497192e+10,1.971455376065629578e+10,1.569765893454338837e+10,2.646971135761376953e+10,1.309643926650868225e+10,2.146961594170105743e+10,3.874555189505457306e+10,1.777803821632586670e+10,1.347193911417404556e+10,3.482330766474404144e+10,1.224793106555394554e+10,1.946440233517888641e+10,2.278624812173657608e+10,1.684140428110435104e+10,1.394722092511183929e+10
3.746253471501352692e+10,1.639364675710041046e+10,1.942396935834787369e+10,2.125609931936456299e+10,2.233425592118164825e+10,2.315414124559068680e+10,1.913447991295359421e+10,2.264878626187152100e+10,1.923724372877940750e+10,2.043529948769056702e+10,1.863715671885429764e+10,2.082099354971026611e+10,2.991378371045111847e+10,4.193610559724162292e+10,3.143224283113557053e+10,2.058046077232949448e+10,3.051795966639633179e+10,1.708374311397818375e+10,4.523190045587564087e+10,2.061089824735985565e+10,1.817650515326110458e+10,1.566272310150869370e+10,1.716724612521233940e+10,1.266526929295880127e+10,1.671131394268218803e+10,1.857401094065876007e+10,2.039681370816058350e+10,2.563028518120178223e+10,2.355998405888680649e+10,3.281957875497520447e+10,1.742212645223284531e+10,2.552689754304673004e+10,1.334068074978762817e+10,3.024867049351166916e+10,2.695159145340769196e+10,2.989484406984023285e+10,2.573342587754178619e+10,2.039730201946556091e+10,1.685992585582315063e+10,2.416267109799607086e+10,2.059662911416361618e+10,1.972991990069797897e+10,3.470428158786707306e+10,2.089623318049922943e+10,2.088154397048396683e+10,2.857880483007864761e+10,1.616943933898852539e+10,1.773707308944469452e+10,2.353105923661002350e+10,2.183176207743524933e+10,2.102332834882534790e+10,1.808202269755151749e+10,1.307765129638416862e+10,1.983735381258757401e+10,7.778213086534793091e+10,2.272237333337787628e+10,1.207820504224747086e+10,2.731909082841161728e+10,2.622573458281132507e+10,2.610144576376866531e+10,3.130902988399609756e+10,3.107671763650549316e+10,4.578777191173163605e+10,2.020366611574182510e+10,2.474798237395155716e+10,1.663282914152900124e+10,1.992930046252198410e+10,3.452306990873146820e+10,1.646470497364447403e+10,2.022968910918082428e+10,2.596299975685797882e+10,7.188905892458460999e+10,1.712878280128627014e+10,2.495631185590860367e+10,4.091097858523204041e+10,2.274713632055879593e+10,1.463994879740252495e+10,1.970828823875733566e+10,2.161055143006282425e+10,5.506435696033310699e+10,1.561378451026019478e+10,3.416062975830065918e+10,1.705714846333163071e+10,1.441095320837311745e+10,1.546316801051315117e+10,2.906169420134797668e+10,2.956045611732899475e+10,1.428705848398160553e+10,2.314414316182713699e+10,2.167801366761333084e+10,3.115996578310297394e+10,2.875342503353083420e+10,2.178079150386251831e+10,1.815214826419947052e+10,1.775312768689204788e+10,2.136500084962651062e+10,1.072559064276502419e+10,2.595536235014847565e+10,1.286869595335396576e+10,1.580051484244629860e+10
1.884337870734838104e+10,1.881832651209535980e+10,2.476366982846014786e+10,1.786019667550671768e+10,2.173034652993355179e+10,1.762412503349910355e+10,2.962302379979747772e+10,1.872214294428403091e+10,1.694901360516661453e+10,2.265789632644849777e+10,3.066295010101216888e+10,1.727106898955712128e+10,1.563172938748726845e+10,1.831955570663832092e+10,2.338149302793395615e+10,2.066097383660357285e+10,1.833142957291537094e+10,3.292790218466125870e+10,1.511737815949289894e+10,2.157588040727578354e+10,2.401880630167765427e+10,2.005735488013151550e+10,2.139699186424399948e+10,2.362175942821794128e+10,2.041917116233527374e+10,2.142922346795212936e+10,1.315680954984255600e+10,1.569379107330308914e+10,2.869777395653542328e+10,2.740141213912759781e+10,2.040952888700089264e+10,2.200056644513591385e+10,2.131917568207718658e+10,2.098828450481121826e+10,2.759702980955405807e+10,2.566969107982344055e+10,1.428544306800197029e+10,2.480421271041516113e+10,2.450215694130051804e+10,2.233549545630627441e+10,1.971465355196026230e+10,1.846868286237131500e+10,3.412241570074674606e+10,1.567914377344001007e+10,2.084719849367569351e+10,2.327993789516574097e+10,2.127924381352733994e+10,2.489148574203427124e+10,1.801927332107261658e+10,2.070837245883775330e+10,1.123560510688164330e+10,4.253546421694650269e+10,1.559027245694081116e+10,1.853719958358459473e+10,4.439925109784606171e+10,3.762471086261975861e+10,1.735098131443546295e+10,1.736455796730908585e+10,1.931522332526252747e+10,1.755446142335708237e+10,3.207764265713234711e+10,2.282760420567548752e+10,3.444772491500660706e+10,6.165925511653830719e+10,2.433933449151390457e+10,2.537278340938066483e+10,3.122579376197251129e+10,5.841018011335117340e+10,1.464819922374975395e+10,1.917614908008235931e+10,1.761924292738325119e+10,2.215691605676390457e+10,2.826272492705566788e+10,2.182957496204846954e+10,2.682384182823799515e+10,1.885649365522103119e+10,2.835272050729680252e+10,4.530643123294102478e+10,3.674784544257125854e+10,1.966414831041707611e+10,2.111807752053408432e+10,3.493614235864508057e+10,2.204660031834174728e+10,2.832032705684720612e+10,2.121446567951317978e+10,2.124441651395876312e+10,2.842341015250708389e+10,3.931852430928594208e+10,2.427203500176361084e+10,4.466147925356445312e+10,2.130708359033504105e+10,2.776836205268154526e+10,2.289212969881400681e+10,1.244149627303932953e+10,1.530502429674537659e+10,1.447600373481815910e+10,1.760943800722272110e+10,2.456074499481688309e+10,2.758139925382457733e+10,1.762551382148881912e+10
2.496235123063499069e+10,1.717270321495406532e+10,1.682569627806690407e+10,1.647239372967244530e+10,2.999926114047304535e+10,1.389787266510611725e+10,1.610138915455056381e+10,2.159506671255811691e+10,1.469158852875592422e+10,4.444827718297065735e+10,3.445284400605146027e+10,2.329746738821271896e+10,2.932239331239044952e+10,2.075761577544672775e+10,1.659903158980819893e+10,2.561452375505345917e+10,1.516462937482555389e+10,2.010205832415016937e+10,2.219683233788677216e+10,2.398056551625487518e+10,1.939453251908761597e+10,1.823988338485026550e+10,4.488699279435960388e+10,4.552957290590089417e+10,1.852600360565396500e+10,2.524120138461136246e+10,1.637274454455847359e+10,4.004826353711437225e+10,1.824008946641381073e+10,1.850429728616933823e+10,2.393626628764449310e+10,3.011064451565845490e+10,2.636774531806954956e+10,2.834453666369569397e+10,3.219967091596224213e+10,3.271197178625323486e+10,2.543662572301215363e+10,3.467842317536813354e+10,1.947832059365824890e+10,1.676708140170233345e+10,1.491974681641968536e+10,4.413752275625763702e+10,3.668197503143141937e+10,3.335355113227386475e+10,3.294495815876295471e+10,2.378897103996778870e+10,7.154654914650161743e+10,2.381132075803566742e+10,1.892635296309726334e+10,1.746625712435447311e+10,1.889812718167100525e+10,1.783528679235988617e+10,1.532285079444245148e+10,2.244483160257533264e+10,4.034989828514849091e+10,1.644758033567094994e+10,2.463227129940537262e+10,1.911878233676073456e+10,3.987480812740444946e+10,1.764537239389027405e+10,3.389984128668712997e+10,2.218249650928854752e+10,2.424064026379542542e+10,2.163519231025026703e+10,2.506794714243027878e+10,2.263790794057625198e+10,1.763893774805625534e+10,1.958889266728233337e+10,1.895196448775905991e+10,2.469068923540472031e+10,2.924202962141169357e+10,1.994096694608304214e+10,1.623483013582025337e+10,3.460593551731903076e+10,1.817591919895806122e+10,1.821535037801464081e+10,2.714506822080792236e+10,2.150412022727118683e+10,3.423640331478164673e+10,1.600779394214658546e+10,1.780090921257344055e+10,2.595596968700351334e+10,2.123558672059208298e+10,4.795052794201795959e+10,1.800928941377052689e+10,2.558869821169910049e+10,2.691247306559889603e+10,2.568111499138395691e+10,1.917742815470922089e+10,3.125117131985508728e+10,1.719007242785340118e+10,2.258790763571587753e+10,4.604276971187023926e+10,2.337306725067298126e+10,2.559978825381383133e+10,2.858615974634842300e+10,2.894872457509831238e+10,2.137500079307154465e+10,1.697137328305006027e+10,1.304234230245005417e+10
4.482393434559259033e+10,2.537123919228103638e+10,1.894336155253192902e+10,3.774011920612910461e+10,2.780419011513199234e+10,2.301094224920830154e+10,1.799366357971661377e+10,1.890685558760834885e+10,2.054817356100268936e+10,2.039409853561911774e+10,2.512326795505351257e+10,2.759703323192032242e+10,4.380952461210179901e+10,4.153089717532785797e+10,1.388135783414766502e+10,2.700448620288903809e+10,2.319703980132593918e+10,1.847861662384788895e+10,2.151391349202719116e+10,2.992228933800242996e+10,3.347378168567177200e+10,2.970224936399489975e+10,2.282681867932694626e+10,1.728419485433453369e+10,2.920766408056015396e+10,2.161223866629725647e+10,3.674320630632881927e+10,2.137165149388993073e+10,2.561058451744850922e+10,2.047808895912195969e+10,3.447720583447863770e+10,2.037345441555191040e+10,2.114526732971023178e+10,1.911210972421452332e+10,1.891012026086771774e+10,3.176318247947587585e+10,1.853592355501735306e+10,5.297570272648825073e+10,2.749742780335766602e+10,1.831686700419570923e+10,3.054311434592719650e+10,2.520869100576534653e+10,2.401257811232870865e+10,2.040525900599462128e+10,2.093234549769323730e+10,1.946720830056510544e+10,1.692252322961536026e+10,2.635825746122112656e+10,1.741433253471285629e+10,1.676328660013216591e+10,2.584859113481686020e+10,1.895525380365468979e+10,2.119449913393955612e+10,2.344684449077173615e+10,1.252026606874312592e+10,2.080924076142311478e+10,2.196147709811732101e+10,2.224433674688049698e+10,4.226997989369907379e+10,2.147895879652917480e+10,2.428402690069014740e+10,2.476875757939387131e+10,1.620640226435203362e+10,1.992976722984373093e+10,1.861209138950095367e+10,2.487244314907226181e+10,5.094295463555668640e+10,2.582105572772844696e+10,2.164779445006162262e+10,3.069198293162359619e+10,2.321726816990179825e+10,2.239001010713668060e+10,1.896501640410175323e+10,2.227299436981255341e+10,1.590677678449864197e+10,3.558866601621119690e+10,2.221249753305908966e+10,2.918620566715166473e+10,1.877251183184689331e+10,1.458736057140036774e+10,2.283136100141131210e+10,2.496614051539873505e+10,2.603032124761676025e+10,5.133272312920813751e+10,2.487009608416708755e+10,1.578340520383206558e+10,2.003487774900767136e+10,2.795534850861505890e+10,1.641819059293351936e+10,2.215717762214907837e+10,2.825037430446171188e+10,3.103081376991424179e+10,2.106206061666794586e+10,1.618273796792757416e+10,1.552369246751058769e+10,1.773301497460456467e+10,2.682063968830076218e+10,1.873003450545849228e+10,3.592530152187226868e+10,1.767452390801527786e+10
2.696094370771731949e+10,2.087635825366337585e+10,2.861971093130804443e+10,2.124518458712369156e+10,1.461788837522626877e+10,1.633668031896630669e+10,2.768289520405385971e+10,2.218454976207477951e+10,2.422075505115105438e+10,1.828465183344595718e+10,3.361644448958556366e+10,2.540471250628829956e+10,1.576202364214817429e+10,2.315899057800981140e+10,2.546917522803868866e+10,1.565381291987452888e+10,3.062411211098154449e+10,1.561436845377769661e+10,1.958571843432894516e+10,1.962323452208071136e+10,1.930321466184323502e+10,2.228508664911885834e+10,2.172852315922090912e+10,3.988300020824790955e+10,3.002371218645274734e+10,4.206103402728836060e+10,2.493172946171266556e+10,2.790604581866865158e+10,2.415557551195864487e+10,1.641720221228131104e+10,3.528421519376721191e+10,2.008319041901306534e+10,2.767107136200667191e+10,2.220676531175438690e+10,2.673075782877795792e+10,3.831444953122606659e+10,1.793209176143382263e+10,1.838836979264382935e+10,2.635372591245213699e+10,2.528318292465871048e+10,1.993256410771210861e+10,2.734293193633686066e+10,2.393359971949313736e+10,1.552024012329030609e+10,2.081126212177629852e+10,1.754818794578925323e+10,2.894343877663005829e+10,2.160418639294177628e+10,2.432911350070842743e+10,2.406951984399822235e+10,2.050700987352237701e+10,1.821070425476551056e+10,1.750922764853880692e+10,2.278609857997764587e+10,1.546557792914510536e+10,2.383191532344240189e+10,2.743187443029486847e+10,2.102214640101023865e+10,2.227139399271249390e+10,2.255762423657823944e+10,5.453880521507180786e+10,2.220974745341076660e+10,2.202708403687854004e+10,1.978646210122710800e+10,2.049131196630855179e+10,2.368499522281821060e+10,3.789945115420304108e+10,1.535368476152960014e+10,1.948593169214723206e+10,2.379579459483826065e+10,2.798293541181195450e+10,2.438103508562569427e+10,2.432030688607239151e+10,2.347482267312622452e+10,1.869240196972072601e+10,1.703772012360389328e+10,2.069315662676488495e+10,2.346231882541962433e+10,3.707665252072243500e+10,2.877186242311585999e+10,1.860337281189961243e+10,2.234873804115850067e+10,3.585692869556414795e+10,1.873355722375061417e+10,2.766598101148009109e+10,2.300957278372866058e+10,2.147777088361920166e+10,1.838395829809357834e+10,2.599291542208265305e+10,2.537013785855523682e+10,1.751425982431613159e+10,1.946442289463589859e+10,2.129662737983288956e+10,2.349849376398894119e+10,2.882796498019189072e+10,2.990122950859131241e+10,2.676009935915536499e+10,2.068986237611018372e+10,3.749268737009718323e+10,1.798116594731946182e+10
4.621744377906715393e+10,1.768402102154780960e+10,2.862939668368735886e+10,3.744083088950218201e+10,2.124931338370870590e+10,1.830535812998754501e+10,1.832015149432344818e+10,1.348735971378856659e+10,1.407988497597335243e+10,2.292227197705722427e+10,2.593742090201361465e+10,3.038338674867208862e+10,2.597119108928627396e+10,2.620799744819189453e+10,1.865024120663438797e+10,1.885348959103550720e+10,2.034036187797788620e+10,2.435121668677978134e+10,1.852238840863601685e+10,2.632050561199663162e+10,2.638636799274021149e+10,4.702210138295942688e+10,2.336287319991912842e+10,2.552813577278100967e+10,2.552727245675678635e+10,3.481686517317867279e+10,2.107614226189665604e+10,1.592295390459250832e+10,3.216329845938484955e+10,2.036909876352633286e+10,3.122044074837417603e+10,2.357220602353211594e+10,2.625891675650617981e+10,2.001677104049258041e+10,2.674371724219859695e+10,1.801922583644067001e+10,2.846504801179323196e+10,2.395802688174742126e+10,1.858167555530527496e+10,2.332224466524570847e+10,3.595206156022714233e+10,2.322931369145425415e+10,2.611502867045969772e+10,1.478396761282669067e+10,1.697432265906260872e+10,1.710336557477835464e+10,2.881758897654106522e+10,1.969843354156451035e+10,1.856339567508019257e+10,2.357369555261155319e+10,3.732155661669180298e+10,3.489604093101475525e+10,2.345347125572227097e+10,2.104251658775969315e+10,4.261084211092154694e+10,2.335463673498753738e+10,2.946473626695791245e+10,2.150837105446752548e+10,3.039239605658823013e+10,2.410467078681395340e+10,3.039020036601869583e+10,3.338177904451251602e+10,2.167646709852956009e+10,3.068651181196370316e+10,2.426654793120973206e+10,2.570685144542814636e+10,4.401604155176347351e+10,4.640679258850326538e+10,2.977881639839551544e+10,2.342077817829653931e+10,1.920688794639201355e+10,3.429858234648670959e+10,3.383702454698454285e+10,1.953432717830291748e+10,1.745608074016361237e+10,2.524372574079672623e+10,2.107871033637467957e+10,1.925030543352375031e+10,1.408227850364550209e+10,2.263361261110803986e+10,2.310890653895969391e+10,2.397575517023343277e+10,5.492266709882744598e+10,2.533784585924770355e+10,3.967931093595796204e+10,2.476429233931805801e+10,2.169944733416603088e+10,1.716132202780313301e+10,3.523795149832702637e+10,2.441260579701788712e+10,1.649130271666956139e+10,1.694494149736069107e+10,2.588234808213199997e+10,1.643680023958290100e+10,1.681728155621393204e+10,1.295739479795578766e+10,2.432639954563664246e+10,1.886822124636180878e+10,2.492917789484351730e+10,2.473472864234255981e+10
2.148909851157183838e+10,3.199495970667444992e+10,2.541774193227210999e+10,1.596485864570970917e+10,2.247861350692679596e+10,1.987875355862136078e+10,1.497515163022996712e+10,2.487096855310076904e+10,2.664450664388169479e+10,5.024072708657892609e+10,3.416011106307609558e+10,2.962584898431391907e+10,2.620287302938942719e+10,2.101193201114681244e+10,1.946835720320883942e+10,2.420715966392466736e+10,2.616980596361184692e+10,2.265747305186382675e+10,2.184443442108075333e+10,2.997839882260488129e+10,3.319085846181045532e+10,2.185035279720414734e+10,2.640394845693690872e+10,2.482534404688140869e+10,2.565795752695729065e+10,2.460329598382530975e+10,1.851807424966798782e+10,2.038464272922096634e+10,2.190893854766928482e+10,2.183247965128225327e+10,2.541601675154144287e+10,2.322070136990647507e+10,3.247793896816978073e+10,2.089293675054298782e+10,3.498897964175213623e+10,2.116448301088747787e+10,5.587114948942785645e+10,2.597621788672846603e+10,2.196280239283483505e+10,1.811537826536059952e+10,1.358498045884068298e+10,2.430241638567694473e+10,3.812544929016892242e+10,1.542999599895440865e+10,2.962913688011429977e+10,1.811111386594563293e+10,2.666726056523559570e+10,4.326238481864032745e+10,4.437237647307239532e+10,1.754143099383595657e+10,2.234418766678092957e+10,2.154848858154718399e+10,2.787769723943201828e+10,2.262165341583187485e+10,3.040308970562797165e+10,1.938430970304785156e+10,3.327070974343390656e+10,2.375209779891745377e+10,4.550655600817405701e+10,2.418495197971508789e+10,2.279318806304694748e+10,2.237701221887389755e+10,2.093031105890441132e+10,2.189945675911367035e+10,1.661416137399012947e+10,2.736113536173628616e+10,1.813707536031977081e+10,4.462695094408142090e+10,2.961298133173202133e+10,2.624582341051353073e+10,2.071645871713257980e+10,1.929801722321705246e+10,2.181023200022959900e+10,3.629024129946451569e+10,2.216727983623633957e+10,2.766571247535501099e+10,2.089684765339627075e+10,1.994657982285217285e+10,3.438542638042882538e+10,2.299055621193767929e+10,3.335383857696157455e+10,2.102866932332749176e+10,3.408534939256168365e+10,2.876301827920609283e+10,2.218937434357087326e+10,2.246928261809078217e+10,2.414374360268355179e+10,2.783666323946855545e+10,1.939834072160597610e+10,1.837142593730021286e+10,2.680600108985328293e+10,1.987418341719645691e+10,1.894204560274403000e+10,3.922922092682506561e+10,2.101445928632239914e+10,3.324954532803461075e+10,2.158383064575138092e+10,1.811889986328989792e+10,2.801856683662526703e+10,1.663042578026991081e+10
2.160838637688171005e+10,2.582855127486449432e+10,2.369393685194034958e+10,2.374598215760179138e+10,4.913217099807170868e+10,2.450973640053805161e+10,2.994622951156946564e+10,2.630723162434543610e+10,3.912037551263687134e+10,2.316569968777871704e+10,2.893238082758863068e+10,3.073418484054510498e+10,2.982292553443593597e+10,2.340865242621417999e+10,1.623423158762630463e+10,4.091387333345301819e+10,1.812966504485726547e+10,1.745967841757201767e+10,3.025995602530925751e+10,2.556073869331964874e+10,2.016926090823308945e+10,2.737475097494752121e+10,3.134417160620719147e+10,1.979856098483155823e+10,2.309469041886979294e+10,3.018310860371162033e+10,1.982832910037094498e+10,2.735673172264824677e+10,2.568168386828350830e+10,3.399548204305524826e+10,2.084867634824639893e+10,1.889995501828380203e+10,2.010345381391699219e+10,3.047052429699862671e+10,2.388114059646378708e+10,1.865931136808835602e+10,2.675501500212311935e+10,3.703611892296717072e+10,2.060190491977429581e+10,1.822579280341458130e+10,2.593976846456246567e+10,2.666588154533657074e+10,2.193562802036102295e+10,2.167816283067509842e+10,2.694625943124795532e+10,4.955423161124411011e+10,2.961519452048414230e+10,4.069535659476649475e+10,2.363999693968140411e+10,1.964701694422225952e+10,1.835016355707258606e+10,2.851271346334391785e+10,2.738677241606689072e+10,4.293290089519622803e+10,2.103697558543395996e+10,2.324460801409177399e+10,2.004053500263187408e+10,2.275671350970358276e+10,3.157075932526399612e+10,2.405288740927344894e+10,5.927694088589325714e+10,2.917330870248037720e+10,3.388741691259511566e+10,2.921863886748626709e+10,2.561441664647665405e+10,2.911680709371702576e+10,3.458456426449713135e+10,4.403907835889519501e+10,3.617921196241444397e+10,2.396337213676771164e+10,2.046521980279249954e+10,2.241844762466897964e+10,2.475420539656415176e+10,2.985921577413724136e+10,4.861678774630706024e+10,2.198975287099710083e+10,1.877550772288121414e+10,4.872306935836248779e+10,3.088651386750326538e+10,2.837766756757949448e+10,2.252424821080856705e+10,1.960612858725328827e+10,1.894694791397928238e+10,3.442452915154113007e+10,2.776664637951792908e+10,1.795911616091289139e+10,2.439678511934869766e+10,4.682105233614878845e+10,2.927531185258296204e+10,2.223402109769180679e+10,1.299653189347553062e+10,3.017368656773755264e+10,1.980492944927139282e+10,2.328223131694221878e+10,1.741593749465030670e+10,2.656138359607532883e+10,1.879273835513134766e+10,2.069036194337220764e+10,2.540682810456448746e+10,1.946866052595483017e+10
4.020003611786639404e+10,2.837004822814426041e+10,2.604092285454806519e+10,2.624602726032232666e+10,2.293178322659413147e+10,4.543634510448194885e+10,2.637126702905563354e+10,2.788034170767207718e+10,2.012556867542966080e+10,2.720545337997238541e+10,2.478097804820853424e+10,2.462571829785836029e+10,2.467237108242259979e+10,3.590244140689662933e+10,2.490184815297182465e+10,2.798666829629976654e+10,3.380084279995504379e+10,2.174629675960247040e+10,2.935968541018873215e+10,2.962216945970131683e+10,1.994754138468336868e+10,3.321606116400701523e+10,3.387008864048248291e+10,2.373715586026602554e+10,2.264751902893535995e+10,1.823409554889515686e+10,2.619136620946330261e+10,1.819707702038299942e+10,2.067796118435221863e+10,2.179659696141387558e+10,3.031845779607005692e+10,3.076089118298713303e+10,2.575265720700904083e+10,2.303524358660005188e+10,3.936377883954532623e+10,1.647207345985446167e+10,3.199060610152874756e+10,2.169435637354444885e+10,5.722023180641137695e+10,2.565976217082429123e+10,2.298385041861597443e+10,3.308680507025576401e+10,1.913699891404172516e+10,4.615153025106821442e+10,3.475697608653288269e+10,3.224483151859903717e+10,2.899818772541262054e+10,6.138161813261345673e+10,2.478699784850741196e+10,2.999409988028668976e+10,2.531210427766580200e+10,3.302119174740855026e+10,2.407718576310333252e+10,2.375878518982626343e+10,2.001167315586442566e+10,2.159519136274527359e+10,2.581730584545415115e+10,2.536297727677492523e+10,1.747884053782300186e+10,2.835956697344225311e+10,3.332997825408926773e+10,4.147740556993231964e+10,1.664645242888716125e+10,2.321808291415076828e+10,1.782858163826657104e+10,1.736112443383584595e+10,2.415362956914783096e+10,4.304278509212934113e+10,3.197147336359075928e+10,2.321253581841775894e+10,2.213907716645051575e+10,6.874026221126612854e+10,3.253986980751023865e+10,2.319986956755392075e+10,2.515504366440969849e+10,2.080865612993400192e+10,2.333291963666130829e+10,1.955604337975057602e+10,3.515374952778868103e+10,1.805396151724507523e+10,4.237284819618660736e+10,4.359796700647160339e+10,1.969089750983449173e+10,3.415085799504798889e+10,2.922078972153810120e+10,1.544496494530140686e+10,2.666946045320238495e+10,2.971670731533505249e+10,2.257334485271862793e+10,1.944711884358457947e+10,3.003045422644940186e+10,2.018261568239355469e+10,1.927266606408313751e+10,2.354821039188302994e+10,2.979120695108538437e+10,2.204981057949759293e+10,1.985563410989750671e+10,2.387931216434570312e+10,2.098861796832610703e+10,2.120795095014638901e+10
2.974596310353633881e+10,2.762883247096117783e+10,3.521908194382340240e+10,1.589199630914163971e+10,2.846746959427406693e+10,1.854085391022517014e+10,2.587637929007373428e+10,1.811265341587081909e+10,2.931665332086428070e+10,2.167029993336019516e+10,2.398173081284092712e+10,3.456906861881843567e+10,5.095086129289579773e+10,2.099865661346179581e+10,1.826906530313342285e+10,1.812635876624605942e+10,1.778601814073116684e+10,2.770805881452372742e+10,2.831365594430213547e+10,3.338694987794827652e+10,4.692006708071148682e+10,3.958097974164713287e+10,2.110572171814328384e+10,1.462461784243276215e+10,2.546664452838931274e+10,4.117235558871514130e+10,2.854573748473564148e+10,2.852733573261632919e+10,4.203673126515854645e+10,4.723522716288494110e+10,2.949720596675101089e+10,3.133728118818483734e+10,2.086166173802963257e+10,5.007480794246407318e+10,2.537312288068454361e+10,2.853078941373580933e+10,3.882247824562217712e+10,2.473604597548813248e+10,5.824496006100730133e+10,3.165784572086583710e+10,1.962007100516164017e+10,3.563601915594371796e+10,5.029010424553743744e+10,4.850589423671844482e+10,2.411893928332363129e+10,4.732272542824936676e+10,9.704044617457728577e+10,2.843378076840290070e+10,2.843313604587155533e+10,1.810909170377363968e+10,3.348096656240702438e+10,2.652371950399515152e+10,4.062851617244337463e+10,2.975914165335460281e+10,4.641664592401169586e+10,3.253845244058431625e+10,2.255712829430816269e+10,2.673667768228666306e+10,4.633017448079690552e+10,3.280701781700852203e+10,2.973804188604604721e+10,2.114236157700083542e+10,3.406558636688861465e+10,4.152608988973205566e+10,1.904122711685884857e+10,2.013897537377733994e+10,2.350462056138500977e+10,3.227806100776240921e+10,3.598987571698834229e+10,3.149629405325658035e+10,2.967705443883433533e+10,5.689498640046626282e+10,3.603598813854733276e+10,2.504281684671970367e+10,1.933233661706262589e+10,2.683462351922074127e+10,2.452054699872740555e+10,3.549162971379330444e+10,3.467516056186751556e+10,2.198726258368598175e+10,2.327507897694851685e+10,2.750083083523224258e+10,4.321345257247560883e+10,8.037030853752551270e+10,2.524607395518130875e+10,1.556080689492262077e+10,2.260704829382220459e+10,2.073519648273148727e+10,2.494975716370022202e+10,2.680706765441385269e+10,4.055720307435807800e+10,1.916471885567889023e+10,2.626801906617257690e+10,1.909647486693005371e+10,2.192137784268667603e+10,1.988664908855078125e+10,2.220863709948844910e+10,1.710523962451916504e+10,2.726831046110206985e+10,1.961890030089517593e+10
3.794810355948365021e+10,2.631087659748369980e+10,2.009005587420885849e+10,3.364003965668912125e+10,5.047101689330839539e+10,3.536152770743901825e+10,1.835419935161208725e+10,3.836944569278115845e+10,3.284947388003375626e+10,1.420601135669043732e+10,2.963641962301588821e+10,2.041350250292316055e+10,3.927754846388175201e+10,3.714510249617746735e+10,2.892445907991910553e+10,2.082587542550811768e+10,2.356099237190820694e+10,3.077460357200982666e+10,2.375265917590985107e+10,1.828770841544384766e+10,2.829895180733291626e+10,2.235267916856739426e+10,5.966406681755137634e+10,2.855505086514936066e+10,5.429808687271299744e+10,2.783090119246611404e+10,2.141298434095465851e+10,3.442609477606256866e+10,2.300842753194870377e+10,2.527366670208730316e+10,1.557046888673819542e+10,2.182642530914829254e+10,3.290034095490690231e+10,2.781476397085609818e+10,2.823918080233335495e+10,3.325835594334866333e+10,4.021433811653481293e+10,2.165639667084121323e+10,2.746639402577982330e+10,2.567549747646817780e+10,2.663212322696355438e+10,3.234042247877288437e+10,2.298522212944503403e+10,2.309896013164582443e+10,3.340412843426762390e+10,2.618259747734455872e+10,3.642922694306088257e+10,2.818307785059211349e+10,3.385369998462960052e+10,4.132629451099067688e+10,2.185165273488899231e+10,2.062584144570880508e+10,2.486482538293912125e+10,3.400672135326380157e+10,2.986027939327587509e+10,1.823392261420119858e+10,2.667243326158120728e+10,3.701430459080362701e+10,2.763399924297002792e+10,3.480800407743930054e+10,2.518057426711591339e+10,2.083594774170016479e+10,4.513609832563115692e+10,1.983816154303472519e+10,4.081620005328721619e+10,1.908312849530769348e+10,1.860554970086331177e+10,3.352076487251638031e+10,2.396701413559994888e+10,3.051913061147712708e+10,2.420073615858454514e+10,3.579728875908003235e+10,2.415225377364484406e+10,2.220813522122656631e+10,2.544551124561684036e+10,2.894921780084973526e+10,3.428675374530874634e+10,2.694586371728302002e+10,2.774006138007674408e+10,2.790185502714772415e+10,3.004072844068223953e+10,2.117421039693460464e+10,2.374215764603068161e+10,2.317073046038527298e+10,1.852042165527767563e+10,2.050323948250696945e+10,3.009964062535461044e+10,2.611720048743453217e+10,2.168795262845495987e+10,3.017395178567471695e+10,2.484692130756429291e+10,2.932317200927739334e+10,3.760464773678436279e+10,1.759690591987403107e+10,2.243176876840247726e+10,2.768835618717706299e+10,2.379239210364673996e+10,2.243633720189468384e+10,2.028638800521981430e+10,5.799388911960119629e+10
2.903070515826671219e+10,2.010961998835319519e+10,2.154283782866085434e+10,3.807897680010009003e+10,2.582446017695259094e+10,3.073564497611285019e+10,2.426347103608421707e+10,2.608980381055948639e+10,2.378908215096603012e+10,1.958097651681939697e+10,1.757625855180477905e+10,2.274731105781187439e+10,5.370982174783827972e+10,4.770992653500386047e+10,2.217831243551659393e+10,2.487779143523704529e+10,3.273607386214487839e+10,2.102448140685600662e+10,3.389254882991100693e+10,2.949955591543965530e+10,2.573831123104479599e+10,2.565381996181183624e+10,3.772011754465741730e+10,2.132881008614047623e+10,3.071705744028897858e+10,2.304080973933796310e+10,3.333401528875137329e+10,2.765777718877820969e+10,3.485370637302489471e+10,5.130295308679427338e+10,6.558935448666902161e+10,5.363504850990068054e+10,4.944618602088473511e+10,2.540733339249197388e+10,2.243306637866205597e+10,2.392727454507151031e+10,7.526968096456053162e+10,2.464780496529413223e+10,2.716999642620995712e+10,5.279290643292357635e+10,4.396062435560115051e+10,1.995919957978726196e+10,2.134991048859771729e+10,3.437117195802354431e+10,2.533229429597288895e+10,2.872388354741649628e+10,2.708608549593694305e+10,3.308905012197302628e+10,2.280132632997267532e+10,3.202749979006446838e+10,2.909832884661563492e+10,2.220078736655905151e+10,2.125074729749685287e+10,1.504640449888634300e+10,2.388987627082237244e+10,2.762222692432934570e+10,2.590872324899375916e+10,5.453245539667398834e+10,4.399613697365345001e+10,2.972351409171542740e+10,1.759036771220117950e+10,3.024843604031681061e+10,2.455413604370210266e+10,2.438950648257047272e+10,1.939590331585401535e+10,2.533876559504725266e+10,2.262986506162498093e+10,2.620649436730680084e+10,2.127472977111255646e+10,2.195425249960082245e+10,4.335406269682892609e+10,3.118297139849189758e+10,2.219487441060478973e+10,2.689713497444374847e+10,3.847557188102287292e+10,3.931988431889699554e+10,3.498897644070175934e+10,2.335407133698135757e+10,4.124126358492942047e+10,3.431164772472080994e+10,2.084939144734618759e+10,2.811424389382465744e+10,2.262151884483852386e+10,4.028327682718104553e+10,2.948952302708940506e+10,3.652213278744692230e+10,2.868052513741675186e+10,3.102300949449858856e+10,2.539824371676864243e+10,2.815270437174921417e+10,3.094113856156587982e+10,4.281670632392774963e+10,2.112294628181602859e+10,1.730745018966230392e+10,2.930520456622715759e+10,3.130750384336880875e+10,1.754056054444913483e+10,1.545112248645986557e+10,2.483822727377265549e+10,2.819332982859140015e+10
2.689441328771656036e+10,3.398360067370703506e+10,2.647052822368027878e+10,2.770285919578181839e+10,1.535604347729246902e+10,1.995350799322527695e+10,9.186336042780630493e+10,2.774555784243444443e+10,2.378619292203683472e+10,3.779643463697934723e+10,2.152761420793515396e+10,3.285883568976382065e+10,2.589677231807638550e+10,2.365416903096959305e+10,2.968935152862121582e+10,1.727948475607731247e+10,4.489262892752537537e+10,3.855007642425729370e+10,1.867559250192993927e+10,2.330287025290431595e+10,4.084625811866822815e+10,3.289347086680197144e+10,2.476270778775553131e+10,3.047015947260422897e+10,2.889947258236262131e+10,3.448278183135051727e+10,2.041452967998362732e+10,2.864990706519863892e+10,2.882909625661647415e+10,1.943071579379178619e+10,3.381344963736235046e+10,3.467017766639311981e+10,1.970942288692806244e+10,2.251338691872747421e+10,3.042891309304735184e+10,2.805935578428909683e+10,4.607386904228325653e+10,2.082885350053540421e+10,2.622701079072559738e+10,2.991615533286910629e+10,3.318147275556723404e+10,2.653386129168934631e+10,2.707772308908953857e+10,2.509022936486812210e+10,2.566871244715203476e+10,2.390244152103884125e+10,2.453049997645424271e+10,4.170014180067552948e+10,1.927875945589969254e+10,2.740999871520672989e+10,2.434447028394132614e+10,2.997622000771049500e+10,4.100278728867942047e+10,5.113206383591873932e+10,1.948215851800772476e+10,2.265946180806541061e+10,3.140324899420422745e+10,3.226496427664961624e+10,2.282499695085127258e+10,4.475395484829259491e+10,3.149119719874365616e+10,2.137240766111306000e+10,2.488697329425444412e+10,2.799151443738249207e+10,2.491726055900276947e+10,2.611548600959879303e+10,3.291899519531740952e+10,2.905529317625644302e+10,2.368832895353862762e+10,2.130786296639753342e+10,2.983533653477477646e+10,3.943552811573008728e+10,2.117953087271831894e+10,2.589107248136315536e+10,3.052998289939596939e+10,3.132682432833807373e+10,2.183217943771949387e+10,3.259222996568428802e+10,2.651764716789145279e+10,2.865057756709401703e+10,2.883414600715969849e+10,2.501107615758979797e+10,3.004688280552153015e+10,2.347141269059885025e+10,2.677666974687524414e+10,2.054384548111769485e+10,3.364719780194034195e+10,1.694043869564648247e+10,2.979177064273549271e+10,4.271915398418702698e+10,3.610369804484285736e+10,3.301245710322412491e+10,2.045062220517296219e+10,2.209494834312029266e+10,2.881999302872658157e+10,3.690604675750595093e+10,2.824653092762693024e+10,2.340312491720344162e+10,3.031097239994622421e+10,2.627233902871178818e+10
2.149385527636767578e+10,2.460157643383609772e+10,2.469023439546442413e+10,2.284994255519981384e+10,2.610786147870377350e+10,3.407823784971123886e+10,2.823620478490751266e+10,2.206001716603749466e+10,2.162155488038153458e+10,2.491562227944400024e+10,2.659223801787371063e+10,3.373275192874409485e+10,2.198190717309403229e+10,2.759791734639140320e+10,2.675178715501017761e+10,2.297494235132343292e+10,2.074281718311499405e+10,2.372439378551274490e+10,2.102269730938732529e+10,3.386574640918730164e+10,4.916606216414648438e+10,2.183706313484674072e+10,1.919551981638830948e+10,2.560257122667063904e+10,3.587706184472940826e+10,5.044467889427948761e+10,2.394212618324263763e+10,2.076938550886246109e+10,7.812276182892651367e+10,3.151565011817064667e+10,4.304397790984492493e+10,3.505159437289386749e+10,3.471192942349844360e+10,2.050124150198084259e+10,1.931226204809754562e+10,3.365034953009893036e+10,3.461820258725675201e+10,3.330274554652713013e+10,2.389911042195848083e+10,2.928962886484350586e+10,3.319076958654414749e+10,3.450448006632569122e+10,2.687334969036635971e+10,2.641477624030211258e+10,6.685979220036987305e+10,2.745930812922027206e+10,3.933353441133641052e+10,3.852355982307109833e+10,2.881228663132022476e+10,2.765608780232223129e+10,1.796816545569062424e+10,3.797369182277234650e+10,3.344566261055361176e+10,3.254967977382661819e+10,4.322483515096807098e+10,3.762038805167148590e+10,4.179252423581828308e+10,6.074932994231191254e+10,2.734257857068898010e+10,2.978551846259130096e+10,2.452803456048703766e+10,3.146509417125163651e+10,3.557518981860289001e+10,2.305660247874974823e+10,3.569653692000566101e+10,3.240636011925976944e+10,2.681467638418585968e+10,4.140216596820241547e+10,3.330262417584411240e+10,2.936060420001166916e+10,2.437363237439076996e+10,2.631926180628582764e+10,1.758718944564515686e+10,3.124712761768551254e+10,2.152447583439833069e+10,1.799196751346294022e+10,1.771469809091240311e+10,2.723800114695283127e+10,3.439033921223767090e+10,2.569168994803960800e+10,2.238536947870542526e+10,5.543588424443158722e+10,3.479087115609847260e+10,3.224546062341353607e+10,4.065513887127241516e+10,4.300434294522109985e+10,2.652569954155485535e+10,2.478685762230100250e+10,2.063845055871749496e+10,2.643823185259097672e+10,4.011952872923657990e+10,2.303731770751131439e+10,3.684078071276654053e+10,2.743615354995243835e+10,4.922827908417531586e+10,2.979854264953886032e+10,1.845653462131485367e+10,1.903459249284958267e+10,1.979367924726838303e+10,2.900047852940809250e+10
2.191434898213723373e+10,3.214615573427027512e+10,2.530057266098073959e+10,2.230465440658189011e+10,4.111792354945851898e+10,1.903936670005741119e+10,3.115116553075529861e+10,3.260812806587993240e+10,3.900931364309893799e+10,3.234545027206081772e+10,2.181818530880295563e+10,3.496695554688825989e+10,2.887726172147355652e+10,2.303189583978066254e+10,1.682779374981228828e+10,4.292102661602456665e+10,3.208463175798099136e+10,5.852392748436340332e+10,2.998051811084979630e+10,2.379292434376165390e+10,2.436955108353772354e+10,3.109887954808845901e+10,2.079580784722373962e+10,3.834105863412513733e+10,2.391506193800807953e+10,2.077990372443135071e+10,2.859643475521807861e+10,3.747315100830492401e+10,2.312802686002061844e+10,4.034203463161907196e+10,2.825026069985207748e+10,2.982255832254696655e+10,3.118527135206653595e+10,2.672611568134268570e+10,3.315717178944523621e+10,2.716161638537355042e+10,3.412430636913694763e+10,2.836708096183294678e+10,4.283193336505065918e+10,2.715965056317260742e+10,2.400471277559297562e+10,4.454018093899431610e+10,3.022795921759714508e+10,5.770705386343646240e+10,3.870152587354827118e+10,3.798857167236386108e+10,2.622337427464694595e+10,4.316533808678520966e+10,2.556664048567154312e+10,1.771553588678555298e+10,3.030690647860271454e+10,4.612928016231047058e+10,2.168408757076679993e+10,2.666712702125398254e+10,2.167893351436980438e+10,3.465879158162106323e+10,4.006623131607640839e+10,2.402724522479656601e+10,3.472365472729364777e+10,5.455944997892596436e+10,2.776611438372554016e+10,3.175174681536039352e+10,3.865579055456658936e+10,2.250990964581581497e+10,3.863493981960575867e+10,2.540172465558366776e+10,3.035378946336029816e+10,4.184827927662496185e+10,2.914367977616414261e+10,4.258092006205628204e+10,2.442548948213882065e+10,2.156650447346923447e+10,2.649183034448820496e+10,3.795019758401793671e+10,3.463745966234784698e+10,5.412537873405435944e+10,1.943665062283286667e+10,3.592331527833844757e+10,3.906769149503965759e+10,1.762544977821073532e+10,2.442270157627412033e+10,3.200534063509359360e+10,2.971068792425593567e+10,3.442562753216675568e+10,2.075735671691978073e+10,2.486736681733698273e+10,1.975691103979361725e+10,3.562696010410285950e+10,4.645661675295355225e+10,1.705118938934106636e+10,1.950088857353548813e+10,3.000625465332155609e+10,2.589491370824213791e+10,2.845978411305923843e+10,4.200148283323671722e+10,3.119645840973833847e+10,3.011072342138191223e+10,3.411158870641492462e+10,2.919002914900766754e+10,3.220771122152324677e+10
2.617369862222931671e+10,2.604076898620791245e+10,2.534478062112912750e+10,2.454801715246524811e+10,2.239285670913872528e+10,2.772121185860167313e+10,2.142607960621151733e+10,2.493006001629232025e+10,2.536054203697422791e+10,2.795320733683615494e+10,4.915228664167641449e+10,2.665858484062210846e+10,2.771380839757115936e+10,3.401834662019807053e+10,2.761811658904581451e+10,4.017708264254592133e+10,3.042391218392531586e+10,2.956347720726705551e+10,2.124538810662768173e+10,2.609620249289701843e+10,3.521859049627213287e+10,2.329990973772278595e+10,2.605086104279685593e+10,3.121931591858039474e+10,3.128652136925569534e+10,4.711884874676214600e+10,2.298112893094734573e+10,6.221257046127146149e+10,3.173618570836944962e+10,3.064438446548994827e+10,2.645821836532012177e+10,3.755778989493746185e+10,2.756226423541296387e+10,2.469349878336640167e+10,7.223417494465034485e+10,3.092420457358737564e+10,2.554594006970868683e+10,4.428170098524333954e+10,2.679833843845899963e+10,2.359652508801618958e+10,3.183037252032211685e+10,3.083028169214946747e+10,2.963833451078810501e+10,2.788846474989958572e+10,3.628149062875991058e+10,3.221635372709809494e+10,3.441115081003501892e+10,3.277176241728446198e+10,4.892887571888082123e+10,1.923229338323286057e+10,1.755878959224309921e+10,2.136755427720198822e+10,3.396688921111207581e+10,2.437896881628719711e+10,4.292114676301605988e+10,3.450862618505887604e+10,3.086219253294355774e+10,2.118524037037409592e+10,2.067262610773194122e+10,2.416280875286467361e+10,2.982831550304238892e+10,2.839537090892220306e+10,2.775792869291891861e+10,4.188333058144351196e+10,3.326921364570244980e+10,2.971289971185905457e+10,3.292446114940878677e+10,2.902556388778206253e+10,3.373003519240499115e+10,1.132931735780981445e+11,2.811667306839206314e+10,4.372583726867935944e+10,2.224151444427338409e+10,2.897393824733548737e+10,4.102012204366775513e+10,3.111204878048966217e+10,2.539691226332063293e+10,2.814499360859040070e+10,3.254315444094275284e+10,3.864209445702202606e+10,3.101960271195254898e+10,2.623366186773533249e+10,2.816888186291011429e+10,1.939180774425855255e+10,4.112086538320623016e+10,2.344340383349569321e+10,2.533407046357825089e+10,2.361962320609753799e+10,3.841986609583830261e+10,2.195496721520428848e+10,4.193429210905273438e+10,4.076917440026317596e+10,2.408278151738231659e+10,2.978579487131047440e+10,2.995959147753408051e+10,4.571325370627877808e+10,2.419457763656685257e+10,3.363243528369216156e+10,2.622151593368107605e+10,2.400242051691694641e+10
1.964661088190683365e+10,1.518816193367618561e+10,1.550105397080639839e+10,2.823456904658889008e+10,2.537562454792667389e+10,3.083015892749621582e+10,2.926097540846457672e+10,3.441996738782768250e+10,4.039753053631494141e+10,3.573251449711737823e+10,1.939562577039968872e+10,3.570438600236237335e+10,2.337880693413580322e+10,2.451550581270943069e+10,3.664814635568520355e+10,3.398471193762105560e+10,2.143182429059027481e+10,3.707283141956857300e+10,3.525277955188186646e+10,3.709344034942661285e+10,2.598692121941212845e+10,2.719724841405357742e+10,3.150040962176892090e+10,3.134132612966756821e+10,3.450316906152047729e+10,3.640613362424873352e+10,2.315266535309228897e+10,2.237454103506546402e+10,2.563311618264140701e+10,2.458785925738962173e+10,3.286745993966524124e+10,5.370084467046866608e+10,2.342769857509692383e+10,2.490665889233897781e+10,2.309563283563922119e+10,2.827079960352910995e+10,3.182921610084085846e+10,3.678358185915605164e+10,3.291090446921867371e+10,3.459504098931008911e+10,1.992112653756075668e+10,2.938399360908180618e+10,3.071087583924864578e+10,2.533695557035676956e+10,3.622404460334215546e+10,3.010476860661309052e+10,1.888896874580591965e+10,4.118784965800788116e+10,3.654129522789077759e+10,3.393838450402315521e+10,5.587034498848319244e+10,2.454384110128385544e+10,5.329890869385485077e+10,2.217341492029399490e+10,3.528242511209184265e+10,4.070249842821424866e+10,2.871474735192894363e+10,2.713058204115561295e+10,2.658657448982054520e+10,2.832021504371543503e+10,4.195880231554703522e+10,2.690489970734278488e+10,3.498464947548696136e+10,3.766695154343753815e+10,4.256516001870435333e+10,3.000917573826086807e+10,4.647046030482098389e+10,2.964277031065368652e+10,5.322658732475122833e+10,2.820615007463555145e+10,3.174721486683471680e+10,4.405889063617344666e+10,3.106519385478727722e+10,4.360084267482901001e+10,2.919011483270876694e+10,3.516111050404487610e+10,4.240888266168593597e+10,5.226595788096640778e+10,2.338058614975444794e+10,2.613319748040895844e+10,5.429829433379194641e+10,2.198083732251764297e+10,3.440050677604344177e+10,4.670193144398178101e+10,2.066293163669060135e+10,4.502881112041503143e+10,4.139125754138733673e+10,3.462731826032350159e+10,5.113108135866221619e+10,6.114905010775766754e+10,3.628901850207891846e+10,2.164575425212882614e+10,1.871954063641658020e+10,2.607441288008012390e+10,2.269597662491463852e+10,2.639305004549555969e+10,3.788816645106496429e+10,1.912866096837709808e+10,3.072027538994086838e+10,2.461771081947374725e+10
2.480197840853140259e+10,2.313535297871814346e+10,1.883034682681634903e+10,4.204238947185526276e+10,3.297178966014253616e+10,2.626003558609351730e+10,2.085044967277140808e+10,6.459752621706367493e+10,2.384408765463755035e+10,2.396864764489468002e+10,2.796273609029437637e+10,6.513556429285550690e+10,2.334366976448857117e+10,4.779961056555184937e+10,2.775999237439271927e+10,5.379392120723804474e+10,3.550990066689693451e+10,3.122993401353293228e+10,3.662835394462668610e+10,4.295493392876122284e+10,2.972671543655988693e+10,3.950409573712044525e+10,3.663477992012100220e+10,2.900674236216875458e+10,4.252390656028221893e+10,4.125358540757762146e+10,3.157233193294317627e+10,3.073366708152906799e+10,3.817614962783070374e+10,5.228558841150180054e+10,7.036701598599238586e+10,2.392559530851501465e+10,2.550852969575991058e+10,3.623066217924817657e+10,2.651876082782816696e+10,2.784691372239015198e+10,3.903433582424962616e+10,2.126863091033307648e+10,2.866601346711690140e+10,2.604018916215835953e+10,3.148894555212408829e+10,2.800451460496911621e+10,3.410880062187497330e+10,2.821741720240253830e+10,2.752437552605204010e+10,2.455338656647717285e+10,2.960024323770364761e+10,2.349646517562186050e+10,4.767521037092807007e+10,2.750644955871155548e+10,4.255893684939978790e+10,3.535034075223500824e+10,3.075496650243904495e+10,2.193107419725211334e+10,2.502686329095083618e+10,2.490401676984836960e+10,2.183645146932537460e+10,3.257380730514608765e+10,6.508532394672393036e+10,4.261178139465178680e+10,4.496212947484575653e+10,2.849235233662027359e+10,3.241176274404588318e+10,3.331546666387068176e+10,2.384894251578061295e+10,2.915109172414930344e+10,4.776935472716645813e+10,2.695735594775780487e+10,2.321649071690904236e+10,2.847950014992280197e+10,3.102550518248968506e+10,2.625138384511289215e+10,2.795905428168592072e+10,6.155404864206361389e+10,3.049208677632080078e+10,2.351239290189216614e+10,4.528798678515306854e+10,3.882369696147550964e+10,4.001895036584491730e+10,3.435692895360383606e+10,2.698668746698063278e+10,3.831255556838697052e+10,4.466212716709098053e+10,2.977308111592972946e+10,2.574946236920974731e+10,3.879504073267506409e+10,2.327116150883171463e+10,3.764560412886991119e+10,2.947929196281171799e+10,2.530238880646963120e+10,2.936016700038782883e+10,4.889899183014108276e+10,3.386815584713254929e+10,2.926922469387345886e+10,2.970732193168106079e+10,2.607640784724557877e+10,2.565333857767910385e+10,1.912384158680858231e+10,3.046131261204076004e+10,1.876644007259470749e+10
2.039337473481331635e+10,2.656538754177018356e+10,3.451705090883786774e+10,1.787905383192009354e+10,1.906620829907095718e+10,2.155516225919652176e+10,2.289902421969563675e+10,2.435839510845317841e+10,2.264803341868557358e+10,4.624414546719532013e+10,6.016844716050208282e+10,3.334402553487232208e+10,3.642410452736119080e+10,3.714479103530411530e+10,3.324073232169237900e+10,2.196669909049631882e+10,4.732116145974029541e+10,3.569902460527470398e+10,2.647558546591918564e+10,3.148468370019192123e+10,3.305443766209972763e+10,2.986870540399861526e+10,2.908281109743502426e+10,3.342013971636300278e+10,8.586388112228353882e+10,2.703744002721763229e+10,3.597108384371762848e+10,2.866075880266392517e+10,8.363937919703440857e+10,3.692958883491019440e+10,3.251037921823757553e+10,4.055301599073586273e+10,2.901703613080966187e+10,2.821645320694153595e+10,2.327133844879648209e+10,2.900751109107287979e+10,5.744458355099813843e+10,2.633696628915983963e+10,2.917944684257344055e+10,3.169024042840647507e+10,2.526307382758028793e+10,2.343702138585572052e+10,2.078541658106190109e+10,2.052642158825698090e+10,2.124952103637995529e+10,4.064047388946966553e+10,3.982398973205217743e+10,1.211041965097586823e+11,3.529820192430691528e+10,2.720852180022090530e+10,3.295249799955641174e+10,3.300547557776066971e+10,4.685313544206381226e+10,4.840495763845389557e+10,3.711299817841329193e+10,2.934148126025269699e+10,3.148465951799214554e+10,3.989061573546102142e+10,6.286396577607267761e+10,3.256662399721376038e+10,5.029368392974555969e+10,3.247234069360696411e+10,3.553200590482225800e+10,3.170638615191483688e+10,2.820133928932748413e+10,3.054311285104352951e+10,4.362677441552244568e+10,3.155867067545494461e+10,3.270391737042819595e+10,4.350185484574684906e+10,2.593835311786967087e+10,3.173874202593169022e+10,3.126984951340042114e+10,3.157985908508979797e+10,5.286888715372700500e+10,4.303667141016338348e+10,2.974807705032691956e+10,4.491777736504507446e+10,3.658589944359954834e+10,2.552907964780994415e+10,4.489087037682256317e+10,2.397560883650736237e+10,3.435332902958505249e+10,3.893356893216595459e+10,2.542595490984138107e+10,2.907688255819403458e+10,4.619243494949166870e+10,2.782917752756527710e+10,3.230216572645061493e+10,2.450094424091320419e+10,1.879272836735594559e+10,7.371820639102622986e+10,3.895720456201052856e+10,3.190322472847614670e+10,3.032405903326491547e+10,3.009158572718706131e+10,3.639065810052127838e+10,2.744937836397167969e+10,3.115048291164849854e+10,2.662971410400436401e+10
4.067413868246414185e+10,2.718987272368764114e+10,2.016106937747646332e+10,2.906988512435328674e+10,2.263124269752825928e+10,2.520783857501905441e+10,2.419096057651946259e+10,2.178369032219709396e+10,3.120131321236787033e+10,3.944521037005553436e+10,2.401733632735494995e+10,2.281330887612999344e+10,2.459461298987629700e+10,2.960385365339065552e+10,3.092245953868778992e+10,3.669720462263402557e+10,4.894053802948815918e+10,2.880715143673610306e+10,6.048763084170188904e+10,3.397316225791513443e+10,3.520671094719543457e+10,5.600365299095396423e+10,3.343119003763382721e+10,3.595262546903525543e+10,2.722176706506206512e+10,1.275605796154521332e+11,3.491098205559575653e+10,5.537894466455371857e+10,3.882758954486138153e+10,4.922128218132557678e+10,3.852954545829341888e+10,3.321726151494998932e+10,3.449635459454920959e+10,3.227729125264743042e+10,5.673457149363013458e+10,2.634746020325028229e+10,2.889195438587556076e+10,4.727751424582125854e+10,4.177970901049428558e+10,3.397146518301926422e+10,4.654559521168106842e+10,2.794325736308105469e+10,2.745123180265317917e+10,3.308259092782590485e+10,3.448666330245164490e+10,4.735322653197314453e+10,3.316471807459583282e+10,3.121521269620116425e+10,4.255037449580007935e+10,3.574940414481601715e+10,4.312837538858976746e+10,2.803558741443080521e+10,3.203087259746572113e+10,3.896568498934355164e+10,2.724863549181637573e+10,4.039248837328421783e+10,4.003640298882776642e+10,4.063365010806671143e+10,3.038693373406908798e+10,3.053609503183234406e+10,5.691614985817202759e+10,2.825708502151261520e+10,3.543454661106373596e+10,4.292821248891119385e+10,6.691748543277222443e+10,3.949527339587658691e+10,3.521114639890453339e+10,4.221537303142355347e+10,3.565318665118009186e+10,3.517730882136378479e+10,3.626789213174790955e+10,4.356700378533255768e+10,3.445845916359256744e+10,3.288159650152651978e+10,6.762005127672618103e+10,2.606044941833119965e+10,1.239679147051262054e+11,6.973734209772239685e+10,3.278632721206781006e+10,4.010635138607200623e+10,3.753337208651943207e+10,1.034877894104416656e+11,7.473968646957466125e+10,2.488743515175071335e+10,3.215293623845359802e+10,2.163274035678469086e+10,3.252909168589553833e+10,3.395069999184069061e+10,3.272254496598676682e+10,2.992724484119107437e+10,2.301435134050949097e+10,2.981415926663571930e+10,3.220300137584221268e+10,2.316934796123502350e+10,2.495145103131798935e+10,5.960021507029492188e+10,3.083212576634601593e+10,5.800079589415911865e+10,2.378201935885979462e+10,2.090374975568804932e+10
3.709986542915153503e+10,1.837896187152089691e+10,2.971636177429669571e+10,2.383195309639529037e+10,2.304669861137246704e+10,4.245127572955477142e+10,2.984151577198284912e+10,2.637184835033210373e+10,4.370041125901423645e+10,4.447153981578111267e+10,3.958624469269001007e+10,3.794967952309958649e+10,2.687066967690233231e+10,3.510123358886211395e+10,3.369495322185571671e+10,3.800538792471500397e+10,4.166651672394553375e+10,8.781723318904826355e+10,3.280779624749423218e+10,4.014387709970398712e+10,6.222749767472868347e+10,3.969192068557598114e+10,4.415419765996342468e+10,3.662454096072769928e+10,2.626477320156714630e+10,4.503523524591921997e+10,5.393521111800809479e+10,3.268601599289558411e+10,4.915077145699575806e+10,5.099412920699110413e+10,4.230087092850498199e+10,6.183576436400219727e+10,3.740281118481497955e+10,4.000060433633882904e+10,1.001594406560160370e+11,2.962636337646673965e+10,3.779033749640970612e+10,3.759588999595804596e+10,3.798287747494014740e+10,3.267876576479039764e+10,4.645590760821140289e+10,3.286517715226620483e+10,3.815168278939762878e+10,2.745234129565495682e+10,2.783654583813763046e+10,3.721903764937244415e+10,2.839543249708302307e+10,4.293795295286917114e+10,3.690465689792418671e+10,2.712603435968014145e+10,5.567507645477095032e+10,3.737068130094068146e+10,2.600039380177367401e+10,3.317440945210882950e+10,2.858386310853504562e+10,3.727210680937342072e+10,3.164704318208020782e+10,2.836592647896992874e+10,3.427497954261291504e+10,4.291288084663198853e+10,3.506825207120820618e+10,5.660838848010706329e+10,5.993676191379925537e+10,5.115905570083163452e+10,3.255526249757852936e+10,4.809071723261925507e+10,2.783772584619464874e+10,5.827383603654492188e+10,3.071313038561236572e+10,3.339790432241012192e+10,3.519892876467499542e+10,3.215798403836399841e+10,2.663153365795559692e+10,2.840824897204516602e+10,3.793060667904673004e+10,3.789584229996482086e+10,4.460633502510946655e+10,5.957958942750709534e+10,3.149889316118864441e+10,3.923383819165843201e+10,3.210740466888007355e+10,3.489271686110599518e+10,3.994070575858303833e+10,3.189550473375679779e+10,2.948147413645269775e+10,5.084308284891226196e+10,3.673802579132312012e+10,3.398187314287607956e+10,3.426417432928509140e+10,3.108578555946175003e+10,5.284715063654051208e+10,2.393767723674169540e+10,2.281330858316149139e+10,3.746458682901132965e+10,3.120978362120471573e+10,3.042987124888756561e+10,5.220330804017899323e+10,3.555082832991070557e+10,2.733715231894908524e+10,3.465490725653721619e+10
1.842736406523930740e+10,2.243287646967739105e+10,2.427736428231436920e+10,2.821367463333789444e+10,3.045514115820681763e+10,2.835549247144962692e+10,2.705831110068203735e+10,2.848498233877434540e+10,5.537013848792946625e+10,3.179003973375432587e+10,9.571509930653161621e+10,3.003176201231486893e+10,3.540386399366956329e+10,3.458851489098886108e+10,3.163539465481518173e+10,2.977523089347104645e+10,6.516703915329588318e+10,4.207978443378879547e+10,4.835690753745742035e+10,3.935774731034887695e+10,3.865630117093338776e+10,3.223913287118566132e+10,4.306600687719090271e+10,3.294956880665571976e+10,3.009081340947787476e+10,3.638174222882146454e+10,5.593940229801651764e+10,3.704748015122203064e+10,3.141514580087048721e+10,7.775417114538601685e+10,2.910742677373643494e+10,4.002066701592661285e+10,4.076012713274199677e+10,4.944879938535252380e+10,3.479569424778948212e+10,3.957195056934700775e+10,5.302396640200946045e+10,4.028426327231446838e+10,3.668910390483295441e+10,4.371443062374641418e+10,5.048886504758863831e+10,2.631611158080300903e+10,3.455703216668815613e+10,3.187055915869065094e+10,3.958654432161536407e+10,3.777237628523988342e+10,3.149566891316913605e+10,4.393331759117784119e+10,6.653653399202426910e+10,3.568510666392523193e+10,3.907298571322496796e+10,4.268474506230092621e+10,2.308593154513206863e+10,4.155168130325823975e+10,4.386443844955966949e+10,5.140065294526471710e+10,2.874345355532681656e+10,4.284794961273765564e+10,3.171497965371147537e+10,2.942494405465764999e+10,3.739660607657641602e+10,3.150417750034551620e+10,2.957988136023471832e+10,3.767991226838939667e+10,4.840363248150449371e+10,3.941570897062911987e+10,3.499740079040988159e+10,6.956472235516822815e+10,3.954724242450076294e+10,3.368212730731650925e+10,9.904236712561660767e+10,3.725369492824941254e+10,4.688054252227835846e+10,2.942544910874267578e+10,2.736159711097827148e+10,5.166250529801461792e+10,5.079110248473796082e+10,3.910753671301927948e+10,5.051527199585533142e+10,5.481989795904641724e+10,3.117653903652628326e+10,5.167064791337344360e+10,4.024486660208778381e+10,3.491964655952011108e+10,3.241556497708165741e+10,4.844916070015576172e+10,4.076316260110845947e+10,4.151322344361325836e+10,3.973763404357572937e+10,3.221019684803307343e+10,3.507790231961870575e+10,2.959526288812808228e+10,4.562590181233296967e+10,2.803370294899685669e+10,3.258310283789913559e+10,2.096264574428436279e+10,2.374450466922266006e+10,2.987349371305167770e+10,2.413706885189982605e+10,7.032365982424055481e+10
2.248093916968964386e+10,2.459739402067103958e+10,3.296061143006705475e+10,2.910491840104307556e+10,3.718611572060396576e+10,2.487422804669511795e+10,3.920104318241259003e+10,2.258534937253453064e+10,5.162385690221131134e+10,3.333236365048262787e+10,3.051141112393202209e+10,3.458333070150961304e+10,3.369227584638858414e+10,3.613302641816355896e+10,3.811961280981407166e+10,4.666937611849145508e+10,4.456481303146296692e+10,4.026968612672659302e+10,3.307307426980952072e+10,4.281248016376692200e+10,1.131541954986849060e+11,4.390883985791257477e+10,4.625389929782919312e+10,2.958350810490276718e+10,5.444880746932308197e+10,6.680058778682893372e+10,5.718673846243326569e+10,3.744687814161116028e+10,3.245994251244787216e+10,3.300233382526682281e+10,3.364018320195008087e+10,5.856710124701306152e+10,3.622677415786598969e+10,5.348970233496909332e+10,2.779917838342983246e+10,5.966409531765298462e+10,4.154240764194340515e+10,3.925324108889699554e+10,4.973999334843907928e+10,2.997794465937469482e+10,3.189354169400769806e+10,3.085474876254025269e+10,4.433651081084138489e+10,3.522714218729673004e+10,4.040263438676193237e+10,4.696304847377176666e+10,6.964985530818431091e+10,3.750632753790375519e+10,4.222542351192723846e+10,4.030334433324780273e+10,5.792760846605985260e+10,3.614955401795681763e+10,5.115478523157048798e+10,3.529046200154628754e+10,7.358927429812232971e+10,6.959334386348210144e+10,2.645811274389574814e+10,3.548056771170951080e+10,4.627012991996063995e+10,3.848175532697844696e+10,3.582362569973487091e+10,3.672565277049890137e+10,4.707291162052461243e+10,6.499706370759034729e+10,3.700750179468253326e+10,3.553033965523775482e+10,3.784313072736161041e+10,4.374632850510697174e+10,4.733872400724691772e+10,4.722686793224211884e+10,3.657484619627116394e+10,6.832131507083576202e+10,3.670589560642752838e+10,6.761812548544332886e+10,6.157164588649913788e+10,4.005201830258193207e+10,3.781202926709910583e+10,4.596332111946562195e+10,4.088655573432884216e+10,5.963577076194945526e+10,4.856595815641391754e+10,6.258111763344550323e+10,4.722057442186193085e+10,4.326242626150956726e+10,3.327961586381714249e+10,2.617826951114160538e+10,2.142893924124181366e+10,3.031536965281247711e+10,3.524022164294923401e+10,3.826448217058379364e+10,3.780410201002443695e+10,4.320458117740902710e+10,2.558636023587966537e+10,3.302348478989678574e+10,4.328941246253019714e+10,3.006589014155825806e+10,1.188939574898749695e+11,3.781121921638532257e+10,3.892387172051186371e+10,3.702347360189678192e+10
5.720422907057668304e+10,5.766597031484409332e+10,3.758617105514247894e+10,4.559504823902188873e+10,2.953493767466092300e+10,3.576661688599231720e+10,4.021003235094581604e+10,4.070010020893450928e+10,4.880058481509682465e+10,1.207363760689102478e+11,3.932916937441139221e+10,4.441181466921330261e+10,4.095078093075391388e+10,4.660616778167163086e+10,4.850293136198919678e+10,3.958321014482792664e+10,3.725811745570758820e+10,5.115168306929683685e+10,4.137206937237524414e+10,4.554594083826743317e+10,4.399295153378171539e+10,6.426892715255447388e+10,3.934330533929841614e+10,4.687083399111091614e+10,6.441743512319110870e+10,5.023104484183586121e+10,3.849291972430278015e+10,3.491262950969109344e+10,4.481186530227390289e+10,5.504064020808085632e+10,8.549863811915101624e+10,4.302014318199455261e+10,4.734453788852866364e+10,3.717033504389917755e+10,3.607796374991243744e+10,6.400527414976467133e+10,3.330683586237205887e+10,1.056797030882566528e+11,7.675507909653402710e+10,6.340956520383811188e+10,3.817214288554478455e+10,5.992738949337528992e+10,3.223536692519000626e+10,6.300545070738642120e+10,3.424607404229116058e+10,2.731208448118678284e+10,4.915873285411366272e+10,8.230568405455595398e+10,5.631739324289408112e+10,3.945160516823468781e+10,3.981051318808409882e+10,4.692978822828827667e+10,5.406985783864849854e+10,4.296297859243220520e+10,2.709228800171035767e+10,2.460296449439886093e+10,3.023876081320006180e+10,3.917969706219491577e+10,3.659944669186174011e+10,4.268134736904429626e+10,6.475788364840155029e+10,4.194664547841489410e+10,6.256471317676622772e+10,4.451613665944899750e+10,6.311872891716029358e+10,3.768831718380843353e+10,6.102897963148113251e+10,5.211642101470302582e+10,3.965975700089476776e+10,4.003539861615080261e+10,4.260450188246055603e+10,3.849127222951629639e+10,5.893077737659578705e+10,3.586851073402509308e+10,7.488545898636686707e+10,4.663301106957807922e+10,5.632722739812377167e+10,3.652722814363121033e+10,5.209188718968545532e+10,4.357578795804871368e+10,6.977763323404139709e+10,5.454751746723947144e+10,4.077027017805054474e+10,6.846817882827504730e+10,8.378442872001635742e+10,3.455731105321324158e+10,3.963546851378870392e+10,2.564658814550380325e+10,3.451525490408343506e+10,2.892415751377677536e+10,2.737777160930849075e+10,3.886839197341605377e+10,2.825447185993432617e+10,2.984973052662965012e+10,3.671987946139258575e+10,2.239399844300129700e+10,2.248726759164989471e+10,3.565103374099249268e+10,2.458696703868520737e+10,4.697242637650501251e+10
3.088258459744364166e+10,4.452090230626801300e+10,2.961403664208801270e+10,3.659044469453363037e+10,3.388641237400802994e+10,2.983506320269566345e+10,5.431787300528404999e+10,3.351148260569385910e+10,5.992032623578382111e+10,3.017554556718325043e+10,3.673565705399617767e+10,3.146896130618887711e+10,3.920423241098389435e+10,4.729053092596582794e+10,4.936011508908952332e+10,5.659368075296888733e+10,8.382869330094747925e+10,4.083171588171523285e+10,6.516905021082500458e+10,3.151229373102555847e+10,5.617480583270079041e+10,4.309480415456816864e+10,7.315123084241818237e+10,6.253998593852739716e+10,4.279001566030520630e+10,6.416528500370366669e+10,7.609732308237533569e+10,3.460721324111058807e+10,5.983012150155593872e+10,7.127352824350511169e+10,1.040785811122295380e+11,6.406042044479335022e+10,4.367016436914425659e+10,4.303739147919828033e+10,4.442946333837432861e+10,5.270660074021760559e+10,5.868109439173958588e+10,5.085059995753839111e+10,4.069450943117317963e+10,3.922368444249073029e+10,6.292451951108371735e+10,3.610833089345764923e+10,6.550080320262443542e+10,4.247336937318127441e+10,4.190420498899682617e+10,4.176161980331861115e+10,4.991910668753192902e+10,3.512612709764398193e+10,4.086305008809928894e+10,4.233975765794235992e+10,3.276480779022866058e+10,3.625169059758068848e+10,4.508617091954026031e+10,4.477383186288096619e+10,2.935395142396994019e+10,2.884816979342755127e+10,2.478833404696754837e+10,4.878587755371533966e+10,6.551796712872982025e+10,4.942170841571747589e+10,3.097949352534367371e+10,5.752902883356910706e+10,4.947978152733365631e+10,5.747009332960128021e+10,3.209206973817111588e+10,4.060820617435269928e+10,4.893810055148361206e+10,5.328130412801451111e+10,5.696159046949971008e+10,3.590013062469104767e+10,6.345617894763590240e+10,3.637141088664165497e+10,7.560851456138880920e+10,4.900908266844551849e+10,3.333451683336451721e+10,4.678678437860229492e+10,4.129915153140061951e+10,5.358218955361292267e+10,5.631339008495230865e+10,4.148665580786507416e+10,4.865210803513780212e+10,4.418821712014542389e+10,3.364553683340851212e+10,3.799007422680976105e+10,3.727292597166180420e+10,4.743655427288735199e+10,5.340616787383771515e+10,2.214744907716598511e+10,3.710605387163288879e+10,7.240091980006361389e+10,5.015261972463928986e+10,4.233067518846769714e+10,4.144182358206780243e+10,3.504950685587240601e+10,2.188638029753382874e+10,2.414701787908189774e+10,2.946724307152408600e+10,4.211107987542715454e+10,3.194604193297412491e+10,2.317366752839230347e+10
3.942513259590365601e+10,4.653987396013967896e+10,2.588497047707234573e+10,2.861297046309748077e+10,3.931026029873904419e+10,4.608566596776682281e+10,4.661601819505328369e+10,3.433820820445308685e+10,2.529271413867880630e+10,3.933528929017680359e+10,4.754533447771748352e+10,7.856745689966976929e+10,7.165546713956857300e+10,4.090782493784394836e+10,6.613738413220610046e+10,5.194401754294882965e+10,6.759051257074427795e+10,4.218618512747706604e+10,4.457539077232525635e+10,5.850568857848815155e+10,8.501001530505932617e+10,6.149397644363359833e+10,5.227737713856504059e+10,6.235604603845323944e+10,9.712158078928814697e+10,6.694926084480921936e+10,4.584883817045436096e+10,4.294777667293560028e+10,6.841414828064041138e+10,6.664983843184523773e+10,4.997487379892279816e+10,4.852506972437345123e+10,6.467067360683678436e+10,6.199887183626468658e+10,5.494698014938147736e+10,5.435097563826418304e+10,7.977635760695915222e+10,4.613347324359272766e+10,4.631256556931229401e+10,2.673632381732356644e+10,2.973334175709979630e+10,9.607286875303747559e+10,4.218017423705422974e+10,3.764721607585038757e+10,5.657384828758756256e+10,4.936575719741802216e+10,4.092390930086412048e+10,3.634094215822595215e+10,4.034845645961543274e+10,5.231142329456172943e+10,3.856205274657526398e+10,8.199852190133737183e+10,7.235514031263127136e+10,5.090028414984413910e+10,3.484670575231482697e+10,3.509951561152468109e+10,5.688053816561134338e+10,4.101955934427029419e+10,5.071451399298973083e+10,3.669376326662060547e+10,2.694901377700584412e+10,3.919558505852464294e+10,4.642252273899610138e+10,3.919884915882080078e+10,4.100736370533193970e+10,5.333493184347439575e+10,4.315325612437294769e+10,6.514507960965854645e+10,5.456555583689266968e+10,4.834088644334087372e+10,6.851870515572981262e+10,5.238030563951430511e+10,5.598180842836807251e+10,5.769294370169419861e+10,5.404791262242232513e+10,3.833617793778684235e+10,4.491211874242767334e+10,5.275229524673698425e+10,4.549790044148854828e+10,5.690080460426841736e+10,5.545027662081897736e+10,5.281332746775979614e+10,4.699417609229122925e+10,7.535688123577470398e+10,3.727188279539983368e+10,2.517717812533779144e+10,5.658265856799884796e+10,4.152311861029414368e+10,6.018426216322852325e+10,3.911316692986730957e+10,5.581307063952507019e+10,3.470885767212233734e+10,5.531411185213416290e+10,1.923834409248118973e+10,3.488315831013101196e+10,3.913710400661763000e+10,3.699593603312026978e+10,3.687051126882231903e+10,3.172286524881480789e+10,3.014174713693899536e+10
3.721473932146643066e+10,3.845721144355022430e+10,3.364954350664030838e+10,6.309253985901290894e+10,2.830025802800847626e+10,4.967257822178443909e+10,3.966512212653161621e+10,3.085225743470874786e+10,2.815460561059623337e+10,6.007317784346865845e+10,4.916219401473498535e+10,3.767294103952907562e+10,4.798505302025960541e+10,7.531433633584376526e+10,3.556995798391099548e+10,4.639230063328147888e+10,7.704021423272430420e+10,5.354270408472777557e+10,7.012846066283454895e+10,5.967816397546102142e+10,8.517382586762507629e+10,7.536405684674467468e+10,8.122333136867639160e+10,7.994706257836091614e+10,4.872991873658521271e+10,4.376952391405946350e+10,6.688442565935545349e+10,5.098630641806510925e+10,6.872145142093397522e+10,4.320877908066697693e+10,5.840130449721781158e+10,8.175017407989646912e+10,4.371849407461344910e+10,6.849014273022205353e+10,5.599817827160039520e+10,4.619430888041022491e+10,5.742246830565263367e+10,4.822379694949813080e+10,3.990253512615493774e+10,4.395035839767094421e+10,4.792186913369230652e+10,6.250680842755588531e+10,6.884912057872242737e+10,4.802676760759273529e+10,4.846548132708154297e+10,7.120933789752691650e+10,5.967199535384023285e+10,4.865970402342857361e+10,4.094184522449357605e+10,5.055648054835649872e+10,3.282335247722476196e+10,3.847929545072647858e+10,4.665789632880913544e+10,5.550260474006764984e+10,5.752562702049636841e+10,5.263473971134783936e+10,4.263851098401502991e+10,8.392954279445457458e+10,5.373694276717128754e+10,9.400285189277105713e+10,3.916202502322222137e+10,4.512874990544193268e+10,4.040741960101750946e+10,4.336384877330462646e+10,6.838725782685172272e+10,6.218981053299440765e+10,6.206836516325833893e+10,7.908754565216040039e+10,5.609358324145079041e+10,1.048229205602590179e+11,7.837253465827418518e+10,5.468105444247235107e+10,4.558418630281294250e+10,4.318165077058036804e+10,8.424375833687097168e+10,4.969385972933098602e+10,4.175672100090977478e+10,6.374598868360749054e+10,4.539483030752616119e+10,6.145541793659801483e+10,7.025621576683889771e+10,5.309670535034310150e+10,4.420712436695524597e+10,6.811347191285886383e+10,5.964694703791969299e+10,4.855622244149232483e+10,4.374509249758635712e+10,6.559607808907778931e+10,4.966474954353740692e+10,4.853653478702945709e+10,3.434525925430728912e+10,6.263249497296540070e+10,3.150021357969903946e+10,3.630938360640060425e+10,4.817967961271675110e+10,6.029465372387832642e+10,3.483249335644841003e+10,3.568192645305509949e+10,2.189055996670031357e+10,3.035068477932144928e+10
2.522846508946739578e+10,2.975338455368152237e+10,3.732899006627877045e+10,3.109296575429798126e+10,4.890420358965040588e+10,4.852194948728736877e+10,4.103496973188766479e+10,3.537283385523809814e+10,3.890973482400462341e+10,3.831001899893375397e+10,8.033671849472541809e+10,4.494350836843494415e+10,7.524838857638227844e+10,4.775532235718775940e+10,5.965395525134075928e+10,7.987624855356192017e+10,4.788960078519472504e+10,6.772748341912936401e+10,6.263562833171165466e+10,5.156788306654270172e+10,8.563275519451541138e+10,4.824986314903283691e+10,5.422562154728371429e+10,8.601056242787168884e+10,5.599292497152550507e+10,6.487323178060841370e+10,9.721833926867408752e+10,5.101544928195900726e+10,6.083611212839041138e+10,5.994068309078224945e+10,6.863593670105452728e+10,1.550444211780242310e+11,5.399040003732744598e+10,8.779196527290704346e+10,6.160549539981227875e+10,6.486158207962475586e+10,5.383704702561856079e+10,1.051210662924226532e+11,6.103274410717949677e+10,4.730283599652061462e+10,5.397327408272253418e+10,5.416601088421334839e+10,6.748059016634062958e+10,4.234024734798981476e+10,5.876960939342073822e+10,5.020626416359326172e+10,4.138640859395130920e+10,3.259681470346970367e+10,5.017961544473606110e+10,4.807269428125482941e+10,4.595019089935774231e+10,3.387068078962829590e+10,7.879469824655595398e+10,3.795930886352296448e+10,6.185398392272360229e+10,4.938090526312998199e+10,6.330040395264688110e+10,3.799444989158394623e+10,3.950052016903986359e+10,5.616133264883264923e+10,4.966655867230129242e+10,6.407312469809902191e+10,4.981152952762359619e+10,5.318773564957246399e+10,5.003528814821329498e+10,5.639410685701335907e+10,5.575522459028634644e+10,6.185843085022857666e+10,5.678127386290444946e+10,4.624996601661128998e+10,8.284028769660626221e+10,7.406334349049653625e+10,5.371320857400656128e+10,5.818290210764163971e+10,5.617387431072590637e+10,5.734849460343266296e+10,4.724334080160888672e+10,5.519724482897515106e+10,6.041411019539966583e+10,8.462834322598939514e+10,6.018571781180998230e+10,6.727618738171004486e+10,5.188280495228130341e+10,5.746668180437126923e+10,6.260830307417734528e+10,4.633343610534421539e+10,5.334915763648765564e+10,3.987781692976083374e+10,4.058355929264855957e+10,5.392736657037432861e+10,4.921017337403076935e+10,4.541898296237106323e+10,4.027509260776273346e+10,4.690511371798368073e+10,3.622557530801551056e+10,3.480080142876120758e+10,6.148431224655154419e+10,2.618428767852700806e+10,3.950724412483094025e+10,3.183906959585105133e+10
2.798037607378920746e+10,3.440994020421579742e+10,3.468543844773771667e+10,4.772166133393137360e+10,3.794259645244338226e+10,4.864238354131522369e+10,3.737799563214785767e+10,8.194537497267706299e+10,4.158303527420246124e+10,6.030399343754368591e+10,4.143009871732194519e+10,5.338555558529058838e+10,5.515259393867162323e+10,4.663461125313837433e+10,5.895819772345677185e+10,5.162770352734431458e+10,5.595891643130345154e+10,5.204707214263250732e+10,6.507892721235325623e+10,6.652984091731118011e+10,6.877765438861540222e+10,6.477328575466327667e+10,1.159818646996509247e+11,1.083158206463592529e+11,7.533526712035275269e+10,6.790388948881722260e+10,8.733606242762481689e+10,5.488235896849372101e+10,7.310882587341758728e+10,6.703259436123795319e+10,5.847325781350805664e+10,4.495054188395427704e+10,9.826849199392691040e+10,5.006067996939954376e+10,7.293524105909353638e+10,1.180741305069703827e+11,4.404311783732480621e+10,5.671602690752730560e+10,4.653329044253897095e+10,4.551263843574938965e+10,6.018826472522315216e+10,5.468376033307082367e+10,3.398959597046554565e+10,5.287160015322114563e+10,6.469011374215208435e+10,6.298182160492000580e+10,3.614051084203548431e+10,4.124839564381320953e+10,3.459239145205085754e+10,5.332889429450171661e+10,3.872296598101437378e+10,5.712197348314105988e+10,3.700857973288065338e+10,6.620492043845174408e+10,4.711606504429360962e+10,5.593560736196138000e+10,5.426350538963292694e+10,4.132833456192398071e+10,3.773906348114486694e+10,4.342992885746392822e+10,6.140058007812510681e+10,3.495973221208947754e+10,6.092391856354529572e+10,3.993782255987569427e+10,1.213224169829271088e+11,4.756487097130996704e+10,6.173864806064554596e+10,5.303205428527756500e+10,1.084233185354087677e+11,6.507092076825937653e+10,8.746506105413619995e+10,9.095250957508302307e+10,9.992492956112486267e+10,5.588258306554244995e+10,4.257915970218156433e+10,6.172309096929286194e+10,5.305923162844821930e+10,7.244908229290008545e+10,5.988767955934839630e+10,5.828506921953172302e+10,1.307874027972563019e+11,5.093730398867884827e+10,6.335757025398732758e+10,5.935856944099275970e+10,3.744521315626939392e+10,6.012761730772573090e+10,1.341587297379969025e+11,4.337512334708999634e+10,5.678549632084904480e+10,5.119389458549084473e+10,4.373760134798411560e+10,5.498134430420413208e+10,6.397013369993858337e+10,3.153882767672251892e+10,3.733699877843036652e+10,5.742242143202293396e+10,4.423630967108894348e+10,4.568931128797676086e+10,3.039470445785699463e+10,3.458514986256217957e+10
2.811413145337422180e+10,3.616143748486989594e+10,2.852096502908481979e+10,4.285883883955125427e+10,4.111885840792860413e+10,3.023740041395427322e+10,4.152378473765546417e+10,1.222232800323973694e+11,3.135754440384584427e+10,4.141198925255358887e+10,4.215160576924864197e+10,4.545199144354744720e+10,5.082954134512586212e+10,3.873283243056874084e+10,5.156987473124833679e+10,5.022923219859880066e+10,8.970828888823413086e+10,7.641171696710614014e+10,8.710212859022152710e+10,7.450140810303965759e+10,7.953891392068708801e+10,8.140345455568180847e+10,6.783910214824358368e+10,7.001904209166062927e+10,9.254403684462176514e+10,7.116952619186758423e+10,8.545253298768331909e+10,8.656292934524600220e+10,7.165257190906217957e+10,8.027611936146652222e+10,7.537809210066874695e+10,9.992612120150051880e+10,1.320913304205586548e+11,5.836545219013807678e+10,4.739480147285371399e+10,6.095284801497898865e+10,7.868037553977513123e+10,7.071792175606594849e+10,4.336287865165079498e+10,6.868135194595421600e+10,6.243117382288941193e+10,5.026654932096041107e+10,7.311549651737890625e+10,4.773117001533913422e+10,4.903485919588459778e+10,5.585326527700402069e+10,5.206034597503460693e+10,8.723832148260566711e+10,8.373862441181144714e+10,4.671632228010105133e+10,3.757347329181510162e+10,3.876538088070372772e+10,6.025828452312283325e+10,4.934653027984101868e+10,4.547567303831163788e+10,6.497132815314487457e+10,6.121250944248303223e+10,4.110721152877653503e+10,3.471183642301983643e+10,8.662950937304290771e+10,5.992736688517290497e+10,5.681790319536545563e+10,7.367567106309774780e+10,6.590316977156835938e+10,5.327057123517295837e+10,1.247331285260113831e+11,6.140451657053312683e+10,9.310161716896656799e+10,6.621989207443405151e+10,8.646890211752137756e+10,6.561100639116159821e+10,9.316375860930093384e+10,1.300391301247694397e+11,5.926237699993070221e+10,8.381048257211785889e+10,7.202933340357759094e+10,8.923132897096571350e+10,6.320279351483940887e+10,7.258271866093635559e+10,6.691315981616467285e+10,6.579022479633375549e+10,5.952391315931133270e+10,5.816586905009764099e+10,8.905691840687548828e+10,7.658540799302056885e+10,4.814427620515653992e+10,4.582240615979554749e+10,8.090559375494761658e+10,3.522791792903002930e+10,4.302419876613950348e+10,4.503057417818237305e+10,3.766286146631617737e+10,5.270157676723499298e+10,4.339090663365792084e+10,4.351802665263268280e+10,3.036714620439700699e+10,4.470237414377913666e+10,2.403715253268118668e+10,2.217397012207009888e+10,3.054476547432837677e+10
3.569189100520993805e+10,5.065727357668530273e+10,3.459411823804196167e+10,4.606374358650317383e+10,3.968534370804620361e+10,5.225586791153994751e+10,5.779091040135285950e+10,4.236855166073820496e+10,5.141468934903952026e+10,5.525088593430625916e+10,4.344541389716336060e+10,4.387519986615178680e+10,6.488130492701023865e+10,4.329521572930429077e+10,8.253684959125807190e+10,7.359125690332141113e+10,6.124703447683342743e+10,7.567387460032827759e+10,1.560234329223176270e+11,7.433182492142446899e+10,1.496340937599406738e+11,1.096245894110635529e+11,7.905087546543435669e+10,1.271053225111497803e+11,1.504996658939070129e+11,5.877308266288246155e+10,7.397600762520228577e+10,8.445576291691374207e+10,8.005814864321028137e+10,1.436203846408277283e+11,1.134972212028296204e+11,1.064562161429918518e+11,4.921609622672351837e+10,8.052280808760954285e+10,6.111925710761017609e+10,8.278509747878216553e+10,7.221800581794654846e+10,5.555196212747641754e+10,6.972588554692982483e+10,6.552366718698471832e+10,4.579791244436698151e+10,6.025312106350463104e+10,5.448092696489070129e+10,4.813795763887554932e+10,4.455698137287505341e+10,5.068173936642155457e+10,3.039747987907752228e+10,3.986208925851306152e+10,4.122159800413944244e+10,4.759766724221117401e+10,6.373892004895155334e+10,8.398960704862953186e+10,8.696306624931393433e+10,6.465943070915356445e+10,8.248039666435490417e+10,4.080495376901284027e+10,4.167955303456109619e+10,8.632029599396916199e+10,6.911815512345068359e+10,6.123252109812591553e+10,5.709174260136316681e+10,6.600145760812776184e+10,5.522136134868670654e+10,6.099814358786118317e+10,9.276532376817562866e+10,6.389567610989780426e+10,6.918784162055325317e+10,7.234653303969459534e+10,7.923549107210188293e+10,9.874805292588171387e+10,6.870769111084986115e+10,8.213373310630876160e+10,9.218202216961366272e+10,1.393975778967590637e+11,8.045510442007029724e+10,1.119917229537523956e+11,9.021586507858003235e+10,6.568414386552632904e+10,9.803462556277343750e+10,8.142194726612382507e+10,6.255732762950170135e+10,5.641705408513644409e+10,5.869581889252959442e+10,4.588001576352964020e+10,5.554075803091249084e+10,7.817083777941738892e+10,5.325579914342504883e+10,6.628279859007546234e+10,3.911852529610093689e+10,4.799137716110760498e+10,4.585335046594930267e+10,4.769925387902043152e+10,4.774307774746057129e+10,5.506449950775696564e+10,4.387791986144592285e+10,8.029774779700672913e+10,3.813325842182364655e+10,4.292773425679381561e+10,2.672116575250865173e+10,3.654972477405456543e+10
3.728462046920460510e+10,3.348891771292218399e+10,3.022601286924372101e+10,3.338492935012740326e+10,5.326200780917856598e+10,5.528379982546301270e+10,3.635185544701346588e+10,4.139246717748503876e+10,4.736291062004351044e+10,7.669808247894737244e+10,4.893638318836315918e+10,3.402494785295751572e+10,5.207577169183032990e+10,6.643393690373638153e+10,8.736099120149345398e+10,6.646847024296004486e+10,6.789701359043818665e+10,6.688902133977461243e+10,7.744263257787503052e+10,8.071648188697761536e+10,9.195004256179798889e+10,7.826694751097409058e+10,1.131349465241871033e+11,8.942749915437774658e+10,9.284704444171856689e+10,7.229856684557484436e+10,1.116041668707200623e+11,8.978548014714390564e+10,1.051616857685719299e+11,7.814844449466352844e+10,1.003152028073338470e+11,9.852668454388735962e+10,8.151095729312695312e+10,6.980861536121339417e+10,7.509545018862782288e+10,5.671736515709592438e+10,1.113478685658284149e+11,4.608453494557378387e+10,6.472662576257250214e+10,7.361313821674234009e+10,6.083605430946247101e+10,6.985581803229811096e+10,8.786217300598471069e+10,5.720049250433016968e+10,4.271565656120384979e+10,3.799794404279615784e+10,4.379298674079116821e+10,5.629070042962297058e+10,4.910956681325010681e+10,5.019792469105828094e+10,5.026382431024676514e+10,4.914296217526930237e+10,5.845418983854472351e+10,4.950818095222260284e+10,4.311898932771775055e+10,9.704155163135078430e+10,4.711812494950350189e+10,5.563599894005882263e+10,8.282277761066827393e+10,5.500222665061614990e+10,5.583401648828433228e+10,7.090636913199386597e+10,7.120593769936228943e+10,6.433571031850601959e+10,9.029703617007250977e+10,8.959472340026579285e+10,7.263195070542144775e+10,1.195471611324693298e+11,1.018786651231893158e+11,1.205510462064155731e+11,9.090243105739135742e+10,1.177787110630651703e+11,1.269381520047026215e+11,1.143445920543524170e+11,9.412146345705560303e+10,1.531861538796701355e+11,1.009248600628207855e+11,1.334278012476494598e+11,2.026375309869599609e+11,1.138271767922835999e+11,9.445522002444831848e+10,8.814635984742280579e+10,5.438582429428081512e+10,7.769960988182133484e+10,9.484792046019163513e+10,1.011102962868829041e+11,6.211469910490084839e+10,5.345213789221294403e+10,4.686950741272909546e+10,5.454053963955618286e+10,7.132775006504591370e+10,4.022117469249950409e+10,4.891350908543351746e+10,4.232400024556543732e+10,5.146801931937464905e+10,5.294827678323186493e+10,3.521427407458638763e+10,5.739197341626208496e+10,5.277281580275637054e+10,2.702941101041629410e+10
4.553580880411927795e+10,2.568027544122646332e+10,3.232416026994332123e+10,3.748801300898950195e+10,4.616588585458424377e+10,4.469685244811367035e+10,6.041650330592008209e+10,7.504180111536708069e+10,5.362771776992598724e+10,5.754031443956404114e+10,8.484654489595419312e+10,5.249072772383863068e+10,6.210694643510604095e+10,1.094052073175331421e+11,7.072442619187084961e+10,7.008425822786032104e+10,8.172360305792440796e+10,9.705165308336973572e+10,9.715149312136862183e+10,1.275316011852754059e+11,8.837315005558216858e+10,8.607982042844526672e+10,1.126612930884249878e+11,1.279163033353651123e+11,1.167269342711053314e+11,1.089482500127952576e+11,9.358804538848162842e+10,1.210939131303396149e+11,1.079471340712214813e+11,1.561942096105999451e+11,9.248475970079057312e+10,1.340650909366857605e+11,9.775757140527392578e+10,8.068212874059170532e+10,8.675547324883666992e+10,9.629760319876931763e+10,7.050062984204541016e+10,6.467020924266792297e+10,7.587680728396823120e+10,8.441345763009445190e+10,6.051234239404766846e+10,5.582876387375188446e+10,5.572669883728416443e+10,5.541120109132669830e+10,5.942720524820258331e+10,4.850932140075992584e+10,4.405176015584930420e+10,6.639642788775133514e+10,6.308270187589703369e+10,4.808845006593221283e+10,5.949059845571472931e+10,1.185620536893205109e+11,6.501632677569380188e+10,3.702420876204209900e+10,5.552462444200464630e+10,6.477247439866043091e+10,6.438770195797917175e+10,5.901485016809030914e+10,8.013390757587509155e+10,8.162970474567721558e+10,8.288000436992796326e+10,4.314440789711791229e+10,7.670691651961273193e+10,5.984673996439703369e+10,7.819422553596919250e+10,8.716851008178692627e+10,1.007528374345621490e+11,1.267259013927912140e+11,1.449250218290162964e+11,8.145197742763693237e+10,9.306706485484875488e+10,1.247259786504869843e+11,1.222386958057372284e+11,1.094602955452424774e+11,1.441591152427151794e+11,1.112347714426683807e+11,1.160096631328790131e+11,8.386835643726158142e+10,1.012400167954421692e+11,7.517008928088830566e+10,8.680826395611932373e+10,9.935589470085514832e+10,8.159353125648313904e+10,1.024191560420318298e+11,6.252773158020210266e+10,8.610095870872613525e+10,7.022403911923550415e+10,7.460720963178788757e+10,6.776389698847820282e+10,8.793308501569448853e+10,6.279053226925767517e+10,4.599339605864331818e+10,7.737499410882594299e+10,8.497510994874795532e+10,3.074469625899200821e+10,4.745803408194927216e+10,2.734752552233112717e+10,2.336321078851962280e+10,3.473158932714609528e+10,6.842874632412248230e+10
3.569275902712030792e+10,4.982536500392565155e+10,4.158695665149854279e+10,3.581523533683493805e+10,6.168137740417588806e+10,4.068652602860681152e+10,4.933772437243820953e+10,4.374460664640463257e+10,4.583105025932697296e+10,4.943892633263072968e+10,7.569450463795146179e+10,5.535923667772006989e+10,5.694190841266407013e+10,7.368011819422009277e+10,9.776605206116937256e+10,1.126659660846333771e+11,9.891903784222488403e+10,8.364088278881787109e+10,1.119722478198999023e+11,9.898367451676521301e+10,1.017425488557493286e+11,1.523233415510802307e+11,1.511495306677660828e+11,1.599955765284938049e+11,1.219043759171379089e+11,1.178933791592911835e+11,1.581552040341976929e+11,1.337499698861131744e+11,1.091738058038963013e+11,1.078478772574283295e+11,1.141193781720302582e+11,1.022462238515255280e+11,1.125851421845849304e+11,9.424364077206134033e+10,9.653138718635974121e+10,1.055625236442441101e+11,1.270543956028164825e+11,7.870222605684924316e+10,7.683847532346411133e+10,6.174218654196661377e+10,9.678394237877806091e+10,8.464260684958958435e+10,1.075836904472382965e+11,6.620781255449680328e+10,5.715921418196581268e+10,5.378782841779682159e+10,4.558659269463921356e+10,6.630415540847959900e+10,7.666846276415789795e+10,7.592027293881739807e+10,5.313090644917974854e+10,3.762956746176142120e+10,4.059847729101829529e+10,7.394922594763381958e+10,7.457114134932177734e+10,7.474887387864144897e+10,6.848756552981728363e+10,4.921505969827124786e+10,9.953944611220016479e+10,7.585681792144152832e+10,9.791469113132876587e+10,7.384321522768371582e+10,9.137481617998730469e+10,8.821305217580230713e+10,9.845726512830873108e+10,9.113036253465008545e+10,9.649032580163839722e+10,7.336765301752992249e+10,1.390781168155679932e+11,1.183456320014604187e+11,1.086858447465775757e+11,1.097567115925198212e+11,1.427291296499543152e+11,1.545709513255569763e+11,1.207291635989181213e+11,1.583452527506861572e+11,1.110416129570410767e+11,1.180323033137650452e+11,1.229586315367819061e+11,1.084467903792853241e+11,1.237552263067813263e+11,1.194716223784291840e+11,8.999080409159326172e+10,1.356574470944682159e+11,9.323160132567636108e+10,7.570143418966725159e+10,7.180383163636366272e+10,5.441351300516273499e+10,7.606126525009924316e+10,1.083513182966246033e+11,4.698495747006163025e+10,1.201064990835901184e+11,4.347571784999060059e+10,4.717217296239163971e+10,7.066588325704121399e+10,5.003358169864974976e+10,3.701829663127749634e+10,3.403720420966552734e+10,4.886054764422506714e+10,5.602607076186069489e+10
2.397625899868469238e+10,3.032082551502625656e+10,3.290804001603044510e+10,5.414335508367140961e+10,7.918232134620726013e+10,4.540190580687027740e+10,6.826044170109552765e+10,9.569927495211665344e+10,4.876705505467726898e+10,4.930124486637931061e+10,6.833497688237973785e+10,8.077066660668147278e+10,7.296368996158952332e+10,9.666426112852992249e+10,7.161497295629855347e+10,7.772959328165339661e+10,9.555480481519702148e+10,9.375491927184295654e+10,1.287125641156412659e+11,1.317585639258811646e+11,1.380930413440383301e+11,1.404416408051878967e+11,2.030980262342236328e+11,1.373788531777411041e+11,1.063684329476380310e+11,1.395261270609084167e+11,1.615997870517568359e+11,2.076987837977672729e+11,1.721489975908533936e+11,1.431056520951432495e+11,1.756084810000078430e+11,2.158929739366833191e+11,1.283183254990016937e+11,1.023713184096604462e+11,1.819398376280757751e+11,8.751844220911309814e+10,8.789112765410377502e+10,8.887879763607136536e+10,1.009458964238591919e+11,6.842553953252098846e+10,5.661033114721279144e+10,1.434737101053422546e+11,6.200952832639974976e+10,9.448054089904872131e+10,8.073231872129533386e+10,9.318803199727091980e+10,6.382717226628997803e+10,5.140893399148257446e+10,1.365232650833184662e+11,4.081129765981064606e+10,3.515704815819266510e+10,4.057580496946924591e+10,5.116044288520852661e+10,4.881925676471237183e+10,9.708802942967408752e+10,5.838189259172936249e+10,6.975320038534269714e+10,6.531881271716291046e+10,5.298418748080001068e+10,8.365468242683674622e+10,7.500549101395007324e+10,7.436771676907708740e+10,1.145777379866580658e+11,8.216037073206393433e+10,1.071890295897097778e+11,1.031821898288595276e+11,9.911945069275955200e+10,1.123000153330116425e+11,1.661577846476231384e+11,1.115441373906856689e+11,1.348730531257051849e+11,1.085954706764958496e+11,1.319146700256524048e+11,1.243462928394984589e+11,1.196044569011236115e+11,9.564381943105363464e+10,1.002783111661906891e+11,1.237652703067478180e+11,1.702001961602609558e+11,1.496380789905637512e+11,1.558102429788129578e+11,1.175293349542518311e+11,7.726780711606233215e+10,1.320770687970888672e+11,7.654807577934523010e+10,7.807823899920214844e+10,4.719462160562402344e+10,5.973474700537000275e+10,8.676191076703871155e+10,7.231930962119380188e+10,4.786801414173995209e+10,5.741686348714323425e+10,5.538004789216912079e+10,5.816989880588695526e+10,4.254610830169960785e+10,8.841406595488986206e+10,3.035788890933741379e+10,3.332860194844920349e+10,5.060768729445545197e+10,3.920235647107881165e+10
2.958717631559027100e+10,3.224947639217404175e+10,4.147606398729484558e+10,2.941041995523602295e+10,3.530330429348703003e+10,5.617912155543784332e+10,6.695949027433860016e+10,5.882449914270182037e+10,4.871174503017873383e+10,8.913172082882325745e+10,6.958192785062307739e+10,7.785120284655836487e+10,5.078565348602352905e+10,8.711655779901989746e+10,9.254040412511796570e+10,1.215539709014751282e+11,1.295449238905826569e+11,1.333361644330178223e+11,9.877861713018257141e+10,1.287326286019515991e+11,1.486903835462438049e+11,1.698628545773406067e+11,1.459275320669305115e+11,1.733533421468017273e+11,1.089223994605642242e+11,1.475515683519408264e+11,1.635651855606029968e+11,1.579359844748174133e+11,1.816617193552924500e+11,1.898161103417873840e+11,2.364229700243158264e+11,1.659038583558218384e+11,1.340249072811143494e+11,7.246692876104647827e+10,1.257481652531444397e+11,8.714696703646115112e+10,8.486568270105773926e+10,7.057443263138577271e+10,7.681775992139816284e+10,8.851386029324575806e+10,5.953126162035987091e+10,6.577685078537078857e+10,8.694279467292837524e+10,4.551801853968244934e+10,7.394330381769483948e+10,6.071658598019248962e+10,5.535804241228068542e+10,6.964180989844528198e+10,1.608116557372654419e+11,6.586302628000534058e+10,1.226085490159770813e+11,6.698624466831892395e+10,1.016514889994326630e+11,8.975443942468504333e+10,6.446808384656066895e+10,9.137016200678967285e+10,6.907466760859176636e+10,9.042922972284185791e+10,8.404513481209223938e+10,7.286254413837107849e+10,6.413244741712960052e+10,7.995877424539703369e+10,9.947313470193745422e+10,9.127208135529771423e+10,1.131675177341959991e+11,1.338885791590709991e+11,1.428424776184056702e+11,1.423232171370901184e+11,1.284275628606052856e+11,1.401530748543394470e+11,1.616303194489269104e+11,1.272495875573469696e+11,1.411180235413747559e+11,9.061231611168167114e+10,1.230894416461294556e+11,9.313981648964027405e+10,9.375975091935198975e+10,1.078096080284177856e+11,1.271808274234651184e+11,1.435992452990519409e+11,1.248967187372972107e+11,1.132473681771910553e+11,1.158397328782353058e+11,1.064151623838837891e+11,8.978441532627088928e+10,9.660574337650039673e+10,7.730331839762052917e+10,7.550765733844506836e+10,6.523548730215710449e+10,7.060306567324128723e+10,4.708469340257315826e+10,6.661275027086380768e+10,6.555572069801422119e+10,6.746457254727055359e+10,3.800977755521584320e+10,4.825110701288353729e+10,3.526707144680734253e+10,3.098123734724537277e+10,3.176152284437935257e+10,2.111390960467893982e+10
3.051579773332798386e+10,5.112766658037773895e+10,4.419924011417287445e+10,4.673238401092642975e+10,4.045422477288098145e+10,2.843388542677614594e+10,4.008072665145404816e+10,6.838544936932431793e+10,3.488805344366399384e+10,4.835661746768995667e+10,5.606298515184152985e+10,5.093042016879666901e+10,5.733338193239762878e+10,8.203051511114465332e+10,1.273630517207955627e+11,1.274272255305024414e+11,9.653511014579002380e+10,1.226903647860820618e+11,1.238269345288717041e+11,1.789962698278162537e+11,1.727613678791646118e+11,1.658369561486757812e+11,1.884605116698189697e+11,1.421267272847321472e+11,1.282334838721848602e+11,9.588494862178657532e+10,1.286889342994024353e+11,1.578895040646916504e+11,2.174614254990767517e+11,1.743021018193060303e+11,1.714519817395314026e+11,1.461008461089526672e+11,1.308272579984254150e+11,9.887803502903640747e+10,1.209291577888845520e+11,1.073388375532156982e+11,9.026526647917900085e+10,8.470263379438595581e+10,7.767275383080538940e+10,7.225965730221076965e+10,6.185696752280769348e+10,6.263521783454805756e+10,7.399180993904780579e+10,7.533148334660455322e+10,1.047342689979223785e+11,6.357598279898019409e+10,1.373621032972691650e+11,7.940222795333030701e+10,9.868728562178343201e+10,7.176720590522525024e+10,8.944696609159999084e+10,5.278574088259455872e+10,5.900925443388734436e+10,6.306440014901602936e+10,9.004605046459288025e+10,5.885615191025534058e+10,1.006592932487961121e+11,8.225282140327790833e+10,9.549518543023776245e+10,8.971477654799690247e+10,7.129774509632090759e+10,6.773657759479037476e+10,8.321161104050970459e+10,1.605911358118962708e+11,9.033201053965617371e+10,9.954580317702311707e+10,1.166700371425945587e+11,1.361065481136033020e+11,1.738254767094405518e+11,1.862793209397514038e+11,1.338111429847342377e+11,1.626037451504283447e+11,9.913568177262182617e+10,9.818926184151356506e+10,6.313444799338144684e+10,6.643358502783782196e+10,8.263467409246716309e+10,1.244180080461405640e+11,1.124967771188923187e+11,1.732643165831881104e+11,1.805456687135067139e+11,2.227491874264180603e+11,1.225996480657933197e+11,1.066033113630013123e+11,1.149126308856856689e+11,1.098810233118254089e+11,6.607774008899439240e+10,7.202456766603019714e+10,7.800852512053312683e+10,7.383913545739811707e+10,5.901080164174264526e+10,5.723286076794900513e+10,5.060237058504532623e+10,4.235217960392902374e+10,4.087251103560450745e+10,5.331926014459019470e+10,4.673906980029701233e+10,4.939983263620972443e+10,4.827425763555039215e+10,4.481891792317969513e+10
5.688318934067507172e+10,4.873503492131745148e+10,3.800853210680043793e+10,3.188199785062652969e+10,6.782417581525513458e+10,4.378271174299179077e+10,3.445607012201352692e+10,3.378969974203185654e+10,5.705958896591661072e+10,5.841876910508540344e+10,6.250669321556356812e+10,1.109533815982118378e+11,1.039546477784258270e+11,7.172491949521856689e+10,6.766970246939458466e+10,1.189227399682074585e+11,1.517214118036784668e+11,1.657389380634124146e+11,1.858462598520191040e+11,2.177546818819879761e+11,2.095236399875644531e+11,2.058263386498016357e+11,1.508983363308796997e+11,9.173133378495408630e+10,1.243648295062112122e+11,9.587507497133560181e+10,1.105721902307715759e+11,1.286148688390939484e+11,2.008538166481045837e+11,2.092951706387467346e+11,1.642612264903569336e+11,1.606134765056004028e+11,1.149001569784897156e+11,1.233067442354963074e+11,1.009791864215703583e+11,1.576536003969714966e+11,8.241640229768241882e+10,8.918865976976954651e+10,7.386800832451863098e+10,8.667429822144845581e+10,8.551918129179545593e+10,6.970579986793191528e+10,8.489968546247712708e+10,1.090123901559930115e+11,6.342017821301218414e+10,8.981695087544645691e+10,1.119551139430055237e+11,4.591337350157062531e+10,7.614345234764578247e+10,7.468287570326100159e+10,6.702409932827703094e+10,7.062450990244425964e+10,9.544927383370600891e+10,1.177134275378325653e+11,1.042273918645832977e+11,7.777900463728799438e+10,7.772621460458500671e+10,7.544213545013046265e+10,6.593127762944268036e+10,9.570480467657356262e+10,6.509605516161585236e+10,7.084340630478033447e+10,9.018338224137052917e+10,1.112421771112647400e+11,9.076853548119163513e+10,8.591180366320681763e+10,1.113764012095118561e+11,1.520663089309454346e+11,1.580324672663856201e+11,1.729199137331217041e+11,1.279218191960884247e+11,1.389304131388737488e+11,1.030353193537408600e+11,4.590263447799220276e+10,4.303352410582920074e+10,5.339810656541348267e+10,5.826289928496981049e+10,1.026512116104005890e+11,1.567457473550003052e+11,1.566720439532607727e+11,2.472207785339000244e+11,1.288911383149970245e+11,1.178204185527173462e+11,1.076706184763337708e+11,9.811996142703549194e+10,1.031445786413119507e+11,1.100520339062012634e+11,9.327393594911799622e+10,8.199538300064201355e+10,6.071758447708136749e+10,6.074347522978529358e+10,7.258062386506109619e+10,9.254189968193374634e+10,4.807580028816159821e+10,6.860153974427989197e+10,5.659863459648323059e+10,3.630788314220534515e+10,4.103823670724925995e+10,3.194265425474313736e+10,4.275359437686294556e+10
6.541461016370864868e+10,4.536692682925383759e+10,5.307985278175598145e+10,5.342105505079535675e+10,7.693156440555882263e+10,4.906479013565979767e+10,3.924336290630344391e+10,4.916923876451422882e+10,4.993271962793641663e+10,5.291794208536714935e+10,4.475463665855844879e+10,5.656828685313822937e+10,7.936754432317404175e+10,8.317771422365072632e+10,1.261606893341139221e+11,1.027780423972722626e+11,1.347208136466630096e+11,1.221286817791635132e+11,1.132275590174202423e+11,1.623302166385919189e+11,1.697648347469420776e+11,2.093814164097227478e+11,1.267143907745087433e+11,8.954772448266903687e+10,8.385048821406542969e+10,8.269171524981970215e+10,1.030819203264475861e+11,1.480818212484394836e+11,2.006997443281573792e+11,1.996512229235704956e+11,1.528897756828801270e+11,1.252568067929326782e+11,1.727972823146738892e+11,1.217267834271122894e+11,1.308626582500365601e+11,1.209428056271239319e+11,1.065560467830426941e+11,1.166814750652975616e+11,8.976782998379232788e+10,1.026545407677272949e+11,8.610633714794355774e+10,8.224306109061721802e+10,9.195469073177278137e+10,8.078253516965385437e+10,5.555833437347076416e+10,7.608551032410168457e+10,5.708444423963063812e+10,5.657378447668210602e+10,5.127880905722991180e+10,5.806098517559691620e+10,5.705779262259601593e+10,4.931481803327233124e+10,7.488022851037286377e+10,4.997319893811386108e+10,6.579104151967326355e+10,6.967465803454249573e+10,4.905549564026763153e+10,8.280627070085679626e+10,9.460890021912098694e+10,7.345481368985778809e+10,7.855723002154092407e+10,1.086500949859912415e+11,7.517323660276420593e+10,1.097605679872574768e+11,8.687248974034968567e+10,1.176991347558352356e+11,1.200347803736958771e+11,1.383251550352204590e+11,1.162715049370064850e+11,1.632519778219297485e+11,2.111939622369031982e+11,1.579321493418768921e+11,1.126417616739614258e+11,6.274389138808699036e+10,4.484299193298357391e+10,3.397817905531251526e+10,7.012240489497727966e+10,7.488611239956768799e+10,1.449999354459446106e+11,1.527331564127485657e+11,1.521760134484938049e+11,1.428066421635263367e+11,1.464806809468720703e+11,1.419259376857419434e+11,6.615522424404576111e+10,7.127398949802812195e+10,7.700558515916537476e+10,9.035389046207749939e+10,5.392397538566815186e+10,5.845238734949057007e+10,6.987926166359838867e+10,5.792274750503880310e+10,7.876061437903393555e+10,4.846682307927811432e+10,5.301789381197069550e+10,4.287414244002457428e+10,5.822659843988964844e+10,3.142567735915320587e+10,3.510555696214179993e+10,4.031024657020648956e+10
3.911865274963290405e+10,3.806799677800028992e+10,7.641950810466935730e+10,5.646989549716716766e+10,3.389008698418307114e+10,4.223058822163224792e+10,4.664678873350103760e+10,4.745472574384530640e+10,6.494487587709113312e+10,8.222427339510423279e+10,5.969151051942940521e+10,7.148334346394451904e+10,6.091096701014600372e+10,9.954325659490330505e+10,8.823005717706820679e+10,1.244184878065147400e+11,9.151365881719311523e+10,1.560146234403310242e+11,1.202390597631113434e+11,1.461644819045184937e+11,1.697882750903421936e+11,1.937073477838034668e+11,1.601759736918457642e+11,1.172031748368748932e+11,9.145245828644746399e+10,9.637217430781889343e+10,1.292626142556300964e+11,1.541469595589079895e+11,1.912201893115251160e+11,1.424851970350152893e+11,1.700114380217975769e+11,1.558522623958715210e+11,1.139529783946165924e+11,1.080600555471633759e+11,9.159082877940275574e+10,9.744297733862638855e+10,1.060556180065638733e+11,7.531985498129190063e+10,8.841034748115959167e+10,8.992985425285301208e+10,1.059592261840697937e+11,6.074484580652051544e+10,6.452066861139454651e+10,9.449967969924575806e+10,6.808978864093022156e+10,8.133014397764167786e+10,5.095826521997835541e+10,5.343321124218717957e+10,8.949522101320903015e+10,4.829170067181828308e+10,8.405253573328242493e+10,7.366168173988088989e+10,8.082357711810491943e+10,6.344563585981794739e+10,6.054811821381386566e+10,6.131428318821345520e+10,4.908680270094227600e+10,7.981895025288583374e+10,7.170922144711509705e+10,5.450231097499207306e+10,7.512377668393484497e+10,7.017515829462362671e+10,1.088284310322728882e+11,9.010324448308123779e+10,1.018958342985277557e+11,8.585653593996115112e+10,1.285881174345871429e+11,1.343270481250344543e+11,1.300827091892328796e+11,1.415350695979404297e+11,1.466543153591904907e+11,1.812389600549665222e+11,1.148042295294668121e+11,5.681603920558547974e+10,7.251868668075257874e+10,8.462236914223933411e+10,6.975825120955087280e+10,1.150755724787018127e+11,1.356533731957498932e+11,1.909275598493680725e+11,1.985210612003723755e+11,1.182442279657090149e+11,1.045790705872305298e+11,1.213141470592214508e+11,1.080190525389069519e+11,8.359880780397261047e+10,6.921686911521180725e+10,9.694911385734193420e+10,4.232025504918159485e+10,6.778228596315452576e+10,5.908584226350170135e+10,4.833391056722582245e+10,4.636786672189418793e+10,4.971216208880308533e+10,3.797308935579914093e+10,3.424496418904720688e+10,2.896547705247616577e+10,4.152796491600729370e+10,3.912340934055895996e+10,4.378754809457704926e+10
2.995626322039567566e+10,2.844755651320806885e+10,3.324817615863682556e+10,3.918313632661670685e+10,5.889214521213937378e+10,3.644236870803054810e+10,4.513772334218290710e+10,4.868647580940768433e+10,1.020630577247065430e+11,6.332876918579788208e+10,6.254616542508873749e+10,6.725976273615702057e+10,7.137532698715254211e+10,8.989527474685989380e+10,8.633276519898791504e+10,1.004933494072787476e+11,1.607831033725047302e+11,1.385553173252230835e+11,1.358983151966943512e+11,1.597622376288834534e+11,1.823227597783425903e+11,1.522392189080581970e+11,1.319993721272211761e+11,1.467449194624567261e+11,1.652394649279346619e+11,1.410763535537407532e+11,1.433925790914084167e+11,1.495098316756134338e+11,1.592291946264546204e+11,1.439164716925041504e+11,1.806683641875889893e+11,1.183081084431264343e+11,1.148407869924759521e+11,9.357429282548342896e+10,1.024012037216256104e+11,1.471270462500281982e+11,7.498043757427857971e+10,7.794261711253976440e+10,9.947828508899658203e+10,1.172786268771621399e+11,1.097969359697212982e+11,9.975113746173738098e+10,8.073159259791697693e+10,6.011632375631980896e+10,6.926358717188496399e+10,8.434841252259425354e+10,7.139347923864859009e+10,5.954781742774964905e+10,5.576485465309626007e+10,7.283779301380891418e+10,9.414081316225199890e+10,6.956937585359771729e+10,4.872791809767207336e+10,5.441278850303160858e+10,4.186465211921329498e+10,7.245460248649696350e+10,8.078817572836776733e+10,8.377424137843588257e+10,6.235093957351348114e+10,1.105784575214273224e+11,1.217772306701510315e+11,8.965790735296673584e+10,9.154826919615626526e+10,9.825728155248565674e+10,9.863850339131419373e+10,1.351040513930279999e+11,1.500850891388754578e+11,2.536219539184316406e+11,1.250692843390369873e+11,1.131738080980927887e+11,1.310954807868061981e+11,1.453141062482146912e+11,1.573833524193977356e+11,8.779077628554618835e+10,1.005670814811322327e+11,7.706383182337129211e+10,9.809179072374992371e+10,1.301876795528027039e+11,1.502658316996755676e+11,1.604816352094116821e+11,1.255399695393713989e+11,1.429454642944684143e+11,1.210859224403078918e+11,9.646382973749795532e+10,8.502538035904194641e+10,8.851490002289602661e+10,6.029922052141606903e+10,5.907438522792738342e+10,5.585797758901277924e+10,7.349448142562840271e+10,5.597763857142884827e+10,4.589475500621653748e+10,5.637270125570831299e+10,6.752118861929238892e+10,4.948397678393613434e+10,3.101197083929813385e+10,4.370507768356459808e+10,2.814001430279785156e+10,3.721932071743999481e+10,3.400533136798516083e+10
3.495256525815235901e+10,2.494155167533383179e+10,4.267432556683070374e+10,5.695361937897626495e+10,4.399818373487860107e+10,7.453093863485963440e+10,1.104007094098299408e+11,5.328054874296879578e+10,8.323012733038735962e+10,8.846087397133186340e+10,7.391546049681822205e+10,5.416371993117444611e+10,6.846735261620268250e+10,6.692639801212673950e+10,7.240061505697909546e+10,8.649924702515075684e+10,7.920238117845318604e+10,1.324362324729630890e+11,9.232902688998085022e+10,1.297580125460747833e+11,1.375474042418033752e+11,1.451916856436618652e+11,1.399585942956921692e+11,1.866322608119805298e+11,1.392944448589851074e+11,1.255682872827579041e+11,1.540701622557591248e+11,1.697923200984979248e+11,1.647154069810238953e+11,1.437769202337480469e+11,1.328835494264434967e+11,1.845150891556199036e+11,1.028001736492096710e+11,9.891941163758999634e+10,1.263085168562469940e+11,7.355441744006686401e+10,1.063125844486878815e+11,8.818630654642785645e+10,1.100486434438041382e+11,7.602293319396641541e+10,8.203950024619593811e+10,7.849532121907336426e+10,5.987834469488854218e+10,6.156103280646549988e+10,6.514145592921606445e+10,9.801129122054757690e+10,6.254149168779855347e+10,6.709121382457094574e+10,5.346295012959014130e+10,7.787211047826303101e+10,8.174051622892799377e+10,7.105763121768775940e+10,5.240033154015731049e+10,5.921392933989456940e+10,6.786867782139319611e+10,1.147597042666408844e+11,7.526561055654132080e+10,7.638051087486329651e+10,9.827412640984173584e+10,8.675890316209622192e+10,7.726124884417166138e+10,9.004653880132225037e+10,8.219023591843589783e+10,9.082606478306762695e+10,8.158319048044892883e+10,8.317132600532846069e+10,1.069900841296942596e+11,9.629799485949719238e+10,1.193420195278080139e+11,1.303637171394963074e+11,1.390495618936589966e+11,1.499769839785140076e+11,1.438056397448777771e+11,1.106956308584613495e+11,1.109331944562507477e+11,1.120589814157883911e+11,9.701617114507299805e+10,1.262535949260801392e+11,1.193955602888626404e+11,1.312316236018772125e+11,1.273930060217041473e+11,7.690204641710102844e+10,6.852431895464366913e+10,9.004299777995387268e+10,1.038588088970001373e+11,7.184790507315032959e+10,6.181464004913795471e+10,6.497801059889540863e+10,1.005284678295651245e+11,5.377774116219506073e+10,4.929251399460964966e+10,3.271607585200564194e+10,8.087358467462341309e+10,6.814406719323689270e+10,9.298326990338729858e+10,3.840615845046925354e+10,3.091422408905069733e+10,6.210483031458747101e+10,5.190027602295205688e+10,3.504536310773454285e+10
3.349932728337310028e+10,4.029255155778671265e+10,3.267819212942136002e+10,4.457467701029240417e+10,3.562949092787193298e+10,3.978552058818286896e+10,5.365435510488287354e+10,6.257605698975601959e+10,4.849794179613004303e+10,4.399882001206079102e+10,5.437751506218563080e+10,5.794999807258638763e+10,1.091217277479029083e+11,7.993069684413708496e+10,7.267728671374165344e+10,9.721017230259403992e+10,1.165874128079752045e+11,1.244194091171457520e+11,9.399874826000218201e+10,1.190519973841284332e+11,1.301190892615497894e+11,1.529983075563570557e+11,2.051868439063983154e+11,1.223205290483119659e+11,1.347878058090806885e+11,1.610688096708462219e+11,1.250159517294607239e+11,1.747710695211113892e+11,2.045943240068894653e+11,1.357741736814487915e+11,1.509884022324699097e+11,8.699174849921391296e+10,1.370915690613783112e+11,9.420711425737989807e+10,7.984309613580101013e+10,6.746194974855519867e+10,5.821699804419886017e+10,9.168902289872209167e+10,7.906571033417298889e+10,5.792248121993534851e+10,1.005133743346617584e+11,9.067867723688261414e+10,7.378267925669503784e+10,7.716187209751669312e+10,5.727079293105468750e+10,6.365983105396212006e+10,7.055914432301698303e+10,4.871346235539686584e+10,3.998061231136085510e+10,5.665861875716909027e+10,6.604476324763725281e+10,5.995660352841218567e+10,5.551015732485478210e+10,5.203507581576455688e+10,5.131415755251150513e+10,9.744463389537364197e+10,6.791556860379844666e+10,6.613495830846390533e+10,6.839441295492444611e+10,8.975794510279248047e+10,6.834016827087347412e+10,1.009767513130863190e+11,5.621058670774397278e+10,7.979778897287960815e+10,8.391161740949934387e+10,6.097182752096735382e+10,8.878150980459178162e+10,8.736856319644528198e+10,1.382179399438064575e+11,1.227804506962483826e+11,1.056596676503057251e+11,1.375618253528577576e+11,1.490807572687125854e+11,1.277039306564951782e+11,1.099338489118610992e+11,1.081546724787284393e+11,1.540825630142580872e+11,1.084951626032574158e+11,1.360034179304350433e+11,8.949671223871388245e+10,1.179936061812879181e+11,1.161961020536084290e+11,1.002399754262817993e+11,1.492335562074265747e+11,6.901499143673764038e+10,1.121193424068971252e+11,5.899630623650994873e+10,5.882885117801898193e+10,8.619075048306289673e+10,5.032694655569371796e+10,4.054029868481809998e+10,8.346591635517120361e+10,5.623355343254206085e+10,4.707196534637411499e+10,6.548460188735482025e+10,4.154313500452011871e+10,5.319102832635916138e+10,4.167861834340723419e+10,4.688294501702859497e+10,3.012822098171313095e+10
4.524198180958030701e+10,3.221813025051036835e+10,3.494485979751472473e+10,3.254852667128561401e+10,4.581287562059684753e+10,7.040737635339396667e+10,3.117051663486798477e+10,5.664907954206970978e+10,3.593003523308867645e+10,5.759474472443176270e+10,3.626862683366726685e+10,9.734379870210699463e+10,6.776301625559074402e+10,7.469091338195950317e+10,4.679450918800551605e+10,5.999506057238732910e+10,9.703071141780046082e+10,8.192719276514213562e+10,1.226962234122651215e+11,1.205399429334971771e+11,1.437159241133384399e+11,1.368369934553346405e+11,1.480710051823942566e+11,9.143823301954400635e+10,1.255102680097185516e+11,1.172752976830665436e+11,1.766489013802037048e+11,1.607063361644919434e+11,1.194622663090925446e+11,1.209415533179183960e+11,1.323186638948683319e+11,8.999753787006750488e+10,1.125166121043783722e+11,5.471278567249226379e+10,7.615233480089819336e+10,1.211702647873496552e+11,5.937817078089044952e+10,7.013490552253892517e+10,6.776511553036365509e+10,5.373720094344010925e+10,5.582668707568086243e+10,3.929474273474759674e+10,6.273352604959893799e+10,1.047413233332234192e+11,6.392682403152891541e+10,6.875227910069149780e+10,6.367396516626125336e+10,7.163167804933650208e+10,6.237492039811416626e+10,6.444750437830160522e+10,6.860351549323212433e+10,5.373905542568236542e+10,7.063126255048522949e+10,8.071892336790756226e+10,6.778973633564164734e+10,6.695698864699182129e+10,6.525519243176846313e+10,4.338162200766085052e+10,5.509712823678641510e+10,7.385500008624983215e+10,4.741351944213349915e+10,7.706301062738398743e+10,7.973193453887059021e+10,1.178006534649710541e+11,9.599999400335877991e+10,8.932017809824116516e+10,8.098841890280017090e+10,8.303746501778063965e+10,8.051565310154187012e+10,8.090325205850823975e+10,1.399280105203478394e+11,8.777230598078242493e+10,1.090560674379169922e+11,1.409730487078553467e+11,1.266758127917920074e+11,1.198208999856484222e+11,9.968085044953906250e+10,1.027382769783707428e+11,1.401025352704911499e+11,1.062781421403550262e+11,9.012850643091363525e+10,1.175912561896414948e+11,1.180814259401042328e+11,6.507219845551832581e+10,9.311434422411863708e+10,8.238723376847657776e+10,6.140594248491548157e+10,6.427641607700045013e+10,5.854766186415074921e+10,5.442300955362331390e+10,5.982442354458609772e+10,5.322531462620010376e+10,5.375159327968910980e+10,3.517017326691647339e+10,3.921868371780709839e+10,5.554947416847672272e+10,3.319816322320330429e+10,3.476546396444011688e+10,5.430189433859151459e+10,3.111955009213935089e+10
4.615315292901124573e+10,2.694377826230665207e+10,4.264682946711651611e+10,4.645306583880587006e+10,4.416127215695030975e+10,5.766526935631504822e+10,3.855926428471068573e+10,5.242491511444691467e+10,5.179473999982344818e+10,6.471781062499980164e+10,4.353568145582699585e+10,3.848729869271347046e+10,8.633837847641572571e+10,4.930271005729906464e+10,6.024772720186086273e+10,9.248182179129045105e+10,6.184751832282848358e+10,6.453743658128916931e+10,7.938889464918676758e+10,1.035004645536204529e+11,1.094350587942506256e+11,8.328511491611152649e+10,1.069241220848273773e+11,1.058851409882388611e+11,8.989191985659240723e+10,1.192734611920536194e+11,7.891549598327511597e+10,7.837809988373547363e+10,1.233836092922966614e+11,1.036926591317761993e+11,9.304618109111718750e+10,5.697028611741228485e+10,8.911020885612403870e+10,9.208358817812518311e+10,5.669632767126602173e+10,7.423294555847369385e+10,6.136147121582868195e+10,1.375744110840430298e+11,7.999805247880043030e+10,6.023919931770410156e+10,4.944487024689384460e+10,6.276376383399907684e+10,9.514230706548274231e+10,7.568725537860266113e+10,4.421691695180409241e+10,5.960162705485774994e+10,6.105676352081808472e+10,7.388181066187582397e+10,4.988972453202955627e+10,6.071438664358774567e+10,5.587676640656092072e+10,5.514081698443636322e+10,5.991840395000624084e+10,5.628006558695239258e+10,1.042057224104338226e+11,4.703179814187669373e+10,5.781256113259130859e+10,6.627802607271934509e+10,6.282810155429158783e+10,9.029185420770095825e+10,6.107874083957450104e+10,6.842430726469060516e+10,6.885088278619479370e+10,8.019445582271856689e+10,7.319365796465975952e+10,8.668283597663333130e+10,6.540119631052920532e+10,5.672985496303042603e+10,9.965371769121197510e+10,6.153856921199858856e+10,1.085332062271587830e+11,9.574850731051734924e+10,9.422548991611103821e+10,8.104999490241337585e+10,7.303668326411404419e+10,1.172286753709314728e+11,1.010144502388567657e+11,9.390215318336044312e+10,9.413138441393806458e+10,1.089527825587947540e+11,8.901840854105308533e+10,7.340286558734626770e+10,9.407738458774087524e+10,6.862074511015036774e+10,7.144211312779139709e+10,6.563526007657318878e+10,5.694213825086294556e+10,5.193204856518318176e+10,5.334130415174240875e+10,6.305293577393933105e+10,5.371891349396989441e+10,4.018265276759346008e+10,4.140422544134121704e+10,5.482673180328572083e+10,3.762781734837168121e+10,4.533843976960849762e+10,3.026909257772833252e+10,3.107382838932032013e+10,3.214523506382289886e+10,2.295601133220144272e+10
3.900373727990930176e+10,4.147883333103031921e+10,3.011347682404772186e+10,4.928132835127736664e+10,5.092523719439031982e+10,5.034235160760491943e+10,5.753738509720074463e+10,3.654499198520787048e+10,3.879186948723117065e+10,3.821270974463510132e+10,8.336603756733473206e+10,4.509017350562842560e+10,5.572800513562885284e+10,6.895153545179231262e+10,5.899098244943087769e+10,7.527006348987527466e+10,1.043017575989234161e+11,1.001065123294193115e+11,5.602533169974877930e+10,7.889587337531707764e+10,9.038447006581289673e+10,1.172121329033511658e+11,1.045056347511034698e+11,1.147303222991520691e+11,5.463214919700581360e+10,7.709330507009483337e+10,6.686359485390851593e+10,8.060677082628303528e+10,7.631957718431619263e+10,7.322315866026989746e+10,9.706320781039479065e+10,1.293126861710017242e+11,6.213100455915422058e+10,7.563525940314945984e+10,1.303744963484559937e+11,6.121438776789195251e+10,7.178274616956849670e+10,4.614238054290718079e+10,7.161788712826425171e+10,4.861359239538553619e+10,4.952609138652143860e+10,5.142251865128180695e+10,7.719320172324122620e+10,6.150604696321018219e+10,6.249837752298349762e+10,4.734967791565853882e+10,8.402825043611270142e+10,7.962585103071760559e+10,6.646596899400608063e+10,3.766141554584441376e+10,5.739303362088383484e+10,5.335324385537575531e+10,5.400574985452307129e+10,5.465433951109067535e+10,5.925674417723167419e+10,6.382739292719191742e+10,7.460220367428025818e+10,6.418342853902773285e+10,8.185501321878762817e+10,5.923463139102591705e+10,6.444992690416259766e+10,6.545486619283106995e+10,7.916601113877880859e+10,5.779285245151639557e+10,9.276996525989671326e+10,9.125562918769548035e+10,7.576249109523509216e+10,1.014083097868135071e+11,9.132749259611564636e+10,7.251748603665586853e+10,1.223789754132760010e+11,7.324454066333445740e+10,8.347201531971829224e+10,7.385096695362693787e+10,8.700037143676242065e+10,1.345716926410337067e+11,1.115247199638806610e+11,7.130495940111407471e+10,9.151569601557472229e+10,8.295905782125700378e+10,5.725653413363219452e+10,6.234274129276843262e+10,7.188590559548103333e+10,6.569742483878303528e+10,6.995636782801048279e+10,5.755595365065112305e+10,7.408605422099021912e+10,5.391533876577609253e+10,3.408473774142308807e+10,4.981487947005485535e+10,7.259221864045420837e+10,4.454385472713980103e+10,3.624377748813458252e+10,3.870411596023959351e+10,3.933296174934899902e+10,5.118359888812636566e+10,4.466654515964499664e+10,2.900006969758658218e+10,3.206777329983843613e+10,1.765612521246472168e+10
3.014652985747768784e+10,4.183661908084019470e+10,2.516276047406742096e+10,6.876237826220080566e+10,3.441102141056452179e+10,5.518513346126385498e+10,3.459523378145615387e+10,4.854634956962767029e+10,4.409688474397235870e+10,3.728391763457626343e+10,3.947135125454231262e+10,6.178407398620276642e+10,5.273035662641010284e+10,5.884506727243464661e+10,1.095964101767744598e+11,4.766681388326113129e+10,8.133461255812277222e+10,8.359306282006080627e+10,6.247029886087654114e+10,5.506095811025220490e+10,7.865062093874842834e+10,6.693619406044839478e+10,7.075772722905970764e+10,8.739866423364904785e+10,7.748529826985369873e+10,8.984715718630535889e+10,7.996235003443084717e+10,8.992689290416497803e+10,1.061630222400307617e+11,6.367908963916351318e+10,1.051918770874700165e+11,7.278672642797689819e+10,4.860408451365896606e+10,7.973693801793696594e+10,7.214777614528883362e+10,5.633704082169236755e+10,4.619839650971035004e+10,6.074028971071411896e+10,7.654272554330540466e+10,5.547666458482447052e+10,5.907624800272480774e+10,3.528494783258278656e+10,3.791249663184915924e+10,5.642093654477838898e+10,4.150469306453202820e+10,4.352350384817004395e+10,4.788191218368973541e+10,3.979704541913164520e+10,3.138491095833550644e+10,5.069510343528858948e+10,4.527847755633405304e+10,8.286014860910083008e+10,6.498819791271793365e+10,4.815581843801300049e+10,4.967954712448618317e+10,5.734178040914125061e+10,5.274567850952561188e+10,6.038842909924997711e+10,5.850561828902663422e+10,4.891064710984753418e+10,4.815216188546606445e+10,6.209424804361188507e+10,9.715607245712617493e+10,7.519092106872810364e+10,6.995596806027702332e+10,6.014965678335163116e+10,6.358694825577889252e+10,5.179732387230669403e+10,7.275211298790454102e+10,6.257826890976502228e+10,7.649340576935395813e+10,6.366298494467647552e+10,1.047464416367046356e+11,9.482062497988743591e+10,4.904201531284170532e+10,5.241520057178375244e+10,6.788880518160614014e+10,7.361587001088504028e+10,8.514786040727153015e+10,1.345339469508347626e+11,5.493418052225655365e+10,7.812032773047116089e+10,6.436733433184360504e+10,1.206563381189448700e+11,9.885538904399760437e+10,5.257730366594451904e+10,6.559158160750564575e+10,4.067911194104190063e+10,5.772449988000679016e+10,7.501287101440505981e+10,5.504429322389528656e+10,4.264910881818669891e+10,6.822568043964617157e+10,4.595739227685414124e+10,5.460689264879677582e+10,3.816825225229270935e+10,2.877498059562730408e+10,3.500273714337165070e+10,2.849490620542227554e+10,2.590765006030127716e+10
3.298955815122560120e+10,3.347525041535250854e+10,2.420092389236223602e+10,5.829704045904940796e+10,5.860159743547525024e+10,3.033837502142456055e+10,4.225490323697964478e+10,3.778295186904951477e+10,4.611302107302798462e+10,4.997471297219741821e+10,5.223851772549420166e+10,4.657193033846416473e+10,3.785892305767962646e+10,5.241321349582792664e+10,7.020730465464820862e+10,4.771835777962886047e+10,5.070121972834333038e+10,5.825181011773606873e+10,6.425430980953168488e+10,6.706068159148075867e+10,7.219879323223260498e+10,7.252201666102198792e+10,8.684313300476277161e+10,5.066561804097044373e+10,7.754175783699450684e+10,7.132609501168174744e+10,5.843927080528063965e+10,7.688879448999996948e+10,7.227130525307664490e+10,6.523234328960028839e+10,8.517544986738104248e+10,1.048625987103956146e+11,5.666941750865765381e+10,5.031288438009070587e+10,6.549762162111657715e+10,1.415363616710550232e+11,5.668074186940700531e+10,3.983445966470150757e+10,5.861829139527342224e+10,5.942578923894020844e+10,6.324580372154517365e+10,3.937010904366772461e+10,5.602205333609639740e+10,5.155015671206665802e+10,5.192411889807691193e+10,4.730182451929829407e+10,3.944930717766369629e+10,4.410753992858224487e+10,6.048604955480910492e+10,3.934833260447749329e+10,6.358742485353157806e+10,4.930291532918813324e+10,5.581776407524547577e+10,9.180934336261898804e+10,4.947890857996392059e+10,3.697652972162552643e+10,4.257021044875614166e+10,4.447416359847042847e+10,4.021753510273480988e+10,7.495709929624227905e+10,6.066875326469773865e+10,5.173207657963825226e+10,5.131277159863494873e+10,6.033969331833829498e+10,5.804542530277148438e+10,8.205814599333694458e+10,6.653152194248671722e+10,7.430453349562742615e+10,7.572667231241835022e+10,7.394638675160858154e+10,1.128167877666441040e+11,7.644197351355726624e+10,5.805815845017557526e+10,6.865493306633189392e+10,7.598713406023690796e+10,5.216159063512881470e+10,7.570549220630488586e+10,5.915395159295451355e+10,6.481634425441504669e+10,1.015393778223114929e+11,6.581362994618258667e+10,6.158867594335199738e+10,5.792682808123954773e+10,4.197159099665110016e+10,4.468041141381470490e+10,4.321834823806522369e+10,3.536622804598673248e+10,4.112119853439119720e+10,4.822714071686811066e+10,5.349487222037261963e+10,4.726558667371977234e+10,3.936438298885227203e+10,4.441151320964630890e+10,2.682777082994524765e+10,3.062078069176355362e+10,6.841497310328432465e+10,4.271134970829753876e+10,3.134382428588360977e+10,1.886277536761918259e+10,4.694828718162029266e+10
3.618445412867334747e+10,3.666719026935646820e+10,2.950005397811929321e+10,4.346089964982388306e+10,4.348930497696317291e+10,3.601092640663401031e+10,3.569592450810612488e+10,7.738244804168530273e+10,4.264734919159262848e+10,4.039789700304898834e+10,5.782433195366781616e+10,2.973162673303989029e+10,6.535768696346179199e+10,2.577725410676302719e+10,4.145886774831494141e+10,7.319505806566744995e+10,5.676516927511241913e+10,8.928779299076930237e+10,5.173021473870618439e+10,4.986130619592723846e+10,5.750338671860928345e+10,6.045774770090504456e+10,8.337658644904777527e+10,6.148277348807505035e+10,6.132939011704230499e+10,5.667788424937041473e+10,6.070932827567565155e+10,6.526357830656708527e+10,5.212812796953361511e+10,6.859031287848919678e+10,8.822313726640641785e+10,5.780547044108287048e+10,5.835317879739517975e+10,8.894716744002719116e+10,5.060131766011547089e+10,3.121056852826930237e+10,3.703893639943379211e+10,4.112474348610985565e+10,6.897018410612738037e+10,4.992982959815245819e+10,5.877030391179611969e+10,9.457729556494223022e+10,3.795760486064315033e+10,3.495135465672804260e+10,5.098792686122547913e+10,4.630978776284310150e+10,4.724877137092503357e+10,3.515756761522570801e+10,8.123176214405859375e+10,5.313855291248432159e+10,7.904195450291575623e+10,4.432616020029981232e+10,3.805997957384548950e+10,2.736304693764635086e+10,4.492487023244462585e+10,3.760270168265978241e+10,5.354672879355426788e+10,4.206926885013259888e+10,3.492874337353030396e+10,5.023439511510895538e+10,6.022664894161731720e+10,3.923553868330395508e+10,6.201673639292958069e+10,7.038313868265953064e+10,6.060896908953041840e+10,5.646805465967778015e+10,3.886310042475173187e+10,4.110420032403715515e+10,8.313849651766375732e+10,1.271568055809014435e+11,7.296506747262867737e+10,7.172103460490405273e+10,7.980189520740478516e+10,4.955364700159521484e+10,6.028693867602921295e+10,4.924758985421984863e+10,4.945743117982816315e+10,6.505531391895716095e+10,5.990479943424182129e+10,5.608239753865340424e+10,5.548816629941091156e+10,6.330057291526908112e+10,9.451101953769529724e+10,4.929649360518454742e+10,8.468189769304718018e+10,5.914501218828954315e+10,4.344817020900572205e+10,6.072586422434015656e+10,4.014971290637660980e+10,5.368199405287177277e+10,4.672888333145886993e+10,6.651158585723187256e+10,3.611759581447301483e+10,7.435697239281506348e+10,5.686555968974311829e+10,3.771566922930036926e+10,3.854230681170854187e+10,2.842030529381876373e+10,3.569066081368612671e+10,4.734273315158820343e+10
2.725301226647481155e+10,4.964833051899497986e+10,2.293957905620903397e+10,3.336186973529972458e+10,3.416999052317617416e+10,3.931651932223241425e+10,5.506681460235958862e+10,5.906938238645298004e+10,5.773801694991594696e+10,4.666546503858116150e+10,5.286462640509743500e+10,5.906541826035409546e+10,5.809630089090029144e+10,3.333943241690892410e+10,3.861468480714837646e+10,4.853693452838581085e+10,5.865929089411337280e+10,4.141828761357401276e+10,5.786814799784664917e+10,5.361529311740517426e+10,8.154745669645045471e+10,7.204055852375770569e+10,4.583071678489624786e+10,5.424397465401334381e+10,4.731845846473791504e+10,7.547485764530537415e+10,5.245461623306634521e+10,1.067439764419819641e+11,6.197911527406506348e+10,6.040381825794135284e+10,4.912667526975321198e+10,3.670986855030207062e+10,7.522500599296389771e+10,4.382596580918808746e+10,5.825232556941619873e+10,1.126160965562027435e+11,4.898852686638490295e+10,3.594881009482607269e+10,4.461520652180271149e+10,5.562101955394812775e+10,5.003035576798005676e+10,4.748026509534635925e+10,4.487148760009953308e+10,4.635897111969197083e+10,4.203277958232458496e+10,4.007714349609042358e+10,3.629113096195547485e+10,3.314358196284978485e+10,3.641465203990646362e+10,4.024772916241182709e+10,3.020048771258536530e+10,3.689812278401779938e+10,5.801475404560955811e+10,3.638207424441430664e+10,3.433023046006998062e+10,4.639252392172183228e+10,3.569252283105987549e+10,3.860159035067883301e+10,4.967690074305321503e+10,4.407982219397383118e+10,7.291736591632090759e+10,4.924711425609643555e+10,3.376646833313952255e+10,6.186446015634349060e+10,4.308176116334938812e+10,6.954236668400617981e+10,4.029522136625229645e+10,3.197113918101584244e+10,1.240234511540030518e+11,9.049732340757717896e+10,3.923696790800370789e+10,5.855044361665017700e+10,7.540743911098214722e+10,6.387074716448917389e+10,5.592225327779579926e+10,5.567350351990405273e+10,6.913979439468898010e+10,4.949158419980284882e+10,5.583666741616851807e+10,6.382836875443371582e+10,8.074787505917680359e+10,7.450585350274920654e+10,2.949898945946459198e+10,4.874703709266220856e+10,4.533550296635897827e+10,5.775002547494558716e+10,3.748181669468041992e+10,3.260337665204687119e+10,3.907019471708180237e+10,4.123361200453515625e+10,3.455322609927060699e+10,3.324577458921628189e+10,4.456491592115702820e+10,4.262866835766301727e+10,4.263926463353007507e+10,3.320548394189752960e+10,3.422433204400853348e+10,4.823000678755103302e+10,5.108900114867729950e+10,2.531256759370827484e+10
2.732771502799926758e+10,3.243100324706390762e+10,5.043298241542009735e+10,5.140502894553208160e+10,2.938039175789198685e+10,3.153564703786352539e+10,4.794036845384513092e+10,2.728449890543279648e+10,3.813345301867482758e+10,3.430379993309470367e+10,3.363241488334714890e+10,3.399415685720600510e+10,4.766161206035711670e+10,8.013420202826348877e+10,3.936807378925463104e+10,5.055985930389071655e+10,4.626920271771783447e+10,2.962250479222686386e+10,4.749428344540098572e+10,7.587419836548301697e+10,6.329776258277765656e+10,4.361950462861430359e+10,4.728004285895709991e+10,5.105535003843113708e+10,4.784782502764579773e+10,7.040061043683206177e+10,4.662760603601985168e+10,4.192146437228066254e+10,7.982140403733602905e+10,4.852327740296518707e+10,4.796071221757334137e+10,5.965423020491584778e+10,3.543549987017959595e+10,5.103799870205304718e+10,4.775608489732198334e+10,5.086553188535265350e+10,2.850056849746701431e+10,3.982923113202577209e+10,3.109830718173772812e+10,3.582452865658096313e+10,4.923668102909896088e+10,3.664986350800891113e+10,5.180652062107283020e+10,5.041776583689821625e+10,4.349541184287343597e+10,4.166035946915112305e+10,4.429511263951922607e+10,3.608242169559201050e+10,5.145622961173030853e+10,3.842055221938800812e+10,6.537474430130257416e+10,6.713513877068461609e+10,4.933367970685266876e+10,3.338824451563128662e+10,4.442418265346469879e+10,3.476814330326300049e+10,3.712310190744230652e+10,3.528698528219446564e+10,4.943424485537403870e+10,3.148327605684855652e+10,4.493335832643778992e+10,3.315103301080165863e+10,6.015996780285250854e+10,3.570878394172666931e+10,3.978040538750502777e+10,4.681646469036257935e+10,7.203618137211294556e+10,5.856803116784564972e+10,3.326253822459555435e+10,4.366244697933751678e+10,5.289365212512037659e+10,6.671653736135952759e+10,7.538562863729214478e+10,4.645582640227325439e+10,5.494124158077696991e+10,5.298957086422720337e+10,5.003026112518785858e+10,5.301128667172834778e+10,4.364065158558573914e+10,4.947218270704731750e+10,9.240415732186190796e+10,4.789163085539660645e+10,6.110258431287590790e+10,4.695403151503247833e+10,4.036587619891941071e+10,4.659042654659300232e+10,3.956116258533148956e+10,4.965332815743202209e+10,3.087092800169964981e+10,4.304256264731833649e+10,2.871645224781512070e+10,3.990523666567286682e+10,4.263298950589431763e+10,2.666301667053547668e+10,4.760853672941569519e+10,4.137057712542723846e+10,3.072110738898585510e+10,4.254651949685265350e+10,2.207535333797220230e+10,2.860721511475857925e+10
3.929129107269847870e+10,3.355500905617396927e+10,2.489477063528305054e+10,7.228977087520716858e+10,3.420539054843878937e+10,3.506951246843802643e+10,3.277521279291193771e+10,4.283924099875052643e+10,2.386746779107468414e+10,2.336613369848791122e+10,3.685977438155245209e+10,4.125624013313166809e+10,4.299497751542525482e+10,3.033009372790128708e+10,2.891408761843608093e+10,3.772300767755442047e+10,5.105853422979350281e+10,4.390332468290906525e+10,5.036918140734207916e+10,4.584020163861222839e+10,4.754922664791101837e+10,6.282270907268746948e+10,6.477800253261965942e+10,4.898723516595137024e+10,5.869175567377056122e+10,6.744112614987551880e+10,5.519367640307060242e+10,5.695475803514909363e+10,5.805726085219705200e+10,5.349998640569642639e+10,4.032091049960092163e+10,5.152989150666809082e+10,5.648270799028185272e+10,6.161159426066448212e+10,3.993423172686068726e+10,6.004773376362416840e+10,4.858869398139476776e+10,5.249059161326348877e+10,5.407690185104732513e+10,5.459170510438425446e+10,4.427310473955534363e+10,2.928955952119858932e+10,7.787506285646163940e+10,5.881596285464085388e+10,5.136116387197100067e+10,2.666741432405093384e+10,5.618371124480899811e+10,4.035671343326541138e+10,3.963490891829740906e+10,2.496884946280083084e+10,4.883403901143489838e+10,4.132576643736338043e+10,2.615530702269167328e+10,3.974420376119980621e+10,5.458877977725469208e+10,3.440837401655815887e+10,3.613595907360298920e+10,3.808977740373488617e+10,4.071685081111089325e+10,3.659687851725244904e+10,3.899135342510328674e+10,5.938418363594482422e+10,5.031698704995348358e+10,5.097480573290558624e+10,3.240996714686589050e+10,7.155817669393223572e+10,3.625678433069651794e+10,4.506076559675556946e+10,5.072518871443243408e+10,5.073006566930845642e+10,4.136805219594567108e+10,9.376753826446231079e+10,4.343729739351115417e+10,6.697937023231376648e+10,6.318502398581880951e+10,3.102474082575130463e+10,3.648407578617478943e+10,7.328511984304577637e+10,6.184897334678595734e+10,3.462284242187473297e+10,6.272212999750099945e+10,4.023765137752014923e+10,4.080663978504008484e+10,4.619560494537821960e+10,3.455444605926066589e+10,2.451789521346128464e+10,5.944725985136331940e+10,3.061036636331784058e+10,4.036452133017532349e+10,1.274480627706848907e+11,2.107231079460050583e+10,3.274209706667498016e+10,2.692001418224234772e+10,4.026279844765449524e+10,3.322686503951805496e+10,3.228107904168851471e+10,6.922543366499015808e+10,5.207758828773651123e+10,3.129396867752374649e+10,3.362149316880835342e+10
3.547272424043078613e+10,4.816211001033232117e+10,2.756935088844528961e+10,3.995679589157592010e+10,2.564889026240039825e+10,4.967160018387005615e+10,5.316897371672435760e+10,3.224806858975428772e+10,3.423090590066564560e+10,4.740028247554663849e+10,4.478827756772243500e+10,3.223094907046848679e+10,6.396078175160806274e+10,5.281788283771930695e+10,3.048901184302321625e+10,4.349373563898871613e+10,4.406101844128862000e+10,5.528229122268650055e+10,4.012850269553527832e+10,7.985010457356729126e+10,4.888277511974565887e+10,3.615940716875062561e+10,3.481534643905189514e+10,6.509373047180255127e+10,4.593435068998358917e+10,4.391166876046662903e+10,4.171027059083279419e+10,4.175601514189379883e+10,4.639777067441580963e+10,4.489163248008415222e+10,3.123271687060907364e+10,8.023327543149412537e+10,5.657270104295227814e+10,3.352490436991583252e+10,4.595030048001834106e+10,4.021559575926866913e+10,3.651977872168069458e+10,5.860679883567453766e+10,3.659979695409345245e+10,3.915584977095509338e+10,4.876093020091073608e+10,5.187030633479278564e+10,6.990435781228590393e+10,5.686382549513309479e+10,3.261473632653784561e+10,5.073925712575262451e+10,2.454129103944532394e+10,6.511757574801622772e+10,2.868645020882107925e+10,2.847630464863262939e+10,4.586038826110538483e+10,2.732176620897981262e+10,4.135713648253628540e+10,3.686463625024574280e+10,6.547516878550048828e+10,2.714048612324193192e+10,5.447692017772274780e+10,3.388292213768199158e+10,4.855196803506372833e+10,3.689459275652052307e+10,3.443170705555378723e+10,2.355733873315768051e+10,5.077874181633719635e+10,6.244088847319454956e+10,5.962821310162667847e+10,4.160975258298518372e+10,7.384330443394136047e+10,4.904997620299819946e+10,6.003462606157204437e+10,5.544408663768794250e+10,8.514021401613002014e+10,5.137514238831040955e+10,6.097938457370474243e+10,3.591505146987216949e+10,5.531543677069582367e+10,6.175842136811875153e+10,4.377107886519525909e+10,5.343373713481621552e+10,4.165351394071608734e+10,3.484968944230190277e+10,5.371847882975247955e+10,4.765563379285591888e+10,2.772835490230741119e+10,2.484155207555860519e+10,3.274101774880184555e+10,3.802355253957476044e+10,3.274506483905622864e+10,3.432124461322076416e+10,3.245541099608753204e+10,3.406451261629935455e+10,3.586703774947320557e+10,3.023024924241378021e+10,2.553303871509098053e+10,2.371146386702193451e+10,5.244372425830294800e+10,3.137283046779299545e+10,3.123589778103746414e+10,3.056234705448421860e+10,4.064788978645739746e+10,2.132965196051750565e+10
2.451166304651145172e+10,3.568405963425971222e+10,2.401594809604421997e+10,4.210520381252752686e+10,2.764045439650983429e+10,4.020278724414513397e+10,3.143640516358512115e+10,5.080607267617314148e+10,4.061448553442122650e+10,2.807572853465843964e+10,3.762282938581529236e+10,3.371672153187662125e+10,3.761035743320858765e+10,3.032583843378271866e+10,4.572922497906053162e+10,4.577598045715228271e+10,3.382079688562044907e+10,3.138998097736460114e+10,4.331618469355493164e+10,4.959561551790180969e+10,5.515553682323583221e+10,6.527317162145854950e+10,5.879473542145783234e+10,4.003637949075798798e+10,4.443439850290971375e+10,6.849502884377365875e+10,4.395323767922943878e+10,6.091234953041502380e+10,6.308951827098979950e+10,4.951820015574095154e+10,2.702614169192058563e+10,5.573999355862432861e+10,5.130428426884893036e+10,8.479720878961415100e+10,4.326848953258478546e+10,6.327103194294482422e+10,2.242875539078781128e+10,3.173770818814939880e+10,2.818984351291394806e+10,3.415649592730294418e+10,2.706394339644555283e+10,4.187686045279133606e+10,3.571586462158850098e+10,3.513429468925030518e+10,2.807403321095834351e+10,4.502436303951297760e+10,4.462968548907848358e+10,4.568934435221150970e+10,3.729278286278531647e+10,3.100523039494024277e+10,2.481255487168872833e+10,3.695615591704421234e+10,3.065570789222634125e+10,4.112863626908764648e+10,4.442950593199787903e+10,3.485610558195865631e+10,5.182587212998770905e+10,4.553564816393194580e+10,4.024654653277340698e+10,5.234657307291993713e+10,2.426984813444808197e+10,3.163505756625175858e+10,8.963269562739814758e+10,3.250763279500799179e+10,1.463002916961078796e+11,4.382500065237262726e+10,2.994618510141609573e+10,5.630875252731147003e+10,4.575295390447722626e+10,4.820242980338598633e+10,4.560391067234339905e+10,7.078996666135269165e+10,3.274739417582670593e+10,4.161216644617906189e+10,3.805012633257581329e+10,4.220233935302079773e+10,4.130925366523202515e+10,3.883489525310114288e+10,7.146983150682328796e+10,6.719088684067493439e+10,5.259950828634632111e+10,3.459315696939174652e+10,3.988977582344735718e+10,3.457949326849718475e+10,2.601206318374525833e+10,3.597394584901242065e+10,3.036803697759502792e+10,4.339666378484749603e+10,5.016848403749351501e+10,3.329356254233971024e+10,5.509621274224308014e+10,6.417872518196561432e+10,5.691036717508118439e+10,3.571679068087961578e+10,3.697795589579180145e+10,2.513646030683199310e+10,3.299000419431204605e+10,4.404102197710659027e+10,2.728387186157201767e+10,2.861770288858420944e+10
3.602361613745766449e+10,2.503798257857837296e+10,4.622194209735686493e+10,2.075205680525656891e+10,2.552895935088784027e+10,2.299972732985517120e+10,2.632886219575127411e+10,7.915572031602142334e+10,4.127268090661711121e+10,4.260871722223824310e+10,5.011407268079129028e+10,2.797469113477525711e+10,2.804583831156059265e+10,5.032252908419795227e+10,3.761100140342126465e+10,5.110566797926770782e+10,2.625684289108906937e+10,7.459368100062850952e+10,2.994532870826749420e+10,3.821457426961978149e+10,4.746646370832682037e+10,5.369730965335160828e+10,5.308984839697904205e+10,3.263783187934720612e+10,3.408020970687141037e+10,4.093532024231600189e+10,3.738211607645048523e+10,4.152278208997511292e+10,3.681860615931838226e+10,4.451400032028327179e+10,3.448991328973828888e+10,3.896880287421511841e+10,6.011926571841891479e+10,4.909014616380561829e+10,3.898527392183940887e+10,4.150823385783898163e+10,3.011950383285446167e+10,5.310721584871936798e+10,4.082625168978765869e+10,3.333628460046537781e+10,3.425393595366184616e+10,3.096183937071456528e+10,3.386430655467411804e+10,3.105672114003810501e+10,2.938798718886838913e+10,3.799528316224789429e+10,4.119986100071403503e+10,3.667595613042169952e+10,2.808812313887106705e+10,2.632030268120415115e+10,2.069920209788046646e+10,2.779727913110827255e+10,3.524326164681526184e+10,5.783664157933782196e+10,4.321455978509105682e+10,3.393010284432958984e+10,2.700288338272555923e+10,2.920515142533909225e+10,4.962148983530780792e+10,6.020152696036563873e+10,4.136065148375892639e+10,4.882665925593623352e+10,4.651750403872515106e+10,3.223833416304949951e+10,5.160813408902952576e+10,6.555977788958224487e+10,2.649177733482483673e+10,5.145942996538793182e+10,5.576649153264786530e+10,5.408360553041457367e+10,5.454530948907942200e+10,5.136461915727347565e+10,4.799894851024948883e+10,4.284659497487014008e+10,3.633043806907314301e+10,3.314271208163347244e+10,4.142832474957362366e+10,7.424302673634539795e+10,4.204452302479394531e+10,4.276943761233953094e+10,5.177168611096659088e+10,3.912117096685598755e+10,4.117043935513873291e+10,3.513782443115872955e+10,4.235861747930857849e+10,4.690651138985620117e+10,3.640746534393077087e+10,2.325508150867757797e+10,3.013031477709522247e+10,5.617808464043116760e+10,3.802354275710166931e+10,2.697477105906570816e+10,3.784578869374932861e+10,2.644202326601893616e+10,2.882923024457836151e+10,3.117370807067971039e+10,3.996151719728150940e+10,3.004383616429486847e+10,4.030345034745839691e+10,2.194030025599356461e+10
2.173631421381957626e+10,2.747606238567355728e+10,2.444422689960640717e+10,2.107892521512601471e+10,1.945339921662065887e+10,3.834692073701363373e+10,2.460166449663069916e+10,2.707700393635147858e+10,4.603966798636700439e+10,3.592996278596959686e+10,2.389347721271847153e+10,7.128213449151295471e+10,6.630239074623837280e+10,4.675115823141948700e+10,3.601442039767124176e+10,5.060357927060583496e+10,4.584119344060133362e+10,5.425618184340261078e+10,3.961960192289163208e+10,4.467799516661418915e+10,3.028199938138702393e+10,2.885872710176575089e+10,3.604197137691566467e+10,3.818544939050613403e+10,3.371089357496851730e+10,2.871635707709152603e+10,3.382762042654813766e+10,5.417542851880037689e+10,3.243525029179223251e+10,3.452530223403472900e+10,4.054144557850914001e+10,2.999635320673453140e+10,2.893827272599298859e+10,3.247088745558684921e+10,7.560444646639596558e+10,3.921934860090198517e+10,4.621714181801424408e+10,3.755963617095955658e+10,2.297572137184424591e+10,5.045392325471513367e+10,4.010664319594986725e+10,2.540019014817578888e+10,2.803118589648835373e+10,6.947862065384422302e+10,2.582639703334001160e+10,4.481573953916581726e+10,3.364650513708382797e+10,3.978462995559533691e+10,2.467619811174073410e+10,3.685570761884683990e+10,2.382883815747273636e+10,2.863122216740460205e+10,2.764907035938346481e+10,2.172648607612794876e+10,2.731343315104736710e+10,3.454003419607289124e+10,3.308923823627100754e+10,3.360067752299797821e+10,3.047224190857559967e+10,3.801027245660119629e+10,4.206049661876605988e+10,3.390845060301887894e+10,3.315003287719593048e+10,3.678604251964638519e+10,4.496565820352354431e+10,5.099640220858042145e+10,3.539241236015002441e+10,4.757830692399864197e+10,3.001113572325864792e+10,5.283259633072834015e+10,2.615830145168472672e+10,3.029336543348413086e+10,3.818710106223542023e+10,3.748865740994344330e+10,5.351142436954141235e+10,3.137945766321537018e+10,4.001941339816314697e+10,2.767880692273288727e+10,3.399509971148812103e+10,3.112972849521458435e+10,1.937768351742837524e+10,2.666247915058485794e+10,6.098219155623636627e+10,2.996922486532626724e+10,4.364927489224578857e+10,5.648283967229853058e+10,2.866983540525296402e+10,2.710713793897246933e+10,4.213350826607682037e+10,3.499804415634313965e+10,2.014868389019397354e+10,3.833450320968448639e+10,3.088037068013894653e+10,3.922430653686936951e+10,2.340683334395006180e+10,3.601282447888430023e+10,2.362641823737868118e+10,2.533153389141459274e+10,2.306456647564319992e+10,3.549843801721042633e+10
2.400732619930459976e+10,3.672284010597000885e+10,3.362178704584787369e+10,2.982510637738216019e+10,4.164477540129390717e+10,3.110766671814218521e+10,2.440419252235432816e+10,3.324005620793917465e+10,5.099255455005797577e+10,1.894248468448458481e+10,2.503959985496290970e+10,3.451604361949211884e+10,4.455029135355054474e+10,3.222245689952075195e+10,4.615974928026361084e+10,3.378516487834771347e+10,3.661685765506549835e+10,2.725069404204082870e+10,2.821576644196505356e+10,4.438442604432418060e+10,3.341825882800194931e+10,6.371698969007498932e+10,3.085214594067236328e+10,4.976109380661423492e+10,5.248367906956144714e+10,4.941995230352117157e+10,3.951416957573110962e+10,4.392192935727767181e+10,3.979087761969904327e+10,3.464192840439418793e+10,3.796544777216795349e+10,5.340234956451341248e+10,3.377383039226377106e+10,2.601068148395171356e+10,5.176489844378448486e+10,7.068972546441021729e+10,2.057422195091139603e+10,4.805289577838051605e+10,2.437521481372791672e+10,2.868156503078847504e+10,4.916430692804318237e+10,3.897653587563298798e+10,4.853352343505086517e+10,4.485879958540520477e+10,4.967022257972245026e+10,3.298075814484819412e+10,2.010657625752760696e+10,3.231677861574119949e+10,3.565898534135346985e+10,3.003508512816922379e+10,3.915995110004458618e+10,6.143569075238010406e+10,4.685998658449747467e+10,3.094183479123306274e+10,2.559095940285338974e+10,3.694957495196103668e+10,3.255103753554825592e+10,4.432059293148513794e+10,2.555049454024748611e+10,6.636776593578614807e+10,1.959503434160895920e+10,4.458585431866662598e+10,4.753152210331581879e+10,2.902120981354153824e+10,3.984782648310701752e+10,5.750897678265699768e+10,6.382537371651865387e+10,2.742006170152067566e+10,1.680939959446779251e+10,4.185056560857441711e+10,3.591365144790483856e+10,3.144603694784041977e+10,3.622871443964432526e+10,4.767784913928366852e+10,3.538466803124449158e+10,2.293426730843267059e+10,3.227823507827619553e+10,3.479419993893914795e+10,2.455139928887020874e+10,4.166821894206330872e+10,3.603292218389250946e+10,3.315916894459738159e+10,4.260854412282171631e+10,3.172189825252001572e+10,3.235792595235149765e+10,2.951845457326174164e+10,1.845893549716466904e+10,3.615558775026148987e+10,2.625667673646020889e+10,3.987667283833975983e+10,2.882165068785629654e+10,3.552981848348584747e+10,2.341785617930787277e+10,3.363354612620018387e+10,2.847572280387248230e+10,4.249370193032012177e+10,2.221507445941336060e+10,3.574542383095542908e+10,2.779447872151807785e+10,3.068560650232741165e+10
1.766214381096408081e+10,3.095376315479283905e+10,3.113168459115657043e+10,2.261022595220609283e+10,4.863871994153767395e+10,2.870346834402949905e+10,2.944123796067554092e+10,3.554686801905914307e+10,2.318374148369550705e+10,7.843595374388337708e+10,2.431291698541154099e+10,3.293198966286366272e+10,3.347086483672308731e+10,4.204673072482836914e+10,3.752099889996347046e+10,3.401177914463444519e+10,3.516874053688082886e+10,3.647285586893843079e+10,2.739150295562010574e+10,3.237380505175855255e+10,3.513975112519531250e+10,4.388843005428104401e+10,3.475847633812075043e+10,2.669357790216231155e+10,3.752021426280534363e+10,3.068776577576196289e+10,2.599770157225614166e+10,3.252535136284641266e+10,4.253357464506803131e+10,3.047227505104803848e+10,3.762072778408268738e+10,3.805758375686527252e+10,3.827495769008829498e+10,4.842412755624407196e+10,3.534467630666555786e+10,3.094814600274241638e+10,3.346599358926229095e+10,5.542200088242197418e+10,3.234524755072746277e+10,2.915480386200255203e+10,3.289234815687033844e+10,3.295531000560850143e+10,3.966253781750310516e+10,3.104049418654607391e+10,2.953570139388048553e+10,2.256421027768391800e+10,4.461314212061706543e+10,4.184210208759647369e+10,5.197246387397808838e+10,3.591363762729929352e+10,3.733524219675197601e+10,4.813802427878629303e+10,3.920604125968882751e+10,8.880906238038159180e+10,3.662832841457317352e+10,2.409442734169385910e+10,3.456748579191572571e+10,2.920471965658663177e+10,4.056599098315329742e+10,2.972099239531862259e+10,3.025465375599869537e+10,5.206126203142984009e+10,5.499340050455713654e+10,3.147338631211125183e+10,2.884540386591644669e+10,4.837997772073696136e+10,2.999123617123371124e+10,2.407833515873934174e+10,3.877479912772608948e+10,3.110220728156595993e+10,5.244340492736095428e+10,4.402598907668699646e+10,5.142307334905126190e+10,3.426855188843072510e+10,3.085401437368173981e+10,2.390465664590541840e+10,5.941873113754834747e+10,2.845824941789033890e+10,3.383589413126227188e+10,3.386647912359637833e+10,3.558355403959986877e+10,4.829102484774261475e+10,3.087630673066391754e+10,3.427771515847355652e+10,2.710986899812591934e+10,4.306844054586020660e+10,3.089306665607192230e+10,2.644474249050817871e+10,2.427148163628881073e+10,3.209925904282500076e+10,6.485554734351357269e+10,4.988860610675539398e+10,1.951249380648023987e+10,1.823508546337319946e+10,2.509823283476832962e+10,3.162131009385945511e+10,1.907250879103763962e+10,2.763941342321423340e+10,3.061212423153721237e+10,3.504492672799682617e+10
4.660457731235044861e+10,3.769047643359362030e+10,3.926147457733474731e+10,3.285109160116803741e+10,3.053064807429365158e+10,3.637930475875534821e+10,2.614393951131683350e+10,2.162360461440319443e+10,3.303297188947557068e+10,4.171481416768904877e+10,2.528220802183394241e+10,4.842526567780522919e+10,2.664964523259606171e+10,2.130110261221559525e+10,4.961788836466537476e+10,2.490966348015872574e+10,4.224911155849077606e+10,2.244335259140219116e+10,2.484637190644713211e+10,5.448180382344969177e+10,3.331544848128602600e+10,5.106536113042326355e+10,5.523989616600156403e+10,2.455928295325170898e+10,3.581501795159284973e+10,3.333076189667013550e+10,5.407238649220074463e+10,2.724627361666882324e+10,2.376151147566701126e+10,3.810449276079695892e+10,2.867528806840368652e+10,2.846772199844685364e+10,3.931906504272852325e+10,4.708869379329900360e+10,2.572798945797631836e+10,5.126146003006568146e+10,6.022331838640695953e+10,4.055097934626215363e+10,6.450842760803604889e+10,3.027922858847740555e+10,2.534732527925044632e+10,2.789591707587778854e+10,3.673264277889164734e+10,4.389372039564785004e+10,3.470950810651468658e+10,2.605959041304746246e+10,4.770184609084570312e+10,3.220055278311041641e+10,3.180033324909606934e+10,3.993190673839665985e+10,3.529327048827111053e+10,2.670682830071207047e+10,4.687398902011859131e+10,3.165873634745619583e+10,2.558221233226947784e+10,3.419475106050328445e+10,3.493952302240507507e+10,2.204726855077351379e+10,2.857250807334462357e+10,6.396775918342630005e+10,2.961684877808740616e+10,3.730261863062869263e+10,2.699561527384952164e+10,3.345334535406211090e+10,3.515937610756253815e+10,2.118174765980613708e+10,2.806238743194342422e+10,3.096129736349385071e+10,2.497673502719218063e+10,5.764184762459886169e+10,5.676901591582054138e+10,2.477312677935206223e+10,2.379870252836080551e+10,3.125181220208093643e+10,3.022207733003610229e+10,2.048520959426961517e+10,3.756265896653797913e+10,4.338215288543975067e+10,3.714680037081209564e+10,6.322363411813927460e+10,3.993119630084661102e+10,4.529409029266819763e+10,2.884691928655012894e+10,2.567815721728671265e+10,4.287570320947409821e+10,2.465127485144595718e+10,2.295959265196453094e+10,2.723551665290103531e+10,4.582098362684955597e+10,3.245196164066047668e+10,2.840560080364427948e+10,3.593964914329354858e+10,4.039951515698514557e+10,1.863033538498619843e+10,2.785168183541706085e+10,1.488615540697777939e+10,2.475619608354191208e+10,2.355852142406431198e+10,1.611317547661079979e+10,2.939357118767523575e+10
4.083253064737793732e+10,2.841028288476297760e+10,2.606175926334311676e+10,1.934658767009340286e+10,4.576312054987260437e+10,2.486324935406005096e+10,2.319098302979737854e+10,3.465939985143223572e+10,1.934878761610274887e+10,3.656622225961581421e+10,3.097685308413132858e+10,2.148769766366322708e+10,3.761381240415946198e+10,3.136189510751304245e+10,2.744880843159809494e+10,2.901481393913613129e+10,3.576714466653588104e+10,3.574388018955068207e+10,2.576518012453611374e+10,3.362430857957128143e+10,3.236206169339367676e+10,2.053934488571282578e+10,2.071545512242145157e+10,5.397830478284197235e+10,3.188621948416246796e+10,2.847821293008410263e+10,3.930166029084687805e+10,2.954550235760293961e+10,4.582017809886522675e+10,2.933974109175611115e+10,4.270475606535829926e+10,2.044978385158728790e+10,3.265624853770859146e+10,2.563533928071213531e+10,2.316762776041918564e+10,2.572613776895782089e+10,4.858393876879261780e+10,5.872461852803430939e+10,4.201676579935842896e+10,2.996661610611016083e+10,2.507080682933626938e+10,3.718484386483062744e+10,2.708979794414951706e+10,3.492267720783628082e+10,1.956853136017486191e+10,2.912001591826245499e+10,2.815599515952389908e+10,3.935335175488436890e+10,2.786908436464207077e+10,4.175669466801136017e+10,1.600954299440406418e+10,4.223821196255717468e+10,3.599201242694574738e+10,2.861192185921923065e+10,3.144044872216149521e+10,7.678112979101025391e+10,2.777819486506125641e+10,1.868479167088755798e+10,2.385469938750956345e+10,4.604895494577870941e+10,5.424928961565260315e+10,4.595974846805136871e+10,2.033777000653890228e+10,3.862814169032848358e+10,2.869657219140055847e+10,3.913385570116675568e+10,3.379733333590795517e+10,2.597285872674005508e+10,2.535255568837928772e+10,3.068056621313297272e+10,2.440215085507552719e+10,2.891576177295741272e+10,4.313054197720402527e+10,2.452585254771491623e+10,3.091625666176407623e+10,6.613549013723995209e+10,2.514776378390873718e+10,4.030909177718257904e+10,2.662934335208851624e+10,4.296636328035018158e+10,3.740812248437377930e+10,2.054433469647383499e+10,3.548104053473202515e+10,3.334886463052806854e+10,4.083056271603797150e+10,4.325407871982878113e+10,5.894625644952149963e+10,2.104628318517332840e+10,2.529562979542558289e+10,2.756268828424692917e+10,3.026349160670503235e+10,3.226007054872787094e+10,2.963350203410966110e+10,2.718286771652814865e+10,3.022068209987971497e+10,2.512649184364075851e+10,3.075552869229850006e+10,3.731690015461011505e+10,2.067310757172591019e+10,2.282338465239901352e+10
2.759031511138634872e+10,3.455257892372608948e+10,2.804831931934614563e+10,1.903631412811236191e+10,1.984551543828636932e+10,3.149194371525527573e+10,2.807236460503684616e+10,4.555580361176062775e+10,2.195680439533810806e+10,3.598360505946416473e+10,2.110935721294550323e+10,2.115841804497478104e+10,2.162389872791133881e+10,3.644453955453310394e+10,3.560551870224936676e+10,2.700024488072078323e+10,8.188584874423500061e+10,2.755222970699919510e+10,3.069430497201264954e+10,2.337842370055953217e+10,4.607922774751800537e+10,2.937659428547483063e+10,2.735216504457760620e+10,3.096143229784522629e+10,4.479726973568148041e+10,2.972851472668981934e+10,2.631691510553299332e+10,2.384194421594215393e+10,2.447695696569556427e+10,3.233866164567636108e+10,2.265777428498870087e+10,3.634589750517663574e+10,3.072847814048696518e+10,3.411727771982500076e+10,4.356208577892862701e+10,3.240619119169690323e+10,5.386109893396079254e+10,2.527161670719363785e+10,2.985720747465217972e+10,1.935609488639738846e+10,2.642110699705664444e+10,1.239193498389705353e+11,3.704653639239167023e+10,3.180610163791846085e+10,3.420701798323757553e+10,3.348762009033687973e+10,5.078166381741435242e+10,3.391379941707875443e+10,2.559705716609704208e+10,2.208785179726770782e+10,3.689842782664495087e+10,3.262833228380657959e+10,3.646566860356358337e+10,3.928364855783853912e+10,3.070672445799803925e+10,3.966063682328495026e+10,2.049120941887888336e+10,3.394792746025552368e+10,4.371341623777725983e+10,2.324953386728321075e+10,2.169481007552036285e+10,3.054994502418080521e+10,2.374605771673796463e+10,2.063464268853283310e+10,2.451574635591177368e+10,2.805005725459910965e+10,6.543463138568848419e+10,4.542593192321585846e+10,2.779648206619109726e+10,3.709219977598712921e+10,2.645319515511465836e+10,2.880639204512531662e+10,3.074022319961710358e+10,4.509783493655665588e+10,4.738105934736906433e+10,4.338035414384860992e+10,2.796995101729995346e+10,3.899089134885478973e+10,2.892159334345161057e+10,3.379816115147433090e+10,2.916850024683475876e+10,2.597179091818200684e+10,3.056745183292883301e+10,4.660613613122526550e+10,2.338364226012916183e+10,2.768571636918490601e+10,3.677527286949716949e+10,3.853373769413087463e+10,2.322809923757574844e+10,1.512156198257303238e+10,2.238266229071059418e+10,1.833140861975577545e+10,2.464451111154017258e+10,1.730771650751599884e+10,3.961761888485407257e+10,3.756277112229298401e+10,2.994342236836993027e+10,2.314272171270647430e+10,3.320976659617774582e+10,1.877410869379945374e+10
2.032014127367243958e+10,3.024806864662126160e+10,8.070184239831407166e+10,3.583269804614756012e+10,2.772012381355648422e+10,2.868249544017438507e+10,2.927585113180355072e+10,3.197251019433334351e+10,3.470215786132344818e+10,2.188211158499231339e+10,3.239399391936029053e+10,2.382091155323439789e+10,2.804093553465938568e+10,4.930615811813260651e+10,2.631644608351550293e+10,2.499084554915010071e+10,2.490687441791431808e+10,2.323292276776120758e+10,2.299820288319103241e+10,3.900010585514799500e+10,2.735111499646515656e+10,2.341255741251621628e+10,2.506693872614312744e+10,2.526965291987833405e+10,2.964698232053144073e+10,2.515792974399787903e+10,5.531499343245320892e+10,3.608576843412561798e+10,3.779853956214218140e+10,2.765263082613925552e+10,3.273558514074940872e+10,1.786241783545586014e+10,2.719190278551977539e+10,3.271400821893398285e+10,2.838622807187731552e+10,2.143109204777785110e+10,3.095486267490291977e+10,4.135911505547410583e+10,2.540827683379915619e+10,2.455235906960949326e+10,3.575620484192590332e+10,3.322140502937307739e+10,3.852365512670265198e+10,2.812440770292620468e+10,7.669686918908093262e+10,2.984668127139762497e+10,3.002846107687280273e+10,3.960150223402740479e+10,2.429258176419091034e+10,3.169830567303995514e+10,2.319249274693606186e+10,2.299023585777130508e+10,2.029557532319660950e+10,3.940187801693402863e+10,5.700220313975755310e+10,2.846015913840300369e+10,2.001412458527270889e+10,4.682852518626710510e+10,3.455925335483415222e+10,2.954839840124396133e+10,3.906906591710260010e+10,2.273200086756584167e+10,2.952333742961166000e+10,3.800634606979296875e+10,3.704690531800341034e+10,6.022166097014313507e+10,1.982479357986920166e+10,3.096657421894585037e+10,4.543148643089879608e+10,3.201875982147813034e+10,4.167511914654605865e+10,2.530788828191175461e+10,3.847224304209021759e+10,2.829346279763225555e+10,2.763892381473424911e+10,3.107267313036159515e+10,3.661569222497506714e+10,3.077778504452130127e+10,2.597115526245476913e+10,2.038242560795035553e+10,4.198471978490435028e+10,3.485115012043011475e+10,4.511521363769219971e+10,3.930099841697753143e+10,3.323573748395552063e+10,3.437558682602598572e+10,2.473275981387712097e+10,3.068541989515895462e+10,1.887913537346580124e+10,3.219468481053951263e+10,3.242500665878524780e+10,3.080850658641841888e+10,3.004959360690282440e+10,1.605089386618394852e+10,2.451708417986756897e+10,2.734284836275525665e+10,2.475800985478396988e+10,2.341015484548618698e+10,2.621423058587055206e+10,2.397142085769101334e+10
1.888441418146603775e+10,2.099270542643789673e+10,2.959613214204589844e+10,2.294166935147107315e+10,2.121247435966007233e+10,2.582909495206930542e+10,1.606036306094482994e+10,3.438141086046815491e+10,6.286900804404097748e+10,2.971587392073020554e+10,2.057098375259552765e+10,2.152188438563729095e+10,2.287191925361531448e+10,4.784268514941786194e+10,4.254917019290171814e+10,3.687226341005472565e+10,3.867909991388629150e+10,2.451111881049502563e+10,2.356850473593872070e+10,3.252469977997881699e+10,2.273499707376572418e+10,3.227035685573605347e+10,2.278540253690272903e+10,4.295674369574749756e+10,2.229884915275174332e+10,2.689982847803555679e+10,2.947106235848741531e+10,1.991536406271517181e+10,2.574326805609595871e+10,5.254283026608425140e+10,2.438296780040467072e+10,2.580572417774048233e+10,8.288154247417289734e+10,2.774611281514390182e+10,3.374495558504436874e+10,2.180998546224245834e+10,4.574197799106768036e+10,3.696839403440098572e+10,6.106078736507618713e+10,2.830572178727473450e+10,2.976940575861340714e+10,2.281836466168073273e+10,2.900162743663379669e+10,2.646361171586040115e+10,7.241658581974234009e+10,3.819400983576605988e+10,5.207563974840680695e+10,2.708556067820267487e+10,1.990277399978799820e+10,2.385330771187247467e+10,3.929932869371955109e+10,4.188748477516996002e+10,2.125262806786399841e+10,3.254763937253188705e+10,5.188499387881103516e+10,3.316747848568285370e+10,2.091086683935900116e+10,3.216021642490306091e+10,3.153983646532703018e+10,2.987088624877391052e+10,4.634228178897872925e+10,4.488927474525907135e+10,3.609410401137904358e+10,2.196673489735383224e+10,1.990718748805603790e+10,2.594769085107935715e+10,3.764252111060479736e+10,3.551812296568896484e+10,3.827715094279105377e+10,3.365978318310483551e+10,2.920567294862957764e+10,3.556061305334683228e+10,2.750486727246409607e+10,3.093766000469627380e+10,3.530727423548094940e+10,2.642668227493485641e+10,2.386596561286357117e+10,2.615500544204629517e+10,3.571895185522367096e+10,2.520055856506106186e+10,3.179910140993511963e+10,3.595477455161098480e+10,2.820712429890417862e+10,3.685553874195013428e+10,5.580305686398144531e+10,2.439355904304126358e+10,3.389910447619601822e+10,2.316532963187639618e+10,3.826426720520685577e+10,3.244548842231087494e+10,2.625725084422496414e+10,1.697479604684262085e+10,1.830292577742248917e+10,6.564695992675400543e+10,3.730529794786444092e+10,3.408215641136784744e+10,2.038951825503264618e+10,1.926405817996701813e+10,3.079646140558439636e+10,2.779421269345085144e+10
2.222375221284706497e+10,1.644242027878722572e+10,3.144852483115465164e+10,2.907663729704818726e+10,2.201215239540542221e+10,1.841933666858072662e+10,2.465882419788397217e+10,3.082337783138666916e+10,3.125818725591773987e+10,3.600279766360923767e+10,3.375370496124042892e+10,3.371231723426656342e+10,2.713897226467836380e+10,2.718026629746566010e+10,3.167616538257575607e+10,2.015090583418654633e+10,3.762876598222800446e+10,1.954675569596833801e+10,2.438855625334727859e+10,2.838783573783513260e+10,1.975438194919642258e+10,3.239967365468086243e+10,2.430738686368350601e+10,1.813377872587362671e+10,2.879788565083440399e+10,2.235939774663000107e+10,4.437373811731880951e+10,2.393673081157055283e+10,2.656007018923660278e+10,2.612818477224697113e+10,2.833212084548576736e+10,3.696102652456745148e+10,2.488854604998411179e+10,3.076825274414889908e+10,3.321064561638182831e+10,4.930172998754819489e+10,2.465118624335884857e+10,2.482287837688550949e+10,4.092770419258039856e+10,2.560444170954833221e+10,2.857263339363495636e+10,3.415945296730818176e+10,2.889434662718214035e+10,2.749711200069970322e+10,2.424250512473656464e+10,3.654547876847145081e+10,2.344266515046919632e+10,2.417697762128363419e+10,3.837304166983103180e+10,2.233628686149932480e+10,4.126556302728019714e+10,2.930200689004243851e+10,3.825660809148157501e+10,2.346791035806517410e+10,2.281341151279034424e+10,3.761944890449901581e+10,1.688762920673663712e+10,2.045122229292130661e+10,5.256342111697735596e+10,1.833654896911302948e+10,1.894451489855741882e+10,2.495259334756312561e+10,3.435927133744819260e+10,2.410924548510318756e+10,2.450647899706787491e+10,2.456451282705562210e+10,1.885624069718865204e+10,5.129406918896688843e+10,3.223865898804516220e+10,3.532237523211663818e+10,2.834667231525483704e+10,2.158153386865156174e+10,2.658555421686027145e+10,3.061493076389443207e+10,2.062804130027486420e+10,1.804194841800616074e+10,2.787460235017199326e+10,3.784965761136611938e+10,3.103267779464479065e+10,1.978607075135283279e+10,3.668372081073167419e+10,1.960990073428314590e+10,4.005607345650469208e+10,3.769865040313835144e+10,2.586626086141133499e+10,2.391412507459616852e+10,3.113158382936341858e+10,2.388125934391493607e+10,3.074694496106659698e+10,2.510529331702465439e+10,2.580800822731129837e+10,3.038491509339553833e+10,2.042243011594932556e+10,2.018713063538740158e+10,4.249920523901725769e+10,3.490976500450993347e+10,1.894334626238389206e+10,2.235928371944529724e+10,2.165105146260898209e+10,1.690295808539984322e+10
1.942429358464756012e+10,1.760622511836251450e+10,3.296602874852736282e+10,3.015191460970873642e+10,3.175110937427468872e+10,2.305968110751112366e+10,2.344092219817522812e+10,4.602966417473001862e+10,3.849619748922554016e+10,2.833685089101692963e+10,2.300817962783246613e+10,3.173718348909361649e+10,5.027902728771827698e+10,1.935264738475031281e+10,2.142523921651175690e+10,2.720682922009847641e+10,2.306016908817323685e+10,2.147990232165662766e+10,3.519212072366977692e+10,2.700899539883641815e+10,1.731353219088620377e+10,3.870883612495086670e+10,1.908010694166765213e+10,2.164556142583260727e+10,6.051757524001992798e+10,4.629589307804132843e+10,3.175855875397821808e+10,2.271517354305105209e+10,2.104745731542677689e+10,3.645777348087493134e+10,2.913840115313515091e+10,6.519077111266523743e+10,3.267254793312681198e+10,3.032206211016735840e+10,4.351751598486972809e+10,3.035302330252092743e+10,2.760941380534127808e+10,4.015738194934406281e+10,3.664576996373725891e+10,2.999414048930288315e+10,3.817342629914588928e+10,3.289046824866093826e+10,2.250026059295822525e+10,2.164762775216082382e+10,3.540558584807733917e+10,3.722975568941325378e+10,4.350555967643956757e+10,2.859726900042160416e+10,2.939199052166279984e+10,2.000098620132434464e+10,2.922395627736236954e+10,3.848543088296127319e+10,1.686705381633436203e+10,2.186832034873004532e+10,2.273755951935410690e+10,2.780545130551935196e+10,2.554764899049106598e+10,2.374809699161092377e+10,2.510295585585456467e+10,2.177402696783096313e+10,2.189288499159028625e+10,2.508408254112875366e+10,2.891876550343196106e+10,3.112965332953758240e+10,3.328643757884412766e+10,2.393672835028540802e+10,2.570133494674414825e+10,2.157056976769832611e+10,2.736447640300915527e+10,2.694398306632958603e+10,2.973840105609000397e+10,4.019978677580561066e+10,2.321139118265067673e+10,2.582090588479915619e+10,3.323222673221839142e+10,2.478175220127442169e+10,2.682093804007688141e+10,2.728229338135367203e+10,3.136822198346948624e+10,3.237280136897824860e+10,2.644425866006365967e+10,2.102698877780529404e+10,3.699668209247554779e+10,7.594893236045256042e+10,3.891488974742248535e+10,2.931530319458208084e+10,1.600094439243287659e+10,2.970346127167007828e+10,3.987573679372180176e+10,3.054524806492030334e+10,3.607093157288420868e+10,2.157351200316677856e+10,3.351120898473516083e+10,2.996601109564126205e+10,2.184746503760280228e+10,2.603399847096318054e+10,8.755837726548762512e+10,1.616052227475428009e+10,2.247073317290791702e+10,2.906162117986122894e+10
2.344877484681228638e+10,1.878632286076307678e+10,5.837183598053458405e+10,2.834710304594929504e+10,2.803504851780098343e+10,1.851530193725699997e+10,2.957478676747221756e+10,2.825115055373218918e+10,3.012958485718616867e+10,2.472296256107882309e+10,2.539150104154311752e+10,1.994667026038677216e+10,2.704076541342289352e+10,2.404987469060281372e+10,4.464761972684350586e+10,3.788146220050034332e+10,2.618489868813100815e+10,2.419231442392473602e+10,2.006829587445279312e+10,2.399022695470610428e+10,2.045828575948046494e+10,3.014310341509889984e+10,2.824739840084082031e+10,3.465458595811777496e+10,3.550771372289675140e+10,2.243258134800231171e+10,6.340829853420796967e+10,5.809723964932575989e+10,2.890682412341331863e+10,2.905611458092825699e+10,4.502436631370919800e+10,2.964812695304127884e+10,2.394703486564594650e+10,2.724919319384392929e+10,6.416802311477051544e+10,2.059127014247053146e+10,3.781604406494690704e+10,2.263746855228055573e+10,3.583882618355780029e+10,5.211530594535220337e+10,2.941985984346790695e+10,3.520167574831643677e+10,1.905559507729153824e+10,3.973624466063717651e+10,2.573815705401136780e+10,2.598419066825035477e+10,1.536921433767181396e+10,2.252020189804222107e+10,4.115620281767719269e+10,1.693033008480790520e+10,3.558330543410034180e+10,2.486077214814421082e+10,3.456300458941254425e+10,3.007159905545025635e+10,3.577839255342707825e+10,2.431264570741089630e+10,3.377848308097544098e+10,3.999398771046514893e+10,2.336302120425713348e+10,2.764042946935379791e+10,2.885292003175769043e+10,2.890587234413320923e+10,3.369761606173663330e+10,1.660873656965767860e+10,2.999144018427072525e+10,3.258418571707714844e+10,2.512823047016756821e+10,2.400151286473595428e+10,2.360481288183366776e+10,2.409406709191726685e+10,2.071258642684906006e+10,2.708576145358401108e+10,4.572988346055315399e+10,1.679147314020014572e+10,2.044462294033576202e+10,6.322523955716812897e+10,3.645733648820003510e+10,1.988872885280063248e+10,3.007392591447385406e+10,2.451476918029155350e+10,2.867187975269406509e+10,1.883498008227949905e+10,2.220830811738830566e+10,3.614405864314434052e+10,2.310161404675843811e+10,2.757486739225149536e+10,2.662234551763905716e+10,3.310104391520163727e+10,1.855915960067612076e+10,2.197448902881494904e+10,2.902022155609543228e+10,2.320756585912459564e+10,1.923984892472268295e+10,2.312054228118352509e+10,1.753050124498502350e+10,2.234897539013783646e+10,2.877447420637500000e+10,4.487287292480213165e+10,3.876936477564711761e+10,1.902695872779394531e+10
4.395927389604152679e+10,1.838035613782857132e+10,1.419591413224883652e+10,2.826593541301881409e+10,2.157637496788330460e+10,3.043021914209279251e+10,1.426362206816484451e+10,3.095883939261037827e+10,3.100209012366785049e+10,1.915124487451734924e+10,2.287947830835400009e+10,1.988083357149274826e+10,2.960847567447491455e+10,1.752786059775985336e+10,1.496688985417359161e+10,3.242282689587170410e+10,1.867451015959388733e+10,5.299518410771322632e+10,2.747456946131287003e+10,2.892990611507662582e+10,4.097075423349022675e+10,5.172702088724288940e+10,2.390403939366792297e+10,1.422297614560445786e+10,2.692423705133552551e+10,3.542130580277911377e+10,1.985764099471808624e+10,2.294473580834501266e+10,2.299567586379181290e+10,2.014153340970298386e+10,2.342946230574130249e+10,3.231074485470660019e+10,2.641772078534164047e+10,3.156679360296294785e+10,3.341958765117232513e+10,3.238895102226292801e+10,2.599503934427218246e+10,4.497291204648652649e+10,3.647777121444823456e+10,2.623059426077785110e+10,2.485065343503145218e+10,2.663892170846769333e+10,2.970997869035547256e+10,2.448675840064436340e+10,3.173276550111120987e+10,2.053096553348480225e+10,1.994984654577241135e+10,1.558837957367377472e+10,4.367214158067451477e+10,2.535155627752173233e+10,2.493338937045781326e+10,2.300728516375392532e+10,2.180801231728958130e+10,2.108326185626743698e+10,4.785300466040850830e+10,2.553731841262937927e+10,6.936030050064242554e+10,2.422625487679742813e+10,2.491735800046947098e+10,2.110519764996125412e+10,2.716397975379680634e+10,2.140459118859344101e+10,1.864721188871781540e+10,4.109533097958458710e+10,2.567253232281206131e+10,3.017710203754656601e+10,2.165928585579253769e+10,3.165126111663471985e+10,2.127852759214635849e+10,2.536471777834680557e+10,3.991878579073567200e+10,2.299413907680384827e+10,2.915787515011967468e+10,4.099761541813720703e+10,2.713769029019198608e+10,5.676953294910202026e+10,5.939797035264501953e+10,4.595311547937811279e+10,2.167481765053554535e+10,2.420596828822152710e+10,2.797448341951552963e+10,1.981003820213058090e+10,2.834771695573903275e+10,5.179454604706916046e+10,3.025096589976661682e+10,1.955174419577874374e+10,2.043342683795226288e+10,2.701129410752598953e+10,2.705815058933145142e+10,1.812922642578500748e+10,3.631618635385852051e+10,2.084675117588814926e+10,3.757836155779440308e+10,3.406329047909160233e+10,2.582210437543685532e+10,3.441550827384096527e+10,2.059748369247728348e+10,3.057556615682568359e+10,2.957866055864281845e+10,2.509695020837905502e+10
1.771613860221570587e+10,2.732280269983493042e+10,1.864837477284620667e+10,2.284873552078756714e+10,5.422246571163964844e+10,2.190109881055968475e+10,1.955412951472866821e+10,3.478854851159272766e+10,2.378442046270654297e+10,3.252390364128187561e+10,1.977027210121321106e+10,1.786146679666116333e+10,1.940124822913796997e+10,2.213432421381765747e+10,2.216643547119098282e+10,1.992192348117096710e+10,2.656988128010627747e+10,3.092772338178275681e+10,4.655279592845120239e+10,3.128746131971437836e+10,2.066756832729879379e+10,1.887083070820198822e+10,1.814368672944225311e+10,2.161351595684506989e+10,1.955238492114005280e+10,1.289660509686444092e+10,2.559661839743558502e+10,2.884109446733832169e+10,2.306535186487454605e+10,3.122699430620974731e+10,4.212685519440864563e+10,3.070462069787013626e+10,2.218364099005449295e+10,2.193869110994811630e+10,3.107463787957818604e+10,2.289568517779150772e+10,2.367298907764831161e+10,2.897558009490570068e+10,2.408312114020849609e+10,1.937207673266043472e+10,2.432594605470054626e+10,3.735188696827550507e+10,3.818270247498116302e+10,1.975686914115022278e+10,2.481133304475026703e+10,2.069365409641571808e+10,2.989345022484371185e+10,1.871408519923070526e+10,3.582930107828227234e+10,3.214656666808022690e+10,1.992483351876029968e+10,2.290528089400426865e+10,3.544713268319658661e+10,4.373943450975447083e+10,2.091806407536998749e+10,2.552576357562779999e+10,4.684484623970058441e+10,2.808398573839654922e+10,3.407028387752085114e+10,1.798316965653371811e+10,2.616245981202271271e+10,1.791958710577025986e+10,5.599247070758658600e+10,3.389488790916567993e+10,3.104564877741524124e+10,1.715678190317760849e+10,2.199048328392045593e+10,4.775997782109856415e+10,3.746010186906511688e+10,2.788030222005964279e+10,2.430770528322675705e+10,1.883120769230143356e+10,2.264880067149142838e+10,1.947041894487165833e+10,3.129703077637385941e+10,1.747330563156961823e+10,3.538376974449456024e+10,2.954523216671359634e+10,5.086001079718979645e+10,1.922258608295276642e+10,2.494609066805552673e+10,2.725264264832752228e+10,4.187093631119519806e+10,2.332567548099218369e+10,4.184234927879405975e+10,2.454047464911288452e+10,2.634306856656762314e+10,2.142089476889529419e+10,2.191719545149554062e+10,2.050577073285546494e+10,2.935121930679457474e+10,2.221378757869331741e+10,1.636149260299948120e+10,2.542462379573970413e+10,3.036029155566083908e+10,2.407485382626285553e+10,2.491781617016162491e+10,2.499141034001684189e+10,1.548176802149270439e+10,1.593736388551663971e+10
2.696737021337712097e+10,1.633485697968532372e+10,3.446930125409753418e+10,3.875073819627388763e+10,2.831110379998093414e+10,2.579413781335960388e+10,5.031491203180030823e+10,2.292717104966609192e+10,2.706240911908961868e+10,3.441691270045448303e+10,2.105149597450110626e+10,2.864552338884604645e+10,2.038027501429931641e+10,1.804320832523733902e+10,2.606061550255126572e+10,5.327555991362058258e+10,1.826249396582364655e+10,2.292574906587100983e+10,2.214563126358842468e+10,2.974937013569611359e+10,1.581053025284466553e+10,4.893308168118037415e+10,2.683996789123867416e+10,2.711772644630667877e+10,2.476106483216429520e+10,5.578989118465212250e+10,2.388145254701106262e+10,2.513547912067146683e+10,3.192858340650053787e+10,3.308549015930418777e+10,2.944278721112069702e+10,1.648971927432467270e+10,3.315846035271334839e+10,1.846012285104904556e+10,2.026981736122124863e+10,2.476080204117075348e+10,4.171341878025102997e+10,1.539783934133345795e+10,1.755593439784075546e+10,2.661850591150076294e+10,3.993510171443630981e+10,2.980541822649891281e+10,2.203236646397986984e+10,2.693686063014330673e+10,3.635177816952730560e+10,3.288524466188907242e+10,1.663153088641008377e+10,3.317831515519620514e+10,1.371695089692704010e+10,2.646114952660990906e+10,2.292362117882653427e+10,5.767903220281906891e+10,8.468280591423895264e+10,1.627266288053942299e+10,4.950653186126629639e+10,3.784047798102763367e+10,2.250973927725905228e+10,1.760486061398828888e+10,3.195868633736269379e+10,2.085495799673031235e+10,3.162119296809773636e+10,2.172999674169489288e+10,2.390884216253543472e+10,3.679463307794696045e+10,2.040029831690062332e+10,2.392450112137116241e+10,2.657035916703907013e+10,3.188410531842672348e+10,2.140830729383000946e+10,3.024581021659035110e+10,2.584861397864731216e+10,2.118913130589075470e+10,2.647943294656140518e+10,2.826718734312718582e+10,3.097673522430841446e+10,5.496517474265599060e+10,2.949531727141584015e+10,3.075812434191793060e+10,2.973267111377891159e+10,2.215753625006406784e+10,3.673155066224632263e+10,2.085553568380442429e+10,2.096617875283995056e+10,1.969115289725320435e+10,2.138363989397460938e+10,4.775579015253220367e+10,2.272138361414321518e+10,2.644013925815748596e+10,1.703152933943032074e+10,3.713601358189808655e+10,2.911031013037857819e+10,2.028966360093025970e+10,1.522906289199169159e+10,2.392772720130804443e+10,1.507331423334178734e+10,2.633306285467727280e+10,3.414420662825328827e+10,2.547284830516136169e+10,1.552216621101280022e+10,2.377261447820653534e+10
2.736226737070543289e+10,2.414796378954941940e+10,2.598245598971369171e+10,1.860292452275313568e+10,3.174669339426656723e+10,3.365312005289572144e+10,2.460934014302283478e+10,2.519403186004206085e+10,1.887531733157353592e+10,2.092689365257185364e+10,1.930388629973038864e+10,2.532843132650138092e+10,2.085742056988868332e+10,3.263071776997971725e+10,2.181363493005132675e+10,1.980359822103842163e+10,1.749645546554156113e+10,1.667005099706067467e+10,2.031246864121367645e+10,3.267578741949082947e+10,1.799455160198850250e+10,2.660424139952769852e+10,6.566736712116020203e+10,2.095191028454439163e+10,6.639576399773722839e+10,3.784729667766149139e+10,3.750498071563006592e+10,2.942544042885659790e+10,3.475386030533689880e+10,2.188628277134927750e+10,4.155567514319482422e+10,1.844276173765188599e+10,2.400124493522352600e+10,1.821985681314815903e+10,2.343644938732252121e+10,3.638022439307331848e+10,5.264329415435533142e+10,2.060412838358641052e+10,2.036643826593072891e+10,2.850284675594565582e+10,4.345255574622776031e+10,2.768213524626829147e+10,1.783740932658227921e+10,2.212651889017079544e+10,2.374823583703751373e+10,2.160380290602943420e+10,2.402452403330039978e+10,2.455060817493332291e+10,1.510455007316669273e+10,1.576647579951310730e+10,1.962790312332162476e+10,2.550709157735697556e+10,3.374672388990306091e+10,2.488491953511997604e+10,1.424908787505163765e+10,2.260607171345106125e+10,2.676060873375810623e+10,2.133934763769466400e+10,3.362428237786044312e+10,1.992903759355809021e+10,4.235362034517593384e+10,2.114674408264422607e+10,2.749803215198094559e+10,2.113237645111605453e+10,3.047218367040645218e+10,2.100455990259256363e+10,2.337122235001025772e+10,2.319306685804111099e+10,3.363352250152855301e+10,2.173479203734210968e+10,2.977571527870230484e+10,3.382479451298672104e+10,2.385450522802627182e+10,2.451884154195398331e+10,1.963155979977484512e+10,2.553806665428401566e+10,1.789838193498010254e+10,3.093498012664091110e+10,3.653628311318332672e+10,3.546107220722492218e+10,1.828591299090306091e+10,3.207960849617346954e+10,2.301786844604408646e+10,2.227088498318573761e+10,3.440742316919296265e+10,3.114572478941209412e+10,2.703853478621182251e+10,2.508956858348072052e+10,4.185222391564053345e+10,2.839078575824036026e+10,2.314591988425977707e+10,2.977323362162261581e+10,2.849225628856968689e+10,3.286144010171879959e+10,2.327096235938759232e+10,2.926947088803897858e+10,1.502941989628897667e+10,2.969977857739106369e+10,2.550974007407810211e+10,2.876892884003255463e+10
1.423197006012397575e+10,1.538194287592502403e+10,2.630331963645265579e+10,2.349378825463161087e+10,2.599763231973139191e+10,2.123931201658895111e+10,2.503514180157247925e+10,2.967253324735760117e+10,1.716367757530734634e+10,2.172081664330650330e+10,3.622516509345906830e+10,1.929595451330833435e+10,2.566040156212398911e+10,1.785163572568775558e+10,2.097960109778507996e+10,2.558630803774395370e+10,2.988047869797692490e+10,2.067146564805649948e+10,2.266761241337820816e+10,1.758929868373725510e+10,2.499473334785942459e+10,3.626602669347459412e+10,3.461300358049305725e+10,2.557940737354109192e+10,2.030321602861826324e+10,2.402983798449988937e+10,2.452218865317725372e+10,1.967579506889805984e+10,2.039961571948531342e+10,1.834346251491532135e+10,1.705780980811292267e+10,2.734895565783129120e+10,2.419095630357143784e+10,3.068638287544326019e+10,1.566574641963808823e+10,1.640698869389187813e+10,2.943274145330957413e+10,4.179462571176861572e+10,1.540381562347338676e+10,1.806568754188215256e+10,2.193475563703432083e+10,2.001769578715180206e+10,3.592690820882681274e+10,1.859593651203645325e+10,1.499605381283492088e+10,2.308912622867203522e+10,2.947511910241243744e+10,2.316730541366711044e+10,4.047254987879228973e+10,2.346740332928537369e+10,3.980374051659914398e+10,2.368675144869276428e+10,2.739625300677034378e+10,2.428611391994053268e+10,3.311812342127856064e+10,7.444385187811389160e+10,1.932996279696385574e+10,4.280918524861834717e+10,2.319884346355904007e+10,2.826954433838941956e+10,3.313769836121053314e+10,2.090769484452338409e+10,4.782378397374341583e+10,2.661781168920201874e+10,2.359715804894601059e+10,1.880200767681617355e+10,3.078736769627709961e+10,3.390206972348279572e+10,2.341818409579509354e+10,2.103680134359310913e+10,3.686500334068743896e+10,2.806356339052147675e+10,2.013430588586354828e+10,2.316898212039042282e+10,2.295462641159694290e+10,2.735448198342939758e+10,2.507176507656107712e+10,2.186246478558121490e+10,3.031206474092461777e+10,2.001189713229158020e+10,1.775123115283475494e+10,1.822736755742089844e+10,2.073166767191645050e+10,2.972142948997219467e+10,1.646312920801854515e+10,2.794911499186619568e+10,2.405752072909877396e+10,2.333307268551873016e+10,2.285749092687706757e+10,2.851445587835239029e+10,1.908085543932229996e+10,3.027406984070786285e+10,2.291357488729717255e+10,1.839744432340186310e+10,3.003216105698571777e+10,1.854495289334091187e+10,2.054007271659573364e+10,2.962759928776193619e+10,5.217648182677700806e+10,2.523732370903601074e+10
2.300745564568945312e+10,1.997034669629412079e+10,2.887430639513071823e+10,3.613870227117214203e+10,1.997564610144517899e+10,1.299960882623002243e+10,1.568319382243340492e+10,2.432726554441112900e+10,3.364805220795920944e+10,2.783999782983358002e+10,2.142685119288405991e+10,2.107959606444616318e+10,1.912340038275923538e+10,1.639757252892761421e+10,2.400145890604123688e+10,2.206983155694408798e+10,2.605228778676277161e+10,2.074384544888757706e+10,4.030873641972055817e+10,2.033688776738047028e+10,1.779288297120447159e+10,1.479108657920006752e+10,2.865724942818340683e+10,2.739594938525492096e+10,2.087765407309478760e+10,2.736327552391741562e+10,2.923188624150112534e+10,2.246648688437961960e+10,2.336879309482105255e+10,3.411648441266305542e+10,2.506330014329652405e+10,2.911978087354179001e+10,2.386415170437097931e+10,1.963681806314048386e+10,2.777314490380313110e+10,2.166084920165233994e+10,1.701587156949989700e+10,1.594079488322293091e+10,2.123959268050490189e+10,1.586619337525082397e+10,2.457236632998557281e+10,2.649533488159576035e+10,3.691488699340620422e+10,1.695481126033149910e+10,2.887155260811190796e+10,3.046536462348772812e+10,2.800945208464237976e+10,1.665118180313168526e+10,1.772743374121370316e+10,3.370005019464422226e+10,1.943059148467405319e+10,3.060097029387842560e+10,2.499378380588502121e+10,3.143419688944461441e+10,2.016102377978931808e+10,1.735226911026675415e+10,1.309617649738344383e+10,2.164583787732159424e+10,2.600926826504755020e+10,2.061784735007459641e+10,2.414228845430353546e+10,3.087193033473740768e+10,3.564092348497150421e+10,1.926621985375065994e+10,2.153128013436811447e+10,2.059593361191359329e+10,3.689472964517961121e+10,2.333359739801197815e+10,2.027230906768782806e+10,2.496103770752048111e+10,4.904314376147504425e+10,2.272410936085140991e+10,2.255742035976409912e+10,2.665597711813740158e+10,4.551587133099905396e+10,1.702147008332483292e+10,3.016007944469006729e+10,1.522825054195911598e+10,1.935360943809384918e+10,2.912942171059791183e+10,4.090451092930625153e+10,2.820604284177109909e+10,3.369301934418651199e+10,4.769186185751719666e+10,3.073705581277015305e+10,3.209727475477491379e+10,2.396303166379772186e+10,1.667034756226554680e+10,1.991160659100894165e+10,2.766880791874873734e+10,2.575589969058790970e+10,2.547573190237688446e+10,1.976660412844485855e+10,2.456416424598794937e+10,2.128572743023922348e+10,1.636880939074227142e+10,2.131500788301311493e+10,2.588434562465605927e+10,1.910461969578873444e+10,3.771383182197692108e+10
2.732623506227609634e+10,1.570348908408156204e+10,1.644376914778022194e+10,1.465991478534049988e+10,3.518145741438190460e+10,1.842880865097177505e+10,1.449651122892368698e+10,2.234047399200114441e+10,2.458676154381750488e+10,2.240236445362045670e+10,1.785904722662068558e+10,4.327328701104542542e+10,2.559434195338460159e+10,1.606311809065797997e+10,2.105290635693039322e+10,3.598332518252371979e+10,1.815601360180669403e+10,4.592320041837979889e+10,2.025806902223739624e+10,2.052531773126207733e+10,1.392606222894043350e+10,2.323967946874401855e+10,2.215479374974411774e+10,2.476382319530602264e+10,1.966495741032413483e+10,1.686725661226733017e+10,2.117333106585914993e+10,2.651319906192742920e+10,3.843279996911890411e+10,2.022611607492934036e+10,2.601666664343876266e+10,1.907396945219075012e+10,3.615087999072261810e+10,2.799635495146335983e+10,2.749990180708240891e+10,1.769598936006470108e+10,1.859234844107890320e+10,2.552423445923471832e+10,2.279563684460905075e+10,1.755158583690104294e+10,2.225885863737643433e+10,2.488178830194257355e+10,2.344775683828279877e+10,4.095683517601030731e+10,2.746990191137364578e+10,3.178583250728492355e+10,2.687435625542373276e+10,3.310752650599454880e+10,2.077138533960187149e+10,2.226113139197113800e+10,3.145395990845251083e+10,2.052775436918617630e+10,3.714812063628721619e+10,2.244215185510246277e+10,2.158190862617905807e+10,2.323352013647635269e+10,2.416150048169964600e+10,2.323199292712129974e+10,2.677473354443946457e+10,1.715195145545233536e+10,5.731570232533542633e+10,2.447731913594791794e+10,1.943614339441527176e+10,1.864612166977780151e+10,2.534569214818337631e+10,2.143543104425080109e+10,2.103220086054395676e+10,3.686246225943873596e+10,2.233247795778126144e+10,2.388258810416329193e+10,2.218075584742040253e+10,1.857290748455466843e+10,2.583984559342273712e+10,1.949777445260298920e+10,2.094340056163012695e+10,2.063405106633158875e+10,2.662319033312091827e+10,1.964604430829418564e+10,2.701442123739201736e+10,1.596667886938335037e+10,1.919498545800771713e+10,1.683626197338324928e+10,2.370910614190195084e+10,2.597069789125680161e+10,2.575136336708930206e+10,2.069336991451403809e+10,2.477927441431425858e+10,2.396201166565765381e+10,3.490530028781533813e+10,1.797749077767652512e+10,6.496163039329034424e+10,1.764782273961201096e+10,2.095804603002030563e+10,2.770570132240837860e+10,2.616081168275985336e+10,1.881093746105908203e+10,2.134159593356367493e+10,1.577101960331952667e+10,1.969706707920824051e+10,2.982256998459414291e+10
1.721738980395997238e+10,2.886990203004966354e+10,2.825551875517935181e+10,3.168042426394790268e+10,1.552900040285437965e+10,5.989834187281698608e+10,2.038055490147640228e+10,3.030937335704118347e+10,1.845431150037464905e+10,1.644698148153998756e+10,1.392356087042026520e+10,2.283501008479921722e+10,1.988721499541333771e+10,2.165348000087369537e+10,2.591316276271430206e+10,1.579573189641047478e+10,2.402316811123202133e+10,1.797738588448069000e+10,1.830508756902039337e+10,2.263152020354334259e+10,1.238524876958067131e+10,2.727768622874757385e+10,1.709251777775924873e+10,1.838199072049229431e+10,1.762039184003162766e+10,1.944345033722968674e+10,3.126309457349376297e+10,2.533446001810990143e+10,1.528327036492657471e+10,1.934589810751196289e+10,2.733379934217057419e+10,2.039830841244625092e+10,1.672231073464319801e+10,2.985869259112511063e+10,3.228385573015985489e+10,1.918951273825610733e+10,2.678753968052730179e+10,2.402452508452817535e+10,2.040660998053613663e+10,2.381851874175488663e+10,2.978794456934266663e+10,1.506343168118063354e+10,1.951208150387767792e+10,2.646400117379531860e+10,1.509893344183373260e+10,2.759386615769678116e+10,4.876206889206934357e+10,1.744738360253932190e+10,3.430000652823270035e+10,2.015680295707401657e+10,2.184950950900490189e+10,1.998941608797493362e+10,2.102978053348597717e+10,2.459424819301646805e+10,2.550315958674703598e+10,3.036097064182689285e+10,2.484116156420331192e+10,3.164327088630371475e+10,1.572458352317228889e+10,2.272074351111331940e+10,2.097989813213167572e+10,3.562925341452779388e+10,2.243836265404164505e+10,1.867170859883313370e+10,4.139438494673243713e+10,2.594810167101927185e+10,4.460638118600610352e+10,2.769320712141662598e+10,2.254284304270530319e+10,1.753982395105643082e+10,2.091819387422303009e+10,2.309025256797257614e+10,2.823096355454740906e+10,1.826012033372134018e+10,2.422415534146511078e+10,2.271585068687000656e+10,2.713446103450550461e+10,2.875749401284302521e+10,2.779672035081256866e+10,1.606983241831941986e+10,2.022394888543919754e+10,1.452766265685002899e+10,2.346481155061716461e+10,2.310551020838680649e+10,2.487796436399526978e+10,3.366274714258829117e+10,2.250478854397752762e+10,3.236906510813264847e+10,1.564408734955554771e+10,1.948786755340253830e+10,1.115603563951210403e+10,1.914452509206075668e+10,1.587321713219678688e+10,1.495548039103425407e+10,2.222670362093603134e+10,2.274560043975975800e+10,1.486113090092807579e+10,1.543413912278104210e+10,1.374410919133393669e+10,1.599580359216537476e+10
1.269380469063029480e+10,2.069602455259695053e+10,2.278141908169300461e+10,1.771147775540695190e+10,1.883138714428099823e+10,1.780696877923637009e+10,2.219579292583892441e+10,2.983715556568042374e+10,1.818921750460441589e+10,3.036138169941308594e+10,1.899942185096887970e+10,1.663635004961875153e+10,3.311505813542657089e+10,1.612975719612787247e+10,2.714863531823690796e+10,2.436200633937073135e+10,2.148882338498880768e+10,2.101726419862740326e+10,2.968716205287880325e+10,2.269855645230785370e+10,3.210929818418819427e+10,1.819076824416954422e+10,1.915620100076394272e+10,3.527745850864733124e+10,2.776261851468257904e+10,2.342551873439055634e+10,1.939415163384566116e+10,2.247836030701447678e+10,2.615337556094792557e+10,1.902128344754825974e+10,2.534628013694453049e+10,2.455371679013481522e+10,2.094125473964649963e+10,1.952793223251134109e+10,1.816369784804912949e+10,8.357860538132383728e+10,2.001363989724686432e+10,6.256535393860851288e+10,3.351109941450199127e+10,2.937711763257584381e+10,2.039952813925548935e+10,2.504383730719361496e+10,2.336562632930023575e+10,1.963173553886829376e+10,1.466004572102437782e+10,1.898508338522822952e+10,4.310939038044199371e+10,2.909157081501726151e+10,3.919980349708837128e+10,2.830487893580152130e+10,2.061305055793974304e+10,2.604045627106250763e+10,1.730029554249438858e+10,2.353188215918268204e+10,1.624823904534264565e+10,1.851066867712184143e+10,2.966326359537336349e+10,1.959725802286731720e+10,1.818913374885517120e+10,2.064727802776710510e+10,3.627880076839949799e+10,2.756693584994580078e+10,1.666798598043708420e+10,1.979052817763866806e+10,1.692350877764038467e+10,2.126010173758895493e+10,1.398905868600162697e+10,3.682241092346102905e+10,2.295398574713373184e+10,1.945407938350435257e+10,1.139874534673093414e+10,2.716904939870006561e+10,2.835667322501667404e+10,3.067799746997485352e+10,2.195802457363325882e+10,2.703120390192389297e+10,2.918491047403182602e+10,4.182869481298010254e+10,2.579319447503707886e+10,2.371761031651038742e+10,4.584723595472808075e+10,2.099239087632868195e+10,1.828742398506871414e+10,3.053140970609280014e+10,3.615941658497813416e+10,1.751359599903692627e+10,2.002394050807062149e+10,2.135891046949995804e+10,1.696860376501088524e+10,1.650141463527161026e+10,2.015015523084362030e+10,1.329665565982575989e+10,4.116285989143833160e+10,2.391048254052425766e+10,2.047665300612281799e+10,1.815683381845620346e+10,1.650962378697941399e+10,1.810374445179904175e+10,1.213525001646550751e+10,2.560629974832048035e+10
2.272787377181905746e+10,2.239206927458588409e+10,3.072170547314077377e+10,1.982477488166184616e+10,1.679403742864445496e+10,1.745957257142640305e+10,1.860535709958655930e+10,1.780297103639425659e+10,2.879341445425111008e+10,2.209734153869852066e+10,2.319576225775296402e+10,1.844267057491997147e+10,1.516265747209420395e+10,1.635306059678488731e+10,2.057165631693175125e+10,1.337744522567220879e+10,1.590880665914678383e+10,1.802583736763007736e+10,3.764761239654844666e+10,1.834112561835001373e+10,1.642855122132942200e+10,1.770545510586685562e+10,3.464521091417617035e+10,2.326657713963842010e+10,1.842849867460732269e+10,2.668068388601031494e+10,2.980343832567745972e+10,3.069171744951104355e+10,2.667939482486003494e+10,2.377059532133449554e+10,4.738959567460866547e+10,2.215118713463427353e+10,2.888485048136627197e+10,1.511572498851344681e+10,1.706002212594985390e+10,2.730666526786869049e+10,2.707078186696844864e+10,1.611564156487119102e+10,1.971422612184326172e+10,4.813302654333042145e+10,2.445884350373356247e+10,1.570295344607546043e+10,1.889871069842861938e+10,2.464047995312780762e+10,2.481420329061537170e+10,2.679890162635036087e+10,5.651218990266778564e+10,5.152379323834135437e+10,5.345013926635588837e+10,2.831101143660305786e+10,1.850346027911330414e+10,2.023740434720909882e+10,1.545054384452988434e+10,2.507365198553409958e+10,2.622544903947043610e+10,2.824033417790342331e+10,1.762668376720335770e+10,2.387814770015671539e+10,2.143360995506486130e+10,2.491443042256502914e+10,3.161413199019580078e+10,1.742040196029319000e+10,2.062383818503048706e+10,3.510065031313514709e+10,2.177166756926729584e+10,3.247039952694718552e+10,2.408232034876771545e+10,1.893996820567454147e+10,1.677326802767498398e+10,2.736757703996626663e+10,1.747508111034709549e+10,2.351798073457121658e+10,1.352469847964666176e+10,1.463781539461418724e+10,2.009917285603542709e+10,2.013530542432369614e+10,6.978436661054696655e+10,2.088243062779843521e+10,1.624937879540959740e+10,2.156959355327653122e+10,1.221811253142947197e+10,2.951272271784823608e+10,2.252566922054660416e+10,1.743025269521874237e+10,3.006244316186738205e+10,1.438207498487616158e+10,1.771532917324316406e+10,2.268092873789739227e+10,2.834407954354022217e+10,1.788425915482533264e+10,2.115426679136257553e+10,1.890712035089686203e+10,1.760996507146467972e+10,1.767756312977207184e+10,2.925785764436629868e+10,1.978729319640037537e+10,1.645757277917551613e+10,1.542428261957640839e+10,1.065613870234935379e+10,2.360416162743161774e+10
2.226979605967651749e+10,1.909368818321432877e+10,1.526193443469882202e+10,2.473062683843426895e+10,1.909808456301917648e+10,2.203243811629893494e+10,2.824272701695533371e+10,3.022098199636821365e+10,1.795089692927398300e+10,1.959915350254490662e+10,2.912305237760488129e+10,2.153433909495403290e+10,2.438872386906180954e+10,1.654600757019232559e+10,1.923654218749944305e+10,2.726196486143361664e+10,1.303674132240970802e+10,2.538813423332586288e+10,2.761003168334122849e+10,1.876174275877834702e+10,1.807573151231673050e+10,2.993017199255107117e+10,2.985174510313063049e+10,2.385589471170099258e+10,2.208518835091674042e+10,2.705533089327622223e+10,1.355877328961212158e+10,2.572333949052298355e+10,2.090592067781950378e+10,1.732494873780562973e+10,2.479452195053703690e+10,4.809278190269797516e+10,1.636041594517049217e+10,2.675793488351450348e+10,2.582777068954148865e+10,1.593165716365205574e+10,2.439522958591603088e+10,2.363034033690023804e+10,2.079346007143297577e+10,1.609446122012840843e+10,1.941049056806554794e+10,1.991149884824474335e+10,1.817123177125464249e+10,2.570479887834423447e+10,2.725858850948415375e+10,2.099969849486537170e+10,2.440040598163890457e+10,1.648333038498341942e+10,2.788601452326444244e+10,3.079396842232386398e+10,2.284392137731889343e+10,1.554320506870020676e+10,2.187933325552777100e+10,1.406936280844316483e+10,1.897606222462475204e+10,2.752583306288927460e+10,3.377415399996475220e+10,1.876746718768719864e+10,1.992221666881216431e+10,1.457196582957719231e+10,1.762694039795026016e+10,2.288560047706214905e+10,2.472098034770272446e+10,2.570962154417483521e+10,2.236472965368162918e+10,2.332709359731833267e+10,2.076192374942276001e+10,1.357499713906087112e+10,2.182336582706924820e+10,1.769980099482403946e+10,2.834466154405493164e+10,2.542500227035543442e+10,2.421363066271682739e+10,1.744988526311364746e+10,2.171880359796383667e+10,2.085909802955993652e+10,2.190614085632826996e+10,1.881442254701423264e+10,2.433955729444511795e+10,2.152018653756111908e+10,3.338163645943925858e+10,2.182852043503015900e+10,1.937127084735678864e+10,1.708845781365805244e+10,1.731333215877104950e+10,2.048714301945833588e+10,2.028706750553466797e+10,1.464027338412209702e+10,2.173236326398400497e+10,2.651009282286207581e+10,2.024839162935103226e+10,3.392393155002788162e+10,1.499472572522500610e+10,1.519891730468607330e+10,1.415303881489114761e+10,3.343899101049822617e+10,1.782399016503820419e+10,2.112327920792124557e+10,1.318045780782783318e+10,2.858662679898517990e+10
1.942355123351751328e+10,2.375166474233792114e+10,1.580838357935131454e+10,1.450159645015981674e+10,2.375180296226433945e+10,2.008074688963273621e+10,1.673473274835032463e+10,1.667478580514542961e+10,2.576538051497873688e+10,1.836181856278379059e+10,2.200546798747746658e+10,2.525754318100217438e+10,2.490645861311848831e+10,3.822046783107437134e+10,2.303404502528668976e+10,1.905672563192232513e+10,1.324953433994919777e+10,1.916996444900352478e+10,2.003981730363684845e+10,1.936320281915243149e+10,1.736016740895758438e+10,1.675234329536297607e+10,2.521791541755710983e+10,2.310350311162754059e+10,2.591859650596607590e+10,2.288181513205028915e+10,1.829327622264847183e+10,2.435912726540933609e+10,2.942540263548524857e+10,2.379013011586515045e+10,2.176227824776944351e+10,1.567504299321854591e+10,2.825069121026158524e+10,2.844673493415190125e+10,1.933587179647335052e+10,2.347702823578864670e+10,3.707399488995069122e+10,1.905689804418400955e+10,2.051838216059160995e+10,3.196609520089117050e+10,1.736664068740279388e+10,2.506613848364642715e+10,1.764523047028474045e+10,1.724415715197879410e+10,2.420510850460565186e+10,1.597186967004257202e+10,2.131040641047421646e+10,2.518629336929462433e+10,1.772247703140769196e+10,1.700483033869869423e+10,3.045013575024606705e+10,5.369012765149198151e+10,4.691939627800118256e+10,1.785166208106007767e+10,1.685151184111002350e+10,3.917455961471701813e+10,4.656608199050946808e+10,2.324934283695032883e+10,1.948224898445920181e+10,3.025868321927188110e+10,2.960175822370371628e+10,1.880258779675840378e+10,2.293449883998007202e+10,2.184558627614103317e+10,2.395335527638713455e+10,1.884806583762392044e+10,2.487545352992227173e+10,2.476840839470744705e+10,1.331145861154738617e+10,7.939157626449000549e+10,1.760694305204399490e+10,2.481061623800160980e+10,1.460498036485873413e+10,4.251177628167317963e+10,5.113780453601589966e+10,1.731295030213600922e+10,3.322596002705222702e+10,3.089324360078422165e+10,1.887889821740229416e+10,2.695890424211276627e+10,1.666836995031472206e+10,1.367812787177757835e+10,2.706911704588613892e+10,1.796234950360634995e+10,2.078946067880840302e+10,1.619173975438558388e+10,2.200023044435151672e+10,1.895088516259799957e+10,1.143507235681853294e+10,1.538838223421046066e+10,1.471213916297796631e+10,2.321048064715729523e+10,1.717178835270483589e+10,2.972964078810130692e+10,1.692836900698706818e+10,2.566499701064438248e+10,1.557491077116994476e+10,1.631593360951042175e+10,1.739745815442512131e+10,2.244313531957631302e+10
1.799460645607289124e+10,2.074875641097164536e+10,2.188892238616040421e+10,3.495410801727502441e+10,1.856883805165964127e+10,1.668616770150973511e+10,2.589666026832092285e+10,1.848771075956214905e+10,1.633843367989745903e+10,2.894932385672293854e+10,2.574153451139831924e+10,2.047891979493777847e+10,2.509954639539085388e+10,1.712590984442015076e+10,2.506277098604794312e+10,2.213380449756662750e+10,1.622566380554740524e+10,1.898259162386157608e+10,1.805944963770744705e+10,1.495927790707970238e+10,2.369095040669842148e+10,4.923821432610395050e+10,2.976657507753171539e+10,1.824038967656445694e+10,1.709175254278353691e+10,1.880056009858755112e+10,3.774783032290699005e+10,2.379177586608078003e+10,3.118733538936499786e+10,2.075206048735990906e+10,2.663768319081977463e+10,2.425685664557340240e+10,2.305838586653223801e+10,1.892432877130098724e+10,2.828130839001797867e+10,3.026378464521076965e+10,1.393528409351991844e+10,2.745633874087314987e+10,2.423433951760226440e+10,1.682113202773393440e+10,2.801217641664667130e+10,2.084847414600378799e+10,3.069069063519201660e+10,1.468131403431065559e+10,1.711032411500208282e+10,1.436846562516090584e+10,1.604414743922823524e+10,1.203307508773352814e+10,4.240942074114743042e+10,2.360741530851144028e+10,2.710799358735417938e+10,3.702829036322315216e+10,1.707268792341981697e+10,6.685414936100247192e+10,2.588957341855979156e+10,1.870012635630833054e+10,2.889950508627909851e+10,2.414732443107277298e+10,1.557454337677245522e+10,4.077287696590734100e+10,1.787029422181378174e+10,1.890106198284286880e+10,1.997643305047946548e+10,1.713669717760169792e+10,1.977788520793592834e+10,1.854869896281665421e+10,1.417271595296300507e+10,1.793303772932102585e+10,1.862362997432870102e+10,1.980091986770218277e+10,2.035458916890036774e+10,1.979379225667584610e+10,4.502879107443324280e+10,2.386105111260728073e+10,1.820881763247285080e+10,1.671962744077661896e+10,2.070462835537628174e+10,2.293291267524920273e+10,1.756093131554467773e+10,1.925271964455460358e+10,2.049223167417367172e+10,1.635994643586080742e+10,1.771217083327734375e+10,3.114760914704371262e+10,1.610177579740514374e+10,1.558469131467703438e+10,2.318964075238719177e+10,1.265938444999658585e+10,2.007487293096601486e+10,1.638200799673996735e+10,2.534407990793914413e+10,1.541158591915344238e+10,3.380042486837896347e+10,4.104470775881617737e+10,1.555303810812779999e+10,1.523676909103301239e+10,1.564245672906947708e+10,2.749112103806420898e+10,1.930648922985466766e+10,1.791638355059263611e+10
1.870133674092699814e+10,1.278415536124876595e+10,1.582817883807887840e+10,1.488132700997264099e+10,1.689417635518158722e+10,2.249892035134447861e+10,1.675219606182575035e+10,1.348978061838848686e+10,3.684389456867215729e+10,1.884288807748528671e+10,2.065946601533076477e+10,1.449548637337455940e+10,1.686068525400964165e+10,3.872989932641091919e+10,1.344449269676632881e+10,1.476537520480824280e+10,2.172475005459542465e+10,1.739126171829226303e+10,3.227029209703698730e+10,4.161023491895818329e+10,1.962896580390244675e+10,2.883939278368838882e+10,3.441454663068041992e+10,2.559791434830761337e+10,2.208544443955400085e+10,1.698522906813680267e+10,3.174566776649330902e+10,1.762908556978909683e+10,1.616854673006230927e+10,2.383609350922439575e+10,1.328025188989128304e+10,2.327188231298133469e+10,2.335114076138236618e+10,2.851046951483691788e+10,1.757384831669832993e+10,3.948721955880092621e+10,1.716525794139764977e+10,2.082520948230424881e+10,2.547585268688066864e+10,4.695302489326792145e+10,1.567678014864162445e+10,1.522451374456930542e+10,2.079357379034867859e+10,1.792234939444087982e+10,2.227387386466862488e+10,1.615678570402193642e+10,1.650074131754129028e+10,1.424898134010451126e+10,2.521567676849904633e+10,1.801872900108886719e+10,2.968162116412815094e+10,2.387859048901809692e+10,4.542190578611868286e+10,2.678820105108092117e+10,1.940271762258655548e+10,2.748462303933086395e+10,2.967586004523423004e+10,2.034357944506569290e+10,1.471157853138142395e+10,1.822995683674338913e+10,1.717464380271163750e+10,2.166899560014841461e+10,1.736212638439587402e+10,2.417279856466640854e+10,1.754451254340031815e+10,1.686430384719089890e+10,1.783651648427121353e+10,2.027923348353073120e+10,2.262709907189142609e+10,1.552033883339185905e+10,1.906191002051171875e+10,1.670593810118111420e+10,1.394042926531007195e+10,1.377673329417895889e+10,1.786999445604067993e+10,4.941370347569333649e+10,2.616430223228826523e+10,2.341473292315087509e+10,2.202985155724147415e+10,2.148493565598585892e+10,2.021167985601651382e+10,3.050429561302908707e+10,3.010343720973030853e+10,1.288370141659072304e+10,1.852214729343414688e+10,1.464674156335192680e+10,2.467323644280466080e+10,1.237610500175147629e+10,1.544795491725765038e+10,1.695151958807752991e+10,2.326227471223344421e+10,5.483844033686608887e+10,2.275585169419485855e+10,2.305585149476963806e+10,1.432128885051534081e+10,2.280402770718285370e+10,2.161592500250447464e+10,2.730282209623703384e+10,2.923078485328987885e+10,1.948714942964607620e+10
2.700317194169528961e+10,3.708527790902824402e+10,2.098165898034613800e+10,2.287789721462090302e+10,1.873514989934809113e+10,1.606569471250306892e+10,1.257841946891498566e+10,2.011089696042967606e+10,2.350584888108373642e+10,1.778090301169219971e+10,1.057393656709966278e+10,1.573670237485273170e+10,2.165545569395617294e+10,1.654020876248457146e+10,3.724991881937673187e+10,1.793595448953662872e+10,3.299620710233676147e+10,2.175060616088491440e+10,2.479020297171973038e+10,2.422943666546770096e+10,1.909275940051424789e+10,1.711235977913581848e+10,2.960010615091466522e+10,2.359926352693075562e+10,2.629728709957037354e+10,2.728647739057126617e+10,2.831044838980556870e+10,1.930294859494027328e+10,2.201810573707899094e+10,1.699914015043408203e+10,1.338656191473806763e+10,2.973775279226659393e+10,1.577214049535191154e+10,2.931540026762348175e+10,1.847036428538198471e+10,1.488030353876274490e+10,2.210140680368468475e+10,3.467531430046977997e+10,1.920703386242020798e+10,3.286527739457281113e+10,1.475125642869541359e+10,1.948861796669398880e+10,3.129411544546572113e+10,1.893521652030508041e+10,2.214738083536857605e+10,1.120749793437287521e+10,1.785941304145325089e+10,2.826870394052327347e+10,1.628588540018689537e+10,2.373554010885242844e+10,3.111695784711970520e+10,1.905925763721045303e+10,2.380670039703111267e+10,1.670746027998189354e+10,1.378338259758689117e+10,1.549725527739117813e+10,2.023794011969879150e+10,3.294075899875159073e+10,3.532383596652239227e+10,1.978700135687316132e+10,2.883144681157796097e+10,2.513556387654692841e+10,1.786966436811865234e+10,1.247222427791194534e+10,2.130522629903564072e+10,1.492041511305240822e+10,1.790904387146759796e+10,3.382585266313277817e+10,2.238768060217559052e+10,2.387967899839561844e+10,6.823127732216922760e+10,2.896307694501999664e+10,2.366010506295556641e+10,2.085559841615135574e+10,1.955942219379811096e+10,1.909614666142041397e+10,1.403307544353911400e+10,2.170223044981697464e+10,1.331983633048185730e+10,1.738030865457147217e+10,1.935509066831491470e+10,1.772792194247758102e+10,2.129660773136264420e+10,2.011736378606381226e+10,1.917757947878319550e+10,1.482133325222250938e+10,2.037619281417605209e+10,1.432547800608624077e+10,1.183102710664860535e+10,1.819516934277502441e+10,3.015085140352166748e+10,1.691263688460426521e+10,2.219559593807676697e+10,3.276923284359594727e+10,1.346054784632539368e+10,1.701092159678082657e+10,2.630096163337619400e+10,2.105347574203004456e+10,1.705238722086642456e+10,1.638727238758219910e+10
1.639873216349086380e+10,1.764678060820332718e+10,1.380865071893958473e+10,1.322775340033559608e+10,1.979547176963274002e+10,2.354889767317376328e+10,1.505365643933902931e+10,1.663373663927797127e+10,1.683044991370751762e+10,2.186156200511381531e+10,1.621157558003843117e+10,1.868027583721989059e+10,2.123781057852286911e+10,1.933766448368041229e+10,1.798084983457176590e+10,2.275766521098266983e+10,1.719279645003396225e+10,2.627207540839643097e+10,1.760011432187610626e+10,1.779613531578873062e+10,3.431047500529362488e+10,1.991768456275219727e+10,2.283472027432456589e+10,1.927288367103268814e+10,2.476197122832764053e+10,2.053515219319891739e+10,1.760132009908560181e+10,2.367241257529380417e+10,2.318777635932635117e+10,1.770095136814754105e+10,1.994869484377646637e+10,1.799803200225191116e+10,1.799461520793165970e+10,2.447104408948077011e+10,3.507226384234479523e+10,1.564395843838218498e+10,2.095974260968142319e+10,1.628881587727536774e+10,1.401758238495706558e+10,2.495323536838269043e+10,1.259213015097953415e+10,2.462759382557911301e+10,2.307610668638780212e+10,1.271944131442340851e+10,2.366505441601373672e+10,3.019800792628323746e+10,2.890574961808661270e+10,1.463781407168907547e+10,2.500917628590053558e+10,2.221963776088095856e+10,1.547391268121815300e+10,1.735336466323325729e+10,1.796762229958430099e+10,1.853240978171879578e+10,1.889736348105850220e+10,2.222963443371901703e+10,1.477294069562658501e+10,2.377159860623906708e+10,1.666722305688704872e+10,2.985312286438635635e+10,1.930041173450855255e+10,2.171672637720544052e+10,1.764358216068015671e+10,1.827325416857923126e+10,3.359043769320059967e+10,1.703576747372188568e+10,2.137950363893925858e+10,2.431851685869954300e+10,1.521654818978276825e+10,1.721197682214563751e+10,3.504486580663314819e+10,1.614491507865709114e+10,2.496308146455186844e+10,1.772621272437395477e+10,1.484640924397754478e+10,1.632027706440880394e+10,3.828285140656686401e+10,1.711604277014461899e+10,1.347833775960553169e+10,1.408436347828049660e+10,1.693428849454818535e+10,2.071783281840693283e+10,1.993222227134517670e+10,1.763629092271697998e+10,2.449732392882542038e+10,3.136995555866697693e+10,1.504665450893179703e+10,1.464339901468265533e+10,1.312015558857267380e+10,2.570527317931199265e+10,2.940206879947049713e+10,1.755560282566415787e+10,2.030455041838193130e+10,2.438977725991678619e+10,2.238173555962080002e+10,1.648214453182650948e+10,2.227769241770988846e+10,4.539557443023517609e+10,2.475522214427318954e+10,1.619649443984257126e+10
1.911700827796683502e+10,1.430627808535951805e+10,1.259326118953969383e+10,4.261024056805683899e+10,2.078071437808256912e+10,4.516619805606459808e+10,2.889685890469977570e+10,2.015888560607897949e+10,1.549920819715082741e+10,2.922193875432341003e+10,1.448931885887656403e+10,2.413087771223511887e+10,1.594119325325611496e+10,1.612140973548017883e+10,1.465075888715104103e+10,1.413404720560980225e+10,2.402007267042166901e+10,2.696926889903541565e+10,2.542039867874271774e+10,1.865038746208749390e+10,1.587000560107458878e+10,2.123672554491305161e+10,1.849968299102731705e+10,2.712574599946614838e+10,1.695196771517557907e+10,2.045041795046844101e+10,1.846516724586343384e+10,1.377538455516550636e+10,1.263886193466069412e+10,1.334135266251281738e+10,1.452059979575936699e+10,1.740771910963188934e+10,1.819306154549026871e+10,1.324446801939283943e+10,4.265315580052124023e+10,1.827422178827648926e+10,1.545650462448601532e+10,1.739750148150920486e+10,1.492411393646084595e+10,1.094527132684005356e+10,2.077405388258875275e+10,1.706390041833616066e+10,2.387539434806089020e+10,2.255268885588242340e+10,1.555242290516031837e+10,2.137258625607491684e+10,2.550117208187245941e+10,1.573512411084686661e+10,2.591680103949291611e+10,1.391544050131995010e+10,1.403923762466300392e+10,2.712847291467984772e+10,1.961944442602065277e+10,2.566725816876124573e+10,1.945290835172164536e+10,1.928873490346919250e+10,2.643799984602216339e+10,2.128356441095397568e+10,1.517135705390554237e+10,2.082112657555523682e+10,3.447561905036132812e+10,1.550872341419862175e+10,2.217904401642713547e+10,1.527951757439886093e+10,1.679188966304437065e+10,1.950540523971535492e+10,1.582298353327239609e+10,1.817107332376462173e+10,1.333311783727404022e+10,2.085310115028361130e+10,3.087384590734390640e+10,2.851282527866106033e+10,1.618340597383542633e+10,2.083828199197271729e+10,2.220904913827034760e+10,2.291411274151522827e+10,2.385501541982254028e+10,1.541895787629095268e+10,1.370983235315302467e+10,3.261310996978148270e+10,1.395670612596213531e+10,1.813711239368732071e+10,2.828120552998694611e+10,1.346053446955084991e+10,2.223817383556076813e+10,1.729128164389571762e+10,2.001897296088038635e+10,3.303637386022190857e+10,1.594886720456685448e+10,2.928224151975616837e+10,3.481825155513455963e+10,1.500576984614332199e+10,3.181956732872249603e+10,2.822478763436609268e+10,1.684013502973044777e+10,2.282866481756270981e+10,3.690768358525052643e+10,1.702889082547725105e+10,1.830951081121903229e+10,1.354852190312011719e+10
1.560646521714193916e+10,1.431950192243760872e+10,1.973621141311580276e+10,2.332450302508381653e+10,2.455111231652539062e+10,1.205899901945614243e+10,1.511502228162497139e+10,2.771988157710606003e+10,1.803318048796696472e+10,1.761837028143273544e+10,2.026398701278209305e+10,6.591617485440246582e+10,1.889011698495705032e+10,1.759215072901418686e+10,2.447678254269179153e+10,1.626786681175679588e+10,2.081104147613349915e+10,1.639069024964747047e+10,2.032879810590585327e+10,2.637439462230774307e+10,1.252580526698081207e+10,1.718738792908287048e+10,1.718875298359433365e+10,1.457279182748591614e+10,1.453767158710306931e+10,3.539191057703411865e+10,1.530896966806697273e+10,2.746263769186934280e+10,1.178456396021664238e+10,1.753058624020446014e+10,2.704002969429584503e+10,1.593071824450538826e+10,3.311066696045047760e+10,2.492617551738368225e+10,1.792754798597332001e+10,1.311177705504280281e+10,1.936589587283203888e+10,1.657894921361879158e+10,2.051403772066720581e+10,2.336512442288416672e+10,1.643010676214907837e+10,1.633164101647971344e+10,2.679426062801921844e+10,3.061933735229766464e+10,1.741967099695766068e+10,2.394494554850368881e+10,1.618790956736548233e+10,1.773302872945841217e+10,2.022167387215367508e+10,3.895818121087741852e+10,3.240945293044401550e+10,2.379180244669557953e+10,2.300949443778488922e+10,1.789877072551237869e+10,1.431918937122334290e+10,2.458611195278984833e+10,2.956837053035423660e+10,2.847805982737301636e+10,1.458905676722195816e+10,2.128094254922809982e+10,1.653920788554223251e+10,1.660673115438979149e+10,2.760773781266026306e+10,2.436474954612129593e+10,1.841881502708771896e+10,1.757383282051064301e+10,1.866999403199385834e+10,1.882322291597973251e+10,2.058804955399434280e+10,5.403349651832981873e+10,3.278336941920878983e+10,2.419875587410885620e+10,2.159038488135733414e+10,4.126569546679412079e+10,3.182813357406030655e+10,1.874819272508509064e+10,1.274286826773374748e+10,1.975693880802009201e+10,1.000001016723306847e+10,1.896761430901019287e+10,1.716497452284748459e+10,2.221029579329135132e+10,1.984483315024978256e+10,1.882447940882978821e+10,2.143867322132958603e+10,2.562504424901261139e+10,1.777582235066479111e+10,2.926823711685227585e+10,1.266017417497109032e+10,2.538842512443016815e+10,2.986657808009520340e+10,1.648220731721809006e+10,2.602268298614752579e+10,1.769967347313849258e+10,1.806817031442618942e+10,1.164059228811356926e+10,2.537379737201380157e+10,2.057683598475168228e+10,1.327040238384447479e+10,2.991939044019448853e+10
3.703719042525845337e+10,2.359156071170217133e+10,2.476299947804866791e+10,2.420241945046125031e+10,3.695618885308618164e+10,1.904774176949256897e+10,1.697577787633991241e+10,1.676236952099409103e+10,1.507145993324964333e+10,3.895613949690174103e+10,1.948195590742177582e+10,2.059764966847923279e+10,2.480795779043346024e+10,1.509114339654503822e+10,1.572261186543003273e+10,4.496074941477542114e+10,1.335818767403896523e+10,1.418369119134475708e+10,3.698082023716262054e+10,2.253661104833927155e+10,1.773799381407755661e+10,1.324807643183817863e+10,2.318784205570178604e+10,1.789313849350106812e+10,1.816866310427642441e+10,2.195139404480611801e+10,1.691248577643151283e+10,2.613183668707222366e+10,1.533200113011211777e+10,2.041986992239472961e+10,1.643882153966548157e+10,1.769898556150857925e+10,4.980052630982514191e+10,1.715755185635502243e+10,1.752642429103216553e+10,1.833907328487967682e+10,2.000766143988495636e+10,3.744998412598319244e+10,1.640326517187714767e+10,2.331394532300845718e+10,2.283962663217205429e+10,2.171237332371168518e+10,2.147753370493740463e+10,2.747109711570580673e+10,1.978979751460385132e+10,1.880858934094934082e+10,1.782805505455269623e+10,3.018416795381404495e+10,1.763248350784843826e+10,2.319833231575745392e+10,1.868990495268851089e+10,1.619643871166946411e+10,1.640378530233560753e+10,2.132324881492967987e+10,3.832814115172528839e+10,1.749516882044224930e+10,2.434254239429129791e+10,1.398072048568406296e+10,1.819027390474961090e+10,2.492595247007113266e+10,2.003924875797685242e+10,1.936917324875664902e+10,1.976132700591714859e+10,1.630233896206110764e+10,1.482498847128231239e+10,2.069330046780162048e+10,1.925141758954335785e+10,2.072268911397702789e+10,1.819059238987872696e+10,2.955550579497871780e+10,3.063513402380336380e+10,1.276931039111256027e+10,1.371983509334929657e+10,2.847818690574763870e+10,1.470055878717824745e+10,1.424871368765172958e+10,1.893369797477155304e+10,1.745498285069763947e+10,2.358192011891935730e+10,2.175911537763634109e+10,3.598628818475234222e+10,2.180170933597787476e+10,1.657919504083019829e+10,1.687376410685117340e+10,2.776759037346566010e+10,1.744686882047871780e+10,2.405675238571482086e+10,1.431166614436950302e+10,1.695020386332799149e+10,2.985938253478807449e+10,1.916916016450553131e+10,2.032810642183329391e+10,2.205046172503467560e+10,1.748160704045435715e+10,2.120722796375741196e+10,3.182599562285634613e+10,2.440816088875481796e+10,2.488749661838059235e+10,3.220062882698094177e+10,1.352835706517454529e+10
1.421916066419108391e+10,1.403244640619953918e+10,1.771356789611185074e+10,1.743903944119623184e+10,1.693146590479068375e+10,3.073993388474807739e+10,1.748397620928597260e+10,1.459440108401447487e+10,1.515152774376989555e+10,1.609992540145132446e+10,2.986797689223466873e+10,2.140567211667449951e+10,2.205868350374637222e+10,1.169207535839149475e+10,1.791181034710820770e+10,2.201405473676601028e+10,2.590112918058119965e+10,1.605728258661129951e+10,2.651033417826569748e+10,2.215132543206189346e+10,3.222674549811762238e+10,3.121552485068752289e+10,1.498570286093127823e+10,1.749800395460851669e+10,1.547495548073773575e+10,1.620291580592637444e+10,1.222040693142752647e+10,2.324917599632424164e+10,1.306056637411736107e+10,1.750564155452074051e+10,3.007159280653073883e+10,3.321248183624599075e+10,2.082616251519010544e+10,1.698281387281725311e+10,2.620766305211228180e+10,1.575146394226388359e+10,2.300281911677330017e+10,2.362499396819935989e+10,3.463658895492085266e+10,2.075333540049031067e+10,2.884151709625534439e+10,1.485795400575309563e+10,1.934587879039292526e+10,1.475952225822458267e+10,1.725032486593280411e+10,1.343397976827714157e+10,2.180045537374109650e+10,4.232778644186187744e+10,1.417457409364710236e+10,3.053143015490873718e+10,1.872565078557733154e+10,1.918976376965316391e+10,3.488894202242920685e+10,1.645890535937919807e+10,1.565482183550665855e+10,2.231391457513024521e+10,1.890261242102125549e+10,2.532718847762565994e+10,1.954916702051396179e+10,1.699555070384798050e+10,2.947168329265311813e+10,1.913079282944886017e+10,2.278172933414533234e+10,2.298521667815390015e+10,3.994420889087175751e+10,1.915458139554588699e+10,1.697351722109523392e+10,2.104255488716359711e+10,2.688070290778157425e+10,2.239267221581328964e+10,4.207910291868402863e+10,1.737918728815475845e+10,2.458624131220898438e+10,2.511658800863290787e+10,1.664648139311643791e+10,1.573799769860561562e+10,2.661335344175722504e+10,1.465953790232290459e+10,1.691483661962088966e+10,2.374443343062392807e+10,1.949962682559418488e+10,1.547351498642029190e+10,2.148991237800233078e+10,2.539662610131618881e+10,2.282073433177391434e+10,2.104459190323601151e+10,1.447428574884564590e+10,1.863997087856525803e+10,3.138843120568836975e+10,4.149716706673240662e+10,2.909194954673724747e+10,1.342552114920283508e+10,2.065711249704949188e+10,1.639877816755658722e+10,2.034696037154272461e+10,1.294738204766775703e+10,1.919235407305196381e+10,1.800663446723888016e+10,1.939740388044684601e+10,1.592879070993944740e+10
2.791013433548989868e+10,2.242977485245672607e+10,1.742274586671840668e+10,2.046763477833446121e+10,1.611362730320043182e+10,3.454895625273857880e+10,1.423675027831327629e+10,1.420513282664165306e+10,1.453246635092699242e+10,1.483644957045335770e+10,1.300824537980935669e+10,2.560115122339648056e+10,2.349969167994075775e+10,1.727628734629057693e+10,1.294439670014781189e+10,3.160433774647052002e+10,1.783399995925990295e+10,4.839855628761911011e+10,1.611521573938260460e+10,4.294599804328877258e+10,2.249365047470929718e+10,2.558660770402801895e+10,1.412378185407531357e+10,2.353242372080479050e+10,3.184503818786900711e+10,1.458079562793033600e+10,2.360846669732651520e+10,1.572658209274207115e+10,2.758998078416387939e+10,2.363673125283572388e+10,1.483057853498661232e+10,2.544335731056946182e+10,3.446372449820778656e+10,1.844725904991687393e+10,2.743797515153606796e+10,3.547019888644630432e+10,1.691754541026523781e+10,2.328304270996390915e+10,2.575826281441061401e+10,2.073172972334218216e+10,1.988621794083176041e+10,1.635903839112011528e+10,1.931004553469486618e+10,2.087970375083551025e+10,2.858264454783725739e+10,2.524764762007688141e+10,3.618504592925083923e+10,2.758426009572243881e+10,3.238757062263333511e+10,1.665194044816892433e+10,1.909093135981785965e+10,1.835580238279730988e+10,3.005425519094081879e+10,1.355857906500776291e+10,1.930196001919393158e+10,2.405545566535576248e+10,3.930143032871412659e+10,3.562029540264944458e+10,1.605172413152442741e+10,3.569658768397574615e+10,1.924697532372743225e+10,1.185623883983084106e+10,1.797943331605900574e+10,1.906525385819628906e+10,1.741484537558175278e+10,2.239028827587234116e+10,1.752720550717071152e+10,6.280870059406151581e+10,1.681096836138299942e+10,1.841276723822336960e+10,4.534871881866648865e+10,2.475310002809646225e+10,2.022737169621421432e+10,2.500617811834665680e+10,1.676624222690431404e+10,2.709379661609683990e+10,2.197079685103589630e+10,1.497057355435460091e+10,1.291212248733863640e+10,2.177410464509267807e+10,2.841125195436287689e+10,1.547139653384769440e+10,1.890596208028025436e+10,1.349526197543174171e+10,2.295838472922753525e+10,1.943662929779005051e+10,1.705951929140842628e+10,1.930899394815634537e+10,1.233682800211903572e+10,1.917810803506321335e+10,2.061531880195917130e+10,2.335023176117165375e+10,2.101574984607710266e+10,1.822976750491318512e+10,3.217020883931819534e+10,2.664811750330566025e+10,1.196852240137134743e+10,2.585075601620961380e+10,2.260912123547764206e+10,1.852083703113261795e+10
2.600149723809527206e+10,1.863541011968269730e+10,1.648825522471342278e+10,2.006609303369372559e+10,1.289388370761150742e+10,1.714854854065145111e+10,2.309399953995404434e+10,1.135080250367772102e+10,1.360446507701422119e+10,2.257153503027293777e+10,1.721164377619710922e+10,1.784148053694004059e+10,1.875325697288950729e+10,2.226940844168629074e+10,1.623439364461889839e+10,3.678620707226420593e+10,1.850163837966069794e+10,3.424663978948531723e+10,1.475794725572721291e+10,2.294236872977956009e+10,1.629412885949706841e+10,2.776025876250379181e+10,1.903721081655091858e+10,1.321247267989861679e+10,2.051216239754492569e+10,1.860723710885192490e+10,3.106130473273825836e+10,1.584090017598180771e+10,1.771189529262658691e+10,1.599280304562992287e+10,2.502913794234341431e+10,2.699305278120113754e+10,1.455709575497915840e+10,2.468193416984493637e+10,1.587003450416191292e+10,2.285449806647026062e+10,2.901012418604017258e+10,3.649987750222407532e+10,2.563556532003809738e+10,2.255737324356324768e+10,2.563835268600145721e+10,1.720934389188110733e+10,1.626921878960857582e+10,1.929410858900096893e+10,1.172270393084960175e+10,1.453398420733261108e+10,1.781619890917952728e+10,2.129170553764949799e+10,1.576739765650383377e+10,3.227292061327096176e+10,2.421125591005835342e+10,1.971840637223975754e+10,1.815151174272260666e+10,1.541147143864146233e+10,1.366976100107026672e+10,1.709378976355321693e+10,2.148752596407545090e+10,1.475601562919250679e+10,2.924407950022717667e+10,2.696484164200754547e+10,1.853456279763397598e+10,1.779605435589318085e+10,1.939093109316466522e+10,1.639241955630298615e+10,2.846764890080654907e+10,2.008098857601804352e+10,1.624313664939039230e+10,1.569153762343194771e+10,2.230642332360987854e+10,1.959489554010569763e+10,1.499893126648874474e+10,1.596621411419499779e+10,8.131627772442233276e+10,2.046845629647697449e+10,1.478020287885040092e+10,1.760048470934860611e+10,1.849450813754925537e+10,2.227204176020863342e+10,1.881912624304734421e+10,2.283805753943236542e+10,2.363322242095579910e+10,2.027031823010324097e+10,1.906146535192950058e+10,1.656101926682592583e+10,3.360561007825611877e+10,2.703492264742181396e+10,1.708653436004074669e+10,1.345975345844261360e+10,1.632761527790117073e+10,2.033114684428244400e+10,4.020928811299855042e+10,1.320155289921426201e+10,1.791322814289370728e+10,1.880460841618025208e+10,2.575700230377534866e+10,2.085073276194339371e+10,2.888806388539688110e+10,1.119747509954777145e+10,1.898070232548808289e+10,2.100252012255260468e+10
