2.346358134417607498e+10,1.891288494193285370e+10,1.566999764097316551e+10,1.572716068168281746e+10,1.741434024234107208e+10,1.917649041577291870e+10,2.606202479438986588e+10,1.958560892222926712e+10,1.558391226498142052e+10,1.811216100574524307e+10,2.013558059261278152e+10,1.636778233705987549e+10,2.005467597803246307e+10,2.004198314200544739e+10,2.235497394064157486e+10,1.652654452291366196e+10,1.845427153111201859e+10,1.845976431738279343e+10,2.339320729715309525e+10,2.160321412737718201e+10,2.570393000943928909e+10,2.334145024721354675e+10,2.496791220484142685e+10,2.065604057220063019e+10,2.496670119888006973e+10,1.930542856236339951e+10,2.181346818665764236e+10,1.934050090574631882e+10,2.180495545821310425e+10,2.466028557249713898e+10,2.146636167776708221e+10,2.449898506433647156e+10,2.147374545249514771e+10,2.197672605332194519e+10,2.587880991293941498e+10,2.428282305874686813e+10,1.998987399404265213e+10,1.960015997579159164e+10,1.781952721175867844e+10,2.831151375556869125e+10,2.287851036164186859e+10,1.937974329741605759e+10,2.603959600029831696e+10,2.278997480441128159e+10,1.961700586668822479e+10,2.281466533145648193e+10,1.973967790384019470e+10,1.921005570862200165e+10,2.559339566534409714e+10,1.937624465058992004e+10,2.132542180518182373e+10,2.404774913332010269e+10,1.917667524417282104e+10,2.361665902417798615e+10,1.488367473383941650e+10,3.063838584087084198e+10,2.577750393788621521e+10,2.525126938971845627e+10,2.820310368841902924e+10,2.151765205106768036e+10,1.813959768078418350e+10,1.749454850775548553e+10,1.987752629245222855e+10,2.413747929543492126e+10,1.938555688562555313e+10,2.017683522756144714e+10,2.142180461778848648e+10,2.240999497254722595e+10,1.693432013698512077e+10,2.341488818748567963e+10,2.483366840912585068e+10,2.362874744827159500e+10,2.380712148782192230e+10,2.010016397125531387e+10,1.918533076877664948e+10,1.846899669607945251e+10,2.758632664582725906e+10,1.772642233898802185e+10,2.390659152760644913e+10,2.200016960683236694e+10,1.893945428914632797e+10,2.162153898214925003e+10,1.945976363580681610e+10,3.047995394964191818e+10,2.185425365761764908e+10,1.962606912425521088e+10,2.143035166529157257e+10,2.218410844444543457e+10,1.970880726955689240e+10,1.727418884869189072e+10,2.239341752168153381e+10,2.122147208000254822e+10,2.092755558635855484e+10,1.657261107036023903e+10,2.127493709532620239e+10,1.833136386127075958e+10,2.170274146505326462e+10,1.650032712561984634e+10,1.765373926034440613e+10,2.831612784284453583e+10
2.093286446705423737e+10,2.069753107549725342e+10,1.762771287986649323e+10,1.784652589428534317e+10,1.995357141747049713e+10,2.076634838305915070e+10,2.186036436835445023e+10,1.619321199281768417e+10,2.026071542544064331e+10,2.190384926571409607e+10,1.833431879136973572e+10,2.738060317481757355e+10,2.033978019060137558e+10,1.895235371874413300e+10,2.128161977408891296e+10,2.307628507362076569e+10,2.402806175882619476e+10,2.236170292313397598e+10,1.974745746696307755e+10,1.883637198806050873e+10,2.060423792755812836e+10,1.839413750038833237e+10,1.807130366161601639e+10,1.878418666648298645e+10,2.962025530379323959e+10,1.744259087605752563e+10,2.209076309437207413e+10,1.986930832943605423e+10,1.883654263189536285e+10,2.355454856337551117e+10,2.943785261569410324e+10,2.396933200755682755e+10,2.058214047661490631e+10,1.700520919738154030e+10,1.937243120580093002e+10,3.115861883031167221e+10,2.202350492408653641e+10,1.901921498925795364e+10,2.182597851752899933e+10,1.813623707891184235e+10,2.120095956625904083e+10,1.719799310366659927e+10,2.044734593233114243e+10,1.840983328257308578e+10,2.233012506428280258e+10,2.497743692759683990e+10,2.288446604197349167e+10,2.036209860728305435e+10,1.917893120578884888e+10,1.750424368674975204e+10,1.955620796920351410e+10,2.345139136657606506e+10,1.905256996876663589e+10,1.670996377514459038e+10,1.927277418993162155e+10,2.142912407704260254e+10,1.950797636227784729e+10,1.911534738197834396e+10,1.708283669757051849e+10,2.057658130055850601e+10,2.372196200658183670e+10,2.425021792639896774e+10,2.584899360699444199e+10,2.643131933811341095e+10,2.535741255972580719e+10,1.979955611328937912e+10,1.913730959274056625e+10,2.404220581416602325e+10,3.217835939611208344e+10,2.018194669205173492e+10,2.280146669259185410e+10,2.168350321992227936e+10,1.921015801091595459e+10,2.835586893648579025e+10,1.674654781007098770e+10,2.118427012103763199e+10,2.110691150322410965e+10,1.957039870020187378e+10,2.038001021881125641e+10,2.768033179739051819e+10,2.837008478438223648e+10,2.023685895243581390e+10,2.813011095836108398e+10,2.381227825456816101e+10,1.942000992267176056e+10,2.323435663808624649e+10,3.085131834030559921e+10,1.951817501858971405e+10,1.581514369191509438e+10,2.003979530002352905e+10,2.124977083269885635e+10,1.406413878329890633e+10,1.569124549832124329e+10,1.778444482647740173e+10,2.162661232863354492e+10,1.783839593701476288e+10,2.123907897132669830e+10,1.859056568784880066e+10,3.059992622892089081e+10,1.857129759757767487e+10
1.864854994465371323e+10,1.711504682685350037e+10,2.029426466386507416e+10,2.061508355369997787e+10,2.692499406958787537e+10,1.991106998166626358e+10,2.141822386012560654e+10,2.267083224195762253e+10,2.019821622005177689e+10,2.309418721622522736e+10,2.351931078581792068e+10,2.125661289023884201e+10,2.921478574312933350e+10,2.302775935222244644e+10,1.381108110529650497e+10,1.800385067880793762e+10,2.053935085271747971e+10,1.555613818948241043e+10,2.110140823060747910e+10,2.098894579767838669e+10,2.245445037014104843e+10,1.819864853417681885e+10,2.014389268598836136e+10,3.049833806674566650e+10,1.858205828620421982e+10,1.682599564955569267e+10,1.932115829898722076e+10,1.931821804549789047e+10,2.168818539143271255e+10,2.210950567449788284e+10,1.862434130030939865e+10,1.922717795554189682e+10,1.962200281270351410e+10,2.253916115845028687e+10,2.186344468557439423e+10,1.738245513625706863e+10,2.457263891433094025e+10,2.804250103059520340e+10,2.601618441768939590e+10,2.252041792812624359e+10,2.600364494569243622e+10,2.721605299777876282e+10,1.920994723980616760e+10,2.048398098951834488e+10,2.324789490992376328e+10,1.919184649995810318e+10,1.821411775312306976e+10,1.588678639825183296e+10,1.955986115332695389e+10,1.648415977323381805e+10,2.302525164284550095e+10,2.360879538002916336e+10,2.207671105797478104e+10,2.759424187555177307e+10,2.914756236649889374e+10,2.351809657439667892e+10,1.990022499416287994e+10,1.833911899643438339e+10,2.283310801138328552e+10,3.633916402221098328e+10,2.499460695471805954e+10,3.131233748351794815e+10,2.489735785709095001e+10,2.376169478565892792e+10,1.866989291932599640e+10,2.470066414662313080e+10,2.154525383531232834e+10,1.950582426626743317e+10,1.681009446718868065e+10,2.760542409388084793e+10,1.808395421691112900e+10,1.979192143685706329e+10,2.379918822046791458e+10,2.349513849790058899e+10,1.833683011245253372e+10,1.641925918788123703e+10,1.704926525341744423e+10,3.298288788962090302e+10,1.576106099441194153e+10,2.382669631845049667e+10,1.920501535310550690e+10,1.928367996320385742e+10,2.564335258838849258e+10,2.414911027534614182e+10,1.440002389692823601e+10,2.580727084622680664e+10,2.268027055160586166e+10,1.792243799858280945e+10,1.995202410082381058e+10,2.390925993855387497e+10,2.086371417902781677e+10,3.280547411618907547e+10,1.962958153715970230e+10,2.238569455745072174e+10,1.779501799773314285e+10,2.218661542262525558e+10,1.921542867709242630e+10,1.914626180382289124e+10,2.643834821030780411e+10,1.776299331515886688e+10
1.732735219214774704e+10,1.894905983484130859e+10,1.770384275165867996e+10,2.156685649373025894e+10,2.259271114530340195e+10,2.426325602754698563e+10,2.187790757209123993e+10,2.546946572089535141e+10,1.864340744963881683e+10,2.720369105747666931e+10,1.992445729856822968e+10,2.463706141673900604e+10,2.204375485157145691e+10,2.101287091642325211e+10,2.402353602553295898e+10,2.169705450311434174e+10,2.329716168394558334e+10,1.703893219214953995e+10,1.328247887539368057e+10,2.823380285911088943e+10,2.002298452512737274e+10,2.332780870839918900e+10,2.481282964765370178e+10,2.396257093166936874e+10,1.733956325555350876e+10,1.884441318633779144e+10,1.975577986586721802e+10,1.856735307334622192e+10,1.572226708539221764e+10,2.115138119501819611e+10,2.087368510986966705e+10,2.760032117142028046e+10,2.166152002382523346e+10,1.740383574398035812e+10,2.086557590408359528e+10,1.841313194019228363e+10,2.197258829562237930e+10,2.504621162143247223e+10,2.703495002833495712e+10,1.710849499635358429e+10,2.167373857342358017e+10,2.744770953218860245e+10,2.491806448433837128e+10,2.058577694063927460e+10,1.662286624665431976e+10,1.954618811973107147e+10,2.422284535599361801e+10,1.930971422129146957e+10,2.035633005273048782e+10,2.450685466601165390e+10,2.593385673458452606e+10,2.189223353246991348e+10,2.321964484136217499e+10,2.637620674487726593e+10,1.809255080485251999e+10,2.268087061425821686e+10,2.398035703609819794e+10,2.008575945152577209e+10,2.863147121515563202e+10,1.797894677770591354e+10,1.647293332382336617e+10,1.859597220416851044e+10,2.250279069524160004e+10,4.011570596703058624e+10,1.915423763068608856e+10,2.311559185391744995e+10,3.426108314099267578e+10,2.193445981455158234e+10,1.795447724673675537e+10,1.914876218127513504e+10,1.863994487642061234e+10,2.457272159048625183e+10,2.550138078996854401e+10,2.096680590163239670e+10,2.627192235986291122e+10,1.738543522089833450e+10,2.410869929945048904e+10,2.011249331633731842e+10,1.783299754960735321e+10,1.947386492765238571e+10,1.800283421310119247e+10,1.695952092793117523e+10,2.161913223785478592e+10,3.213100543441564178e+10,2.213370711982155991e+10,2.057529636313099289e+10,2.838366678120693588e+10,2.121397160774530411e+10,2.865750864631443405e+10,2.770630582710169220e+10,2.190079637334796143e+10,1.974541275280923843e+10,1.732597947486394882e+10,2.100082579479683685e+10,2.204641775203369522e+10,1.940543809393476105e+10,1.883242066760788345e+10,1.742989640574502182e+10,2.420192168762449646e+10,2.086552087391957855e+10
2.598761651996461105e+10,1.526092776200735474e+10,1.970437897017092133e+10,2.858399590920177460e+10,3.057050590097165298e+10,2.791067041280764389e+10,1.566275246678690529e+10,1.906756116612108612e+10,2.384634171093239594e+10,1.926967622447834778e+10,1.904025012292730713e+10,2.434522688521782684e+10,2.348336820564085388e+10,1.618222055994455719e+10,1.966082433632722473e+10,2.224106312897306824e+10,3.049309197625207138e+10,2.091555081379206848e+10,1.808557447715106964e+10,1.819496630498123550e+10,3.593321210765700531e+10,1.851330136453435516e+10,2.557691853279912949e+10,2.716191737105121231e+10,1.851193782859251404e+10,2.134507484888423538e+10,1.866624165426036453e+10,2.021107113846726990e+10,1.879861756840269089e+10,1.864779443337080765e+10,1.759180094380665207e+10,1.950553664407119370e+10,2.173559475505466080e+10,2.411863311097880936e+10,2.051213500734428406e+10,2.341087620785305405e+10,2.209572958455336761e+10,1.791711438807014084e+10,1.919739130608849716e+10,1.864155355627677917e+10,2.002472178586923981e+10,2.148510227834680939e+10,3.137278987070346451e+10,1.884246975332067490e+10,2.369795084469693756e+10,2.442961491828325272e+10,2.012833433767973709e+10,2.521860198991130066e+10,2.854397176830305862e+10,2.251628845965101624e+10,2.003007088685996628e+10,2.986062953702804184e+10,1.835599265126457596e+10,2.470807933826463699e+10,2.763096819911907578e+10,1.969678300441925430e+10,2.727119749418294525e+10,2.382846548716393661e+10,2.448754802203862381e+10,2.816281273795912170e+10,2.109851870877112198e+10,2.555878459894977188e+10,2.143542419092467499e+10,2.063004576634582901e+10,1.790174060158728027e+10,1.879054225320687103e+10,2.121087584851635361e+10,1.887751650508930588e+10,1.949191830092629242e+10,2.415125695652091217e+10,2.763856049122114182e+10,1.578967145277927589e+10,1.930001536784936523e+10,2.285095907810318756e+10,2.576781535395677185e+10,1.994145118512434006e+10,2.063467693373294067e+10,2.404606515474655533e+10,2.666681408861599350e+10,1.795122181230181122e+10,2.900251033793833160e+10,2.076203259189925766e+10,1.692796936144078064e+10,2.653504574544702530e+10,2.014974851041586304e+10,3.373685877687495041e+10,2.172646946070085526e+10,1.817165969223306656e+10,2.410871113415874863e+10,2.394477714899282455e+10,1.853575069256220245e+10,1.498292097895708466e+10,2.583050441983318710e+10,2.101524630402288437e+10,2.153717130846881866e+10,4.083256808823547363e+10,2.228406687133525467e+10,1.686579245942430305e+10,1.801575912055371857e+10,1.969582763203321075e+10
1.604564293476498985e+10,2.725423358066283417e+10,2.718020795910251236e+10,2.252097378393944168e+10,2.837422550352960968e+10,1.852808473450547409e+10,1.817098972942376709e+10,1.770409779044188309e+10,1.898942518797780228e+10,1.902556336305154037e+10,2.674687961420491409e+10,2.326208675783974838e+10,1.828743753386468887e+10,2.290125284746160126e+10,1.963443560997141266e+10,1.716049438047934914e+10,1.880645881647916031e+10,1.784526597137677765e+10,2.195330344535445404e+10,2.228411578963552094e+10,2.118391183452599716e+10,1.705197741177527428e+10,2.249705835370090485e+10,2.878532302435937881e+10,2.029701646375778198e+10,1.788165095244009399e+10,2.279389839660033417e+10,2.248625849451080322e+10,2.296045465862511444e+10,2.031292058306105423e+10,1.685586164859386444e+10,2.088555621843281937e+10,2.198004138044519424e+10,1.971230511223067093e+10,2.172932615766328049e+10,4.129804166403847504e+10,1.807842917217218399e+10,1.897635885365277863e+10,2.179904861444974136e+10,3.005877305166708374e+10,2.287245822313848877e+10,1.680478878384996223e+10,2.805232989625261307e+10,2.663285028753521729e+10,2.381790219132115173e+10,2.985324616236010361e+10,2.686760013935578156e+10,2.229529451924761200e+10,1.981782097926716232e+10,3.447850456620209503e+10,2.458533628381324768e+10,2.071385894092319107e+10,2.305896926819532394e+10,2.120630866102696609e+10,2.276472982710575104e+10,3.371138528779492950e+10,1.937382746660796356e+10,1.703650546368794632e+10,1.874048389275061035e+10,2.440153166728314972e+10,2.317737350976928329e+10,2.182142504304280090e+10,2.045912266655862808e+10,3.072741799926770401e+10,2.120114241853590393e+10,2.196570132509435272e+10,2.507845410607391357e+10,2.511747143250755310e+10,1.625536989385326195e+10,2.437867247500997543e+10,1.651192032320065308e+10,2.886830248492081451e+10,2.226768702653594589e+10,1.886011354701195908e+10,2.346954543679695892e+10,2.316960543417795944e+10,2.555998640612574768e+10,1.668883566984940147e+10,1.895963572997378922e+10,2.370262558494250107e+10,2.156102862049273682e+10,2.228263739133009338e+10,1.758515238752978134e+10,2.205685610390941620e+10,1.767058345346589661e+10,2.126787892847565460e+10,1.955697606356295776e+10,2.770411366396636200e+10,1.783899704186104965e+10,1.724240575701901245e+10,2.194166722861888885e+10,1.512868195898753548e+10,2.948707517933097076e+10,1.778642806632608414e+10,2.162236117370183182e+10,2.075566797404594421e+10,2.359756539304626083e+10,2.943272723665421677e+10,2.206978842479809952e+10,1.906318358655854034e+10
3.074029256471696472e+10,2.267718052946207809e+10,1.815658796796472931e+10,2.821116464449959946e+10,2.161247856642796707e+10,2.514661397002594757e+10,2.422713076219309998e+10,1.561738719330060196e+10,2.693765422047490311e+10,2.188588885913799286e+10,1.893420068887852859e+10,2.089774152626293945e+10,2.248840774926551819e+10,1.884261609141096878e+10,2.121772855830479050e+10,2.046041028217453384e+10,1.892214856310276413e+10,1.816885150945438385e+10,2.141166824244647217e+10,1.899528007837165070e+10,2.316062117105201340e+10,2.586964709310447311e+10,2.003537952972211075e+10,1.491392615620570183e+10,2.342472271231904602e+10,2.044711928915235138e+10,1.953387622615384293e+10,2.181866057029872131e+10,1.691625301525016785e+10,2.247306782904941940e+10,2.204901736141810226e+10,2.271367338269348526e+10,1.771177253905160141e+10,2.399282177322325897e+10,2.505685112159659958e+10,1.909194399050296783e+10,2.485155209813450623e+10,1.789316196167655945e+10,2.219343268146106339e+10,2.172272703395629883e+10,2.316471399184333801e+10,1.964013414903289795e+10,2.355352590561818695e+10,2.574650868850479507e+10,1.564117009466331863e+10,2.354226285382956314e+10,2.031223857588281631e+10,2.092147534201019669e+10,1.802919151869055939e+10,1.816563853339052963e+10,3.058791594262487411e+10,3.160108389691831970e+10,2.448381516978491211e+10,2.733244616200448608e+10,3.343385782498647308e+10,2.070879362417130280e+10,2.026867151262453079e+10,2.178738833176364517e+10,2.618460735675545883e+10,2.741261617644948959e+10,2.081337600849032211e+10,1.924934602910842896e+10,2.124789279921561050e+10,3.564956260862223816e+10,2.087154598729306793e+10,2.255847242997554016e+10,1.989654683234775162e+10,2.125721599607004929e+10,1.933590640567744446e+10,2.451830778488772583e+10,2.084744240676808548e+10,2.066799694943584442e+10,1.817548405475189972e+10,2.019355100063682938e+10,1.884095840793711853e+10,2.126104184218114090e+10,2.719160934583469009e+10,2.244377335798013306e+10,1.779467539025803757e+10,1.685899333781695175e+10,2.103539303100043488e+10,1.940265371222366333e+10,2.137560266805061340e+10,2.156310633903761673e+10,2.157889870273700714e+10,2.033556706229724884e+10,2.068580545229880142e+10,2.105847179442534637e+10,2.168682509881168747e+10,1.983214107397674942e+10,2.134624991443745422e+10,2.691138625144814682e+10,2.440315048728326797e+10,2.064117532208779907e+10,2.369137712636048126e+10,1.754397506741422653e+10,1.631740780387043953e+10,2.198841778800768280e+10,2.600775641368334579e+10,2.407261235082517624e+10
1.856312415162548828e+10,1.606585369071890831e+10,2.149185608344401932e+10,1.872385170144910049e+10,1.938348474886143875e+10,1.863749908648540497e+10,1.917348538539408875e+10,2.550766845851505280e+10,2.190924085344910431e+10,2.085242541465863037e+10,2.103797948445674133e+10,2.667685166219162369e+10,2.103924825565826035e+10,1.903840857790127182e+10,2.262490786536278152e+10,2.083151960783871460e+10,1.934829281540391541e+10,2.922745351575485611e+10,2.822079444897969818e+10,2.021502310196089935e+10,2.412599543843202591e+10,1.881179220730963898e+10,1.830312635512400818e+10,2.406038503355154037e+10,1.921235532638331223e+10,2.112940904293883896e+10,2.233317844572830582e+10,2.485130425945986938e+10,2.406663179613152313e+10,2.130005886931253052e+10,3.483834766135375214e+10,2.584143559657569504e+10,2.602273883880551910e+10,1.968913392410256958e+10,3.263724874061971283e+10,1.943678499046318054e+10,2.371811612539342880e+10,1.905688805768568039e+10,2.313910954746010971e+10,2.726060148293632126e+10,2.350338890729755783e+10,2.242294025061286545e+10,2.110061833076566315e+10,2.205068514420666122e+10,3.384077788344028854e+10,1.953315202993229294e+10,4.076980456886280823e+10,2.366255735510488129e+10,2.249355909144687271e+10,2.832834703731205368e+10,2.423414707961600494e+10,2.588887730914484787e+10,1.853180125445754623e+10,2.398277040567206955e+10,2.023525725554194260e+10,1.746604685314250565e+10,2.143312997431895828e+10,2.123419768650893402e+10,1.736299847506783676e+10,2.241957498967794418e+10,2.795352245233474731e+10,2.489694637591965103e+10,2.137433085872216797e+10,2.323134661265419006e+10,2.000028401362381363e+10,3.008907656559829330e+10,2.252137778091098785e+10,2.290852233787311935e+10,2.105858473274341965e+10,3.136539793182164764e+10,2.279653926172156143e+10,2.039231837424499130e+10,2.431967582524834442e+10,2.355941507667824554e+10,1.795342481364611816e+10,2.582993446738203049e+10,1.951614685984136963e+10,1.731781511058753967e+10,1.905722789127116394e+10,2.269163927139778137e+10,1.760072737128654861e+10,1.584846039228914833e+10,2.021792856197621536e+10,2.491692201019989014e+10,2.164253441335555267e+10,2.052296653223191452e+10,1.719405893186834335e+10,2.613761387465567017e+10,2.118929113729692459e+10,1.927259733130376816e+10,2.341837216356819534e+10,2.276326735850440216e+10,1.904634877976095963e+10,1.858154139109122467e+10,2.785389213932332993e+10,1.769926497437575912e+10,1.924137929231445312e+10,2.248389846961219788e+10,1.850709921381945038e+10,2.080125748666663361e+10
1.834662727965478516e+10,2.378421819753123856e+10,2.024235842135888290e+10,1.703077522062975121e+10,2.600432713113744354e+10,1.960243420811660004e+10,1.717032393676726723e+10,2.313423516868122101e+10,2.274358099498891449e+10,3.324270960305250168e+10,1.993362908592143250e+10,2.418137273007738113e+10,2.097778223064296722e+10,1.964468831513464737e+10,2.750773886129359818e+10,2.113480318033079910e+10,1.974325559713356400e+10,2.289565434061612701e+10,1.937840591100344467e+10,1.871843139432063293e+10,1.960244512765674210e+10,2.027075476650605392e+10,2.010194791102030945e+10,1.828151948668326569e+10,2.114944407752157974e+10,2.037103684421504974e+10,1.798507154992242813e+10,2.131664584236685181e+10,2.107367619495100784e+10,1.723995057495357895e+10,1.909282130522203445e+10,2.005436748939348984e+10,2.135651083411645126e+10,2.058869526346390915e+10,2.206288476852135849e+10,2.550636033091751099e+10,2.158907591509545135e+10,2.230385838847533798e+10,1.985535275157595825e+10,2.631624023877817917e+10,2.112802824150304794e+10,2.636142185107929611e+10,2.056429549186685181e+10,2.327724062924697876e+10,2.447978965902723312e+10,2.427042549530881500e+10,3.126390725416679382e+10,2.489863538878701401e+10,2.025371500627783203e+10,2.219179913468787384e+10,2.219030039502998352e+10,2.701085046357073212e+10,3.486158510628932953e+10,2.291609199728165436e+10,2.324582369016782379e+10,2.022013397260797882e+10,1.857570103782396317e+10,3.041861264996449661e+10,2.468077995513955688e+10,1.803391574508984756e+10,2.583462141387730789e+10,2.974726482836388779e+10,2.901087996610887527e+10,1.783331107906252289e+10,2.268640798415317535e+10,2.428599864572656250e+10,2.071872993980976868e+10,2.140993086818143082e+10,2.232615869563175583e+10,1.799443146189799500e+10,2.376124653435664749e+10,1.626035765491535950e+10,2.527606977476927948e+10,1.564553751891936493e+10,2.205012476993070221e+10,2.551079237033535385e+10,2.885438315725180435e+10,2.235830745878889084e+10,2.104290825901956558e+10,3.160553839177040863e+10,1.980788065975249481e+10,2.199157591349567413e+10,2.465731536024793243e+10,2.723130603670628357e+10,2.799725135772635651e+10,1.944754542375792694e+10,1.817044037629614258e+10,2.587555630958827209e+10,1.931366859578526306e+10,2.049376646414018250e+10,1.911561403941186142e+10,1.719688215967528152e+10,2.464403028269808960e+10,2.150908619774977875e+10,1.640839460169145203e+10,2.428694000718452835e+10,1.594095291175678825e+10,2.040101793802534485e+10,3.340927115274293137e+10,2.228127757817869949e+10
2.431399290358985901e+10,2.569613940673801422e+10,1.947415794040133667e+10,1.762230984358636475e+10,2.196605357844422531e+10,2.340885685909577179e+10,2.402136080545809555e+10,2.266311952639180756e+10,2.146805503030820847e+10,1.907329711641923904e+10,2.384711932448082352e+10,1.959897466382465363e+10,1.648210548271128845e+10,2.477699534009171295e+10,1.671607113687705612e+10,3.831995884706958008e+10,2.566014724120986176e+10,2.099391270051145554e+10,1.976851394759117889e+10,2.313719603300315094e+10,1.882291086068373108e+10,1.929525307186616135e+10,2.061019551950740814e+10,1.725933994908561707e+10,1.735770660354043961e+10,2.113240707191325760e+10,1.990015844455314636e+10,2.393761176490181732e+10,2.892046321594193649e+10,2.225637509879293060e+10,2.220352074961822891e+10,2.292754446946855164e+10,2.088181767108458328e+10,2.242603389505196381e+10,2.007856131118021011e+10,2.447696685893001175e+10,2.030567968757222366e+10,2.616421690752634430e+10,2.569433357464148712e+10,2.445183663302299500e+10,2.700914533679718781e+10,2.098237022724505997e+10,2.969707001083749390e+10,3.189651742939274979e+10,2.153974734111966705e+10,3.342440558628695679e+10,2.646176700519555283e+10,2.693775820920796585e+10,2.382909723685809708e+10,3.365387327570819855e+10,2.499579766597587585e+10,2.072224586046747589e+10,2.164007240682168579e+10,2.435388515454195023e+10,2.166678820385303879e+10,2.183244222164183807e+10,1.924701554043647766e+10,2.199871854367976761e+10,2.490998248906300354e+10,2.290472897871450424e+10,2.029904335944646072e+10,2.414981434742211914e+10,2.785047259709613800e+10,2.188376711290866470e+10,2.080990082398221588e+10,2.236968045403853989e+10,2.360307710677621078e+10,2.338506037648984528e+10,2.189396858735445404e+10,2.265248924356330490e+10,1.889231467396327209e+10,3.023230341975094986e+10,2.606648730428857422e+10,2.379617897265526962e+10,2.843123576954521561e+10,2.696375499199883652e+10,1.943266476364982605e+10,2.258610549316740799e+10,1.550640827140329933e+10,2.698854281573505402e+10,2.165009705622751236e+10,2.345134706737825775e+10,2.748954638567691040e+10,1.880935654253391266e+10,2.959725946223023987e+10,2.065329035304512024e+10,2.344453867146220779e+10,4.079925702821748352e+10,1.811419275372671890e+10,1.673312742914517593e+10,2.075259991079403305e+10,2.040130620255290222e+10,1.775106309953380966e+10,1.915233735672352600e+10,2.284463562943503571e+10,1.829461130190513229e+10,2.496823998206010056e+10,1.716543265468545151e+10,1.611856175115709114e+10,3.671490922120144653e+10
1.804126109692165756e+10,1.785151489675262451e+10,2.744016083152012634e+10,2.336441240096125793e+10,1.923872940683982849e+10,1.774783666618107224e+10,1.824818981656442642e+10,1.721448561720100784e+10,3.996481587024404144e+10,2.173465003086523438e+10,2.461612619546064377e+10,2.018343432289217758e+10,2.963376035570999146e+10,2.036645499240381622e+10,2.195710242577498245e+10,2.325830325960178757e+10,2.413838163681732559e+10,1.884694272423257828e+10,1.770389812775122833e+10,2.425537495079802704e+10,1.720064685222546005e+10,2.346701120443634415e+10,2.939658120318057251e+10,2.191125849873658371e+10,1.714173992908378410e+10,2.405384660072594833e+10,2.197921513739816666e+10,2.445011362233304596e+10,2.394842512923175430e+10,2.302604443958274078e+10,2.543600763069349670e+10,2.574110463781453323e+10,2.327063699490949249e+10,2.186600850318404388e+10,2.650535912640320206e+10,2.670709006853507614e+10,2.156329334648861694e+10,2.258492021790056610e+10,2.077354879533639908e+10,3.485075813615177917e+10,3.056148234874827576e+10,2.804584304142778015e+10,2.074441378170555496e+10,2.335475122198778915e+10,3.522109719218428802e+10,2.013145080197072220e+10,2.176335465701106262e+10,2.355015420275382996e+10,2.805202344257766724e+10,3.165634231181128693e+10,2.255862653447697067e+10,2.681092455614086151e+10,2.951319721567850113e+10,1.610246003198686218e+10,2.274597876578844070e+10,2.232023019698952484e+10,2.197535674489095306e+10,1.814314106089274979e+10,2.258063679266899872e+10,1.703137773340204048e+10,2.204609319513514328e+10,2.482134236627072525e+10,2.216588273570426559e+10,2.181605832916949081e+10,2.016214903972397995e+10,1.936073342157202148e+10,2.366490156108482361e+10,2.292632922154141998e+10,2.957711595586293793e+10,1.948519907608100128e+10,2.415081742741612625e+10,1.946701306363992691e+10,1.998318809436494064e+10,3.019603469534722519e+10,2.311168422383639145e+10,3.196580454071320343e+10,3.274407946345106888e+10,1.979838139986158752e+10,2.487708530245234680e+10,2.105017303248089218e+10,2.121646809797320175e+10,2.022944519712874985e+10,2.525490898648196411e+10,1.906954449912271500e+10,2.337079828663285828e+10,3.216042182774936295e+10,2.276276944469423294e+10,3.495741597703627014e+10,2.230944439850626755e+10,1.906913178295470428e+10,2.516056659516720581e+10,1.768995972739916229e+10,1.569400382410890961e+10,2.055538898544238663e+10,1.975210052512181473e+10,2.367517669676268768e+10,1.643288002384305954e+10,1.643256481689399719e+10,2.393062550179005432e+10,2.134546528794388199e+10
1.773938129081376266e+10,1.877558468087160492e+10,1.685978218249468422e+10,2.138825123829438782e+10,1.765013744599987030e+10,2.482998215739152145e+10,2.266281988421479416e+10,2.458175203266140747e+10,2.454520014168606949e+10,2.285421991171252823e+10,1.826784673626689148e+10,2.535821286230879974e+10,2.324216987851994324e+10,2.036927400554913330e+10,2.271786668078521729e+10,1.887717735181232071e+10,2.107803491417507553e+10,2.225944091733768845e+10,2.802779998879598618e+10,1.929131434676507950e+10,2.749207464368201828e+10,1.885905490974412155e+10,2.029489499040343857e+10,2.675342995807201004e+10,1.815964618932039261e+10,2.352705104100576782e+10,2.558738321262556458e+10,1.704113962938216019e+10,3.042568204373385620e+10,2.391683465058288574e+10,2.960431066073946381e+10,1.923538855161283493e+10,2.638994702498843002e+10,2.118301414891946030e+10,2.541685395460726547e+10,2.159314567439228821e+10,2.665917631038265228e+10,2.509997153210203171e+10,1.795042145779811478e+10,2.438356502261048889e+10,2.616018527464520264e+10,2.302438644840120697e+10,4.227201282458381653e+10,3.246441670698702240e+10,2.823594810764324951e+10,2.154680065486045074e+10,1.723931737022232056e+10,3.710226336350536346e+10,2.949190701862288284e+10,2.253287428307374954e+10,2.197843996325935364e+10,2.622103957079697418e+10,2.203586258540266037e+10,2.135796237348227310e+10,2.398310244895051193e+10,1.849056290444870377e+10,3.142820762528126526e+10,2.973039541270456314e+10,2.833531609361631775e+10,2.955863171768962097e+10,2.597506175956032944e+10,2.274887636651525879e+10,2.753731715007602692e+10,2.389322670060572433e+10,2.218524692561430740e+10,2.129161719390417099e+10,2.433806485979947281e+10,1.972793663500236893e+10,1.925776547004231262e+10,3.077307347723030472e+10,2.357825030078939819e+10,2.020982450891865158e+10,2.790125065943253708e+10,2.098712757772970581e+10,2.076049453129261398e+10,1.995902525786862564e+10,2.057104579226208115e+10,2.760941434940106201e+10,2.259537859767653275e+10,3.305887165668841553e+10,2.475314215937140274e+10,1.975784546879687500e+10,2.344341648290074921e+10,2.338886943131904984e+10,1.974896616296100998e+10,2.356726174691122818e+10,2.613809620335439301e+10,2.108534891225680542e+10,2.010161812394997787e+10,2.332401877635786819e+10,2.700459936299359894e+10,2.314121711527653885e+10,1.855499548636654663e+10,2.541491400792566299e+10,2.584451512262527847e+10,1.674542841521019173e+10,1.779022264316303253e+10,1.872458976066463089e+10,2.601454972061122131e+10,1.858523590705897522e+10
2.220907295233292770e+10,1.822871128674333954e+10,2.280494315892621231e+10,2.125931825547194290e+10,1.756119218813922119e+10,1.859860706732088470e+10,1.982393821275459290e+10,1.809435521196340942e+10,2.177854636188605118e+10,2.272492067473253632e+10,1.908800923677185440e+10,2.947560456095363998e+10,2.161681519392374039e+10,2.071544804265277481e+10,2.529574696834374237e+10,2.754514943607930756e+10,2.105693281563354111e+10,1.730801816263514709e+10,1.913722210868190002e+10,3.370116165789026260e+10,2.525756729125463104e+10,2.615773954201370239e+10,2.190811194700857925e+10,2.525087753022638702e+10,3.049649337542602921e+10,2.853074710025926971e+10,2.451402652328647232e+10,2.255104346629815674e+10,2.295207977162023163e+10,2.592088618630340958e+10,1.916610471453413391e+10,1.909366918230007553e+10,2.173943939144315338e+10,2.159923423827366638e+10,2.111716520537569427e+10,1.807123304387581253e+10,2.128969180164936447e+10,2.348987015135337067e+10,2.304484277877040863e+10,2.425332865205321503e+10,2.664487274981948471e+10,2.256527049032976532e+10,3.018690055427691269e+10,3.492950448158197784e+10,2.789198930930389786e+10,2.066451471166260910e+10,2.006520253879267883e+10,2.136006847476203156e+10,2.177460290859766769e+10,3.020124047565645599e+10,2.571280474406121063e+10,2.842981910943047333e+10,1.843917833395983124e+10,2.413758845206563187e+10,1.841222067601982117e+10,2.824391970035215759e+10,2.420144495186037445e+10,2.336248687463210297e+10,2.673756448789234924e+10,2.508510921810051727e+10,2.378596115315161133e+10,2.763617955024617767e+10,1.959018338811762238e+10,2.597385169880059052e+10,3.379246993528273773e+10,2.335532151492183685e+10,2.113634455999438858e+10,1.677463577390483093e+10,1.675999481953183746e+10,2.839064646806855774e+10,1.860848323452805710e+10,2.485217885793888474e+10,2.421320409051803970e+10,2.351918928386274338e+10,2.229163147724571609e+10,2.192249360993542862e+10,2.185902826130356216e+10,1.839731270514093018e+10,2.342883117755507278e+10,2.069470907744667053e+10,1.850801359719029236e+10,2.074455998390443039e+10,2.215649496568383408e+10,2.199897617161835480e+10,1.852194997111176682e+10,1.970078513166300583e+10,2.455941263880919266e+10,2.734587852192268372e+10,2.197091210503901291e+10,1.849736085336432648e+10,2.585017287192807388e+10,2.052225209189780807e+10,2.252765708047066879e+10,1.749114975834119797e+10,2.289035103034543228e+10,2.085306285023788071e+10,2.204340990000270844e+10,2.134897321322623062e+10,1.860572928813416290e+10,2.213713287641234207e+10
2.188590773885769653e+10,2.996768760339697647e+10,2.003233711459625244e+10,1.905249031346587372e+10,1.719234094846012497e+10,2.136203478337229538e+10,1.995919957266915894e+10,2.105312451569845581e+10,2.064806737788705444e+10,1.948202164476805115e+10,2.023007790356103134e+10,2.539242941236697006e+10,2.547836110301161575e+10,2.811160053278997421e+10,2.440990800691562653e+10,1.786744922209612656e+10,2.500958051748107529e+10,2.403172956702578354e+10,2.300769016488072968e+10,2.283233657752248764e+10,3.026100570428549194e+10,1.877325138477971649e+10,2.502984730253018570e+10,2.481551255234563828e+10,2.094070804123035049e+10,2.439456201074382019e+10,2.067399680903965378e+10,2.098828933787398529e+10,2.430890424040745163e+10,2.043399157280644608e+10,2.106459879403340149e+10,2.260939135226149750e+10,1.815379596436091995e+10,4.758262789474811554e+10,2.117690409431268311e+10,2.748277711931793213e+10,2.344343737694709396e+10,2.164485783092727661e+10,3.355105125486359406e+10,2.144480485540333557e+10,2.672407291703039169e+10,2.029822121993957138e+10,2.623524619053172684e+10,2.807558115347468948e+10,1.936143690013306046e+10,2.846973656891886902e+10,2.311129127918086624e+10,2.223964261058407593e+10,2.706079840789711380e+10,2.091653426949383163e+10,2.416286510195711136e+10,2.124316700668936539e+10,3.183577803906318283e+10,1.737625135331837845e+10,2.514558093034792328e+10,2.232500550383348083e+10,1.959871988224094391e+10,2.321581111182706070e+10,2.422801590905719376e+10,3.268330551031188583e+10,2.298494769582390213e+10,2.750221418093051147e+10,2.588754219513933945e+10,2.142514661558044052e+10,2.000807772870598602e+10,2.601395933490969849e+10,2.506112048827614975e+10,2.759793909880401993e+10,2.828791186239412308e+10,2.517576154084735489e+10,2.674845042090505600e+10,3.492185310697926331e+10,2.973318759377841568e+10,2.075391757584434128e+10,1.591476575065031815e+10,2.402887882135894775e+10,2.702146378454555511e+10,2.282302372735869217e+10,2.121415388869178391e+10,2.591990077713481140e+10,1.892492171036991882e+10,2.106196288185862350e+10,2.077862738508014679e+10,1.571522030703698921e+10,2.496328501578662872e+10,3.138568411298856354e+10,1.807256623821302414e+10,1.595476209084176636e+10,2.441870330496020126e+10,1.740934027018160248e+10,1.806256243710946655e+10,1.889522366886662292e+10,2.111080510391351318e+10,2.366645742811578369e+10,2.925380401515867233e+10,2.058539305374797058e+10,2.070858735160559464e+10,1.494149288577532387e+10,1.827658063791068649e+10,2.380401685536397552e+10
1.765394652247697830e+10,2.198062608228059769e+10,2.012605179813420486e+10,2.199283523563531494e+10,2.454333013194324875e+10,2.289067683779448318e+10,1.563029029542030144e+10,2.299440248965345383e+10,1.821304480670627594e+10,2.088772749561279678e+10,1.778185073739472580e+10,2.634338946231164932e+10,2.430635725951089859e+10,2.102060412869893265e+10,2.753403603246305466e+10,2.149941625208986664e+10,2.179316924078727722e+10,2.149878407974094772e+10,2.171138042728232574e+10,2.382096010196665955e+10,1.885358983454567719e+10,2.123650586881917572e+10,2.459561894062693787e+10,2.124889402295342255e+10,1.688607086585385895e+10,2.661030903978370285e+10,1.904241376605183029e+10,2.390724536099477005e+10,2.214138084977848053e+10,2.078574608883887482e+10,2.439143068026165390e+10,2.333798623569060135e+10,2.500813471554403305e+10,2.236240879465829468e+10,2.688395429909804535e+10,3.427579048355852509e+10,2.585653583491813278e+10,2.813301036068318176e+10,2.080776004572502518e+10,3.503219489534824371e+10,3.496665658320542908e+10,1.988109868426969147e+10,2.863356149995980072e+10,2.785007938538189697e+10,2.603172965315505600e+10,2.964465447279933167e+10,2.574828665732340240e+10,1.985826866336285019e+10,2.703683551879636765e+10,2.986420341996030045e+10,2.496726790318956375e+10,2.847804427835970688e+10,3.102090958126574326e+10,2.566337406607385635e+10,2.060516876079497910e+10,2.159038496148598480e+10,2.729017983557380676e+10,2.345378419443268204e+10,2.202620040312287140e+10,3.101407987833450317e+10,2.316830526447557449e+10,2.562837828385879898e+10,2.127269786444795227e+10,2.156775369097404099e+10,2.590140330428274536e+10,2.480015397992148590e+10,1.775043944116535187e+10,2.597900080199241638e+10,2.426103664362926483e+10,4.094700605749660492e+10,3.344933381686088562e+10,2.405490278862978745e+10,2.154703226938201523e+10,2.689047875427319336e+10,2.021697386436912537e+10,2.657019188209366226e+10,2.468370350400476456e+10,2.399208016245225906e+10,2.440451542406747818e+10,2.194700852413547897e+10,1.829562851161319351e+10,1.970747834196680450e+10,2.496134114206787872e+10,3.021923285255902100e+10,2.559893621231920624e+10,1.869127554476613998e+10,2.019122279819647217e+10,2.355484642837716293e+10,2.237588443820925140e+10,2.115051446276976013e+10,2.192426030626416779e+10,2.040457219437797546e+10,2.178480037805472565e+10,2.367755368728442383e+10,2.462577033907252884e+10,2.795971878396761322e+10,2.178468487650395966e+10,1.902677900436462784e+10,1.971216697715531158e+10,1.603388769677372551e+10
1.672501629345980644e+10,2.131723918935652924e+10,2.260149865426935959e+10,2.197183584596770096e+10,2.655449197512044907e+10,1.903946447391038132e+10,1.711302380445999527e+10,2.235735918878810883e+10,1.848852005136913300e+10,2.808977759275949097e+10,2.438913643950766754e+10,2.733265165308153915e+10,2.146606000656767273e+10,2.112335988410245895e+10,2.526042706633215714e+10,4.559853926375997162e+10,2.995827074818357086e+10,2.864915569173840714e+10,2.212571932119951630e+10,2.039685881613703537e+10,2.474300789726964569e+10,2.431600533252736664e+10,2.678520299947710800e+10,3.079818069701440811e+10,3.069616729582418442e+10,2.359246933028796005e+10,1.792605908513977051e+10,2.411344782787368011e+10,2.611164304605633163e+10,2.736457442059955978e+10,2.185301612888983917e+10,4.284068792167678070e+10,2.386175450612242126e+10,2.845087428530511093e+10,4.250208114660166168e+10,2.719315521163437653e+10,2.189803326703816986e+10,2.239829343646864319e+10,2.492398625750289536e+10,2.210647378207264328e+10,3.250569938717488098e+10,4.018759454954936981e+10,2.466091148106199265e+10,2.488911222791732788e+10,2.130066229515519714e+10,2.251004961331312180e+10,2.492756666664185715e+10,2.314771796552926636e+10,2.841093347439964676e+10,2.332179896262250519e+10,2.546166231935804367e+10,2.060453583519264984e+10,3.309201178544602585e+10,2.828221435013762283e+10,2.635551010022797394e+10,3.304677471770101166e+10,2.006311918697154617e+10,2.731324379975163651e+10,2.021103587324951553e+10,2.155252371607622528e+10,2.713790769836130142e+10,2.785173914821818161e+10,2.189581963916867447e+10,2.542357365671537018e+10,2.264247085969831848e+10,2.412874737381015396e+10,1.980332391596800232e+10,3.379975700905770111e+10,2.064927926939790726e+10,2.729469275691762924e+10,2.253070269511271286e+10,2.120076415882263565e+10,2.121016358608508682e+10,1.981647232266719818e+10,1.981931223263727188e+10,2.101290388233769989e+10,1.760223027703946304e+10,3.185315208143032455e+10,2.811427523884999847e+10,2.696909581862406921e+10,2.375415051902219391e+10,2.228592355115306091e+10,2.460529546633956909e+10,3.034737571493840790e+10,2.364122004261079025e+10,1.887022457469312668e+10,2.840386096429313660e+10,1.744406022987972260e+10,2.452762880617869568e+10,2.185642427029867554e+10,2.362908801316490555e+10,1.831397706467866516e+10,2.079957235297100449e+10,1.774063244830435944e+10,1.655660091534039688e+10,2.188316492400370407e+10,1.800728778114753723e+10,1.947347498664765930e+10,1.715572459184200287e+10,1.791315693827585220e+10
2.033233243323667145e+10,2.121916010128372192e+10,2.317126521048494720e+10,2.423102715852175903e+10,1.870233770506682968e+10,2.487295591598091888e+10,2.022391040671051407e+10,2.501989525929815674e+10,1.892099037267944336e+10,1.853182569317456055e+10,1.800325035241931534e+10,2.466656183562610245e+10,2.089924717752283096e+10,1.707843246448738289e+10,2.425454704467533493e+10,1.934814801709163284e+10,2.552087503145209503e+10,2.157541122270571518e+10,2.849025288172445297e+10,3.188896141837152100e+10,2.341703542193382645e+10,2.756464014543523788e+10,3.025222599381884766e+10,2.744789945668408585e+10,2.253241053647826385e+10,2.603853305020534515e+10,2.586881011206385803e+10,2.704184364454044724e+10,2.442621548746517563e+10,4.707773895484409332e+10,2.572136610611460876e+10,2.091767871246844101e+10,2.294104645366744232e+10,2.948419666227854919e+10,2.402579142246892548e+10,2.725133568878295135e+10,2.335813582843822861e+10,3.014874588931731796e+10,3.173382206623559952e+10,2.037627039775279999e+10,2.118916053176990509e+10,1.915210009625711441e+10,2.587503141294921875e+10,2.620406943652485657e+10,2.785430441286751938e+10,3.076388311510884476e+10,2.582280520964702606e+10,2.741846386466317749e+10,2.506252525160393906e+10,2.433058203354005432e+10,2.947584106173484802e+10,2.861652100796420288e+10,2.430910761325224304e+10,2.444014377445743942e+10,2.676767616943385696e+10,2.454713508505728149e+10,1.998717397203298950e+10,2.210314901870111847e+10,2.821401870867753983e+10,2.906565866273697662e+10,2.508535608548528671e+10,2.914996613422223282e+10,2.088054800864127731e+10,2.543380940802980804e+10,2.546633962670692062e+10,2.673743440029081345e+10,2.017826968203155518e+10,3.248017718062247849e+10,2.574038712328276825e+10,2.150654825341256332e+10,2.477145128312350082e+10,2.499652436900804520e+10,1.797865778490652084e+10,2.311042410736338043e+10,2.691841529049028778e+10,2.670035759667981339e+10,2.529623904748087692e+10,1.917573389836618042e+10,2.787874362943959427e+10,2.475560529822070694e+10,2.228824807808192825e+10,2.840489382050660324e+10,2.228474110185905075e+10,2.617582242736215591e+10,2.051947460167365646e+10,3.819315691171525574e+10,1.783772041762005234e+10,1.737224069923892212e+10,1.982565013575211334e+10,2.031450235646494675e+10,1.570309717586971474e+10,1.583908326222021484e+10,2.013712307987220764e+10,3.286343641458243561e+10,2.130091850203133774e+10,2.220265776248295212e+10,1.851361275591836548e+10,2.155376251857211304e+10,1.796611995029521942e+10,2.700352450068988037e+10
2.852775506382414627e+10,1.815998549465663528e+10,2.303368325352898026e+10,1.838566950245634842e+10,2.575119319132188034e+10,2.498937709934179306e+10,2.065355130146975327e+10,2.237574665987590790e+10,2.296599199512234116e+10,2.578952343893331909e+10,2.822921578626854706e+10,2.271058403625062943e+10,2.890305509604095840e+10,2.202731343107935715e+10,2.371829546577634048e+10,2.487655509480038452e+10,2.724412948662068939e+10,2.290510893350782394e+10,2.070556702275938797e+10,2.385545838637348175e+10,1.970237499726811600e+10,2.172359473323494720e+10,2.671913440360966492e+10,2.409246477195269012e+10,2.458033460973609543e+10,2.463427694933226013e+10,2.422639217903869247e+10,1.899526407967390442e+10,2.447373566001319885e+10,2.705048648766703033e+10,2.441355016173720932e+10,3.406315227294261551e+10,2.280868877364355850e+10,2.582098637745544052e+10,2.194101139636462021e+10,2.749181703902386475e+10,2.737575824860700989e+10,2.625885305778535461e+10,2.717326506573912811e+10,2.520212226397881699e+10,2.227948017851311493e+10,2.858027337766291809e+10,2.262768738129721069e+10,2.593771799084418488e+10,1.879531400890907288e+10,4.146680923045484924e+10,2.854406589339696121e+10,1.905449297442116928e+10,2.637337908615280533e+10,3.154600858848439789e+10,3.009592388970051956e+10,2.330515673429513168e+10,2.158032811266183090e+10,2.396002119577188873e+10,2.212669565458575821e+10,2.872106321981280136e+10,3.043212089291651917e+10,2.147031712872458649e+10,2.785300910594597244e+10,2.716154110233456039e+10,3.050072774326173019e+10,2.023282867059003830e+10,2.410699124157820129e+10,2.964026592511488724e+10,2.440377547628784561e+10,3.016388556298456192e+10,2.455903792799485397e+10,2.809214527489790344e+10,2.289321640952109909e+10,3.376876329629281998e+10,1.969430380885536194e+10,3.422243148551465988e+10,2.917245582229391098e+10,2.100822109843838120e+10,2.341955662654688644e+10,2.049124545254681396e+10,1.931610038738820648e+10,2.669460813827100372e+10,2.490339235588099289e+10,2.522847607408804703e+10,2.717974673571100235e+10,2.383155632824110413e+10,1.742636733735486221e+10,1.977580657188751984e+10,1.835741281015751266e+10,2.399042282900404739e+10,2.604399605522692871e+10,2.147305125536138916e+10,3.068978844495851517e+10,2.809529450130776978e+10,2.461774679309564972e+10,2.134021674742383194e+10,3.189785033106018829e+10,2.988594462646598434e+10,2.803803574716386032e+10,1.908764465172846985e+10,1.825458355076568985e+10,1.618357493804633713e+10,2.300833650880381775e+10,2.424830604100268936e+10
2.724338677905521011e+10,2.677254033177729797e+10,2.183911601912128448e+10,2.166334196518265152e+10,2.342269474406209564e+10,2.380647176944844055e+10,2.723605440993750763e+10,2.157726624235831451e+10,2.453852614431459808e+10,2.054090991144723892e+10,2.416130155043031311e+10,2.103133250935373688e+10,2.295343391047030258e+10,1.757404618830490494e+10,1.741976970303968811e+10,2.218039565648683548e+10,2.159167180989370728e+10,2.097538036716391754e+10,2.102541629111600494e+10,1.796532035621657181e+10,2.709452431857789230e+10,3.088981876214781570e+10,2.189760616122589874e+10,2.184892877321740723e+10,1.937394936322267914e+10,2.570674602845387650e+10,2.256258746089270401e+10,2.433318107869925690e+10,2.348012570388740540e+10,2.574632978095536423e+10,2.881738234283403397e+10,2.373071211182780457e+10,2.166524879534507751e+10,3.922986172085947418e+10,2.999910817965824890e+10,2.999979371848724747e+10,2.516706158685767746e+10,2.541402300113094330e+10,2.254510727072597122e+10,2.509084914510220337e+10,2.877971962198069000e+10,2.456917234201310730e+10,2.180955405700638199e+10,2.554802950466347504e+10,2.389463399465655136e+10,2.145449188210585022e+10,2.512246821719014359e+10,2.746966813549348450e+10,2.574061699302434540e+10,1.993180129998909378e+10,2.662333884705350494e+10,2.400037282878421021e+10,2.598005453681931686e+10,2.464646839906309891e+10,2.995558457991466141e+10,2.446845839167240143e+10,2.439488593925468063e+10,1.877272391209022141e+10,2.359282282509362411e+10,3.795737944289513397e+10,2.250100097225988770e+10,2.279999820298604584e+10,3.136745629656499863e+10,2.753312676231911469e+10,2.305126571127412415e+10,2.519718921008069611e+10,3.170442120554100800e+10,2.338449089897760773e+10,1.980832287473720932e+10,3.265664310404165649e+10,2.397755244942438507e+10,2.416601435649949265e+10,2.752561852575291824e+10,3.042137293088722229e+10,2.282306541880730057e+10,2.678028666048576355e+10,1.985924812542779160e+10,2.441473982554054260e+10,1.974048402012543106e+10,2.874825058790493393e+10,2.615519654711839294e+10,2.313536739596603012e+10,2.186031813149354935e+10,2.519916495398509979e+10,1.779119847593148804e+10,2.248727494814808655e+10,2.041535869773098373e+10,2.200101756494545364e+10,2.950193140710084152e+10,2.332631518026974106e+10,2.920104133266754532e+10,2.681070385754190445e+10,2.044398941838047028e+10,2.295498142365858078e+10,2.257914138843029785e+10,2.100674413024614716e+10,1.922190589374188995e+10,1.774090675412041473e+10,2.233342136166723251e+10,2.280747958220682526e+10
2.782663875975057983e+10,2.671791912172875977e+10,1.996678754529965210e+10,1.646222907629909134e+10,2.287791597723823547e+10,2.304461436465678406e+10,2.198229992363850784e+10,2.745239901758083344e+10,3.966339232191665649e+10,2.743661105895890808e+10,2.002579199835480881e+10,2.406604749594942093e+10,2.199060059601091766e+10,1.814688414404133987e+10,2.361630171140798569e+10,2.201915767746712494e+10,2.762156261500571823e+10,2.157007881235499954e+10,1.891112181240964127e+10,1.882751662345856476e+10,2.026299185232569122e+10,2.109090248363162613e+10,2.544144214417302704e+10,2.689824594147687531e+10,2.805530020041880417e+10,2.600028098580784225e+10,2.578305383563906860e+10,2.785556334459169006e+10,2.035366415167796707e+10,2.572647465551446915e+10,2.979625069031294632e+10,3.285609396022645950e+10,2.688429517250610733e+10,2.968985215731199265e+10,2.328466833420503998e+10,3.901260308036804962e+10,2.305967045342399597e+10,2.628276707893854523e+10,2.814490533297356796e+10,2.049394766644746399e+10,2.585907756136323547e+10,2.398452335801905060e+10,2.618978419535756683e+10,2.484826155731327438e+10,3.256392647535179520e+10,2.713893959114495468e+10,3.051381090345119858e+10,2.241973954694283295e+10,2.750903211857048035e+10,2.322193684013479614e+10,2.588853030365589523e+10,2.752974712897581863e+10,3.132155001384233856e+10,3.987289220728337097e+10,2.028785659772374344e+10,2.203086403720606613e+10,3.004339139223061752e+10,2.249676922470901871e+10,3.032143738309574509e+10,2.491329266392605591e+10,2.543812166723888397e+10,2.665607113684592819e+10,2.258514937993840027e+10,2.825360344046178818e+10,2.988068683644956589e+10,2.219522649863476562e+10,2.785598701768259811e+10,3.212091527862376404e+10,2.255430422327613068e+10,2.616072233657991028e+10,2.000993379104949951e+10,2.606880880318862534e+10,2.606022569500253296e+10,2.816171835887556839e+10,1.952171221053717804e+10,2.288472346635711288e+10,2.153179107583776474e+10,2.724802882564727402e+10,2.384832607211525345e+10,2.141731092355713654e+10,2.355919055706550980e+10,1.873232610348963547e+10,2.256139225953267288e+10,2.598185185195679092e+10,2.516853901613664627e+10,2.537917252643494034e+10,2.974496252275551224e+10,2.212292166200291061e+10,3.309198199924134827e+10,2.169690489649241638e+10,1.736451814098849106e+10,2.675689285127350616e+10,2.438525871055206680e+10,2.536305469029732132e+10,1.988010482809867096e+10,2.101136117447832489e+10,1.979452278636064911e+10,2.088541469638381577e+10,2.006931614815319824e+10,3.078855926432521439e+10
1.835331628979700089e+10,3.580504600746884918e+10,2.118178917326296616e+10,1.752601523196284485e+10,2.037572510377995300e+10,2.380078214091227722e+10,1.941522983156157303e+10,2.670811824179452133e+10,2.814876636087734222e+10,2.222278763200260544e+10,2.248750727421240616e+10,2.184414807200548553e+10,2.072334436766090012e+10,2.489944596654095840e+10,3.695691583469654846e+10,2.223284635377450562e+10,2.079306253461441040e+10,2.844175985423504257e+10,2.273291734441175842e+10,3.688510841035598755e+10,1.979745179031534958e+10,2.053349132614828873e+10,2.700949631241612244e+10,2.910320532432219315e+10,2.203400156620506668e+10,2.140568500916722488e+10,2.221075260938242722e+10,2.493848569441791534e+10,2.820160075253316116e+10,2.462903464150724411e+10,2.471607136032607651e+10,2.334336275924327850e+10,2.685239590484985352e+10,2.593020794009421158e+10,3.523945598815237427e+10,2.960943629972354126e+10,2.608215350002467728e+10,3.283736968271400833e+10,2.258747012995505905e+10,2.272067660486870575e+10,2.848890133135987473e+10,2.306914064093824387e+10,2.801169689294425964e+10,2.167694574350366592e+10,3.041454729316557693e+10,2.160703245314778137e+10,2.479128209127326202e+10,2.217148776055870819e+10,2.189494326005337524e+10,4.722303607473047638e+10,2.358805049827872467e+10,2.716073102225159454e+10,2.858293338200049973e+10,2.339809219035581207e+10,2.304376135635690308e+10,2.808822164219106293e+10,2.763585584073756027e+10,2.589259780093575668e+10,2.563113682618927383e+10,2.530210855690850449e+10,2.000594260265138626e+10,2.603646511953974152e+10,2.544839844587299728e+10,2.686787379851937485e+10,2.393242001040657043e+10,2.542492857175886917e+10,2.465782245779716492e+10,2.356350564669643402e+10,2.745631983690328217e+10,2.247818402038739014e+10,2.655142333391687012e+10,2.687820334220247650e+10,3.785316413330154419e+10,2.510952041975558472e+10,2.075437883008472061e+10,2.171321336203490829e+10,2.020369609707005310e+10,2.889955204927439117e+10,2.625142943202413559e+10,2.549758542757885742e+10,2.145645999061695862e+10,1.773206236690591812e+10,2.786617575364511108e+10,3.226899530349298477e+10,1.974777034519866943e+10,1.921231969460653305e+10,3.109519773332722855e+10,2.582043392325510406e+10,2.511158672309690857e+10,3.447262934249514008e+10,2.202417743883507538e+10,2.473395506457808685e+10,2.807244396912698364e+10,2.414473581026366043e+10,2.308158678119626617e+10,2.288082785036585617e+10,2.266962791213497162e+10,1.838280006618794250e+10,2.053174210729134750e+10,2.406142253459302521e+10
1.909145027603739929e+10,2.274909295082184219e+10,2.116389535482480240e+10,2.204109391154335785e+10,1.992332833376056290e+10,2.699881010925686264e+10,2.489971250287879944e+10,3.563873501706590271e+10,2.606493577596004105e+10,3.201851720396405411e+10,2.085090897121327209e+10,2.552646150983185577e+10,2.235682167730010223e+10,2.460634768908706284e+10,3.320676941648572922e+10,2.252730700845186234e+10,2.666315013522337341e+10,2.573782856312279892e+10,3.262426926351799774e+10,2.247140169807039261e+10,2.742533502433913040e+10,1.982885573608578491e+10,3.213066686934669495e+10,2.730674024672739029e+10,2.658147741193426514e+10,5.043736086495758820e+10,2.163158158595771790e+10,2.621191390878919601e+10,2.304236140679650497e+10,2.331538707936433411e+10,2.495459314928888702e+10,2.148641939396014786e+10,2.556005521096763611e+10,2.742409715596691895e+10,3.512324178213126373e+10,3.181179689937388229e+10,2.875459049329166412e+10,2.181497190801955032e+10,2.276776426327042770e+10,2.343023566103291702e+10,2.895164193381187820e+10,2.333068538775264359e+10,2.514475019575880051e+10,3.262729202186604309e+10,1.820033987543477249e+10,2.362021622541794205e+10,2.424995036644520187e+10,1.912349071524898148e+10,2.764970458696537399e+10,2.401214338241773224e+10,2.260453073910686111e+10,2.957409429311202621e+10,2.044753811053261185e+10,2.731293188484054184e+10,3.470567548258176422e+10,2.593228296588907623e+10,2.488473466434584427e+10,2.551435695198202515e+10,2.599503650580292511e+10,2.062799870537674713e+10,3.483778542260281372e+10,2.165223011081294250e+10,2.443106135459652328e+10,2.598291380553013992e+10,2.314460604899991226e+10,2.524392343486901093e+10,3.067448577596017838e+10,3.212267891465279770e+10,2.293237407835939407e+10,2.604882446956524277e+10,3.103468063136209488e+10,2.788891566832774353e+10,2.979269830290869141e+10,3.041927269015882874e+10,2.851532104840345001e+10,2.129495558298203659e+10,3.032086815093544769e+10,2.063797380575194168e+10,2.979042640570800400e+10,4.062129235018125153e+10,2.341498637337964249e+10,2.012708172822680664e+10,2.618176684271953964e+10,2.496714745165248489e+10,2.609459995062008286e+10,2.078193768230899811e+10,2.913847729639954758e+10,2.108170389645542145e+10,2.498723624625016785e+10,3.428364880789192963e+10,3.229297437945548248e+10,2.676827897111157608e+10,1.999636239874275208e+10,3.225054525107819748e+10,2.414217920062004471e+10,2.074769800916842651e+10,2.320341741426829910e+10,2.463946412190862656e+10,2.130313505266377258e+10,2.833098091509891129e+10
2.643230263205437469e+10,1.952414318836354828e+10,2.100285817186497879e+10,2.357642484052399445e+10,2.454747684183437347e+10,2.643545208321242905e+10,2.441774162793643951e+10,2.046837246580545425e+10,2.896086459540015411e+10,2.738370411942809677e+10,2.441514773027248764e+10,2.629753975349775696e+10,3.075822127410071564e+10,2.213407032301821518e+10,2.192127618398105621e+10,2.610086701127366257e+10,1.870333470251746750e+10,3.540348460167300415e+10,1.940503683161658478e+10,2.747334640788637543e+10,2.418186347021236801e+10,2.988235592415990829e+10,2.851755271834062195e+10,3.049255633087496948e+10,2.369288797542320251e+10,2.106777618837986755e+10,5.468038157673379517e+10,2.489757830607829666e+10,2.238766711282114410e+10,2.915749043585453033e+10,2.632770448856452560e+10,2.217769009166110992e+10,2.208156199696419907e+10,2.950348946780340195e+10,3.494302727953292847e+10,3.158973727160359192e+10,2.429852323529289627e+10,3.057264612336069107e+10,2.658605688324083328e+10,2.341379872562138748e+10,2.635790506347856140e+10,2.521229056831776047e+10,2.038231719391514206e+10,2.491740556455422974e+10,2.518131734288388824e+10,2.735026835615147400e+10,3.093815985485321808e+10,2.611425626768807602e+10,2.956993536339533997e+10,2.355047947705651093e+10,2.325589351073992920e+10,2.320764095581721115e+10,2.758809126758178711e+10,2.790320467641229630e+10,2.777379797433007050e+10,2.145176534296546555e+10,2.553546458386050415e+10,3.033969079484601593e+10,2.343548703402681732e+10,2.588920555235871506e+10,2.606910978991549301e+10,3.013474126759659576e+10,2.586044768578518295e+10,2.306381844462784576e+10,2.201949915053298569e+10,2.573924630272198486e+10,3.191978877180491638e+10,2.677203275541082382e+10,3.219738024514795303e+10,3.314484127958935928e+10,3.491932147560821533e+10,3.738688441540709686e+10,2.256105195424128342e+10,2.469478661217404556e+10,3.167472983388856506e+10,1.844334137341466141e+10,2.567687739454202652e+10,1.794824666720072937e+10,2.163313296996998596e+10,2.230717829549567413e+10,3.002228466437553787e+10,2.161659614575691223e+10,1.987166892542884445e+10,2.484698086139046478e+10,2.164651551570951843e+10,2.191847892171192551e+10,2.691945330158427811e+10,2.839477845942744446e+10,2.235698367393915939e+10,2.409183007321719742e+10,2.630783558347333145e+10,2.481163636166406250e+10,2.340877710623886871e+10,2.427478675415385056e+10,1.707809496130767822e+10,1.845334921157468033e+10,3.485361776171404266e+10,2.405732541734029770e+10,1.888582348075333405e+10,1.835617745772134018e+10
1.853983930644988251e+10,2.099026937411526108e+10,1.971262308801391220e+10,1.918086507490370178e+10,4.331530020669608307e+10,1.886154443519091415e+10,2.199895233061353683e+10,2.317425448183172607e+10,3.409953255015748215e+10,2.455023071297872162e+10,2.523510905357030487e+10,2.131540952540063858e+10,2.784264776609902191e+10,2.866826791055913925e+10,2.480211623745298767e+10,2.324328016983417892e+10,3.078162488474102783e+10,2.244352734057383728e+10,3.261309045100061798e+10,2.589730702607166290e+10,2.901401113892273712e+10,3.035428029884048462e+10,2.688529936638239288e+10,2.553339392436859131e+10,2.708018644504417801e+10,2.471597790103721619e+10,2.616833657279798126e+10,2.743190688242813110e+10,2.705737821905583191e+10,3.039880203617416763e+10,2.789784798825464630e+10,2.902092514130263138e+10,3.213385221434170532e+10,2.419495707342561722e+10,2.184347471261257172e+10,2.837166795241020203e+10,3.198816909805840683e+10,2.728537003886015701e+10,2.636133870740523148e+10,3.099626480139720535e+10,2.442605168098295212e+10,2.444258105455448532e+10,2.304291567947378159e+10,2.934099767220567703e+10,2.657068996364949799e+10,2.715180643882509613e+10,2.720017129639521027e+10,2.698254678798628998e+10,2.588320571463488388e+10,2.932666572338481903e+10,3.905652922700170135e+10,2.712114709056934357e+10,2.308352122366030884e+10,2.261021513473575211e+10,2.578233551183491898e+10,3.087729725257258987e+10,3.033250811895003891e+10,2.523450648467168427e+10,2.289894087168055344e+10,2.726472352442472839e+10,2.287108596074535370e+10,1.979023332777275467e+10,2.360948478574684143e+10,2.417657206697552490e+10,3.223916438664465714e+10,2.611829520598294449e+10,2.091365764528075409e+10,2.763400950848584366e+10,2.811753354662034225e+10,3.042641262987787628e+10,2.338580362935420227e+10,3.091667082144839859e+10,2.333619460814717865e+10,2.226985954595056152e+10,3.518764691448953247e+10,3.882421399887018585e+10,2.946233463104852676e+10,3.261796146069314194e+10,2.855874106295642471e+10,2.015313143667639923e+10,3.288395623318883896e+10,2.412132731091592026e+10,2.879725617439611435e+10,2.963537380127398682e+10,2.238720613578566360e+10,1.946907901829083252e+10,2.486071743383987808e+10,2.796847220721091461e+10,2.051122999860526276e+10,1.721006406930101395e+10,2.713812057002317047e+10,1.936269292362099075e+10,2.581596441056757355e+10,2.202788221785397720e+10,1.937395795812028503e+10,1.672261861493559265e+10,3.830499820729710388e+10,2.539960509331013489e+10,2.760179548119243622e+10,1.999923892315433884e+10
1.873232801120211792e+10,2.388801169155444717e+10,2.464879902091653824e+10,2.544381150038449097e+10,2.073498330281576157e+10,2.384530742691473007e+10,2.310054795826780701e+10,2.364293661907677460e+10,1.859357894121559906e+10,3.176051028587583542e+10,2.884124342810700989e+10,2.604449802549983215e+10,2.248377259921580887e+10,2.046332221149586105e+10,3.270523960774379349e+10,2.661798875372599792e+10,2.073805068304640198e+10,2.771837804173262787e+10,2.321654610661561203e+10,2.960745468341600418e+10,2.743333945932078552e+10,2.850643243604107666e+10,2.650119404105690765e+10,2.477701311097850418e+10,2.815532218271060944e+10,2.512925183630798340e+10,2.715999697409722900e+10,1.792158293919202423e+10,2.746829622041739273e+10,3.615221429739665222e+10,2.532308960642189789e+10,3.132079599793544388e+10,2.642618799786903763e+10,2.728521418459389877e+10,3.001532366108913040e+10,3.818112842713389587e+10,2.650928083034307480e+10,2.133311506931796646e+10,3.295544188132801819e+10,2.840716317087079239e+10,2.486029228837341309e+10,2.908016050945096207e+10,3.117932905368185425e+10,2.845040831049734497e+10,2.934992359622593307e+10,2.547657485229854202e+10,2.324980986958787537e+10,2.729872977345489120e+10,2.500445165853889847e+10,2.020401645334941101e+10,2.729326273502252960e+10,2.819254428950917053e+10,2.369550588875915527e+10,2.397429559643043518e+10,4.002946843747243500e+10,3.201042941591433716e+10,3.097799259574026108e+10,2.524900624311836243e+10,2.554265822913788986e+10,2.397694744750818253e+10,3.166540517555916214e+10,3.446264478503057098e+10,2.788210077406502914e+10,3.216775431614371109e+10,2.443019857635678864e+10,2.482819487671297836e+10,3.025053980927317429e+10,3.479647205878533173e+10,2.294011140551311111e+10,2.120368263948310089e+10,2.453720979501247787e+10,2.068624473315110779e+10,3.071512811158372116e+10,2.544704548670053482e+10,2.330229424663361740e+10,2.872645737623075485e+10,2.584709375007648468e+10,2.677396289092741394e+10,2.099379058812237930e+10,2.229070832587993240e+10,2.428503700063344193e+10,3.972541426781711578e+10,2.212107033901505661e+10,2.149815408465963745e+10,3.416586557343314743e+10,2.107803192106787872e+10,3.031331404273170853e+10,2.386487865210871887e+10,2.153408606429362869e+10,2.076527823653737259e+10,3.173213189617541885e+10,2.650103274361532593e+10,2.552217214449866867e+10,2.127051408008077621e+10,2.525674351424828339e+10,2.543832238912077713e+10,2.098686485717248917e+10,3.251008456020942307e+10,2.310215256674155807e+10,2.018704328094384003e+10
2.671742723106466293e+10,2.867373668489157486e+10,2.176582213160492706e+10,3.440331045294273376e+10,4.236511686009816742e+10,2.715345315807497025e+10,2.047772356836217117e+10,2.516193451413706589e+10,1.958259174952383804e+10,2.617266826302057648e+10,3.449089122215552521e+10,3.218914047273663330e+10,2.030228103589842224e+10,2.164880812640465164e+10,2.363219297719373703e+10,2.110349686513634109e+10,3.171836161862969589e+10,2.355711243157556152e+10,4.093165287999267578e+10,2.273897743730733109e+10,3.283638970261926270e+10,2.778694474934347534e+10,2.301438467765354919e+10,3.077189975591416168e+10,3.007734666036572266e+10,3.241649088417826462e+10,2.594156703569757462e+10,2.504051544768767929e+10,2.602541939185010147e+10,2.674872625137519836e+10,3.934453071466271210e+10,3.438537065862793732e+10,2.396987791676546478e+10,3.170515787705632401e+10,2.900720958197917938e+10,4.438876505341125488e+10,2.548423360817958832e+10,2.884915188800733566e+10,2.887617585150380325e+10,3.891350203072811890e+10,2.659800847484470749e+10,3.263208603726173019e+10,3.182121832527083206e+10,2.183911808775368118e+10,2.464572145208354568e+10,2.938781254565979004e+10,2.822901435574545670e+10,1.819223980651773453e+10,2.889665346825568771e+10,1.947232928030390549e+10,2.513323370016810989e+10,2.379125672494589996e+10,2.334016483930936432e+10,2.833277937187504196e+10,2.878678743590742493e+10,2.211037945863291168e+10,2.784018433890914536e+10,3.457383933415220642e+10,2.988850506856312180e+10,2.615422184959981918e+10,2.534255934596647263e+10,3.037767161464367676e+10,2.548692409476119232e+10,3.136309308414244843e+10,2.696897961315869904e+10,3.609971302458008575e+10,2.952208846896948624e+10,2.828427942971074677e+10,2.614818623402942657e+10,2.319847474352759171e+10,2.566648152717290115e+10,2.484475045619621658e+10,2.310387357164348984e+10,2.685382566236743546e+10,3.042513216107201767e+10,4.080382214523800659e+10,3.200650928473966980e+10,2.523025849342882156e+10,2.080218310692836761e+10,2.489727662890066528e+10,2.225356383540504837e+10,2.953695432666226196e+10,2.283630758079013062e+10,2.515103687866458893e+10,3.613542270721349335e+10,2.514650258518084335e+10,2.352329390748576355e+10,3.098778195484708786e+10,2.584717880547360229e+10,2.732022416897914124e+10,2.341399621549307251e+10,3.232245473271907806e+10,2.588640118946647263e+10,1.830293129282661057e+10,2.282805134879195786e+10,2.348474097771282196e+10,1.904464519223577499e+10,2.782610804189447403e+10,1.723536158528599930e+10,2.291015944990509033e+10
2.163367766592851639e+10,2.297972796647981262e+10,2.452410076753594589e+10,2.443997829412003326e+10,2.753164546077822113e+10,2.305419413471128082e+10,2.576752257537840652e+10,1.963421634561618805e+10,2.088308466657402420e+10,2.409514684299868774e+10,2.646387613173256683e+10,2.284564918234714127e+10,3.046692742185039520e+10,2.624988492849408722e+10,2.636337636118695450e+10,2.177077055425607300e+10,3.210712287204502487e+10,2.804085178348487854e+10,2.466443729516201019e+10,2.162680113864695740e+10,3.405381479488093185e+10,2.116984417334141541e+10,3.804529026777127838e+10,2.443906829377506638e+10,2.553021582973659134e+10,2.306947353683708954e+10,2.936106596873858261e+10,3.362957537845666885e+10,2.381689421441596222e+10,2.620595441909726715e+10,3.493060253309748077e+10,3.169626197782834625e+10,2.987830449293955612e+10,2.693733884121992493e+10,3.305664899096294785e+10,2.930819454170660782e+10,2.497821317217524719e+10,2.801085721630537796e+10,2.763499155446445084e+10,3.065536539888436508e+10,2.571369432439837265e+10,2.543982493773130417e+10,2.542042173949254990e+10,3.244214887908772278e+10,2.704806920433820343e+10,2.270359885088351059e+10,2.335468206992836380e+10,2.699593430791092300e+10,2.865952988261659622e+10,3.784999167397357178e+10,2.135362117285915756e+10,2.243906603545434952e+10,3.513806907168370056e+10,3.108822044538287354e+10,3.525169218911490631e+10,2.134364852713484955e+10,2.139796746845769501e+10,3.231880438395502853e+10,2.810078766774909973e+10,2.576714003062068176e+10,3.308031683260367584e+10,3.219375267927608109e+10,2.774406475841263962e+10,3.408581621307307053e+10,2.739641733291210938e+10,3.021269423620144272e+10,2.673012114294413757e+10,2.719580538609344482e+10,3.504523536389468384e+10,3.108844155185243988e+10,2.526016177039209747e+10,2.618909202501438522e+10,3.311411932595890808e+10,2.323691776205412292e+10,2.611149413626854706e+10,2.292821235191561127e+10,3.796918991758942413e+10,2.499669611900200653e+10,3.275270731239916611e+10,2.371641351264897919e+10,2.669537091697895432e+10,2.517606622991181564e+10,3.209482894401092529e+10,2.808922974464452744e+10,2.319079963014042282e+10,2.613511685786551285e+10,2.539534980317081451e+10,2.958036595260310745e+10,2.366859996034677124e+10,1.896208775724621582e+10,3.682031827076219940e+10,3.028443766859509659e+10,2.279473670444972992e+10,1.809403890738193130e+10,2.689409485901594925e+10,2.515353913643085098e+10,2.186614338305057526e+10,1.959888403420652771e+10,2.636442783102565765e+10,2.171610117686243820e+10
2.098028662485004425e+10,2.926045535517560577e+10,2.094983079357532501e+10,2.736807726218705368e+10,2.516591362600738907e+10,2.182272960255655289e+10,2.782168388796663666e+10,2.771477872040365601e+10,2.610871704820020294e+10,2.340260246073611450e+10,2.572463473344462204e+10,2.648697597745577240e+10,2.495875229789086533e+10,2.964631589771493530e+10,2.800196895582009506e+10,2.511052674802214050e+10,2.486027629113753891e+10,3.355061888299128342e+10,2.526560427328956223e+10,2.557585745455481339e+10,2.500160497229412079e+10,2.932756823464574432e+10,2.643527369784920120e+10,2.802288213534880066e+10,3.866999580624912262e+10,3.133970862543871307e+10,2.767657260050000381e+10,2.595028340747613907e+10,2.840347818459074020e+10,3.076827398013538361e+10,4.154556828027187347e+10,2.779814445394628143e+10,2.632120678148260498e+10,3.063157524084232330e+10,2.666340286473789215e+10,2.414704248076443481e+10,2.483654119619956589e+10,3.429076410834740067e+10,2.430837279710306168e+10,2.482639827186031342e+10,4.451924475875390625e+10,2.777175321210972214e+10,2.736331898859160614e+10,2.928646670687392807e+10,2.689269634179079437e+10,2.399852725350334549e+10,3.427714901487228394e+10,2.413710547711599350e+10,2.442751085428609848e+10,2.752994529222808075e+10,2.570522188059086609e+10,2.964104191915148163e+10,2.966678573271333694e+10,2.579048260759431458e+10,2.002608908278908920e+10,2.670033450987360382e+10,2.166164374774710846e+10,2.572647772231129074e+10,2.845643252197684479e+10,2.895003902449353790e+10,2.650232102038344193e+10,2.436679145396082687e+10,2.260562863085932159e+10,3.662557509280416107e+10,3.537329045704577637e+10,2.529733598392695999e+10,2.291901288550465775e+10,3.668742082527140045e+10,3.126697804957265854e+10,2.609991124230536270e+10,2.538282662526877213e+10,2.958729493028036499e+10,2.624446057663602448e+10,2.674642396354618835e+10,2.103372220417221451e+10,3.130113975307757950e+10,2.834362411778893661e+10,4.519903035417896271e+10,3.034794657552076340e+10,4.210991117161605072e+10,2.642891875759814072e+10,2.626376845003676987e+10,4.445453520990955353e+10,3.115392416196084976e+10,2.932014261257120514e+10,2.752313428149195099e+10,3.236379421900675583e+10,2.579930597072700882e+10,2.140538645597090912e+10,3.189221014562523270e+10,2.214128676669001770e+10,3.100124120179917908e+10,2.688172080925547409e+10,2.514133876196102905e+10,3.098569677014075851e+10,2.685352459413139725e+10,2.415659497352977371e+10,2.836443627121620178e+10,2.315615435404444504e+10,2.154006115990753555e+10
2.114088730574731445e+10,2.340315579550315857e+10,1.942113859107879257e+10,2.280583491577202606e+10,2.391493691480171585e+10,3.549813716915665436e+10,2.680351071196950531e+10,2.976128421442921829e+10,3.075884155902753830e+10,2.732658421334898758e+10,2.826484824761584091e+10,2.566272985786358643e+10,2.331293550275206375e+10,3.170685939185467911e+10,2.377147712990530396e+10,3.784054791377246094e+10,2.075595979056052399e+10,2.349543298674945450e+10,3.292222428446686935e+10,2.507204265560913849e+10,2.291724293058913803e+10,3.288663067968915176e+10,3.400474001555551147e+10,2.271770862100166702e+10,2.590632129324465179e+10,3.023637719511016846e+10,3.118190197319223022e+10,2.926178022443729782e+10,2.282572618220267105e+10,3.588298510891452026e+10,3.554186709736694336e+10,3.148809359002658081e+10,2.976277314610602188e+10,2.762910199358116531e+10,3.058024166549895859e+10,2.775601385491474152e+10,3.681307545729721832e+10,2.681471885973394012e+10,2.694558449746331787e+10,2.870986066013335419e+10,2.731459395757822418e+10,2.931798951520758438e+10,2.872062891689588928e+10,3.057013528352008820e+10,2.193553764200031281e+10,3.229411802379113388e+10,2.924170429228392410e+10,2.528175049252238464e+10,3.871491586883123016e+10,2.745465777581463623e+10,3.255097699131488037e+10,3.538851948382723999e+10,2.190944781123212433e+10,2.543065343761882019e+10,3.088409620652224350e+10,2.571508496512939835e+10,3.095845919763034821e+10,2.532810993504629517e+10,2.810648593954690933e+10,3.174143696151321793e+10,3.259675932766298676e+10,3.742462509670082092e+10,2.746390858552599716e+10,2.745890345414004898e+10,3.062829595937963867e+10,2.839560187435110092e+10,3.012034497392282486e+10,2.779897736315230179e+10,2.673170337852305603e+10,2.764198620252506256e+10,2.565367010070918655e+10,3.892659066936543274e+10,2.922908140090787506e+10,3.061850549651529312e+10,3.428146744983514023e+10,2.918794410168147278e+10,3.649305114825648499e+10,2.742849707008742523e+10,2.656286924411350250e+10,3.307810291252635574e+10,3.761160733813735199e+10,3.940430447558394623e+10,3.755175557399206543e+10,2.709164831889029694e+10,2.298282293413245010e+10,2.481289565429819489e+10,2.319305942724459457e+10,2.637109161584589767e+10,3.169842480210733414e+10,3.078816212317311859e+10,2.079455926564228058e+10,3.184449850839516449e+10,2.369591189483271790e+10,2.298370614201005936e+10,2.401793151067885208e+10,3.577452216905037689e+10,1.777111735650501633e+10,1.784541337906388092e+10,2.549344538908036804e+10,2.581356067805420685e+10
2.028009965862661362e+10,2.510668958591074753e+10,2.780535803749152374e+10,1.754139328676488495e+10,2.521985585578573227e+10,2.746061691358705902e+10,2.696287615869603348e+10,2.420365998848505020e+10,2.659460131564379501e+10,3.407590413052883530e+10,2.437388478618738937e+10,2.687642274282033157e+10,2.884260924314116287e+10,3.534284025038656616e+10,2.708709385802133942e+10,2.761164179984811401e+10,3.622532811214730835e+10,4.373271955382615662e+10,2.336709692195978165e+10,2.104541146306042862e+10,3.425858825628851700e+10,2.777397572242620087e+10,3.203228494654742813e+10,4.578471687865727234e+10,3.400743010273426056e+10,2.720590297514585114e+10,3.397018123732400131e+10,2.703235452595919418e+10,3.075109492628836060e+10,3.429661492555696487e+10,2.723529957758255005e+10,3.405232901185326385e+10,3.002601121577939606e+10,3.444349279724003601e+10,2.873181044318629074e+10,3.424300603175144196e+10,2.216722888786357117e+10,3.791217128269519806e+10,2.872217819194713593e+10,3.822228448439515686e+10,2.976585735994309616e+10,4.038206104706146240e+10,3.878982311527037048e+10,3.355556625273981857e+10,2.932035988550682449e+10,3.196516294043998337e+10,2.200217520379321289e+10,3.357889654694746780e+10,2.391639961239746094e+10,2.644275482120923233e+10,2.146932438929919052e+10,4.329131563202522278e+10,3.401981836783688736e+10,2.506503355287158966e+10,2.387825949817266846e+10,2.218148403709598541e+10,2.560432361535429764e+10,3.689680846391792297e+10,2.903248016624920273e+10,3.401902515913269043e+10,3.415670995912860107e+10,3.562193119745240784e+10,3.077326274105184174e+10,2.750311016046799850e+10,2.300879633857918549e+10,3.222342590471825027e+10,2.871283872976272964e+10,2.649705678091850281e+10,2.936785202673558044e+10,3.951611338720991516e+10,4.873476831648004150e+10,3.849335330404426575e+10,2.522527217824168777e+10,3.678344992108216858e+10,2.585223032909604263e+10,2.950885864817197037e+10,2.994053553150082397e+10,2.944224748151999664e+10,2.713767453136523438e+10,3.044091138763414001e+10,3.059369467421675110e+10,2.216118380051149368e+10,2.598097051587736893e+10,3.425760168159416580e+10,3.124512808281018829e+10,2.551855075048224640e+10,5.394077562895262909e+10,2.815981755997109604e+10,2.181733529362672424e+10,2.678072678030422974e+10,2.977535084857759857e+10,3.062280315370936584e+10,2.584093888016539001e+10,2.437579244994318771e+10,2.043024235793470383e+10,2.574044724034122467e+10,2.511696741420868301e+10,2.386231149813177490e+10,2.113947685614300156e+10,2.657865256442653656e+10
2.068495790065814209e+10,2.140712573810899353e+10,2.421845560609136963e+10,1.778016756743489075e+10,2.003659196602844620e+10,2.300500269790241623e+10,2.826109534945196152e+10,2.513875497331957245e+10,2.246407765721971893e+10,2.903379842182468796e+10,2.834120904025600052e+10,3.282079084911680222e+10,2.841196467400709915e+10,2.186750056769966507e+10,2.530940782934534073e+10,3.146984878628951263e+10,2.970661423612149048e+10,2.840959486389810944e+10,3.741952740652593231e+10,2.610776963986674500e+10,2.351579614761968994e+10,4.316511902756898499e+10,2.911047319742911148e+10,3.216907588246873474e+10,4.005559330245828247e+10,3.083629662929594803e+10,3.061180463051233673e+10,3.489833241630277252e+10,4.224901347418288422e+10,3.447137311421786499e+10,3.421729627696503448e+10,3.406029681827860641e+10,3.479469941154095459e+10,2.898397410820961380e+10,2.928176449822120667e+10,2.509400711803085327e+10,3.543733249403736877e+10,3.814149598661833191e+10,3.119172854371440506e+10,3.744393934330906677e+10,5.471663978530006409e+10,2.310287341128705215e+10,2.653415512908148193e+10,2.663578229560731506e+10,2.935779621898669052e+10,2.645188269949634552e+10,2.649816196062032318e+10,2.532435168528242874e+10,2.643053091823132706e+10,2.562674243016897583e+10,2.880529009413589478e+10,2.825793973813785553e+10,2.577589930842606354e+10,3.074903445404977417e+10,2.127220751517384338e+10,3.272093910249744797e+10,2.400580522871377945e+10,2.649585700652330780e+10,2.414160905105458832e+10,3.218611804816056061e+10,2.504657135004682541e+10,2.853907409555589294e+10,2.533091314628398895e+10,2.600909426783324814e+10,2.680117825190642166e+10,3.447719737273713684e+10,5.905319118108675385e+10,2.941000532426493835e+10,4.234332482126987457e+10,3.322469844707556915e+10,3.856922052119371796e+10,3.153976770290217972e+10,2.924072016255398941e+10,3.175957258868738937e+10,2.790178048509119797e+10,2.952010316101496887e+10,3.730452404230089569e+10,3.350572976398949432e+10,2.177920042308094406e+10,2.825511373805509949e+10,2.846341679595126343e+10,3.425633166507793045e+10,3.002241222195791245e+10,3.154531546295402908e+10,3.855543447635491180e+10,4.003485845133443451e+10,2.895305579128597641e+10,2.470910553770495224e+10,2.506924230961405182e+10,2.424773555628858185e+10,2.479152822035173416e+10,2.802938973125114059e+10,2.230540746535545349e+10,3.492787775546209717e+10,2.736981594178563309e+10,1.902979721634109116e+10,2.120063877311478043e+10,1.984770569467796326e+10,2.176710585598889160e+10,3.907674257846817780e+10
2.231868898072429276e+10,2.432578238246033478e+10,1.788349037111594009e+10,3.902375090981873322e+10,2.241103657881378174e+10,2.480352171580207443e+10,2.314553043644985962e+10,2.537936565957505417e+10,3.091046320721868134e+10,2.849699489774447632e+10,3.220579064151955414e+10,3.069676331955677795e+10,3.904353282888383484e+10,3.739158145380233002e+10,2.632505543355192566e+10,4.569020637914869690e+10,2.978788454459451675e+10,2.915911556636966705e+10,2.529350484727029800e+10,2.782532542452481079e+10,2.852507152242606735e+10,3.489362224063958740e+10,2.866766758812577438e+10,2.936743176110478592e+10,2.534429293805163574e+10,2.945289924356297684e+10,3.351789804039078903e+10,3.246459656950558090e+10,4.847233099458474731e+10,4.673455832358739471e+10,3.235198928734639359e+10,2.890574283000838470e+10,3.644068448941607666e+10,2.599567327540969086e+10,3.350573933750490189e+10,2.079125468620065308e+10,3.117199178588181686e+10,3.494726519143152618e+10,2.544419575093370438e+10,2.742310077351694107e+10,2.496515103382981110e+10,2.719930348495098877e+10,3.129346527963087463e+10,2.640346468864417648e+10,2.497082203357579041e+10,3.067011759295613098e+10,2.635599131089867401e+10,2.710496294843471527e+10,2.430201111311958313e+10,3.265941318069731140e+10,2.976390084304298782e+10,2.672587544105297852e+10,4.014473749794868469e+10,4.046494524290625000e+10,3.008046720084197617e+10,2.609626060966212463e+10,2.643479678346697617e+10,3.562767380430042267e+10,4.309272279201473236e+10,3.021591466886502457e+10,3.188976072596201706e+10,2.815712356917258453e+10,4.787462503804941559e+10,3.416797802959549713e+10,3.084401118311845016e+10,2.895329783387485123e+10,3.031174893609115219e+10,2.505502485814103317e+10,3.316631484705684662e+10,3.026307525178644562e+10,3.434955882760233307e+10,3.992391230959791565e+10,4.308968787420616913e+10,2.950783738006898880e+10,3.813358476649822998e+10,4.029828273049753571e+10,2.821248988390829468e+10,2.769844569440813828e+10,3.121444005208073044e+10,3.142099646332863617e+10,3.281899577424657822e+10,3.066808919063183594e+10,3.068669073374617767e+10,2.664014821963790512e+10,4.050847524458471680e+10,3.576205940567335510e+10,2.851520068284873581e+10,3.000508949444657898e+10,3.165010966404996872e+10,2.448125367096821594e+10,3.413479154158638763e+10,2.539660160689556885e+10,2.345249615500458145e+10,2.240285232268771362e+10,2.913525105566411591e+10,2.205820010456315231e+10,2.391348581108370209e+10,2.477818474632184601e+10,2.818394219187812042e+10,1.824091012829682159e+10
1.755025551173500061e+10,2.019814084703705978e+10,2.507744341733320999e+10,2.116043294478593063e+10,2.252676368081322861e+10,2.168522929090901947e+10,2.362641257373963165e+10,2.845490645854674149e+10,2.026551418188987732e+10,2.840852734260462189e+10,3.104324516037613678e+10,2.588233432807893753e+10,2.913299127000104904e+10,3.398512700985253143e+10,2.784111889642631149e+10,3.211837220225944519e+10,3.531502527736028290e+10,2.466955421809924698e+10,2.960131979107533646e+10,2.515422396401915359e+10,2.657793043915884018e+10,3.223972338176756668e+10,3.655434386438278198e+10,3.215499692050093079e+10,3.023426869054054260e+10,2.778867853567441940e+10,3.332611911910347366e+10,3.463626213067546082e+10,3.001523607683607483e+10,3.452940488519897461e+10,3.020950622202218246e+10,3.026467387318441772e+10,3.166579265171308517e+10,2.803436336226398087e+10,3.511085587323456573e+10,2.707087835051715088e+10,3.307732265637806702e+10,3.480208754864329529e+10,5.591808500509915924e+10,3.074712906998338318e+10,3.258199766486906433e+10,3.146768755845317841e+10,3.540153435294174194e+10,2.990487969495682526e+10,2.629486105533305740e+10,2.546763884980887222e+10,3.368805326013402557e+10,2.693617295554692841e+10,2.434679321804476547e+10,3.222450675936703491e+10,2.606214801395434189e+10,3.011887457572714615e+10,2.935659511495893478e+10,2.733977752660905838e+10,3.485931785333028412e+10,2.522037419316539764e+10,2.559302420945405579e+10,2.585874824920361710e+10,3.831028969808522797e+10,3.071453990971136475e+10,2.975146315441091537e+10,2.893650782237086105e+10,2.754197146938003540e+10,5.398387415768305206e+10,2.349414848375155258e+10,2.802623337294147110e+10,2.683302584653374100e+10,2.644202367513373566e+10,4.362015522763562775e+10,3.996727047354805756e+10,3.459080858986750793e+10,4.010861980214053345e+10,3.276860011589672470e+10,2.644166493360506439e+10,2.747951322890331268e+10,4.160267556855858612e+10,3.405105254287258911e+10,3.809415061529807281e+10,3.112307878002092743e+10,3.841188219756298065e+10,3.650129070970195770e+10,3.158291176731336594e+10,3.029184284025622940e+10,3.796506858325624847e+10,2.532360376918313980e+10,2.745051620450786972e+10,3.968071579354578400e+10,2.695748802603799438e+10,2.670567915155838776e+10,2.259562313072350311e+10,3.183023062139784241e+10,2.127465211347838211e+10,2.076204118535532761e+10,1.953504864738990021e+10,2.199547162589819717e+10,2.720008740461057663e+10,2.518999837590731812e+10,2.080652886421318436e+10,2.643172767669242096e+10,2.623877615973881912e+10
2.794722945639368057e+10,2.163908345812667084e+10,2.564182893490912628e+10,2.702779912158001328e+10,3.214694010678876877e+10,3.183690308395922089e+10,2.724780126741484833e+10,2.393574524771807480e+10,2.693231487019397354e+10,2.969454320519774246e+10,2.343831673519630051e+10,2.626426945439299393e+10,2.610563006247507095e+10,2.976005595595222473e+10,2.879403382854015350e+10,3.697892465921994781e+10,3.626044097849836731e+10,3.311472205146326065e+10,2.468549782209018707e+10,5.049420263964428711e+10,2.587772914910148621e+10,4.464765215573881531e+10,3.971655702270608521e+10,2.618614506131694031e+10,3.286346933196949768e+10,2.854407097808235550e+10,3.428154005949855804e+10,3.478114819774020386e+10,3.365634988836014938e+10,3.360626343227264404e+10,3.548645878500709534e+10,3.728837687156660461e+10,3.564282368082146454e+10,3.105457731378004074e+10,2.861205125386303329e+10,4.033959301642583466e+10,2.798547491243607712e+10,3.317039924194350815e+10,3.192714566799714661e+10,3.093156148382115555e+10,3.877822150343997955e+10,3.526863853562028503e+10,3.909291107058839417e+10,2.660319061033348083e+10,3.491982445500670624e+10,3.521033432659053802e+10,2.897638720303909302e+10,2.921627920488794708e+10,2.309227174383983231e+10,2.274376640789455414e+10,3.464315123739899445e+10,3.181027666143516922e+10,4.884506260107373810e+10,2.506874439583821869e+10,4.074097000829480743e+10,3.185182585476972580e+10,3.380257829474446106e+10,2.518448772857781219e+10,3.502361781821733093e+10,3.341009707703142166e+10,3.400618211490628433e+10,2.741511270014140701e+10,2.699491284033436966e+10,2.810161024028128052e+10,2.905418528815892410e+10,4.072786620894715118e+10,3.225325679924877167e+10,2.873649197043848801e+10,3.163394807648638916e+10,3.425538405618482971e+10,4.032770243477761841e+10,3.903727241282095337e+10,3.293375164522748947e+10,3.507727288539588928e+10,3.531063804214524078e+10,3.517869414758570862e+10,3.452084404760556030e+10,3.250033974485110092e+10,3.455217177668485260e+10,3.843547443427484131e+10,3.290526146038685989e+10,2.835150748481587601e+10,3.749701498488054657e+10,3.546521530154122162e+10,3.655947492226031494e+10,3.038507260968551254e+10,3.029086778457653809e+10,5.407520933199423981e+10,2.359900729859894943e+10,2.963913425202301025e+10,3.020576771070183182e+10,2.289166892433055878e+10,3.192987029639721680e+10,2.880047269407493210e+10,3.133269119716600800e+10,2.276496734437528992e+10,2.428611733397127914e+10,2.074404636629413986e+10,1.974994761582913971e+10,1.687600484051392555e+10
2.508454220120410156e+10,2.460767844995189285e+10,2.821204162379167175e+10,2.502300200178590393e+10,2.815152227696198273e+10,2.481297531025814819e+10,2.939376372879011154e+10,2.581957276495573044e+10,3.032542439194149399e+10,3.288447792567609024e+10,2.902051587959041977e+10,2.767485290634737396e+10,4.683005975475968933e+10,2.774645975147412872e+10,3.574960247819586945e+10,3.301681174493463898e+10,3.304132043623365784e+10,3.165121966315912247e+10,2.928755132383271790e+10,4.245185529334214783e+10,3.170960590134258270e+10,3.575797786570268250e+10,3.787399929453292847e+10,3.523813729512581635e+10,3.586901678574932861e+10,3.182627344473677063e+10,4.794549479661226654e+10,4.500903056327713013e+10,3.254349729753054047e+10,4.166857135945000458e+10,2.721648715785366440e+10,3.477497014545525360e+10,2.766923707496883774e+10,3.184236044728588486e+10,3.943352550940276337e+10,3.181729310216203308e+10,3.035149645052530289e+10,3.285389929189752960e+10,2.890453598667708969e+10,3.455761955562432861e+10,2.749934650597220230e+10,3.260055206415243530e+10,2.308391992360256958e+10,2.743855594391665649e+10,3.585773746720505524e+10,3.154143166149198532e+10,2.288785843903530121e+10,2.294205840784364319e+10,2.628252384527791977e+10,2.961469975981321335e+10,3.085125726966728210e+10,2.786871173987018204e+10,3.266887943615674591e+10,2.819511593464620209e+10,4.030974762321168518e+10,3.640312950209159088e+10,3.584210944380039978e+10,2.750291690929885864e+10,3.566108860976331329e+10,3.583517345421694183e+10,2.887529707765273666e+10,2.501495857633721161e+10,2.865264193860547256e+10,2.839532947648602676e+10,3.159690324784158707e+10,2.641842394617990875e+10,2.656074019910710144e+10,3.425749890101549530e+10,3.661919968982534027e+10,3.370871367671608734e+10,3.929972660355752563e+10,3.364986024850393295e+10,3.117081032248503113e+10,2.701778425245627594e+10,3.223051554151822281e+10,4.099347543744165039e+10,3.544620465297892761e+10,3.425711923531616592e+10,3.522285393696826172e+10,3.371945671024020004e+10,3.987688927936132050e+10,3.661502614698448181e+10,2.672014350701683044e+10,2.934222674548861313e+10,2.913806776772623444e+10,3.087022537750327301e+10,2.992859103293022537e+10,3.327604001029129028e+10,2.735275658530159760e+10,2.672618338054592514e+10,3.257850068102728653e+10,2.716421957816703796e+10,3.172419708454882050e+10,2.703626213444646835e+10,2.563595422103647232e+10,2.196125958697006607e+10,2.837220540958557510e+10,2.388286583026076889e+10,2.344159776117061615e+10,3.328399324184654617e+10
3.355398441393278885e+10,2.398674840059938431e+10,2.408891017211040497e+10,2.087662464715259171e+10,2.637723392430132675e+10,3.006323652166262054e+10,2.213362305442417908e+10,2.167315880271173477e+10,3.825180867530951691e+10,2.699351135385842896e+10,4.461922925151437378e+10,3.385800929010891724e+10,4.244226274902275085e+10,3.443098279307907104e+10,3.007795324069847107e+10,2.974377052884577560e+10,3.262316690438062668e+10,3.511490150097761536e+10,3.875067473117379761e+10,3.515085401241926575e+10,4.004587022716329956e+10,3.517608050878826141e+10,3.489478278385113525e+10,4.610895747187564087e+10,3.077288331657828522e+10,4.425902477371833038e+10,3.920345440281858826e+10,4.857846696773825073e+10,3.277685200044108200e+10,4.874902844140309143e+10,4.060329131489604950e+10,3.316836459966906738e+10,3.519132729136824799e+10,3.186335204511532211e+10,2.912172112062291336e+10,3.228116885999265289e+10,2.693184743738313293e+10,5.949177391111749268e+10,3.810563544952694702e+10,2.855123319733186722e+10,3.426968736605530548e+10,2.814292398504994202e+10,2.569489668674014664e+10,2.913561766069862747e+10,3.040434085720457840e+10,2.284071703952486801e+10,3.503006469694721985e+10,3.282813452878858185e+10,2.937751399087081909e+10,2.397437373206415558e+10,2.969396284846502304e+10,3.325544507643594742e+10,3.549094175758088684e+10,4.144500549785676575e+10,2.622111928916402817e+10,2.537134444807190323e+10,3.312122347827145004e+10,2.236457642905530548e+10,2.512946096711033630e+10,2.537675753607575226e+10,3.285641100356315231e+10,2.706882552508053970e+10,3.340366446507926559e+10,3.282585464303255081e+10,3.565976023457244873e+10,3.073126163584522247e+10,2.999354277480100250e+10,3.264099034173499680e+10,4.776819288332421875e+10,3.554465479023715210e+10,3.883377770968260193e+10,3.747681707894599915e+10,4.468047714794344330e+10,4.540954635287694550e+10,4.022749922492967224e+10,3.148372998817759705e+10,3.900345664849172211e+10,3.904014929503512573e+10,3.561868313984177399e+10,3.289261667774113083e+10,3.443276490774067688e+10,4.331483196188024139e+10,3.468791088032806396e+10,2.515216339462344360e+10,4.489979131424583435e+10,3.951816857140181732e+10,3.425105507214866638e+10,2.661690592201152420e+10,3.289155706765428543e+10,2.998908834736702728e+10,3.166416907073933029e+10,2.994681086095280457e+10,2.874604992808932877e+10,2.477049562730380630e+10,2.092787867769459152e+10,2.493232378156536865e+10,2.194876079832814026e+10,2.297875543096756363e+10,2.035133504308559036e+10,2.466579187307333755e+10
2.172610133161249924e+10,3.688157822488095856e+10,1.950614400415652466e+10,2.774036531199684525e+10,2.935119673809998322e+10,2.446208988348625183e+10,3.560135551492266083e+10,3.275094312406000519e+10,3.483078650217301941e+10,2.491636892617400742e+10,3.030320906442398071e+10,3.210747937826252747e+10,3.835188552761900330e+10,3.752433927111981964e+10,3.685527856486285400e+10,4.264204983913751221e+10,3.836693292059526825e+10,3.654877997907811737e+10,3.041228556953282928e+10,3.101597364614131165e+10,3.193998067878794861e+10,3.821579900564920807e+10,4.376954282105156708e+10,3.938226719204792786e+10,4.400140965668827820e+10,4.409125516113758850e+10,4.904324264486705780e+10,4.519860451850966644e+10,3.472437205064340210e+10,4.153567089008694458e+10,3.064578272810565948e+10,4.132343280118247986e+10,3.144382377213599396e+10,3.348047387981289673e+10,3.991652593302701569e+10,3.415342249562277222e+10,4.462524265142131805e+10,3.616885254910134125e+10,3.534035165497143555e+10,2.764549915639611816e+10,3.930802561419852448e+10,2.857420548508382416e+10,3.543217073872034454e+10,2.795240089446375656e+10,3.247173482329479218e+10,4.580379317665310669e+10,3.859198959775159454e+10,2.544090350152350616e+10,2.686746340878395844e+10,3.069599931378912354e+10,2.591637871493958664e+10,3.207605403532094955e+10,2.752333143600530243e+10,3.381435819350595093e+10,2.747997952722699738e+10,3.134089527553915405e+10,3.411554295718410873e+10,3.573860300873122406e+10,2.488770847304921341e+10,4.915881266698882294e+10,3.265058114889384079e+10,3.888009932761953735e+10,3.420334457262491989e+10,3.783709956762848663e+10,3.583723899724771118e+10,2.749556899669527817e+10,3.249705748943761444e+10,6.436507740518909454e+10,3.137883196553185654e+10,4.034248083642282104e+10,3.450063606788687134e+10,3.630802924533441925e+10,4.583699240850742340e+10,4.109886100919944763e+10,4.520124472120983887e+10,4.536636419796384430e+10,3.703574310343303680e+10,4.369372208471305847e+10,3.527360557934970856e+10,3.431749463765992355e+10,3.901328843587915802e+10,2.932545193731710434e+10,3.013966497423981094e+10,2.772474039402959824e+10,3.888316904257669067e+10,2.749388962785139847e+10,2.730707030029173279e+10,3.418537192821229172e+10,3.510784875555387878e+10,3.535615892210391998e+10,2.903999540594232178e+10,2.200012162738322449e+10,2.715249203631107330e+10,3.168489864665025330e+10,2.726459673651099777e+10,2.308989166167179489e+10,2.206709226808448410e+10,2.852273051500159836e+10,2.173838970290813828e+10,2.464020068443490601e+10
2.787746141469573593e+10,2.494278614158930206e+10,3.711523110929518890e+10,2.834317001350918198e+10,2.492173733654816818e+10,2.846270695042807770e+10,2.312046383228068161e+10,2.916380621192137146e+10,3.605309950164998627e+10,3.590998083634381866e+10,2.450560177981264114e+10,3.944780657964953613e+10,2.855992459499737930e+10,3.151486351060129547e+10,4.002432394423242950e+10,3.349552802989003754e+10,3.459630085488063049e+10,3.274288681889805984e+10,4.152872791328302765e+10,4.506234300539176178e+10,3.835263875036672974e+10,4.911143354764638519e+10,4.674084051981826019e+10,3.887507511296492767e+10,3.880926006343716431e+10,3.883216901587345886e+10,4.673545448824580383e+10,4.275683795665222931e+10,4.661779509816712189e+10,3.883900078538225555e+10,3.879276263357971191e+10,3.595693864764225769e+10,3.736973363096200562e+10,3.016145312358736801e+10,3.348995375897911835e+10,3.789118071260193634e+10,3.455044194139149475e+10,4.163266220098255920e+10,3.388892391415354156e+10,3.366645339086693573e+10,3.512676350364920807e+10,3.520255668954557800e+10,3.106176822685344315e+10,2.666518646562131119e+10,4.389282704145064545e+10,2.845740599417785263e+10,2.759577262923233414e+10,3.701825006218387604e+10,2.690821913885492706e+10,2.412234551385992813e+10,2.701548438022891235e+10,3.440437806808269501e+10,3.003022437606848907e+10,4.515132182637125397e+10,3.011818309781096649e+10,2.920302218535263062e+10,4.155441897195188904e+10,3.049912071382878876e+10,2.408058343999164200e+10,3.517264840396398926e+10,3.512019988769309235e+10,3.554057120367707825e+10,3.460020045604969788e+10,2.442010622979257202e+10,3.488487106929408264e+10,3.290145427671189499e+10,3.050699847263040543e+10,3.373651024620462799e+10,3.814894829052429962e+10,4.012860816768099213e+10,3.898843779907709503e+10,4.942425309220107269e+10,5.078547525855346680e+10,4.846558426930991364e+10,3.651524417777021790e+10,4.906136630213014221e+10,3.243346134844448090e+10,5.723836298454794312e+10,4.058949012965493011e+10,3.759505369703400421e+10,2.998232686456720352e+10,2.944624665410601425e+10,4.167234341135340881e+10,3.080831980459712601e+10,3.283174313514974594e+10,3.325090990732372284e+10,2.867078659906604767e+10,3.226164616134369278e+10,3.200751651090446472e+10,3.562510609449783325e+10,2.941363697787335205e+10,3.013633993700775528e+10,2.938423184867217636e+10,2.785109731246772003e+10,3.080626648783378601e+10,2.792003222704449081e+10,2.782013203906111908e+10,1.990721699152187347e+10,2.501374816759464264e+10,2.125612261458006668e+10
2.325900256279376602e+10,3.036765627326570511e+10,3.100690586830031586e+10,2.650157166439505005e+10,2.518337198678287125e+10,2.673505870457191467e+10,3.555473823592008972e+10,2.962218185330978775e+10,3.746826310173006439e+10,3.751164149344937897e+10,3.094497615373259354e+10,3.365229875909515762e+10,2.560424485244779205e+10,2.953669239859265137e+10,5.319576875588031006e+10,2.898159751975748444e+10,3.106387172983762360e+10,3.499784854149221802e+10,3.042617924705347443e+10,5.050452610122718048e+10,4.077643779479970551e+10,4.123495697582150269e+10,4.170193476075322723e+10,5.083046001317649078e+10,5.262558054155910492e+10,3.846513160627753448e+10,5.480820849394756317e+10,4.154894856927434540e+10,4.541009230401289368e+10,4.273099746346336365e+10,4.205372809173882294e+10,3.520096150237762451e+10,4.692133869782073975e+10,3.396427646446992111e+10,4.601097588879719543e+10,3.468516573881659698e+10,3.302817014144576263e+10,3.916192188190058136e+10,3.391926984176538086e+10,3.087520431593549728e+10,3.113434040492753220e+10,3.498476330394383240e+10,2.579620838668122101e+10,3.026194369239233017e+10,3.607317206035519409e+10,3.818530124922731781e+10,2.274515732569940948e+10,2.586945741442348480e+10,2.646150051810199356e+10,2.819859695123838043e+10,3.086669822896372223e+10,4.952658992345237732e+10,3.711542798959573364e+10,2.855441819979634094e+10,2.901364162769912720e+10,3.535214379712961578e+10,2.748446713777467728e+10,3.103353369437927628e+10,3.951203916343338776e+10,3.837968392609502411e+10,3.307418574862390900e+10,4.025963664326606750e+10,3.912691775329907227e+10,4.023180949455636597e+10,3.489258763530458832e+10,5.018150630283959198e+10,3.788049629568221283e+10,4.858706011078625488e+10,3.603067837695188141e+10,3.919360984045917511e+10,4.424773970999898529e+10,4.394178111998632812e+10,4.701819048837716675e+10,5.773366726589260101e+10,4.706795033959468842e+10,4.453213512025978851e+10,4.767939578360073090e+10,4.795649062778003693e+10,3.884245300146372223e+10,4.412501220499905396e+10,3.705359490749817657e+10,4.058339367455375671e+10,4.039777495109496307e+10,2.849273960015720749e+10,3.857232377394364929e+10,3.202771169138225937e+10,2.767094385243259430e+10,3.356214477117313385e+10,3.787942496348934174e+10,2.379207695941218567e+10,2.792761153233836746e+10,3.349751507709630203e+10,2.527806453813615417e+10,2.227610622577249527e+10,3.038416804608703232e+10,3.372604852821794128e+10,2.481045018410353088e+10,2.748702249688500214e+10,3.170096903429140854e+10,2.736477496822513580e+10
2.054501721649405289e+10,3.083939925303312302e+10,3.226744441270338440e+10,2.394089241443199921e+10,2.368487407374535370e+10,2.920298496622146225e+10,2.957265803490974808e+10,3.113877037070009995e+10,2.938248551019525528e+10,2.523305341346485138e+10,2.957876125491819382e+10,3.811492637859448242e+10,3.180126202155254745e+10,3.345702697249230194e+10,3.255651566906227112e+10,4.842711372661690521e+10,3.112195472732912827e+10,3.744714831266344452e+10,3.438125808609673309e+10,3.968539599976643372e+10,3.339702240590214539e+10,4.134942536045339203e+10,5.187665943823935699e+10,5.186924662429538727e+10,4.136351036074115753e+10,5.459336228990022278e+10,4.923040004729962158e+10,4.713793104689207458e+10,3.516441316225544739e+10,4.243395151084389496e+10,3.870892987358319855e+10,3.987290972091469574e+10,4.123611299101934814e+10,3.890438354284358978e+10,3.082545848394791031e+10,4.474244667125309753e+10,3.107870141500557327e+10,3.742101628330640411e+10,3.169502028415399933e+10,3.009754999696212387e+10,2.818142671001511383e+10,3.797337274640805817e+10,2.947748635350923920e+10,3.245776213225991821e+10,3.033579311891702652e+10,3.113732917559259415e+10,2.649878412868074799e+10,3.084630795820567703e+10,3.368796121554906845e+10,3.833763901454633331e+10,3.942460620142629242e+10,2.560512376438364410e+10,2.897708702482804871e+10,2.835859071535641479e+10,3.334155399672301102e+10,2.888437286249692917e+10,3.479454588824898529e+10,2.910050078296091461e+10,4.266504530529096222e+10,4.259122760774313354e+10,4.412012858559035492e+10,3.481531226012381744e+10,2.849593102409294128e+10,4.407199200030872345e+10,4.566199239612688446e+10,3.043966058645554352e+10,3.554858822398072052e+10,3.578822901568344879e+10,4.323012021758819580e+10,5.543665729873850250e+10,4.417412868801855469e+10,5.070067360125234985e+10,3.297865435588333511e+10,5.665566271232693481e+10,5.234794729652674866e+10,4.568891290497143555e+10,4.934521142048359680e+10,4.721232727642983246e+10,4.714520652713264465e+10,4.979056942334976196e+10,3.667829063388920593e+10,3.504455716036194611e+10,3.744902986279340363e+10,5.995928830886951447e+10,4.981452478053945160e+10,3.394194369568946457e+10,3.718447481945579529e+10,4.598659334858635712e+10,3.250435679155197906e+10,3.206203549873194122e+10,3.501217383561647034e+10,3.860069523328859711e+10,1.961855725916529083e+10,2.948935664475031662e+10,2.722257906413671875e+10,3.690564512469135284e+10,2.240419791296839523e+10,2.476580380884521866e+10,2.733727734516889191e+10,2.361595530891341782e+10
2.155015623871694565e+10,3.297196725442198181e+10,2.866090437597004700e+10,1.972594841694265747e+10,3.296211086933966446e+10,2.267194651968938065e+10,2.601936447744755936e+10,2.465749559602364349e+10,2.819962455475711823e+10,4.250335251629711914e+10,3.563802933217624664e+10,4.380198679879686737e+10,3.721852910418482208e+10,3.382182423599066162e+10,3.983488170938746643e+10,3.170585297201975250e+10,4.588020072963397980e+10,3.641404064869341278e+10,4.500526149164994049e+10,5.164235617798837280e+10,5.620838720936772919e+10,5.223521412155748749e+10,5.595307576382450867e+10,4.780143087253708649e+10,4.997523784822882080e+10,4.336211146736914825e+10,5.551977492792682648e+10,4.639966036098771667e+10,5.372334354751028442e+10,3.961826390804181671e+10,6.471368398328542328e+10,4.775928147871210480e+10,3.838233256457680511e+10,3.986621014171502686e+10,4.191082653204491425e+10,4.157506033487532043e+10,3.063003821707573318e+10,3.668229732842385864e+10,4.509375843768946838e+10,3.808404129730257416e+10,4.167802018818547058e+10,3.424795195231836700e+10,3.076496153193221664e+10,3.567534823630442047e+10,3.033372119123398209e+10,4.389514682649599457e+10,3.368298739221874237e+10,2.816608639527236938e+10,3.637432582117037201e+10,2.789935990612714767e+10,2.367848653583931732e+10,2.645942162752664948e+10,3.791006763848860168e+10,2.746693009504774475e+10,3.541050602859775543e+10,2.354125178673192215e+10,3.816265705942952728e+10,3.346482371049473572e+10,2.981735593409328461e+10,3.308184006809469223e+10,3.334162136473046112e+10,3.175323348279078293e+10,3.440152309681703186e+10,3.422534516553071976e+10,5.714937937256620789e+10,4.499343716738920593e+10,3.823760390463386536e+10,4.748716579158921814e+10,4.434376914746746826e+10,3.864986436031574249e+10,5.244403796957235718e+10,4.987207054390058899e+10,5.245937381948886108e+10,5.410064494042874146e+10,6.129868796998813629e+10,5.505008660022579956e+10,5.612329839777131653e+10,6.203419253563952637e+10,6.233213168447505188e+10,7.064791049121632385e+10,4.582525608246034241e+10,3.694611936477416229e+10,4.027579524249436951e+10,4.834326470918830109e+10,5.821378445597485352e+10,4.954114175132835388e+10,4.113274352349294281e+10,3.513498279264342499e+10,3.509803224423425293e+10,3.409031840895860291e+10,2.643451504396265411e+10,3.782047654759082794e+10,2.757378175554025269e+10,3.140344954317448807e+10,2.150955124350419617e+10,2.557888416844185638e+10,2.631875254432698441e+10,2.512752445133047104e+10,2.592024994732178879e+10,2.261811597611907578e+10
2.777068915157374954e+10,2.364858954544642258e+10,3.823514617244677734e+10,2.555495597166842270e+10,2.879192854320126724e+10,3.119467098290498352e+10,2.515957522312282944e+10,3.379599459754112244e+10,2.638114589560277557e+10,3.739925998270919037e+10,2.655911730721630478e+10,3.783419362355374146e+10,3.786046787982347107e+10,3.893938051555361938e+10,3.692314370623531342e+10,3.033314523788897324e+10,4.442789758822810364e+10,4.372648510177026367e+10,5.738459323638858795e+10,3.857650681175925446e+10,5.148752738265145111e+10,4.612423909522044373e+10,5.499432184032061768e+10,5.324755250567214966e+10,4.888904667982501984e+10,5.229373736993292236e+10,5.310546411659999084e+10,5.770536031244486237e+10,4.476622897541007996e+10,4.816784894875717926e+10,4.504604867076295471e+10,4.406828207830393982e+10,4.214059354664512634e+10,4.570789247668188477e+10,3.696514142887136841e+10,5.176423383005598450e+10,3.762471487972488403e+10,4.342469852577572632e+10,3.420297885212550735e+10,3.302360670232276154e+10,3.498704293676255798e+10,3.283841104733246231e+10,4.624468287361761475e+10,3.934786896751352692e+10,3.341619853348717880e+10,2.769863879941132736e+10,2.985641336445801544e+10,3.410615566621387100e+10,2.901228855233952713e+10,3.149955666449921799e+10,3.076220524155920029e+10,2.669893891061039352e+10,5.584839320316395569e+10,2.893952748129959106e+10,3.018759988225231552e+10,3.417196721404100418e+10,3.056764254014760590e+10,3.025260113196388626e+10,3.676356172357766724e+10,4.306841809584406281e+10,3.942109590247434998e+10,4.023529477824729156e+10,4.301732159747621155e+10,3.064834239906712723e+10,3.402301214584289932e+10,4.059345408310874176e+10,4.500330066944578552e+10,4.287534907148564911e+10,4.883176875112102509e+10,3.291718515148357391e+10,5.616955145296189880e+10,6.234939742408778381e+10,6.695110401327738190e+10,5.670115339173442078e+10,6.630273223564746857e+10,5.329666474820951080e+10,4.669483274701693726e+10,5.034131379868080139e+10,4.878319949340766907e+10,5.718745849248645020e+10,5.891817414969934845e+10,4.458379004448082733e+10,4.335394721194754028e+10,5.077612293059787750e+10,4.016545139130833435e+10,3.628219557906988525e+10,4.530864792961746979e+10,3.417320364902135086e+10,3.675296881801551056e+10,3.277997834308297348e+10,4.171663854223179626e+10,2.553366325485931396e+10,3.230603004038542557e+10,2.985824874830723572e+10,3.912175682460655212e+10,2.618103117269729996e+10,2.240817994684014130e+10,2.540138278131591034e+10,3.212532416140420532e+10,2.160159699082134628e+10
3.107346964886436081e+10,3.963177602149955750e+10,2.457394648377480316e+10,2.768333313518677902e+10,2.659888246522101974e+10,2.105801974102023697e+10,2.379325260180780411e+10,3.495045698789720917e+10,3.235310377139467621e+10,3.244050776826163101e+10,2.614006446752109528e+10,3.124174156047324371e+10,3.258842944754861450e+10,3.298279589187711716e+10,4.530799216780478668e+10,4.929469486682920837e+10,3.245542370804283905e+10,4.565255726194640350e+10,6.622891633837493134e+10,4.403959695080992126e+10,4.771796612829927826e+10,5.968903988702001190e+10,5.718204648549884033e+10,5.952963047444346619e+10,8.777990922761938477e+10,6.493195352339233398e+10,6.872639914044587708e+10,8.505351583363581848e+10,5.681048153392649841e+10,6.271736303479291534e+10,6.321808163723607635e+10,4.653432462883788300e+10,5.212825381400187683e+10,4.313075426903692627e+10,3.996061532227891541e+10,4.598968385740322113e+10,4.224041912519158936e+10,4.669089550288732910e+10,4.496145670394753265e+10,3.235968980560362625e+10,3.419533285024539948e+10,3.330594263679316330e+10,2.776432138323901367e+10,2.763167801381941223e+10,3.559502811202857208e+10,2.961103333182152557e+10,3.729152434301589966e+10,3.311175261505964279e+10,2.684977246020233154e+10,3.719274025133518219e+10,4.110435298478131866e+10,3.237210493474308395e+10,3.440785108687343597e+10,3.040233032889887238e+10,4.302397029945815277e+10,3.233519720378916931e+10,3.589278321732664490e+10,3.556657026711983490e+10,3.034628084886779404e+10,3.772625628142362213e+10,3.506491635677516174e+10,4.625666356744470215e+10,3.735057363880081177e+10,3.306542245404905701e+10,6.549779066093402863e+10,3.992345340516029358e+10,3.932287292712797546e+10,4.564692376726690674e+10,4.596202634272063446e+10,4.613648919804743958e+10,4.790044114132482910e+10,6.352408555132603455e+10,5.783368652428030396e+10,5.600868223609863281e+10,7.353160913719773865e+10,6.286706133298928833e+10,6.108209992096347046e+10,5.006810516939935303e+10,5.153906171376774597e+10,5.764176630119849396e+10,5.775389033286978912e+10,4.532803826924455261e+10,4.871944830333055115e+10,4.340175296373650360e+10,3.990627948193032837e+10,4.790232093178327942e+10,3.887242693065050507e+10,4.563395896139540863e+10,3.469441313931912994e+10,3.071304903520011902e+10,2.725928955590063858e+10,2.708949154702889633e+10,3.277627842749928284e+10,2.464163598842137527e+10,2.843866790829020309e+10,2.406645643471250153e+10,2.541494728720779037e+10,2.510218344530792618e+10,2.168875496663031387e+10,2.008586628208839798e+10
2.490347988069335556e+10,2.174246845941223907e+10,2.629684494030456924e+10,2.450656094909716034e+10,3.621475470994704437e+10,3.131278107179421616e+10,3.339441359466962433e+10,2.780693065545408249e+10,3.578740999854986572e+10,3.092774049156632233e+10,4.414837560308815765e+10,3.087093524238703156e+10,3.309067103336453629e+10,3.604632598469801331e+10,3.958612877112943268e+10,4.518307873132483673e+10,5.333174307482105255e+10,4.450384782734537506e+10,4.622258593138861847e+10,4.803692089727490997e+10,4.610780234373999023e+10,6.919921049847021484e+10,5.468418907876387787e+10,6.859312012523258209e+10,6.443817264236962128e+10,8.433609182837226868e+10,6.584987605868899536e+10,6.923558747173835754e+10,5.158617601473346710e+10,6.331072513168267822e+10,5.532436759007934570e+10,5.638632932507299042e+10,5.089962708976496124e+10,4.959971080970841980e+10,4.421002146746432495e+10,6.160714844518944550e+10,3.867587473515084076e+10,3.592079241835351562e+10,3.492578120801255798e+10,3.525948026324349213e+10,2.908365234438771057e+10,3.004198756945024490e+10,3.214584475347481537e+10,2.695970116209898758e+10,3.632750699724150848e+10,3.987827959273078156e+10,3.682928707682882690e+10,2.833253790927017593e+10,2.919861788646194458e+10,2.593738968962186432e+10,2.979893381777630234e+10,3.312356360207390213e+10,3.773992621910619354e+10,4.631959235614331055e+10,3.999908781474151611e+10,4.914310847770391846e+10,4.647868252105016327e+10,3.238227653202312469e+10,4.042346154099304962e+10,4.304963171146202087e+10,3.415693907504041672e+10,3.877679973893418884e+10,3.579119723999829865e+10,4.014858339092788696e+10,4.836646320231665802e+10,5.544680830267242432e+10,4.474225016293190765e+10,5.124474802966187286e+10,6.142289198069429779e+10,5.703326503160285950e+10,9.397955720991442871e+10,5.941250395606035614e+10,5.276660561598877716e+10,6.251134949440102386e+10,9.087978161884565735e+10,6.274099149062651825e+10,6.897280652173995972e+10,5.720400247970574951e+10,5.594368783068640137e+10,5.252682895197003937e+10,4.450881547166189575e+10,5.295766692828180695e+10,4.645985790081012726e+10,4.364730884247106171e+10,4.375605411556633759e+10,4.504300010642938232e+10,4.339215092064781189e+10,4.264564662124423218e+10,3.144742540427888489e+10,3.626931002696035767e+10,3.033853312987583160e+10,3.660977494925461578e+10,3.031559093500355911e+10,2.754366275870648575e+10,2.922901775941617584e+10,3.874077754003085327e+10,2.868513922359633255e+10,2.582432133638674164e+10,2.519015413217557144e+10,2.509851523225841904e+10
2.515727363080270767e+10,2.836338297171787262e+10,3.120857341133148193e+10,2.827422160924771500e+10,2.692242696615387726e+10,3.215638413477687454e+10,2.510437878962408447e+10,2.805363930664051819e+10,2.223291341560068893e+10,2.927307878059558868e+10,4.406091194963294220e+10,3.565491386462913513e+10,3.970246052165393066e+10,4.193712567592085266e+10,3.473467093647319031e+10,4.126532643325022125e+10,5.123039983530769348e+10,4.733066874511468506e+10,6.983197715371896362e+10,6.864155903510655212e+10,6.451455887122363281e+10,6.459255254818856812e+10,7.082530475096733093e+10,7.644420413090348816e+10,8.415944328327566528e+10,7.512531073875814819e+10,9.290394982456314087e+10,8.467461810849337769e+10,6.813341641118267822e+10,6.965421322772778320e+10,5.711318763884745026e+10,5.473981568792843628e+10,5.110710820836395264e+10,4.830193051767636871e+10,4.195268807634101868e+10,4.053843859583287048e+10,4.339320630382073975e+10,4.341387574448390198e+10,3.762885592172088623e+10,5.215112254759255219e+10,4.240876851979673004e+10,4.230268479370379639e+10,4.560701452140412140e+10,3.362062440532891464e+10,2.534241749005550003e+10,3.327661839220682526e+10,3.493429839172212982e+10,3.325735512625657272e+10,3.194134084398181534e+10,3.419621282338253403e+10,3.117957892205961227e+10,3.845639738379492188e+10,3.799266724163552856e+10,2.816154947359636307e+10,2.694484057008419418e+10,3.611939068794422150e+10,2.865324463302602768e+10,3.621595906596965027e+10,3.371638381689588928e+10,3.977428800929775238e+10,3.811630445593766022e+10,3.251408122195514679e+10,3.132465247535392380e+10,4.563039445749217987e+10,4.360886239211977386e+10,6.383076640145243073e+10,4.308403792327855682e+10,4.773003881657926941e+10,5.253947368712892914e+10,6.504711847462450409e+10,6.641390370998642731e+10,5.578254774525273132e+10,7.166677624682940674e+10,7.655198960076080322e+10,8.785088837521337891e+10,7.746612016302206421e+10,7.416039961034185791e+10,6.070957510461555481e+10,8.353602295852539062e+10,6.659144224096308899e+10,5.361965976122291565e+10,7.102436245336091614e+10,5.352805607018767548e+10,3.726004391790776062e+10,4.973354229640514374e+10,3.605211460654309082e+10,4.230933963432479858e+10,4.635589401871424866e+10,3.483461845984825897e+10,3.897537821129921722e+10,3.226316580611058426e+10,3.741059342056275177e+10,3.084489232163950348e+10,3.805274175547045135e+10,3.020211463105431366e+10,3.076864532049225998e+10,2.382109782416815567e+10,3.333126174076495743e+10,2.609997036856698608e+10,2.998797207597851181e+10
2.568735627045118332e+10,2.829918976718779755e+10,2.460633901658267212e+10,2.581142961732095718e+10,2.995858770959841156e+10,3.303003081112109756e+10,3.991612730567031097e+10,3.348602403190804291e+10,3.414416440718079376e+10,3.103235503881847000e+10,3.950436449425333405e+10,3.203790681561228943e+10,3.901422990918218994e+10,3.966016576122261810e+10,3.749662660885090637e+10,4.578684294078333282e+10,4.574524520810014343e+10,7.798283860914601135e+10,6.508481294596752167e+10,7.585947722487451172e+10,7.329686816568484497e+10,6.366994333926490784e+10,7.917509840653193665e+10,8.544937494766606140e+10,7.051022832030897522e+10,9.152134617666966248e+10,9.493987225486648560e+10,1.031589582710332642e+11,7.935453867739753723e+10,6.929986692196632385e+10,5.790579291797116089e+10,5.612183359712384033e+10,5.359359481429314423e+10,5.692365598503391266e+10,6.090382701041432190e+10,3.839581146640653229e+10,4.380981858147814178e+10,3.426184486597429657e+10,3.300146640421668243e+10,3.898551211632548523e+10,4.057979009018323517e+10,3.454965821302874756e+10,3.398024305992726517e+10,3.351497638256752777e+10,3.166551905478524780e+10,3.946518565878044128e+10,3.231890125114849854e+10,3.106530356412593460e+10,3.779831341472297668e+10,3.823471090148003387e+10,2.975052242136682892e+10,3.391959934232160568e+10,3.756448312998798370e+10,3.006459010333997726e+10,3.604001038185290527e+10,3.391062438155725479e+10,3.748691053833695984e+10,3.618292485360238647e+10,3.579066916658972168e+10,3.116605457570102692e+10,3.481488031119756317e+10,3.438488077919680786e+10,3.951975014403907013e+10,4.007875801552510071e+10,4.577548580567626190e+10,4.689004570013291931e+10,6.465323509717185211e+10,5.445352395022296143e+10,8.259448213790586853e+10,6.460131467866098022e+10,6.829780617836447906e+10,5.903471725029277802e+10,6.943788080775115967e+10,8.382617785075181580e+10,7.905597054767814636e+10,7.733132684824000549e+10,7.846267152361941528e+10,7.684767975003918457e+10,7.026175257285256958e+10,6.511030164652964020e+10,6.072940151623215485e+10,5.900534805002954102e+10,4.581960125744495392e+10,4.492954489168885803e+10,4.269784001696934509e+10,3.519813538742832947e+10,3.748895709714649200e+10,3.581567087408238983e+10,3.697025748702265167e+10,3.446876666521603394e+10,3.446647703517292786e+10,3.240816754868603134e+10,3.095465193962185287e+10,2.380653164837051010e+10,3.694199851551571655e+10,3.415967952384405518e+10,3.408951526351982880e+10,3.183337884175124741e+10,2.380913949309340668e+10,2.665892710170074463e+10
2.817185905585126495e+10,3.060007087448032379e+10,2.818142595084294128e+10,1.931172248024501038e+10,2.833760491119536972e+10,3.401670605964933395e+10,2.981390257840282440e+10,3.415572712067766571e+10,3.322255414254392624e+10,3.221390861133827972e+10,3.346091120642442322e+10,3.168254263798954773e+10,3.849991539374356079e+10,4.633936287090869141e+10,5.288934192836145020e+10,5.111738661731621552e+10,4.528490820287606049e+10,6.377104786117106628e+10,6.381883242929001617e+10,4.996458021793457794e+10,6.382420724396105957e+10,7.663106580827214050e+10,7.520195793478869629e+10,7.611985237581062317e+10,8.529770302524000549e+10,8.060502676193322754e+10,8.789733531199990845e+10,8.302460326970521545e+10,6.793511728816637421e+10,7.871271103710417175e+10,6.892463358741621399e+10,8.269844457860647583e+10,6.518068037183576202e+10,4.885512628692966461e+10,5.098107730608324432e+10,4.675665385145864105e+10,4.582944007071257019e+10,3.564584242696941376e+10,4.217641353249031067e+10,3.591984469397639465e+10,2.803630299072483826e+10,4.494729063282066345e+10,3.860783431120333862e+10,3.982674694538565063e+10,3.341089269126413345e+10,3.098116284317901230e+10,3.220980407656225967e+10,3.439729431106034088e+10,3.664293018444533539e+10,3.999224704701973724e+10,3.118251009965621948e+10,3.296488296149287033e+10,3.485744338460571289e+10,3.401709625376865387e+10,3.080060726223224640e+10,2.873003275804928589e+10,3.142297746700332260e+10,3.621680443377335358e+10,3.990878374181338501e+10,3.560699692761753845e+10,3.779677321653265381e+10,4.345498330110733032e+10,5.415123147824188232e+10,6.475263703274160767e+10,3.750733971790489960e+10,4.781938626095800018e+10,6.070495375820023346e+10,5.560003515390058899e+10,5.988174048896398163e+10,7.616424159596589661e+10,8.080600695085786438e+10,8.730508981845010376e+10,8.190858308244720459e+10,7.805915741853582764e+10,8.314257151394578552e+10,8.376680821434124756e+10,6.319013737391510773e+10,7.692757642108674622e+10,6.613561061663881683e+10,8.504402925249102783e+10,7.191570440297186279e+10,7.183108662827093506e+10,6.072533199585443115e+10,4.756132140728291321e+10,4.360997955902138519e+10,3.986282656726000214e+10,4.671501633413776398e+10,3.473451625060806274e+10,3.717228821669580841e+10,2.734040463299463654e+10,2.889336186943438339e+10,3.049405029397429657e+10,2.590823092147546387e+10,3.055420749142395020e+10,4.253816354629306793e+10,2.894367720425530624e+10,2.439655177837002182e+10,2.310647436398142624e+10,2.766743276274856567e+10,3.177791263617564011e+10
2.473905050267671204e+10,3.151030003136882401e+10,2.791125988725847626e+10,2.571542076861890793e+10,2.351040995784141159e+10,2.555694710039084625e+10,2.914087740044095612e+10,3.126953253036503601e+10,4.366012150658924103e+10,3.187607480590552902e+10,4.388318032478064728e+10,3.212702530125917053e+10,5.570937813434956360e+10,4.774648606836287689e+10,4.829335038738379669e+10,4.195921760170512390e+10,5.240112803249957275e+10,6.160484579877318573e+10,5.433889663893729401e+10,6.149954043668773651e+10,8.748937973692390442e+10,8.466554594450001526e+10,8.074181164651797485e+10,8.169020558389634705e+10,6.891102397576985168e+10,7.855264967322883606e+10,7.443361382137245178e+10,8.160669767551048279e+10,9.102436458112071228e+10,8.104841532374674988e+10,6.340813893415894318e+10,8.110909908843540955e+10,6.661463223202056122e+10,4.919671623274942017e+10,4.908701005381537628e+10,5.396005189118498993e+10,4.876179080125358582e+10,4.940944716232933044e+10,3.003713417535746384e+10,3.642513513058978271e+10,3.469410921908790588e+10,4.416827002887290192e+10,3.117039765512269592e+10,3.934261328532530975e+10,3.151519614133618164e+10,3.300974700051927185e+10,2.799744240975833511e+10,3.419081993034712601e+10,5.350799522002193451e+10,3.258466994489899826e+10,3.105141935190653229e+10,3.047794250764484024e+10,3.004886228890264893e+10,2.855130271018544769e+10,3.244098886314709854e+10,3.632982593370253754e+10,3.249235099073271179e+10,5.605605307546192169e+10,3.565818292899504089e+10,3.709207773049785614e+10,3.988282017387250519e+10,4.013973554682871246e+10,5.009184279582840729e+10,3.870932269442958832e+10,5.730996049889150238e+10,5.517666432378523254e+10,7.173470111293717957e+10,6.411884670150539398e+10,6.221205122696959686e+10,6.565318901535792542e+10,9.922293016448945618e+10,8.391841254316314697e+10,8.556053985386607361e+10,8.285452005525263977e+10,9.577487508757981873e+10,6.785963727257608795e+10,8.355960865590901184e+10,7.966681301334956360e+10,9.240677400084614563e+10,8.716712870731137085e+10,5.621118203531115723e+10,6.359326248485751343e+10,5.705380942870574951e+10,6.551171685241600037e+10,6.792509930350696564e+10,5.075803224614978027e+10,4.353305093609818268e+10,5.714938189307579803e+10,4.052767830069557190e+10,3.080798774649484253e+10,3.196707773054792786e+10,3.802428972887659454e+10,2.750376060530901337e+10,2.785356626015185165e+10,2.899379651840281677e+10,3.022280102937965012e+10,3.165982271037217712e+10,2.790889855804847717e+10,2.388928659898248291e+10,2.055057195477669907e+10
2.305716673433624649e+10,2.694294717094099808e+10,2.661142854521858215e+10,2.635449515291204071e+10,3.146223478783442307e+10,3.111705577825193405e+10,2.499572408816316986e+10,5.156629128582305145e+10,5.170498295720034027e+10,4.347800388987350464e+10,3.114620890277716827e+10,3.100795843287455750e+10,3.750873291255377960e+10,3.521124298002961731e+10,3.801432344706063080e+10,5.377774989428697968e+10,4.890850517800277710e+10,6.404506805209980011e+10,7.350796260342427063e+10,7.208655857753660583e+10,7.082042474972653198e+10,8.985440780839241028e+10,7.015390163154702759e+10,7.197007330441560364e+10,4.409133964888986969e+10,6.382556196408142853e+10,5.798055159237863922e+10,6.266388156254557037e+10,9.604728540587986755e+10,7.636209949423512268e+10,6.857499651438786316e+10,7.213267460392166138e+10,6.147416156699837494e+10,6.678369582837233734e+10,5.109781042007528687e+10,4.071000835459623718e+10,4.324220545381215668e+10,6.540347708495531464e+10,5.305153468099689484e+10,4.590710217752583313e+10,3.991573981106381226e+10,3.106154875804552841e+10,3.299277002279586029e+10,3.586793359245344543e+10,4.617471760264117432e+10,3.773642877442258453e+10,3.025008504449944305e+10,3.334860235105331421e+10,3.274407555508198547e+10,3.103386269842889404e+10,2.957991476244566345e+10,2.533169699190657806e+10,3.675895027614746094e+10,4.829000242977107239e+10,4.670783567141510010e+10,2.917989150885511780e+10,3.579628898960808563e+10,4.136097579018155670e+10,3.104087748530124283e+10,3.924568441797432709e+10,4.082210056883800507e+10,4.162224959114995575e+10,3.941800074364450073e+10,5.245490594481710052e+10,4.749816916650922394e+10,5.099552318745086670e+10,5.839673416809035492e+10,6.847649800365625763e+10,6.900191988389276123e+10,6.240434891297518158e+10,7.955347001172528076e+10,8.922709646538502502e+10,8.766416875798263550e+10,6.408782737313882446e+10,5.467942937193437195e+10,4.119885677430294800e+10,5.933521390473058319e+10,7.502602622176579285e+10,8.012609594907907104e+10,7.326129408191201782e+10,7.657412420769026184e+10,6.515655124522267914e+10,5.834523863843788147e+10,4.019265811414202881e+10,5.340367936478254700e+10,5.025688218875183105e+10,3.938838896250499725e+10,4.041678680848788452e+10,3.077177385861626816e+10,4.948688867129206848e+10,2.945451902989799118e+10,3.305752636416382980e+10,3.579157403614894104e+10,2.868860571120394135e+10,2.412720045246397018e+10,2.368906308442928696e+10,2.823349518276149750e+10,2.445798769864621735e+10,2.386154130948859406e+10,2.482185379410517883e+10
2.174262065327702332e+10,2.871299023870465088e+10,3.935006983688051605e+10,2.874261221152516556e+10,2.550651356921957779e+10,3.971108805488153839e+10,3.170195327477365875e+10,3.055566387222884369e+10,2.624459267706556702e+10,3.151164772066421890e+10,4.369841738571695709e+10,3.284907017203861237e+10,3.805467187828183746e+10,3.817098160365115356e+10,5.125896067666159821e+10,4.556954258164581299e+10,4.375912343234753418e+10,5.873693974250931549e+10,5.999463632607077789e+10,8.740493600826495361e+10,1.064749379098100586e+11,8.687201067489941406e+10,7.124220654455989075e+10,5.429316908805426788e+10,4.604747634866055298e+10,5.311876894616630554e+10,5.352274930766426086e+10,6.676817866358952332e+10,8.009572047202897644e+10,9.722263944158786011e+10,7.291589419053881836e+10,5.758012876986218262e+10,7.642652294380242920e+10,5.902464074523627472e+10,5.917798532539862823e+10,4.025554895112693787e+10,5.255652389456092072e+10,4.647325590599381256e+10,5.531433481522168732e+10,4.220693119479278564e+10,3.560637001017624664e+10,3.450578573182380676e+10,4.489795965099893951e+10,4.566905852293893433e+10,3.650695864195468140e+10,3.792714448870240784e+10,3.931278824667671204e+10,3.751104481410298920e+10,3.435864237459162521e+10,5.223739177183405304e+10,2.970959535193687439e+10,3.322985074984593964e+10,2.833128107714599991e+10,4.014868802105769348e+10,3.231087738514410400e+10,3.283905528450541687e+10,3.284535813996485901e+10,3.985133934393608093e+10,3.764645382742771149e+10,5.711130569280919647e+10,4.043279321209346008e+10,6.027041331125613403e+10,4.487347940963735199e+10,4.417812445006582642e+10,4.725088235238353729e+10,4.477838651840470886e+10,4.427079207660858917e+10,8.575810449496292114e+10,6.708026653099964142e+10,7.722298308582116699e+10,7.770024033683270264e+10,8.033540426813293457e+10,6.674547076832536316e+10,6.299516958748727417e+10,5.383173998868914795e+10,5.255376254868152618e+10,4.845910565127970123e+10,6.961423968205816650e+10,8.972276851518682861e+10,7.588847897989987183e+10,7.557779319572447205e+10,6.572322957273677826e+10,6.118962171058280182e+10,5.373465085307106018e+10,5.823061425423577881e+10,5.472846613382131195e+10,4.460484783818578339e+10,6.557357652299194336e+10,4.383864464372531891e+10,3.169399797914413452e+10,3.600189088591868591e+10,2.685026856898115158e+10,2.971453810123744583e+10,3.987458058079792786e+10,2.201108685049760437e+10,2.762757851542787170e+10,2.584052621608630753e+10,2.245790814370348740e+10,2.833648767904947281e+10,2.278887190491985703e+10
2.354518730082370758e+10,3.273949792314262390e+10,3.091254697948344421e+10,2.707930376636604691e+10,3.563287289291193390e+10,2.890925311016203690e+10,3.109912780290698242e+10,3.436718365201863098e+10,3.573680706595876312e+10,3.454061883121841431e+10,3.976691563953717041e+10,3.286337986989565659e+10,3.925042534813578796e+10,3.807165650939347839e+10,4.214329876347956085e+10,4.923623098480499268e+10,4.633576044553707123e+10,5.281181060486782837e+10,6.843314752874994659e+10,8.259953507923362732e+10,8.699431863957751465e+10,7.346635980357138062e+10,7.248338900722605896e+10,4.838557104825253296e+10,4.503393244336360931e+10,5.150567066332071686e+10,4.803688977094186401e+10,6.583338778722799683e+10,7.167819911687689209e+10,9.239541020511071777e+10,8.604059901690188599e+10,6.571276375344415283e+10,6.291069186080023193e+10,5.252612559614240265e+10,5.947403443627037811e+10,4.566868905815805054e+10,4.333118184633935547e+10,5.059865241023863220e+10,4.034116895894107056e+10,4.809150033868231201e+10,3.870874844518679810e+10,4.697220357529055023e+10,4.127921393967523956e+10,3.814996180968748474e+10,3.114754208297954941e+10,3.056836002894226074e+10,4.316440760969573975e+10,2.685220519182742691e+10,3.175865031175059891e+10,4.040399373669692230e+10,2.995380385188714981e+10,4.169030402939043427e+10,4.027165527777436829e+10,3.002620100193085480e+10,2.653018753656370163e+10,3.006258532494621277e+10,3.784041537065951538e+10,4.210215373384034729e+10,3.792994520228002167e+10,3.652672626928145599e+10,3.586863763499647522e+10,4.273269695641347504e+10,4.658400269055536652e+10,3.941214705417041016e+10,4.122578949277562714e+10,5.700167824844794464e+10,5.359946794618121338e+10,6.205092879162638092e+10,7.467178930927778625e+10,7.359682514467625427e+10,7.036632849437115479e+10,7.784339883429959106e+10,8.352705329674412537e+10,6.999876617204620361e+10,5.473609242732472992e+10,5.177295020005313873e+10,7.283137251227668762e+10,7.389703960716819763e+10,7.179435517311170959e+10,1.096250071791278076e+11,6.519505772278563690e+10,7.331842006467494202e+10,6.427290711762638855e+10,5.530533117481101990e+10,5.639730666010890961e+10,6.275000711937767792e+10,4.264591820747382355e+10,4.968460975110382080e+10,5.452260972800618744e+10,5.225481877940728760e+10,3.589578239492042542e+10,2.839000334570832825e+10,4.063331493335004425e+10,3.108849227486408615e+10,2.924643278576840210e+10,4.510322703707612610e+10,2.306193889773147583e+10,2.408622115392821503e+10,2.412678045773074722e+10,3.683627229289610291e+10
2.215764129938705444e+10,2.411451671391767120e+10,3.061850831980572891e+10,2.224034011336553574e+10,2.664337880687967300e+10,3.250202630799477386e+10,3.091491049265336609e+10,3.271893165240079498e+10,4.706668833394053650e+10,3.260020514732182312e+10,3.332534997177085876e+10,3.323750376089791107e+10,3.997183135411099243e+10,5.132168166614501953e+10,5.828672472251354980e+10,5.608009582493079376e+10,6.357315976702079010e+10,5.380567897386869812e+10,7.700404997070152283e+10,8.099866025180680847e+10,7.991080904441868591e+10,7.691234463599118042e+10,7.484958327530792236e+10,6.319430333069799805e+10,6.327183163237124634e+10,5.698534068861464691e+10,5.518206940018930054e+10,7.882792351605680847e+10,7.060771586148716736e+10,7.443476262086579895e+10,6.302478667475284576e+10,7.181049651722007751e+10,6.211106556402816772e+10,5.528423493622724152e+10,5.413632106195439148e+10,4.638625267567540741e+10,4.021713052695679474e+10,4.206162194214070892e+10,3.960532195926377869e+10,3.506567219419088745e+10,3.421208484890066910e+10,3.185882559151657486e+10,3.243867124428919220e+10,4.015765655188488770e+10,3.045888080114276886e+10,3.648019469065607452e+10,2.868215039448362350e+10,3.189733998738076401e+10,3.296685845523386383e+10,2.897524757697650146e+10,3.223919900581058121e+10,4.080390811296159363e+10,2.911796809260723114e+10,2.967363302468157196e+10,3.406249275177790451e+10,3.145631871397675323e+10,3.018788946392197800e+10,3.287159835464192963e+10,3.903394348948352814e+10,5.161087538540769196e+10,4.533113788147894287e+10,3.254474459003006363e+10,5.071829605632599640e+10,3.961723048829634857e+10,4.729182280544215393e+10,4.958985182452382660e+10,5.026404937534994507e+10,7.277074961835183716e+10,6.834005612231501007e+10,9.228551323983268738e+10,1.010011774397971802e+11,7.313173059243794250e+10,8.096576248182519531e+10,5.990792021922567749e+10,5.348045228103350067e+10,5.047109783205030060e+10,6.405431663917378998e+10,7.751670711609011841e+10,8.058322502940234375e+10,7.929692985268804932e+10,6.859934802589974976e+10,6.359726177518536377e+10,6.213789475514531708e+10,4.592455674862103271e+10,4.210496502746131134e+10,5.568140317863264465e+10,4.269202732980617523e+10,5.312618321982032776e+10,3.115876906444580078e+10,2.900224113974481201e+10,3.220015097199247742e+10,3.286257263618151474e+10,3.302705621349000549e+10,2.631961941052748871e+10,2.998280505552505112e+10,2.656552964954854965e+10,2.945870548160594559e+10,3.929914286679498291e+10,2.839090711725432587e+10,2.250839757210708618e+10
3.343693193104290009e+10,2.177692075945318222e+10,2.604154671497746277e+10,2.508283755226309967e+10,2.962964700395615005e+10,3.031322710665933609e+10,3.489415564960749054e+10,3.033122800819270325e+10,3.780244955761550903e+10,3.715611617043431091e+10,3.427318326945758057e+10,3.965511545814606476e+10,3.136280498226882172e+10,5.487388946970536041e+10,6.027849901324649048e+10,5.276861542654485321e+10,5.249024554184430695e+10,5.352305839612171936e+10,7.161252957853137207e+10,8.026264947339019775e+10,9.128823737451078796e+10,7.749294649029447937e+10,7.235607207395030212e+10,6.398641193460678101e+10,6.242498270947705078e+10,6.952856686595799255e+10,8.071101679188449097e+10,7.264263439515371704e+10,7.488047413991180420e+10,7.874813736697401428e+10,6.867447299326062775e+10,7.890682378148233032e+10,5.288430875366811371e+10,6.429027037514293671e+10,4.896151877820792389e+10,6.103418861092163086e+10,4.698308510252057648e+10,4.861371723455243683e+10,3.650977465812075806e+10,2.859258510729042053e+10,4.616092824825621033e+10,3.856037953151927948e+10,3.862193334247767639e+10,4.187845036194470978e+10,4.475314649887385559e+10,3.098019157059169388e+10,3.043736716710987854e+10,3.265953149718490601e+10,4.458932788462450409e+10,3.310303135615025711e+10,4.745856822646797180e+10,3.151935917007957840e+10,4.952652148964488983e+10,2.779059749740010071e+10,3.454815559428981781e+10,3.974242646050965118e+10,3.375044956697212601e+10,3.851675732773627472e+10,3.846329425296051025e+10,4.374072618872418976e+10,3.892175126176403809e+10,4.486475486579698944e+10,4.331834383726939392e+10,4.328157079166953278e+10,5.119201882961689758e+10,6.046808922315517426e+10,4.547719409589563751e+10,6.231277777427043915e+10,5.134762234393511963e+10,7.287858585067227173e+10,7.667693310688056946e+10,8.776944203219854736e+10,8.833957621775999451e+10,8.643290490445826721e+10,7.836254643626815796e+10,7.163496626184793091e+10,6.328470207477513123e+10,7.613500428649806213e+10,8.331026915537011719e+10,6.913503522249403381e+10,6.869511930281411743e+10,7.068170222265971375e+10,5.612265614298686218e+10,6.575576883526298523e+10,4.497665453522016907e+10,4.266763441701054382e+10,5.183672592890626526e+10,4.336650031124181366e+10,4.769112275032194519e+10,4.985056774071865845e+10,3.673139092724392700e+10,3.934893870481186676e+10,3.218121339991750717e+10,2.628749216117100906e+10,2.959099409942633438e+10,2.733032818095571518e+10,2.975221859947326660e+10,2.212619451531191635e+10,2.738125099486011887e+10,2.961512306643304443e+10
2.319417839812732315e+10,1.908931335653839493e+10,2.508448022394709778e+10,2.851720078723567963e+10,3.680988217686684418e+10,2.708702199487328720e+10,3.826562356367253113e+10,2.539410221784005737e+10,2.774891583377552795e+10,3.865394223195079041e+10,2.645034131549797821e+10,3.668350738735205078e+10,3.898867311399571228e+10,4.092921212679624939e+10,4.361257725144557190e+10,4.237660394356084442e+10,5.125508617221910095e+10,5.189159109575350189e+10,5.853688078096265411e+10,6.842890837774127197e+10,7.357369402989135742e+10,8.585246144541653442e+10,6.751338826014978790e+10,7.392561369023587036e+10,8.706850369965083313e+10,8.144572401000028992e+10,8.293948059068093872e+10,7.538388740021641541e+10,8.551498504976597595e+10,7.483759236771546936e+10,8.403481234149124146e+10,5.872867997477265167e+10,4.900862333048734283e+10,6.161214374822731018e+10,4.281585984332266998e+10,4.071055422621391296e+10,4.193193423318873596e+10,4.097459666635382080e+10,4.569511476373919678e+10,4.307759478027078247e+10,3.990533737571982574e+10,3.155147087278429031e+10,2.832440683447032166e+10,3.385474119257299042e+10,3.852134619944519806e+10,3.039817899801365280e+10,4.119653455178639221e+10,2.846830832188277054e+10,2.920150602713555527e+10,2.666969580966860580e+10,2.699754046418662643e+10,3.375570316038496399e+10,3.675318898009156799e+10,3.203028443692015457e+10,3.979520527090985107e+10,3.611665602324420929e+10,3.195556999702232361e+10,3.642040445437018585e+10,3.351393657278071594e+10,4.818637422505659485e+10,3.962847548872639465e+10,2.808235978162165070e+10,4.538893786129055023e+10,5.189391400180973053e+10,4.884918739945086670e+10,5.027085444081394196e+10,5.766365962507192993e+10,6.134735267944583893e+10,7.160556147918983459e+10,8.956089995946060181e+10,7.678915705358662415e+10,8.625622142298529053e+10,8.485281263516162109e+10,7.198753284599063110e+10,7.607338272797473145e+10,8.481706624129844666e+10,8.522653664784992981e+10,6.837771929820359039e+10,7.667767847406416321e+10,6.715504066739405823e+10,7.154590348697200012e+10,6.664397065758090973e+10,7.242952662991084290e+10,5.146677523157858276e+10,4.391945946644145203e+10,3.407692410012609100e+10,3.664092194817736816e+10,4.414666874257506561e+10,3.911698461073891449e+10,2.734000588225497437e+10,3.742458689466910553e+10,3.162852090778115845e+10,3.481936331511318970e+10,3.373925180294343567e+10,2.642898982770932388e+10,3.065129936131699753e+10,2.258952261696287155e+10,3.039329666287798309e+10,1.976787693036563110e+10,2.842799959768981934e+10
2.648521081858451080e+10,1.831938746359970093e+10,2.548918191739113235e+10,2.739166587708536530e+10,3.138213942880369949e+10,2.664262916824728775e+10,3.173352144620516968e+10,2.644943815625941467e+10,3.326194002600372696e+10,3.118612473366231155e+10,4.502909365039428711e+10,3.434552778618916321e+10,3.739485527730736542e+10,3.309949723143754196e+10,5.034497559009393311e+10,5.189488546429454041e+10,6.154091638709922028e+10,5.051841543570675659e+10,4.799890001870962524e+10,5.530759924451521301e+10,5.713704650246047211e+10,7.747879282590789795e+10,8.852393445583427429e+10,9.182849517085911560e+10,7.167110259104269409e+10,7.672181335856838989e+10,8.530979716063378906e+10,8.028752062058950806e+10,6.617634127173611450e+10,6.649671922260140991e+10,7.099450804765792847e+10,6.033198883868106842e+10,5.311154172441899109e+10,4.448080856473634338e+10,5.629076711508827209e+10,4.350967819063415527e+10,3.965985813644011688e+10,5.088552177137546539e+10,3.395078798040565109e+10,3.447185675314634705e+10,4.144788066326986694e+10,3.736220497786586761e+10,3.240795565570132446e+10,3.834526651421791840e+10,3.154566105347158432e+10,4.561317017534403229e+10,3.009929264652676773e+10,3.812458384816026306e+10,2.900712720791987228e+10,2.984774257493789673e+10,2.948599697387128448e+10,3.586100081764588928e+10,3.650326866034290314e+10,3.629892949828786469e+10,3.579958981802030945e+10,4.458694154279135132e+10,4.695075138963980865e+10,3.501885727362052917e+10,3.282525960213734818e+10,5.335716668768505096e+10,3.963113186140663147e+10,4.536977030015396118e+10,5.628111207339023590e+10,5.533362700797342682e+10,4.822549818841158295e+10,5.569674297952980804e+10,5.277384400916237640e+10,6.370687961370948029e+10,5.386266902709454346e+10,6.038508083114668274e+10,6.363020256611490631e+10,8.038572901501385498e+10,8.104139600832499695e+10,7.944199994007255554e+10,9.615591275394844055e+10,8.908004370600099182e+10,8.462164524480018616e+10,8.337005649222993469e+10,6.970434584235728455e+10,7.422540004434010315e+10,5.948848930314582062e+10,8.316825122678697205e+10,5.437472444885594177e+10,5.941644031331863403e+10,3.944015215570384979e+10,5.006446068568474579e+10,3.524747043505233765e+10,3.758556215442076874e+10,3.057362579924588776e+10,2.836422294098881149e+10,3.879081401047671509e+10,2.932526473414471436e+10,3.914512173893422699e+10,3.039739902350472641e+10,3.046754035325601959e+10,2.702113014269863510e+10,2.628888235402642822e+10,2.545224183594971085e+10,2.697045579535961914e+10,2.204333950560254288e+10
3.356213625718553543e+10,2.375123895682046127e+10,2.822276878860157013e+10,3.630804910411071014e+10,3.121176461572546387e+10,2.330549433559558868e+10,3.129262202313521957e+10,2.717061536490419388e+10,2.918983357747948074e+10,2.934352591955110931e+10,3.345993390667684555e+10,2.960788634007953262e+10,4.579377138218969727e+10,4.449722568790382385e+10,3.848460579931597137e+10,4.177925892677022552e+10,6.087618397725971222e+10,5.007301341025743866e+10,5.635981045772250366e+10,6.002661349347579956e+10,6.064761452859470367e+10,7.736352046784147644e+10,7.545183048363183594e+10,7.663258599310256958e+10,9.755462737015121460e+10,7.156356694391932678e+10,7.858324196701289368e+10,6.990282404890242004e+10,6.978029559833494568e+10,7.643515370425817871e+10,6.927002663550839233e+10,5.355255582947717285e+10,4.813151987791542053e+10,5.004234623121571350e+10,4.302061432477600098e+10,4.747697227236425018e+10,4.257373975387622070e+10,4.824907625747952271e+10,2.960838585120354080e+10,4.306979791416995239e+10,3.525872192368544006e+10,3.761024508520313263e+10,3.981822554448168182e+10,3.309970370581369400e+10,2.981563587877145767e+10,2.956515261724734116e+10,3.351779715885928726e+10,2.879084916828828812e+10,4.536526801873919678e+10,3.437757984220107269e+10,2.735872151715439224e+10,3.817017014131482697e+10,3.074757972697098160e+10,2.708875984866798019e+10,3.378276539123402023e+10,3.583598224965482330e+10,3.239098757643965149e+10,3.506351705550966644e+10,6.081347283717441559e+10,3.952660680283656311e+10,5.082835398210829163e+10,4.402490882091909790e+10,4.258517483696810913e+10,4.225462297078064728e+10,5.673347040167457581e+10,4.347136332320360565e+10,5.364947752912863159e+10,5.969346080009421539e+10,5.938058974676081085e+10,6.501033957428460693e+10,6.192818746481806946e+10,9.726151855553768921e+10,6.329334566875614166e+10,9.311082040928793335e+10,7.619331373122714233e+10,7.326424474261827087e+10,8.076923070937242126e+10,7.575700885203253174e+10,7.392523744358621216e+10,7.590174704050286865e+10,5.765305681111653137e+10,5.851350881351987457e+10,5.616108276133372498e+10,4.431352584757543945e+10,4.391672764539116669e+10,4.353690431381604004e+10,5.046074666086270142e+10,2.854207661978681946e+10,3.195083347718249130e+10,3.865465130892370605e+10,3.468500608381480408e+10,2.780763477089090347e+10,3.488874263181170654e+10,3.946511974825640869e+10,2.892447259692860794e+10,3.122084335793241501e+10,2.557294626259840775e+10,2.643080507379742050e+10,2.354071976168157959e+10,2.965223010035585785e+10
2.431322845431881714e+10,3.081636217940228271e+10,2.804198935702288818e+10,2.341646605861921310e+10,3.319465934706266022e+10,2.791503671995495987e+10,2.937941436797223282e+10,3.193903274770985413e+10,3.045646702395603943e+10,2.613947532907638931e+10,4.497724638438676453e+10,4.377222891298632812e+10,3.367520434178625107e+10,3.541282405372847748e+10,4.735609220566056061e+10,5.326807034440529633e+10,4.496993897299384308e+10,5.386505174266049957e+10,5.406879652625836945e+10,6.340827575714935303e+10,5.403646070227575684e+10,6.381314605835457611e+10,6.214688469455448914e+10,6.222253787410221863e+10,7.162636113112892151e+10,7.071762318757313538e+10,6.935641209553912354e+10,6.682387942525553131e+10,6.607333867197724152e+10,7.074649677948344421e+10,5.440813103812509155e+10,5.954305810132581329e+10,5.657169184647818756e+10,5.919767375056416321e+10,4.173562387978001404e+10,5.123994486746607971e+10,4.612655451195537567e+10,4.818574546097044373e+10,3.825167093971896362e+10,3.615196462700981140e+10,3.832899139719463348e+10,3.883203315135063171e+10,2.964332144906726074e+10,3.465787696987288666e+10,4.588747462713551331e+10,2.905209245685803223e+10,2.681295826308809662e+10,3.115319300757881546e+10,2.990457615770618820e+10,2.923784992113281631e+10,2.966888301202502823e+10,3.244063497611530304e+10,3.009183491143190765e+10,2.684031622056410980e+10,2.757519085251228714e+10,4.592538788936547089e+10,3.140462934720737457e+10,3.332677225031091309e+10,3.151087240572488022e+10,3.092712928712036896e+10,3.342156067548994446e+10,5.096693277521491241e+10,3.906400424670744324e+10,3.216328789988784790e+10,4.516646019316364288e+10,4.739468643512763977e+10,4.780433851041117096e+10,5.147078724470372772e+10,5.238926447402818298e+10,5.131894381244485474e+10,6.050429338878638458e+10,6.190652135173897552e+10,6.113323786946657562e+10,7.448769433012785339e+10,7.943828769984245300e+10,7.488727629890824890e+10,6.373876463275007629e+10,6.217415120333032227e+10,7.535013828573088074e+10,5.560699810467462158e+10,4.829330525423648071e+10,6.089052308948416901e+10,4.776363544531587982e+10,4.192284545356233215e+10,4.342026062434029388e+10,3.518797401314516449e+10,3.530776744916587830e+10,3.329778547045552444e+10,3.034454928861185074e+10,2.791235025611668777e+10,3.041830439099033737e+10,3.041191734679456711e+10,2.367183627047421265e+10,2.616887941918824768e+10,2.683524784276961136e+10,2.353258159846524811e+10,2.632107001712766647e+10,3.387334007275227356e+10,3.185745671062858200e+10,2.538959542588729477e+10
2.372152171833303833e+10,2.789062604312907791e+10,2.803974915691868591e+10,2.878456561036465073e+10,5.048654700784743500e+10,2.456421544944905090e+10,3.704424413454278564e+10,3.037452791778472900e+10,3.175208789459244537e+10,4.620321839386870575e+10,4.170514901728871155e+10,4.104081829345905304e+10,3.189884587892646027e+10,5.384121188618007660e+10,3.017712452924122238e+10,5.483874001557457733e+10,4.149143027507622528e+10,5.158929690489698029e+10,3.960948607045098877e+10,4.692705069110496521e+10,4.846668475218125153e+10,5.012118184808300018e+10,5.614394754178340912e+10,6.825822373186253357e+10,5.475972128102398682e+10,7.393620028543373108e+10,6.900624401804261780e+10,6.162568142623963928e+10,4.911502069329476929e+10,4.943775425300932312e+10,5.731881616297308350e+10,7.092517426995324707e+10,5.119758874778680420e+10,4.286903234581188965e+10,3.693949818920037842e+10,3.804015541063441467e+10,3.979170367682855225e+10,5.216812874215933990e+10,3.626414220352464294e+10,4.028566259549919128e+10,3.496967636932468414e+10,4.042063814055541992e+10,3.620587848567456055e+10,2.820522756796364975e+10,3.104096008578992462e+10,3.350966088302789307e+10,3.103591241112592316e+10,4.256019976785511780e+10,3.706136818691088104e+10,3.739591655621380615e+10,3.887942871098561096e+10,3.961236585632216644e+10,3.138963554301279068e+10,3.252625003378243256e+10,3.814024248298590088e+10,4.193971576818286133e+10,3.826771460874307251e+10,3.719444382916150665e+10,2.967336935091726303e+10,3.186160996405435181e+10,3.780240478318861389e+10,3.824911950704116058e+10,3.520294775649607086e+10,3.289881582705316925e+10,4.216189925938333130e+10,5.299083627614085388e+10,4.597770691499718475e+10,5.080416754937525177e+10,4.414249443133781433e+10,5.326427421603320312e+10,6.916140972342974854e+10,5.615036515825970459e+10,6.376488231637979126e+10,5.511222095202152252e+10,7.184882108590483093e+10,6.812090148389350891e+10,6.090137749546848297e+10,7.284513553273052979e+10,5.005400847477729034e+10,5.957381398014052582e+10,5.711863646249260712e+10,4.490317422903157043e+10,6.238151845465031433e+10,3.826107646770464325e+10,4.609671005183530426e+10,4.542168168135437012e+10,3.483861814493112946e+10,3.624923059496703339e+10,3.303639710310443497e+10,3.643994924361402893e+10,3.291264015002706909e+10,2.791266822270130157e+10,3.516600554989811707e+10,3.907532101854402924e+10,2.455528280063444519e+10,2.539912210142802429e+10,2.889857994416207504e+10,2.493586070976623917e+10,2.316308889730116653e+10,2.187871541359061050e+10
2.532846421960746765e+10,2.520977816941516113e+10,2.576122485067003250e+10,3.517731002598852539e+10,2.315796620871062469e+10,2.286013695528403091e+10,2.973460367885486603e+10,2.801003107472552490e+10,2.701639003177275848e+10,2.755536369509989548e+10,4.275773551558621216e+10,3.467180699330465698e+10,3.253274781876737976e+10,3.384487293368563080e+10,4.673604898226979828e+10,3.849936499455744934e+10,4.666322633034855652e+10,4.591200937227757263e+10,4.149057340534434509e+10,4.652120651658158112e+10,9.036735038995498657e+10,5.073883604604595184e+10,6.374255600482265472e+10,4.765247295565000916e+10,6.442902915130125427e+10,5.612494720287296295e+10,5.302280389323831940e+10,4.943746106996266174e+10,4.505728383988230133e+10,6.414188756582452393e+10,5.322186615710459900e+10,5.311384465964432526e+10,6.933092872660858154e+10,4.812843599833362579e+10,4.205728497397560120e+10,5.742336479197377014e+10,3.876598673825880432e+10,3.904618936743852234e+10,3.585590899164829254e+10,3.971354432308811951e+10,3.559763615108486176e+10,2.905238991385976028e+10,3.227987894793510437e+10,4.497126950818830109e+10,3.071671130579703903e+10,3.693960857014524841e+10,3.317263691575159073e+10,3.455288620510767365e+10,3.188512045062667465e+10,3.535529278772911072e+10,3.192824738554180908e+10,2.836544467995046234e+10,2.709760935237257385e+10,3.620075091631778717e+10,2.665245514081863785e+10,3.202278563351530838e+10,3.765760791603428650e+10,3.238118660984780121e+10,4.127124989769870758e+10,3.451524759982046509e+10,3.397298074039141083e+10,3.957198759417346191e+10,2.945878819960567856e+10,3.552858158856562805e+10,4.634315450221191406e+10,3.376006930429724503e+10,3.571009394839933014e+10,4.346534780237171936e+10,4.668503846296408081e+10,5.745623121088544464e+10,4.677554116909980011e+10,7.228548155566468811e+10,4.598258255493197632e+10,6.593259115457692719e+10,6.356305503583290100e+10,5.959873949498220825e+10,5.973551900307978058e+10,5.457540820046562958e+10,5.972502819378764343e+10,4.463827855120439911e+10,5.254105596320649719e+10,4.411871757345201111e+10,5.458762180119242859e+10,3.568450644912501526e+10,3.052529362384302521e+10,3.845265424038197327e+10,2.636911698466519165e+10,3.174194819915559769e+10,3.830063641929230499e+10,3.483054437492133331e+10,3.384806278826188660e+10,3.304436362629828644e+10,2.199617990213591385e+10,2.443560557739604568e+10,3.045794996400086212e+10,2.631538834005223846e+10,3.126383544725721741e+10,2.345999660807588959e+10,1.985067120481553650e+10,2.667691920092941284e+10
2.702409941047387314e+10,2.842986455825771713e+10,3.222518626460720062e+10,3.033713713420221710e+10,2.284670473575539398e+10,2.635381131739335251e+10,3.536016709267720032e+10,2.851436760039346695e+10,2.509454266174623489e+10,2.946804136461034775e+10,3.541370149597212982e+10,3.248230774368375015e+10,3.495676994354744720e+10,3.277695058979255295e+10,3.007112521552151108e+10,4.338820323994184113e+10,4.539469656989044189e+10,3.867119401362402344e+10,3.457587934444998169e+10,4.201843112828202820e+10,5.231428433465711212e+10,4.950348584272132111e+10,5.523830692634210968e+10,4.192518959316419220e+10,4.542155644899369812e+10,5.209817375564728546e+10,5.307930604364060211e+10,3.931834897997702026e+10,4.614687712527230072e+10,4.980752712632294464e+10,5.138362181790830231e+10,4.709680108370806122e+10,4.673985889038979340e+10,4.486747608222884369e+10,3.706962797745590210e+10,4.998414745717549896e+10,3.704701320592509460e+10,3.176354147629497147e+10,2.852023859125014496e+10,3.265643390136485672e+10,3.405249890511778259e+10,4.711084304116170502e+10,3.715894334981837463e+10,3.195114317729697800e+10,3.044295713937927628e+10,2.976594696610888290e+10,3.643016408690242767e+10,2.792548031617338562e+10,3.633261681085862732e+10,3.639740846229743958e+10,4.196223346722501373e+10,3.355864065960802460e+10,3.353851201424162674e+10,3.837039485079443359e+10,3.050565634606983948e+10,3.389822700596015930e+10,4.347055522601544189e+10,2.585758182379834366e+10,3.151804429058868027e+10,3.852059867909391022e+10,3.568072972243580627e+10,3.075299682416806412e+10,3.480028039085567474e+10,3.674607582329476166e+10,3.551624743276637268e+10,4.263640949029685211e+10,4.300748587906043243e+10,4.404084792200603485e+10,4.326947069544815826e+10,5.914787248746408081e+10,5.989482430910553741e+10,4.765943491050748444e+10,5.149330261455751801e+10,5.941910618267192841e+10,5.866294993005152893e+10,5.181922572497039795e+10,4.632200897800177765e+10,4.418207777555628967e+10,3.841296659643817139e+10,4.601622678912866974e+10,5.147602466790790558e+10,4.426584115564089203e+10,3.426494599701322174e+10,4.069516839768863678e+10,3.086976923784263611e+10,3.822347859825550079e+10,3.261477747504782486e+10,3.747752221854231262e+10,3.695620798448758698e+10,3.666018643332901764e+10,3.188820847680612946e+10,2.620196879902770996e+10,3.089706606820430756e+10,3.189699820736228943e+10,2.787434352103872681e+10,3.675682461543678284e+10,3.234148872436295700e+10,3.961300654952777863e+10,1.991292185532450485e+10,1.947879368145214081e+10
3.576455188877138519e+10,2.663381329569769669e+10,2.849349566882123184e+10,2.669734930266473389e+10,2.739886210755339432e+10,3.673028542138717651e+10,4.313243670004682159e+10,3.046389140770297241e+10,3.131278606165153122e+10,3.413098963165836716e+10,3.237846000961119080e+10,3.316552223261397552e+10,3.459472238405963898e+10,3.313193555926615143e+10,3.585411173960308838e+10,3.180142595408305359e+10,3.414302102079992294e+10,3.893749257245053864e+10,4.502977111945361328e+10,4.342449363448005676e+10,6.266908645172332764e+10,4.003886814152241516e+10,5.526220428215476990e+10,5.008446443195896912e+10,5.630390362452897644e+10,4.886420775479259491e+10,4.847425916190735626e+10,4.818313484308493042e+10,4.876592315490347290e+10,4.103550511877149963e+10,5.317548954428570557e+10,4.838904095997238159e+10,5.323442605644036102e+10,4.905796220415630341e+10,3.928467234297490692e+10,3.541534919932201385e+10,4.325654091605528259e+10,3.784989774456060028e+10,3.927491740747896576e+10,3.045905559167189026e+10,2.640410608787115860e+10,2.927854576905918884e+10,3.183703420555426407e+10,3.839624274939200592e+10,3.400945135667993164e+10,2.688819507475508499e+10,2.977147301018159103e+10,3.843075962293007660e+10,4.479067236045501709e+10,3.042435499323896790e+10,3.290208371469824600e+10,3.096868637041351318e+10,2.332027699008386993e+10,2.400905873527146149e+10,3.391333321803897858e+10,2.845924942462517548e+10,3.186850984521804428e+10,2.630838444847296143e+10,3.733165070730455017e+10,3.769140021040837097e+10,2.971859067419326401e+10,4.125948068751203156e+10,4.094781701239804840e+10,5.079754435242292023e+10,3.674533460993183899e+10,3.559718320069469452e+10,3.419246259308075714e+10,3.618836958364823914e+10,3.093458076802103806e+10,4.007059112934806061e+10,5.846157388454125214e+10,3.746596839159698486e+10,5.140188396168992615e+10,5.872785911314921570e+10,4.922112479764480591e+10,5.968208994853787994e+10,4.799725274672512054e+10,5.263609750561711121e+10,3.909328073838956451e+10,4.197806731933211517e+10,4.043516408308559418e+10,3.608220349492753601e+10,4.063021899673274994e+10,4.261911105589277649e+10,3.788854003041471100e+10,3.433434589482223129e+10,3.384703049458325577e+10,3.932014484846117401e+10,3.291823880913088608e+10,2.983051337275819778e+10,2.483998511254144669e+10,2.624053922933452225e+10,3.084572332250181580e+10,2.891842052673961639e+10,3.967310625481871033e+10,2.684337307591815186e+10,3.369115016190850067e+10,2.096716968113407516e+10,2.706093125516162872e+10,2.385234037858266449e+10
1.794305439954119492e+10,2.448731028945174408e+10,2.746333827863551331e+10,3.456502482390702820e+10,2.758620997441364288e+10,2.859800261851178741e+10,2.617939973620250320e+10,2.611942246358817673e+10,3.866895745688092804e+10,3.316456743537908173e+10,3.768924211605150604e+10,2.644851409749904251e+10,2.933050355920106888e+10,4.192605000679032898e+10,3.850862313532735443e+10,3.934554789699342346e+10,3.050869924026983261e+10,4.712302287831323242e+10,3.195845780400164032e+10,4.106904320311806488e+10,3.497260647417437744e+10,3.847763383425221252e+10,4.879511277664685822e+10,4.820127234629904175e+10,4.211599412188056946e+10,4.997301539571894836e+10,4.193740987053306580e+10,5.233215962718447876e+10,4.329172189816389465e+10,4.680785639285984039e+10,3.840088991326804352e+10,4.367010118770700836e+10,4.626071985860081482e+10,4.335592255839668274e+10,3.340786676890518570e+10,5.155352603977156067e+10,3.509903955025156403e+10,3.809411348318279266e+10,3.026087192124093628e+10,3.036373569390446091e+10,2.750242705150229645e+10,4.178474710823030853e+10,3.684720720954135132e+10,2.747116435048456955e+10,2.943790968310483551e+10,2.623455025130060959e+10,3.451228175300182343e+10,2.813501777169935226e+10,2.730602825777479172e+10,2.895799933447927475e+10,4.032936924827903748e+10,3.700967055766461945e+10,2.908475910438685608e+10,2.802844051377396774e+10,3.370582102014389801e+10,3.535054243816287231e+10,3.336899619332980347e+10,3.645408478213994598e+10,2.961244080905853271e+10,3.367320149419536209e+10,4.068095805199124146e+10,2.731874382238291168e+10,3.501919038041070557e+10,4.665543824018582153e+10,4.417833058836179352e+10,3.852493669681435394e+10,3.828394141564881897e+10,5.659813651060496521e+10,4.375726841072885895e+10,4.390933306307264709e+10,4.733494872549738312e+10,3.968358484576590729e+10,4.476443986762569427e+10,5.243932998621181488e+10,3.813551451026615906e+10,5.077683733903565979e+10,4.593344095419821930e+10,4.206531060724547577e+10,4.793851782806314087e+10,3.649479476874759674e+10,3.163345696767593002e+10,3.341895125925199127e+10,5.478103486777648926e+10,3.733163259625341797e+10,3.236002295591844940e+10,2.836347212018712997e+10,3.247319805017329407e+10,3.221689517201134491e+10,3.257018222025762939e+10,3.734274013896115112e+10,4.604745741824596405e+10,4.022289581063469696e+10,3.121089505358510971e+10,3.147852358863827896e+10,2.777074045852268600e+10,2.443447685086547470e+10,2.679867518708296967e+10,3.097395239187062836e+10,2.587969345345600510e+10,2.606730275808231735e+10
2.248748903602233124e+10,1.749344337830813980e+10,2.456516267645820999e+10,2.884953314178770828e+10,3.158366813385141373e+10,2.373002986986709213e+10,4.144001100937560272e+10,2.565264542082839966e+10,2.471709140020190048e+10,4.021575649118097687e+10,2.828545203598829651e+10,3.881467286358444977e+10,2.638532929329571152e+10,3.953022470379501343e+10,2.832654940869458389e+10,4.300555653400358582e+10,3.558045498401409912e+10,2.814263460525870132e+10,3.506266152290916443e+10,3.830202145953160858e+10,4.282166989355463409e+10,3.582670316291062164e+10,3.879754306240431213e+10,4.060022457503513336e+10,4.142458516143035889e+10,5.420045659159973145e+10,3.921519704023009491e+10,4.280928679997260284e+10,5.777254727053574371e+10,3.861803128947829437e+10,4.608859768351278687e+10,3.528168879118097687e+10,4.324075123992760468e+10,4.302359103834710693e+10,3.162794307416712570e+10,3.398407961828821945e+10,2.874046768352307510e+10,3.521137233843138885e+10,2.577645440770302200e+10,3.549146305119548035e+10,2.855712133194450760e+10,3.973811303183705139e+10,3.079943155284174347e+10,3.342792389565860367e+10,3.423803446500177765e+10,2.557484203895943069e+10,2.251529594061287689e+10,3.529712010410893250e+10,3.821078092751024628e+10,3.197369453409344101e+10,3.590605492701892090e+10,3.840466796690863800e+10,4.211857814118221283e+10,2.506962784622363281e+10,2.263950409630687332e+10,3.643931057671084595e+10,3.141707540777946091e+10,3.353710015338655090e+10,3.557065450821147156e+10,3.159993220518477631e+10,3.939189713469945526e+10,3.167095290848520279e+10,3.915737068964006042e+10,4.290835180122655487e+10,3.103893675209320068e+10,3.314477167983218765e+10,3.776909387611914062e+10,3.962266385461774445e+10,3.682592523667999268e+10,3.632471304507589722e+10,3.721743337594114685e+10,4.269681550118863678e+10,3.890256152858721924e+10,5.112357548858950043e+10,4.219034480919213867e+10,4.754078050991116333e+10,4.225179347431961060e+10,3.619721430869775391e+10,4.345581347484584808e+10,4.224789344375659943e+10,3.118353496307650757e+10,4.214648691084294128e+10,3.566829028778593445e+10,4.275248173382765961e+10,4.559481928661668396e+10,4.110003702796788788e+10,3.509399756931292725e+10,3.361308766550559998e+10,3.602383196892824554e+10,3.510090955330535126e+10,2.286137957103490067e+10,2.634363238679516983e+10,2.785820015709428406e+10,2.745963867542813492e+10,2.687841927160018921e+10,3.328272947487750244e+10,2.954154686207620621e+10,3.673254983525072479e+10,2.084392520788434601e+10,2.159477494660976028e+10
2.465010872723145294e+10,2.409043708348793030e+10,2.128831179264315033e+10,2.212538412940806198e+10,2.672634352176483917e+10,2.097547173594788742e+10,2.544183309180361176e+10,2.569004221797972107e+10,3.066645331309933472e+10,2.620752521207932281e+10,2.886323203994503784e+10,2.852571446169821548e+10,4.385124125762802124e+10,3.105924405809830093e+10,3.249581197665898132e+10,3.261038996683613968e+10,3.595315214531065369e+10,4.188341078886101532e+10,4.035380851464141846e+10,3.773682842011689758e+10,4.564232888119966125e+10,3.893355732558065796e+10,3.601804998748150635e+10,3.583856781773684692e+10,4.413701318449143982e+10,4.303905104022692108e+10,4.022428389046182251e+10,3.714125954131760406e+10,3.822079778047159576e+10,4.931878312436893463e+10,5.500938600501255035e+10,3.250268782008387375e+10,4.039213304053695679e+10,3.338500878655047226e+10,3.170710224120538712e+10,3.016296566145327377e+10,3.552935025114632416e+10,4.327929983357520294e+10,3.597227334896717072e+10,3.018828802304657745e+10,3.106524257473145294e+10,3.199550615891006088e+10,2.631232519273952103e+10,3.176459174691117859e+10,2.787036765394120789e+10,2.489646459846728897e+10,2.822172564539392090e+10,4.095952976242937469e+10,2.803677316093944931e+10,3.653634355333129120e+10,3.278918953072476578e+10,4.468393744051670074e+10,3.409039110049884415e+10,3.228574859828934860e+10,3.648412152235418701e+10,2.808114706043215179e+10,3.323557617675783539e+10,3.758281650232346344e+10,3.406662456760615158e+10,4.083892162498432922e+10,2.546957876468487930e+10,3.197306205919536209e+10,5.234212653119889832e+10,3.347832079350056076e+10,4.044511284608432770e+10,3.208616705163175964e+10,3.101245737061783981e+10,4.077674945370453644e+10,3.675944816553332520e+10,3.505347546670711517e+10,4.476748341844067383e+10,4.750063835875539398e+10,6.070468645862430573e+10,3.746239052509262848e+10,3.469649002358573914e+10,3.679194628569665527e+10,3.305591958902596283e+10,3.303717316208821106e+10,3.627605117588691711e+10,3.540870665222921753e+10,4.643278818999731445e+10,4.216451887800624084e+10,2.913843435632020569e+10,3.581601728032432556e+10,3.797351915314634705e+10,3.478619054200509644e+10,4.228731473726729584e+10,3.306469804826467514e+10,3.246131056722470856e+10,2.928954829431755447e+10,2.354978354757693100e+10,2.047036516700625992e+10,3.426487264046731949e+10,2.499251482978807068e+10,2.919076808427341080e+10,2.729062426847906876e+10,3.260010369343487549e+10,2.465458209941488647e+10,2.040393991883475876e+10,2.282064697930467224e+10
2.352743101433719635e+10,2.338512338381718063e+10,2.623279765662967682e+10,3.227005772597130966e+10,1.952100627916576385e+10,2.776088633708845901e+10,2.902551925409069061e+10,2.890314383272365570e+10,3.083035670826613235e+10,2.525241209558210754e+10,2.844534142543734741e+10,2.671649441959883499e+10,3.339619545697873688e+10,2.978453387250005722e+10,3.552158749246402740e+10,3.210736926899993134e+10,2.501868864868402863e+10,4.756543214557732391e+10,3.715107972050080109e+10,4.371687218648445892e+10,4.967500352057148743e+10,3.979198934588035583e+10,3.552779093196804047e+10,4.255898055689059448e+10,3.527372320231230927e+10,4.205029416467412567e+10,3.841445805187299347e+10,4.031262593028726196e+10,4.374021594187656403e+10,3.035366809925689697e+10,3.048388215612518692e+10,3.873421760425313568e+10,2.867984229956299591e+10,3.326521122438446426e+10,6.174675243210571289e+10,4.048745414732249451e+10,3.478483157652780914e+10,2.848201123971477127e+10,3.205892577883697510e+10,3.399668468660003662e+10,2.881899667051124191e+10,4.151374635784811401e+10,2.752870547812605667e+10,2.946029719610802078e+10,2.818331658646570969e+10,3.050303943874015045e+10,2.760397945232723999e+10,2.292197252505020142e+10,3.151899323162889481e+10,3.705525151784002686e+10,3.812453730405210114e+10,3.356931101301400375e+10,3.965681615586654663e+10,3.036966064606678391e+10,3.017113783084436798e+10,2.593357199885767746e+10,3.431812546452422333e+10,3.403224226341006088e+10,3.178695665133553314e+10,2.653577762304141617e+10,2.549303565947465897e+10,3.341990608034941101e+10,2.880767650002238083e+10,3.981879345871329498e+10,3.481939713851982117e+10,3.191900003274359512e+10,3.732865951032878876e+10,3.653623981873617554e+10,3.567190201282498932e+10,3.837985922893190765e+10,3.617688207099024200e+10,4.246730324982743835e+10,3.940194048359017944e+10,2.952774667030919266e+10,4.194104677341888428e+10,3.396779827103570938e+10,3.837529238418398285e+10,3.400003735937991333e+10,3.279997141411915207e+10,5.654092898087416840e+10,3.024025330992897034e+10,3.520942212608644104e+10,3.378905380236253357e+10,3.306781665729555893e+10,2.987990203539507675e+10,2.625838566035242462e+10,2.887018921491432953e+10,3.319226116884870529e+10,2.717904268155144501e+10,3.492348267837889862e+10,2.788465978042045212e+10,2.780285130269356918e+10,3.060342238137502670e+10,3.141919246968282700e+10,2.855129872784609604e+10,2.477361251417948914e+10,2.279359893184891510e+10,2.315085912391483688e+10,2.252672790049521255e+10,2.573803467272019196e+10
2.453527752849915695e+10,3.462784911643904877e+10,3.526250448971959686e+10,2.391551666404584503e+10,2.231284147807910919e+10,2.053803929175937271e+10,2.967079074682807922e+10,2.234656220654125214e+10,3.039860284932586288e+10,2.184634294039900589e+10,3.269134489223348618e+10,3.922530602717393494e+10,2.693568153919099426e+10,2.467531146311484146e+10,2.985907460374428940e+10,2.657901849089079285e+10,3.029277108765450287e+10,4.017808819574625397e+10,3.545361930120639038e+10,3.107971962397250748e+10,2.641241961188111877e+10,4.354807933680059052e+10,4.050498310494973755e+10,3.839015286324864197e+10,4.280278953014597321e+10,4.443215313921724701e+10,4.412313932141608429e+10,3.958251050344446564e+10,3.991436750467369080e+10,3.281326120933091354e+10,3.503466195560093689e+10,3.108476849918841553e+10,3.246463605613344193e+10,4.914998308312977600e+10,4.089248446195453644e+10,2.866992996728892517e+10,4.998357327348496246e+10,3.532104736349787903e+10,3.198193579963489532e+10,3.643472232680079651e+10,2.816794704158938599e+10,2.825995167546511459e+10,4.243018099598381042e+10,3.825066470527942657e+10,2.653062039697659683e+10,3.030347137641461182e+10,2.566837280690439606e+10,3.273818393990374756e+10,3.207492460013994980e+10,5.123827656584798431e+10,2.949284365677633286e+10,3.053799271670649338e+10,2.986892788389039993e+10,2.800552171426234818e+10,2.725961334179833984e+10,2.525675190531237793e+10,2.870192613236584854e+10,4.012072916746698761e+10,3.314512714561015320e+10,4.888730357848040009e+10,2.616571473955165482e+10,2.832415992795281219e+10,2.718708898206048203e+10,2.672056471864538574e+10,2.920033097578650665e+10,3.743675376108451080e+10,3.261294071820396423e+10,3.549540109680356598e+10,3.393594926994648743e+10,3.814659065546611023e+10,3.934489006948275757e+10,3.387658148982247925e+10,4.162016593946041107e+10,3.509954996979013062e+10,5.078812115750812531e+10,4.116826821089109802e+10,4.571477533645244598e+10,4.304541609499259186e+10,3.266465868442369843e+10,3.588429565070634460e+10,3.890158421851264191e+10,2.838765976900141144e+10,4.620457867638580322e+10,3.377631237582742310e+10,3.238098136035942459e+10,3.440800410784503937e+10,3.260818536993865967e+10,2.412461120184260941e+10,2.538834730089666367e+10,3.379329152045794678e+10,2.346605882155484390e+10,2.318142139003356934e+10,3.607435306587954712e+10,3.705078571805312347e+10,2.612726524141494370e+10,2.503323829214012909e+10,2.818308582961748886e+10,2.367725902463807678e+10,2.362440195525684357e+10,1.976688041824348831e+10
2.585690931342150116e+10,2.820308059382097626e+10,2.421337730440379333e+10,2.856607807534618759e+10,2.730180880472488785e+10,2.885022080174936295e+10,3.268298028430380249e+10,2.988806659896409225e+10,3.615384779491152191e+10,2.704582884197361755e+10,2.355479695707880783e+10,2.274341907643629837e+10,2.505526937988848495e+10,3.175550704935469818e+10,3.506725054656594086e+10,2.741959588112984848e+10,3.287788281199691010e+10,3.298020360121535110e+10,3.048404799929959869e+10,3.445404070445560455e+10,3.940315874241707611e+10,2.782538305095756531e+10,3.370474664615105820e+10,3.380937985303923798e+10,3.782244089982726288e+10,3.821207529875135803e+10,4.080988602450565338e+10,3.945493727345567322e+10,3.423654265967101669e+10,2.919109302765924072e+10,3.139294894189804077e+10,2.954395559233364105e+10,4.394090434196511078e+10,3.308911472545330429e+10,3.899665617106452942e+10,3.372456544140341568e+10,4.532516103404615021e+10,3.622429939316898346e+10,2.482097638216469574e+10,2.897440359528646469e+10,2.636692118858047104e+10,2.634032457144030762e+10,3.304224657462229538e+10,3.935521984715108490e+10,2.720505776319437790e+10,2.110854260372284698e+10,2.086447397193429565e+10,2.338508301763858032e+10,3.447294184901433563e+10,2.650797202250198746e+10,2.411351268040497971e+10,3.446589251460822296e+10,2.464582085578286362e+10,3.522967088140373993e+10,3.113689923626721954e+10,3.275987925980818939e+10,2.876741535474954987e+10,2.578543993876873016e+10,3.073573638032950974e+10,2.752139089866835403e+10,2.766183512175841141e+10,3.591432672681257629e+10,2.499090956647768021e+10,3.295294695688191605e+10,3.259038868030150986e+10,3.544252719750038147e+10,2.551561133307216263e+10,3.752808349538630676e+10,4.309830455416380310e+10,3.009346211600167847e+10,3.299843620014127350e+10,4.014701428728408813e+10,3.205110601283395386e+10,4.105300811635645294e+10,4.359116266636478424e+10,3.149953774387190247e+10,3.953948901213339233e+10,3.126480558600161743e+10,3.370265991414683914e+10,3.212744832507914734e+10,3.550182889855519104e+10,3.557783785036575317e+10,2.648523684174097443e+10,3.539949210143161011e+10,3.419095772909355545e+10,3.182636787372447968e+10,2.494233451723582840e+10,2.590196275094695663e+10,2.542455263736569977e+10,3.255539394680172348e+10,2.667088530083697128e+10,2.148103356091235733e+10,3.030898155126763153e+10,3.743195461780262756e+10,3.066453207566740036e+10,2.299095685596993256e+10,2.566487022839687729e+10,2.845436956795756149e+10,1.856903821303879166e+10,2.151024246288837814e+10
2.431356973342043304e+10,2.350315138957582855e+10,2.051435363572749329e+10,2.332294623667680740e+10,2.354858914049545670e+10,2.445627869552156448e+10,2.468254218029504776e+10,2.762181405607715225e+10,3.011435078215776825e+10,3.604194353404018402e+10,2.850021126629109192e+10,2.742431635387826157e+10,3.309065624666193390e+10,3.339512952149760818e+10,3.109306481705702209e+10,2.419452986113489151e+10,2.794356374670661163e+10,2.679275760848142624e+10,3.188676012606489563e+10,3.095934762523777008e+10,2.840940956640667725e+10,3.162591962369091797e+10,2.977712796731283951e+10,2.972901797647680664e+10,3.663959904687553406e+10,2.963308817843267059e+10,2.776138469158078766e+10,3.068394896344259262e+10,4.796691851931973267e+10,3.292954856851205444e+10,3.691164485440906525e+10,2.504487861659254837e+10,3.031562105305383301e+10,3.635427593176522827e+10,2.805686877367255783e+10,3.030449841857909012e+10,3.167866651976381683e+10,3.597853328762983704e+10,4.407839611833433533e+10,2.312980627487279129e+10,2.564545372757118225e+10,3.250344042606884003e+10,2.550174057280619049e+10,2.857922941278312302e+10,2.721784700005456543e+10,3.464502229545437622e+10,2.616071978022623825e+10,3.718557394418292999e+10,3.029165846541805649e+10,2.530859462157621002e+10,3.515803000435325623e+10,2.939991507136617279e+10,2.466867807376515961e+10,2.443908539235366058e+10,3.157635777995933914e+10,3.759093876903349304e+10,3.165530558406401443e+10,2.451723734315450668e+10,3.103196569769406891e+10,3.093337263690877914e+10,3.295162849325839615e+10,3.556050291817823792e+10,2.474124820696809769e+10,3.057912495909951019e+10,4.485159304818528748e+10,3.187827696912393188e+10,2.345852487063980103e+10,2.931342404663093567e+10,2.954158819019142914e+10,3.167022921550531769e+10,4.069947800094926453e+10,4.312679902210340118e+10,2.962374404933570862e+10,3.124328623131046295e+10,4.172700908174908447e+10,3.770255699761772156e+10,3.495719059627090454e+10,2.871582452369900131e+10,3.613172230286714935e+10,3.130940882149557877e+10,3.737559556495632172e+10,2.389997154119780350e+10,3.055373241461632919e+10,3.735534543903707886e+10,3.441308499940267944e+10,2.696356756111513138e+10,2.988051794930074310e+10,3.042443596943939590e+10,3.066988261925986862e+10,3.216719675179263687e+10,2.634160191028114700e+10,2.298742502826905441e+10,2.523136583204125595e+10,1.979826848356178284e+10,2.346828941447931290e+10,2.535808781365496445e+10,1.989821643656610489e+10,2.272907803337488556e+10,2.299607924161286545e+10,3.765825062221409607e+10
2.389068589812162781e+10,1.819473642619460678e+10,1.886163383638815689e+10,2.936234634710069656e+10,2.123143663628109360e+10,3.095223075644680405e+10,2.474741563621468735e+10,3.915960237015356445e+10,3.548547303231610870e+10,2.602753378556368256e+10,2.031833032801403809e+10,2.337673864007224655e+10,2.789311867042759323e+10,2.712923923447527313e+10,3.159342630905566788e+10,2.943037495078205872e+10,2.181537103830730820e+10,2.343810557418615341e+10,2.192221870053903198e+10,2.504925830133995438e+10,2.946301364155836487e+10,2.114050446706398392e+10,3.045935193199158478e+10,3.094002182761275864e+10,4.308374397837735748e+10,3.176676816372629547e+10,3.675766500856311035e+10,3.653122662532581329e+10,4.142408159442014313e+10,3.689129683223699951e+10,3.206339152819718552e+10,3.609268541238851929e+10,3.112127107517898178e+10,2.623472427910901642e+10,2.897202989420913315e+10,2.786237477467539215e+10,3.201669557444879150e+10,2.954129869170456314e+10,2.666216858990470886e+10,3.104551792684413528e+10,2.610663988472451019e+10,1.893407544028610229e+10,2.511209316602726364e+10,2.708373548868424606e+10,2.276355863416876602e+10,3.015070674201599503e+10,2.292679931010398483e+10,2.679017467297494888e+10,2.432757965766154099e+10,2.091610814054725647e+10,3.104856133848362350e+10,2.814455329721788788e+10,3.518876949375584412e+10,2.266753600734016037e+10,3.485814521925742340e+10,2.862484099990914154e+10,2.201999124280587769e+10,2.899764019750409698e+10,3.723647115567434692e+10,2.179345564984518433e+10,2.861575348205408096e+10,2.857621437726930237e+10,2.551084928564346313e+10,3.742319605975225830e+10,2.855531525707627487e+10,3.078847888367371750e+10,2.453100097539978790e+10,3.156495632755806351e+10,2.907903310492672729e+10,4.202767701759073639e+10,3.966994343256576538e+10,3.660336087566682434e+10,2.683347566996088028e+10,3.380027768977202606e+10,2.396956014980957413e+10,3.366139099425610733e+10,3.541331246266532135e+10,2.465618005761658096e+10,2.916881473737427139e+10,2.945384863403296280e+10,2.579565605405515671e+10,3.212707632333250427e+10,3.052207585961765671e+10,2.793381535625207138e+10,3.437257528499617767e+10,3.305581933283654404e+10,2.965533373534146500e+10,3.164812497361654663e+10,2.282481616428257751e+10,2.837813721705257034e+10,2.672302809125228119e+10,2.941133056909934998e+10,2.188205665715296936e+10,3.055419816681925964e+10,2.844913032132600784e+10,2.970075285241722488e+10,2.233303064675895691e+10,2.357886458663639450e+10,2.302838848268531799e+10,1.941696225951635361e+10
2.232371238011618805e+10,2.079969799572743988e+10,1.925558302688441849e+10,2.412817281478863525e+10,2.435627316374618530e+10,1.978533135723623276e+10,2.624959960125055695e+10,4.049586025696212006e+10,3.229847068845223618e+10,2.715962972641503906e+10,2.452751491401606750e+10,2.888730512528209305e+10,3.609057913535693359e+10,2.608842899163807678e+10,1.962377136009625626e+10,3.462224155042987061e+10,3.089146239730888367e+10,2.321779240701736069e+10,2.732325703801921463e+10,3.701501872385644531e+10,3.326590028443431473e+10,3.517665958696977234e+10,3.057673017991656494e+10,3.261516665957397842e+10,3.695423668620723724e+10,3.013830652716389847e+10,2.760565539365949249e+10,2.955281204300625610e+10,2.541369829535290527e+10,3.166214581484162140e+10,2.967918697475190353e+10,3.985103253348300934e+10,2.331248071895613861e+10,3.329404156311545944e+10,3.744980817101756287e+10,4.059031133680023193e+10,2.186946740767823410e+10,3.039464054760702133e+10,2.772611357371586609e+10,2.964442524324248505e+10,3.903098264540718079e+10,2.647107575619388580e+10,2.124593131433542252e+10,2.659686247095109558e+10,2.365495818461615372e+10,2.781369248319172287e+10,2.885626465080674744e+10,2.717476365481939697e+10,2.570239464709684753e+10,3.249056744324827576e+10,3.103126864806201553e+10,3.125001002267434311e+10,3.397268947139531326e+10,2.719995989284033203e+10,2.685768704527180099e+10,2.930856726216328812e+10,3.191741960132195663e+10,2.780183795359162521e+10,2.491414798388795090e+10,2.911232855913364792e+10,2.460700212733668518e+10,2.681059031601064682e+10,3.098092930818132401e+10,2.544893301947974777e+10,3.366856759312016296e+10,2.940069984336154175e+10,3.709088451170642853e+10,4.924212437815329742e+10,2.943242103362461472e+10,3.780561492022235107e+10,3.397804035527407837e+10,3.451388583160495758e+10,3.839407522731398010e+10,3.714201330733544159e+10,3.133931941117150116e+10,3.345424080359213638e+10,3.155899642863675690e+10,3.004192852366026688e+10,2.641652842838543320e+10,3.682525037354423523e+10,2.534874257376724625e+10,2.991061319169043732e+10,2.838764816049288940e+10,3.463386810240558624e+10,2.676567232149488831e+10,3.116052500393032455e+10,3.380284018972534180e+10,1.992719791940522003e+10,2.402942837798444748e+10,3.842968340449742126e+10,2.673770946061937332e+10,2.467668256902033997e+10,2.275203858608170319e+10,2.625710003499143982e+10,2.670704463349432755e+10,2.460083219958876801e+10,2.268837322582572174e+10,2.092471820336105728e+10,2.608484761845549011e+10,2.366839299117216110e+10
1.800696688688177109e+10,2.098382114888505554e+10,2.494399668195972824e+10,2.040149490181999207e+10,2.959513075836487961e+10,2.223578266365693665e+10,3.679407854837706757e+10,2.293128925108712387e+10,2.160781880437507248e+10,2.601612450846537399e+10,2.600057176312006378e+10,2.392694988327409744e+10,2.212780845581443405e+10,3.513652022019077301e+10,2.786392482041442871e+10,3.009461222255182648e+10,3.362566524519051743e+10,2.160585734601857376e+10,2.732427934386908722e+10,2.370033401103035355e+10,3.671425118931480408e+10,4.237970953068509674e+10,2.680283869735778046e+10,3.227316869766151428e+10,2.848053300752685547e+10,2.828774990385642242e+10,4.104184117292995453e+10,3.199286200841275787e+10,4.450183705921367645e+10,2.743920879638161087e+10,2.779052840303930283e+10,2.799670481605550003e+10,2.209355400368121338e+10,2.469252591596231079e+10,2.905104542304817581e+10,3.114826751429152679e+10,3.437405309021321106e+10,4.428190525979313660e+10,3.511113874891752625e+10,2.496251673379524994e+10,3.524702320761999512e+10,3.485607004520831299e+10,2.893776162035103226e+10,2.898495875079646683e+10,1.929947127132192993e+10,3.026278171782115555e+10,2.826931382981269836e+10,3.053632920532101059e+10,2.808201883791931915e+10,3.521179573366252899e+10,2.464717417349916458e+10,2.460704274126472473e+10,2.295562738646419907e+10,2.577700095859638977e+10,2.445416592082863998e+10,2.319763247335840988e+10,2.829218341087230301e+10,2.146950604655370712e+10,2.375153433493364334e+10,2.737441192200548172e+10,2.430056957663838577e+10,2.396630507165903091e+10,2.318197828327312469e+10,2.571406537995211029e+10,2.240497939942270279e+10,3.765325708639836884e+10,2.855358795802743149e+10,2.993174579276603699e+10,3.026442590507662582e+10,3.900257509291901398e+10,3.057630663919434357e+10,3.220385779164443207e+10,4.125912616917104340e+10,2.532351098689120102e+10,2.194745677602492905e+10,3.471746592346562958e+10,3.366817633462673569e+10,2.747462678118085480e+10,3.291316537931401443e+10,3.032874546093169785e+10,3.655566509442812347e+10,2.661143106194021988e+10,2.822940873053344345e+10,2.550675897258858109e+10,2.174152846432363892e+10,2.991469214580066681e+10,2.627048055444700623e+10,3.226780094302585602e+10,2.455869196192676163e+10,2.631195164942596817e+10,2.184157846800561905e+10,2.784825976526718903e+10,2.153393963633608246e+10,2.418416059148244858e+10,2.715415799796638107e+10,2.056793288758873749e+10,3.130374724258430481e+10,2.448154126103284836e+10,2.933254258649737930e+10,2.176140404123783493e+10
1.692486912142348862e+10,3.002518751334519577e+10,2.798509925861559677e+10,2.242604312279122925e+10,2.530840707483119202e+10,2.468665101203232956e+10,1.873830198019014359e+10,2.144867487146181107e+10,2.349114847128047562e+10,2.241049366013718033e+10,2.866127482735797501e+10,2.211538754599594879e+10,2.220715446785248184e+10,2.255652584248550797e+10,2.904568419427924728e+10,2.237516784195155334e+10,2.540039215732193756e+10,2.808583896891275024e+10,2.778905760360701752e+10,2.986063171106267166e+10,2.522371879825868225e+10,3.258562148754563522e+10,2.677987019644290161e+10,2.841136888507539368e+10,2.464807474758462143e+10,2.217157902815923309e+10,3.004375436727605057e+10,3.170015383763438416e+10,2.805087141589635849e+10,2.710404643073638535e+10,2.823352959465982056e+10,2.623778173657647324e+10,2.998258477402628708e+10,2.930789545608737946e+10,2.866615721730248260e+10,3.339602587265864182e+10,4.156949319853540039e+10,2.837237809509793091e+10,2.707608884040139389e+10,2.428342396158253098e+10,2.734477226842801285e+10,2.735584907158813477e+10,2.121371338095421600e+10,3.107789750135642624e+10,2.961688361876311493e+10,2.502914576897753143e+10,3.336011402461693573e+10,2.811673909822983551e+10,3.019156489177758026e+10,2.550965672735654831e+10,2.689199415994824219e+10,2.748984814251569366e+10,3.048948548840470505e+10,3.208544655001949692e+10,2.497058331511985397e+10,2.647026948659449768e+10,2.288589612194651413e+10,2.782323322992013168e+10,3.412766632390651321e+10,3.120791015488704300e+10,2.580667164780187607e+10,3.091786009554962921e+10,2.912747250791459274e+10,2.772720657091853714e+10,2.232858904762184143e+10,2.845166879741541672e+10,2.470839958213826752e+10,2.641105001718338776e+10,2.597640924966830444e+10,4.031138361801506042e+10,2.617092614070542145e+10,3.195326117160128403e+10,1.986072088549650574e+10,2.998114389197170258e+10,2.892835834948476791e+10,2.380287527124805069e+10,2.414793307355543900e+10,2.719689495477383804e+10,2.925785367900738525e+10,3.502421275114920807e+10,3.266154550696955872e+10,3.752722562782950592e+10,3.376352261449437332e+10,2.614224504489377594e+10,5.102658113825149536e+10,2.444522550494386292e+10,2.489364799246548462e+10,2.403427092505256271e+10,2.320145568476741028e+10,3.111215344787974930e+10,2.568466862245956802e+10,2.760311609335670090e+10,2.152512321710760498e+10,2.561577192601179886e+10,2.736288508937397766e+10,1.999166844360458374e+10,2.494572905070332718e+10,2.263500175244791031e+10,2.144360999744276428e+10,2.053474007874835968e+10
2.273505979724655151e+10,2.288209081725006485e+10,2.468970540545457840e+10,2.013277178935213089e+10,2.121367957824920273e+10,1.861676499858538818e+10,2.232046284571203613e+10,2.385458405835837173e+10,2.161319911010184097e+10,2.335073667684533691e+10,3.042381815313276672e+10,2.173606761853103638e+10,3.073366382709033966e+10,2.704141195390737152e+10,2.581880401569926834e+10,3.180787600482868576e+10,3.074986494215854263e+10,2.425468548270354843e+10,2.366534781182170486e+10,3.184106655113189697e+10,2.680078482499568176e+10,2.765725891611075592e+10,2.343638070671942902e+10,2.549230821902831268e+10,2.695071418347172928e+10,1.975464212990010834e+10,2.453922895692823410e+10,3.356545531113634872e+10,3.230274495129931641e+10,2.440292509516963196e+10,2.567820372900640869e+10,3.123516400171756363e+10,2.498649639625764465e+10,3.209822745282556915e+10,2.456474726969001770e+10,2.509972816601968765e+10,2.428098732181315994e+10,2.456615698733360291e+10,3.840058804514030457e+10,3.575495887516339874e+10,4.223509954820771790e+10,2.210923015741500092e+10,3.342498847152042007e+10,3.083022237597391129e+10,2.903106523901335526e+10,2.436328520663508987e+10,3.368385459910829926e+10,2.484965753454793167e+10,3.316751464830857468e+10,3.191564082189394760e+10,3.009509630219328308e+10,2.376786483857081604e+10,2.667129805669047546e+10,2.290939413915990067e+10,3.365280473101594543e+10,2.731446155291418457e+10,3.554258203363430023e+10,2.534523841329378891e+10,4.706611594454457855e+10,2.429545848103014755e+10,2.759382927990877533e+10,3.947491585828910828e+10,2.748710651903958511e+10,3.246321544235510254e+10,2.728166463513119888e+10,3.275043257412150574e+10,2.235418388808988571e+10,3.470975027942080688e+10,2.897206216453384399e+10,3.178418930407668686e+10,2.976843243030671692e+10,3.566601121039002991e+10,2.384347797923745346e+10,3.056554688302898407e+10,2.693795062725086975e+10,2.753394459511546326e+10,3.426416872098123550e+10,3.324036570631240845e+10,4.885188999374707794e+10,2.263269975700239944e+10,3.527271762892005920e+10,3.086491174368163300e+10,2.524244539912495804e+10,2.719370991868905640e+10,4.453850068957477570e+10,1.866955248192524719e+10,2.822164849187549210e+10,2.158461498924074173e+10,2.396348668421643448e+10,2.248302572307966614e+10,2.576204735321937561e+10,2.538173020683449936e+10,2.930131802247643280e+10,2.532119771807909393e+10,2.335378705733545303e+10,2.661826276748212814e+10,2.549268479050942612e+10,2.400597278520937729e+10,2.372151292878802872e+10,2.141628282590697861e+10
1.886089125349859238e+10,2.696456863341317749e+10,2.484997253885709000e+10,1.714034250908011436e+10,3.430599835734804916e+10,1.734861603014501190e+10,1.868816232540658951e+10,2.496630834063656616e+10,2.535884782772383118e+10,2.219216364713625717e+10,2.341621264928077698e+10,2.570167193539556885e+10,3.484127865580686951e+10,3.374544033532927704e+10,2.409719322061919785e+10,3.207837605029113388e+10,2.437316837343064499e+10,2.695184357023337936e+10,2.917278296629788971e+10,2.798486855616143799e+10,2.489354793025030518e+10,3.284607117907312775e+10,2.112655620627573013e+10,2.510875009306969070e+10,2.203362332854547501e+10,2.822697740419358826e+10,2.374105995009490585e+10,2.903655125006477737e+10,2.305758410011743546e+10,3.279686340969426346e+10,3.818191547081028748e+10,2.763478091792404175e+10,2.520773108149952698e+10,3.554662828757875061e+10,3.092231261964793777e+10,3.073566037446961594e+10,2.666499357442699814e+10,3.056775037745070648e+10,2.607050301174665833e+10,2.728530240750815964e+10,3.631819258699655151e+10,3.567246476786426544e+10,2.588950148656365967e+10,3.325558564632966614e+10,2.375734204688311386e+10,2.123864271727267456e+10,2.700386339701972580e+10,2.246802775785860443e+10,3.347839931190405273e+10,3.499587581793807220e+10,3.061972507454908752e+10,3.853817729532861328e+10,2.487531441181448364e+10,2.600876235971403503e+10,3.862742258101881409e+10,2.303364835917027283e+10,3.698096584977611542e+10,2.415555995159153748e+10,3.017753126495162582e+10,2.279088644135644531e+10,2.816741472225078201e+10,3.389783227538597488e+10,3.187133430698519135e+10,2.654873218248982239e+10,2.711492506210752106e+10,2.800841787697417831e+10,2.918083921662174606e+10,2.628106767255517197e+10,5.611139369383029175e+10,3.226989828788412857e+10,3.692065509888604736e+10,4.180849276755721283e+10,3.034355352508391571e+10,2.766043395538578415e+10,2.675087810703672791e+10,3.353006116005881500e+10,2.993161969418772125e+10,3.071314460026630783e+10,2.365292970677153778e+10,2.513044658563374329e+10,2.804196655807965851e+10,2.622786021454061508e+10,2.258207329155704117e+10,2.773255047310974121e+10,3.199307054388933945e+10,2.261838682780202103e+10,2.698082544239326096e+10,3.193623306883106995e+10,2.216927815814337921e+10,2.596273775880065918e+10,1.988490329848358917e+10,2.032741841760986710e+10,2.798429537591241837e+10,2.254473488293314362e+10,2.169232336913607025e+10,2.286433431085316467e+10,2.724862806927553558e+10,2.487371548566723633e+10,1.470226719664941216e+10,2.078007636820893478e+10
2.225274183166443253e+10,1.728989209767711639e+10,2.837269140160008621e+10,1.946774969238769150e+10,2.017041282931979752e+10,2.514196765072045898e+10,2.415613665003312302e+10,2.485421498303538513e+10,2.187777183921984482e+10,3.976738031003480530e+10,2.586450071810612869e+10,2.383527260271163559e+10,1.942379110342504883e+10,2.474977612028654861e+10,2.368509402597301102e+10,1.940605134020432281e+10,2.676163821065796661e+10,2.613295235237967300e+10,2.847045867387279510e+10,4.043004145950740051e+10,2.084260697205696487e+10,2.544732218087942505e+10,2.855839220134143066e+10,3.139191334707713699e+10,3.025833698063489532e+10,2.887850797964371109e+10,2.823115372428107834e+10,2.281219690092008972e+10,4.923452878576599121e+10,2.237030980328218079e+10,2.774099592725830460e+10,3.606697187033249664e+10,2.340952238183237839e+10,3.214651776071429062e+10,2.467394826011063004e+10,2.805687078559144974e+10,2.315070751322809982e+10,2.439183106131512451e+10,2.718511344192883682e+10,2.702505852170755768e+10,2.164278337691519547e+10,2.447668685480508041e+10,2.490221214681877899e+10,3.524173046918081665e+10,3.580813211935954285e+10,3.237753270486161041e+10,2.642829373392615509e+10,3.104876356575156784e+10,2.936944076622419357e+10,2.571147708023496246e+10,2.253220010817837143e+10,2.867116050102651215e+10,2.430238684048491287e+10,3.022644456750938797e+10,3.835552546640058899e+10,2.156103946008009720e+10,2.450870170952272797e+10,2.911351300625450897e+10,2.799452181619557953e+10,1.865979467619203186e+10,3.319780586027110672e+10,2.432433450720682144e+10,2.635031444760427856e+10,2.578369671540725708e+10,3.029334748458742523e+10,3.155539532865376663e+10,2.906558109835040283e+10,2.382816964819985580e+10,2.345078019790801239e+10,2.796557808825630188e+10,2.088146772083314133e+10,2.449340587896967697e+10,3.231743944629493713e+10,3.297707678020385742e+10,3.086386171055832672e+10,2.277966267980883408e+10,2.091530836861212540e+10,2.822520215002194214e+10,2.332798274719641113e+10,2.620588542186717987e+10,2.332376510984796906e+10,3.297839772161561203e+10,2.489379868606152344e+10,2.944820439348091507e+10,2.333146808820468521e+10,3.499445756147397614e+10,2.253557497979875183e+10,2.493211444777991104e+10,2.882800821753667068e+10,2.564139853568045425e+10,2.467302642725445557e+10,1.961675138108733368e+10,2.946303082306802750e+10,2.087607271484954453e+10,2.206710584229397583e+10,2.411787249680464172e+10,2.150165254734753799e+10,2.961152194213871384e+10,2.218253474620881271e+10,2.555913032756738663e+10
1.732065906724194336e+10,2.287956679271462631e+10,2.601005856032182693e+10,2.122965997754327011e+10,1.949821220299529648e+10,2.754696811238905334e+10,2.127913799322220993e+10,1.846850628874804688e+10,2.348180174508654785e+10,2.252417189722885132e+10,2.443684768252365875e+10,2.198292323629770279e+10,2.042793477600667953e+10,3.441434205326420593e+10,2.283102285095482254e+10,2.639830949199179840e+10,2.171801615150313568e+10,1.987140229888150787e+10,2.184274668362530899e+10,2.366573236551795197e+10,2.697852258102020264e+10,2.194205421984727859e+10,2.365200526817229080e+10,2.227315679808498764e+10,2.713740238934185410e+10,3.041561253462602234e+10,2.885916141575434494e+10,3.432799374582464981e+10,3.000957319147793198e+10,3.148752002709462738e+10,3.002468573690143204e+10,3.573016529629877472e+10,2.938604172013393402e+10,2.422716152115744019e+10,2.622437480926256561e+10,2.643392838428704453e+10,2.975650120182715607e+10,2.240730978413965225e+10,2.328960466106794357e+10,2.534362377820574951e+10,3.410705103967544174e+10,2.974311151227052689e+10,2.453563323908578110e+10,3.041341435387734222e+10,3.218089586600469589e+10,2.139345362487610626e+10,2.970953957714939880e+10,2.952056273381958389e+10,2.480657962887033081e+10,3.192346055745833588e+10,3.743730850996080017e+10,3.200111497571699524e+10,2.317287551623307037e+10,3.371110099040292358e+10,2.375259703734041595e+10,2.606206552436320877e+10,2.748858213519698334e+10,3.765342045561195374e+10,2.079024734091180038e+10,2.986462648286781311e+10,2.273096358372270966e+10,2.217761788287344742e+10,2.203924961136740112e+10,3.261408630823157120e+10,2.326941260642505646e+10,2.119619314244387436e+10,2.105804678220830917e+10,2.606630073747064972e+10,2.401180028248671341e+10,2.702072793170230865e+10,2.640136811843353271e+10,2.371354754927845001e+10,2.443323002739241791e+10,2.986594853146957397e+10,3.353069208280955505e+10,2.160057626158190918e+10,2.840243836315868759e+10,2.989766021310151291e+10,3.127040115520624542e+10,2.290075622397538757e+10,2.068937548886830139e+10,2.461757861028258896e+10,2.784624002046648026e+10,2.431330046392182541e+10,4.043755310278035736e+10,2.423250420712267303e+10,2.918138555142284012e+10,3.423013482661793900e+10,2.158986994667156601e+10,2.269191772172854614e+10,2.482831500961595154e+10,3.027337009735926056e+10,2.275509312171675873e+10,2.412335222629116821e+10,2.580358795210257721e+10,1.896616597897840881e+10,2.259558757033826828e+10,2.458694229876383591e+10,2.108152694681915283e+10,2.309745137012018967e+10
2.009290889721819305e+10,2.428630516193933868e+10,1.999270804594769287e+10,2.429672283660377121e+10,2.006737653838410568e+10,2.024610488112131882e+10,2.409634120030555344e+10,2.504127016704705048e+10,2.104863139516092682e+10,2.291020480882834244e+10,1.972271174196447372e+10,4.573871888378481293e+10,2.042738924323122787e+10,2.682663030401497650e+10,2.874802184712386322e+10,2.011414189594548798e+10,2.654397753865248871e+10,2.157731094773212814e+10,2.891667235248602295e+10,2.301833172691353226e+10,2.181426355812715149e+10,2.149193127440159607e+10,2.071937344758486938e+10,3.875259455293980408e+10,2.740685490400118637e+10,2.632653515732808685e+10,2.469690152276869583e+10,2.471232738673958206e+10,2.470927970106158066e+10,2.140944331358350372e+10,2.924086571076066208e+10,2.647714099891063690e+10,3.177268999348654556e+10,2.446381779536688995e+10,2.761686304255731964e+10,2.718001729261502838e+10,3.115522501600018692e+10,4.128835473071955872e+10,2.487231512804786301e+10,3.090109593953535461e+10,3.131932193443493652e+10,2.525480342605264282e+10,2.733901671531557465e+10,2.932733075891057968e+10,2.074579714474164200e+10,2.761535401432603836e+10,2.427061997135446930e+10,3.270434567078582001e+10,2.866390255939934540e+10,2.617919650135894012e+10,2.046804921085306549e+10,2.810138497896226120e+10,2.613694219746670151e+10,2.489180184875953674e+10,2.910914756416184998e+10,2.862212992626338577e+10,3.069109160051463318e+10,2.383084769430152130e+10,2.828801780991928101e+10,2.017686204640240860e+10,2.370396514190147781e+10,3.472823574556366730e+10,2.486240908419179916e+10,2.418884464150095749e+10,3.126336657680429459e+10,2.579581630538836288e+10,2.430008987292768478e+10,2.671229072816509628e+10,2.660141759806115341e+10,2.642918561830440903e+10,2.462243607151760101e+10,2.796635735895050812e+10,3.829022608877179718e+10,3.373574545540761948e+10,2.841106324228921127e+10,2.608506495001395798e+10,2.032228048916099167e+10,2.410587494212018585e+10,3.715637187737301636e+10,3.152760643729990005e+10,2.569525355464795303e+10,2.956705844211281586e+10,2.036378726070429993e+10,2.417632199323653412e+10,2.372331690261278152e+10,2.720524475917625809e+10,3.329242332539685059e+10,2.352071719728078842e+10,1.978231767805723572e+10,2.268710198909836960e+10,2.118354570489008713e+10,2.202879677587366104e+10,2.385011241690480423e+10,2.492335712098229980e+10,2.862907905017467880e+10,2.341759390172687531e+10,2.234437892957817459e+10,2.651913337584788132e+10,1.888435413868495178e+10,2.338871557747275925e+10
1.943069391231110382e+10,1.904480464020861435e+10,2.957947744689373398e+10,1.630177114248928070e+10,2.582951218205221176e+10,2.339600607704992676e+10,2.764341389032815552e+10,2.706658607641705704e+10,1.952538128782054520e+10,2.256863300393662643e+10,2.365728973595234680e+10,2.550869379179407120e+10,2.351423715754464722e+10,2.376889950467465973e+10,3.760179522390673065e+10,1.958009711136719131e+10,2.970965993425245285e+10,2.713536600117845917e+10,2.497074240610742188e+10,3.316376984778873825e+10,2.525447148177105331e+10,2.471845129971558380e+10,3.451764690644467926e+10,2.451491584439776611e+10,2.128418138144497299e+10,2.045828665534148788e+10,2.542008991936878586e+10,2.554961142861169815e+10,2.445903117375040817e+10,2.493751502571589661e+10,2.434821991491811752e+10,3.453777368104766083e+10,2.034971918104292679e+10,3.099739944442423248e+10,3.251343296779553986e+10,2.670604097053042984e+10,2.373514672536610413e+10,2.052693591171844101e+10,2.086002536332307053e+10,2.622687430011503601e+10,2.455093723681269836e+10,3.311803701657143021e+10,2.379305598925693130e+10,2.683805272862940216e+10,2.613487020306086731e+10,2.452031891446643448e+10,2.101757133398226166e+10,2.368404153463292694e+10,2.623421867816645432e+10,2.960184059055785751e+10,2.228146036135044861e+10,2.718689157950125504e+10,2.183920605933108902e+10,3.146003201171096802e+10,2.975874309819596863e+10,2.295503662554564285e+10,2.526272914049680710e+10,2.653643380340847397e+10,1.972702396257208633e+10,1.901236205034731674e+10,2.479642507352317810e+10,2.986664519714483261e+10,2.454438530522678757e+10,3.115021684732392883e+10,2.489070697773680496e+10,2.874720919088600159e+10,3.411071430913113785e+10,2.658189916209909439e+10,3.037004259663103867e+10,2.745358147741346741e+10,2.414616057999918365e+10,4.113955805516107941e+10,2.605597812992177200e+10,2.884683124410380554e+10,3.938512603856156921e+10,2.449263096262050629e+10,2.283277545022807693e+10,3.217210191967936325e+10,2.452471798445835876e+10,2.803261946685126877e+10,2.097878670826005554e+10,3.887628799564308167e+10,2.661939573375434494e+10,1.933829148213512039e+10,2.236965920289438248e+10,2.507980925714999771e+10,2.674568835094444275e+10,1.979041002839329147e+10,2.399319030446672058e+10,2.985228170361215973e+10,2.241351017307824326e+10,2.873014916684704590e+10,1.944298836113553619e+10,2.740426424228815079e+10,2.445626875676010132e+10,2.091420378098257065e+10,1.919283081495187378e+10,2.241796429032611465e+10,2.343044541634778214e+10,2.105827848785090637e+10
2.091637203969823074e+10,2.381101290038273239e+10,2.522517602820421600e+10,1.905048743184981155e+10,1.963631673348865128e+10,2.635678930738976669e+10,1.807284059027036285e+10,1.883185168465899658e+10,1.894230085961605453e+10,2.502590124171511078e+10,2.568091033114151382e+10,2.529909632713959122e+10,2.555699220244561005e+10,2.882372881969223022e+10,1.863678084015850067e+10,2.478649136044480515e+10,2.500754202759345627e+10,2.163400551485853958e+10,2.479487356367284775e+10,3.086392519682093811e+10,2.458153657049859619e+10,2.133868072579161072e+10,2.083115899679058838e+10,2.888352695690050125e+10,2.233860797292286682e+10,2.535643206549095535e+10,3.058290394277956009e+10,2.847283634946679306e+10,2.776507277673476791e+10,2.750549044438567352e+10,2.657701544595863342e+10,2.966932275091253662e+10,3.734476589539832306e+10,2.432497160338710022e+10,3.402894788527679443e+10,2.327809623614809036e+10,2.829416730586808395e+10,2.757283049820597076e+10,2.816656476266777039e+10,3.785870029853478241e+10,2.253588869450046158e+10,2.940605082419062424e+10,2.469601985992927170e+10,2.077233783383311844e+10,2.528450513247621918e+10,2.909048235849046707e+10,2.287117912363155365e+10,2.498973405473834610e+10,2.182234521073240280e+10,2.143594198701001740e+10,2.099188205116093826e+10,2.973155810071652603e+10,3.078445767689141083e+10,2.568271035432208633e+10,2.082463166956178284e+10,2.888336570826580811e+10,2.727864065390753937e+10,2.862136317429968643e+10,3.139893643718962097e+10,2.450279855551375580e+10,2.585561695602385330e+10,3.126399418615574646e+10,2.184478466395215607e+10,2.402384668597801590e+10,2.092786934966674042e+10,2.530892346762026978e+10,2.428219461528922272e+10,2.075666659337215042e+10,2.989427621632624817e+10,2.705543137582799149e+10,3.128502040396630859e+10,2.706807378497238922e+10,2.755809448004090500e+10,2.671502986591906738e+10,3.564652222815525055e+10,3.056456660927048874e+10,2.237022956398979187e+10,1.922726002702457428e+10,2.455319596175820160e+10,2.239931097160116959e+10,2.256507986591267776e+10,2.670391692116442490e+10,2.242159444515768814e+10,2.339955091571180344e+10,2.364924576328128433e+10,4.235571577380918121e+10,1.923643561096049881e+10,3.124705768025332642e+10,2.332641148630160141e+10,2.116319435428660202e+10,2.793142054106373596e+10,3.234688539260988617e+10,2.930551442377395248e+10,1.862192528854255295e+10,2.012633694608823776e+10,2.645546273925597000e+10,2.506690679958162308e+10,2.610165141596803665e+10,1.820135131114994431e+10,2.146191978174544525e+10
2.096475141427953339e+10,2.402153667833663177e+10,3.734131661205686951e+10,1.717325991803472900e+10,2.055527815148803711e+10,2.309144441595678711e+10,2.562473833035264587e+10,1.873369040298555374e+10,2.435259776180545044e+10,2.128306935860557556e+10,2.106503233039426422e+10,2.061305586380744934e+10,2.456644244427748871e+10,2.414263941295499802e+10,3.549902206011357880e+10,1.926806616292190552e+10,2.236991282769539261e+10,2.278105502874023438e+10,2.688869692250350952e+10,2.355236923571500397e+10,2.813386808868260193e+10,2.478236715448860550e+10,2.139895071738590622e+10,2.844521173341683960e+10,2.624224643678454590e+10,2.113019786350357819e+10,2.222802025292345810e+10,2.435010572863792801e+10,2.111395800438502121e+10,2.316970306920719528e+10,1.843783946070269012e+10,2.354356755117078781e+10,2.591962241166979980e+10,2.103388963983328247e+10,3.045787599604685974e+10,2.688716336295156860e+10,3.006160874485607910e+10,2.117580406539070511e+10,2.947085106488222885e+10,2.818640226542492294e+10,2.684804912500354004e+10,2.880988671869805527e+10,2.327239591410966110e+10,2.633076038584079361e+10,2.645498947419066238e+10,2.694513250534447479e+10,2.419086742023937988e+10,2.409494215800960922e+10,2.251780408077370453e+10,2.348371293548930359e+10,2.602463149293783569e+10,2.437094117541755676e+10,2.387637750222153091e+10,2.237469758764173889e+10,3.092646107839712524e+10,2.223958492853878784e+10,3.079660344864228821e+10,2.504808037874607468e+10,2.404054517597827911e+10,2.347939189253121185e+10,2.795748350355991364e+10,2.000572426358881760e+10,2.744278770413755798e+10,3.594648633125266266e+10,2.667064782165663147e+10,2.918983332834716415e+10,2.453170580441407013e+10,3.096663904010565948e+10,3.420544571562973022e+10,3.323390319921303177e+10,2.637187571435887909e+10,2.573289647191621017e+10,2.443902790035572052e+10,2.338981996277736282e+10,2.714329543874865341e+10,2.130613046644266891e+10,2.889862989558445358e+10,1.850160041327716446e+10,2.977550679774040985e+10,2.072590856595359421e+10,3.164816579957704163e+10,2.075132238800646973e+10,2.661602061501796341e+10,2.757261293545617676e+10,2.443753767833548355e+10,2.153567259152408218e+10,2.169507825479979706e+10,1.801686713855434036e+10,2.476160788570203400e+10,2.661244804572249985e+10,2.109906947074023438e+10,2.049314504257576370e+10,2.364371925533776093e+10,2.782444335599813461e+10,3.433328277925431824e+10,2.030916087309970474e+10,2.180731092059082794e+10,2.292746296847986984e+10,2.241169069805487823e+10,2.114344124181227112e+10
2.087669872818257904e+10,2.151222295016140747e+10,1.687767176863911819e+10,1.882060437287425995e+10,2.534499361006012344e+10,1.758090865487829971e+10,2.588992920941422272e+10,1.916447812475050354e+10,1.972180805518039703e+10,1.810790635122102356e+10,1.927758628608297729e+10,2.514138556696660233e+10,1.755053395104441071e+10,2.704701999674784088e+10,2.678543722945142365e+10,2.356663335999418640e+10,2.151920002017772675e+10,2.928187314289582062e+10,2.236768176458795547e+10,2.465346580038409805e+10,3.248997633754519653e+10,2.749171760897262573e+10,2.415621901662270355e+10,2.873858320215353775e+10,2.355610260745617676e+10,1.978582610464307785e+10,2.424482255753011703e+10,2.848123110115678406e+10,2.534971927182863235e+10,2.270440857435099411e+10,2.434962856331395340e+10,2.195816529912817764e+10,2.482587816799412537e+10,2.238096726643014145e+10,2.547999384472806549e+10,2.740110195248182678e+10,1.948555399765314102e+10,1.944858471130964661e+10,2.971373143473300171e+10,2.450337336028634262e+10,2.481526473214101410e+10,2.665274057280513000e+10,2.203367722834344101e+10,2.466290688975994873e+10,3.312384064199056244e+10,3.490841580831376648e+10,2.274534085394585800e+10,2.186079247345205688e+10,3.232511961697090149e+10,4.150502950254103851e+10,1.908568950340143585e+10,2.204113652134110641e+10,2.073080701460223007e+10,3.799728335240087128e+10,2.214242440899138641e+10,2.294709536239107132e+10,3.845433144601569366e+10,2.998756891996711349e+10,2.998749503592337036e+10,2.398094561553072357e+10,3.020392858763808441e+10,2.582630073108723450e+10,2.185727288372307968e+10,2.523005868866512680e+10,4.773754730026388550e+10,2.905286372166635132e+10,2.552796821263551712e+10,2.046428790868668747e+10,2.379055910505884933e+10,2.411837530321921158e+10,3.515681927970106506e+10,2.362327731077838135e+10,2.867675158306254578e+10,2.163785820134614563e+10,2.000109521164030838e+10,2.515408810161119843e+10,3.123933036315405273e+10,2.234271970157294846e+10,2.771168229732099152e+10,2.447785755246926498e+10,1.979603729565689850e+10,2.259870272009088516e+10,2.451101571900197220e+10,2.043183577493387985e+10,2.251426497667138290e+10,2.683868497318001556e+10,2.451166038804576111e+10,2.120222081387563324e+10,4.176847308390538025e+10,2.642175042411751556e+10,2.202462390481666565e+10,2.200683368921810532e+10,1.999598033284835434e+10,2.633377071918298340e+10,2.684005763484523773e+10,2.827113603720729446e+10,2.031835016407878113e+10,1.713053328816318512e+10,1.662234409827527809e+10,2.564774326001081085e+10
2.082620152793472290e+10,2.219493191684371185e+10,2.334145234673439789e+10,3.659773668981653595e+10,2.666236057910651016e+10,2.217005360372477722e+10,1.920851357232115555e+10,2.261653966513513184e+10,1.792006822602557755e+10,2.992115038183710098e+10,2.429092873009807968e+10,2.268874989354433441e+10,2.188267085610153198e+10,2.230689486990045547e+10,2.225695354419598007e+10,2.651087999834690857e+10,2.086469529322747421e+10,3.124546278348601151e+10,2.031523127880108643e+10,2.490330682179558182e+10,2.206454489973299789e+10,1.888219780861749268e+10,3.126005642502159500e+10,2.840567159431803894e+10,1.973318374605952072e+10,2.432662086476359558e+10,2.181105285977939224e+10,2.919446122733576202e+10,2.641425613260439682e+10,2.508095513845626450e+10,3.453172343796627045e+10,3.443181069187151337e+10,1.922643209914837646e+10,3.058916905118397522e+10,2.370457588600300980e+10,2.600576454119927216e+10,3.551944699318392944e+10,2.704000639991326904e+10,1.908170853770806122e+10,2.602972688828772354e+10,2.278514282271693039e+10,2.288572855035895157e+10,2.188021419008449554e+10,3.019792678537897491e+10,2.817866583715347290e+10,2.161075064146660233e+10,2.278208262570604706e+10,2.118675411470624161e+10,2.080040364949131775e+10,2.490015735997907257e+10,2.322750495360807800e+10,2.538164607389532471e+10,2.323176303052837372e+10,2.574340440710520554e+10,2.324625355205467606e+10,2.195675089070025253e+10,2.553988323944325256e+10,3.290119652131469345e+10,2.338014664289429092e+10,2.622828791882931137e+10,2.781942067564592743e+10,4.206354045110530853e+10,2.121340659443859482e+10,4.183520753322834015e+10,2.443831812871155167e+10,2.900345755630060577e+10,3.775653830836939240e+10,3.624676829020222473e+10,2.481543275202451706e+10,2.251487504379676437e+10,2.573523465447296524e+10,2.254707661154068756e+10,2.265961595738537216e+10,2.350314602485498428e+10,2.078812654654406738e+10,1.991618992613464355e+10,2.418757940840124893e+10,2.300706087945349121e+10,2.249350309208670425e+10,2.445936285896270752e+10,1.920906246984792328e+10,1.862269165828750229e+10,2.665502818716458130e+10,2.347980229429384232e+10,2.380281727724388504e+10,2.024521864475462341e+10,2.473645634398781586e+10,2.957834279331954575e+10,2.862166867293972397e+10,3.123708775150071335e+10,2.264986375038138962e+10,2.371586133433929443e+10,2.705407082799616241e+10,2.053628262888250351e+10,1.786938152645135117e+10,2.336488734092652130e+10,2.743376692632175827e+10,2.708986336950440216e+10,1.916981609165390778e+10,2.422084500131859589e+10
1.917642899125055313e+10,2.238386941374488831e+10,2.262610578365498352e+10,3.737466158066485596e+10,2.165517936623943329e+10,2.273045425193148041e+10,2.404265027067411041e+10,1.541186930862335777e+10,2.342646364389695740e+10,2.153496516402248383e+10,2.134095578941511536e+10,2.391577731384874344e+10,2.027542180607766342e+10,1.954062776799485779e+10,1.920321850861224747e+10,2.308834596434933090e+10,2.498963099643412781e+10,2.294161892552802277e+10,2.098854424589397049e+10,2.568946343893785477e+10,1.733003998548900604e+10,2.624674171626430130e+10,2.297379090605980682e+10,2.353319817708625031e+10,2.878905987730389404e+10,4.105174990836031342e+10,1.700184231996686363e+10,1.904151905034317780e+10,2.697117785212657166e+10,2.608081214999499130e+10,2.402045111951879120e+10,2.605208079287646484e+10,2.617168246658278656e+10,2.125929917660904312e+10,2.930753586994317245e+10,1.982998934962639999e+10,2.627472355909373093e+10,2.890911379276684189e+10,2.590786455551544952e+10,2.671202681805343628e+10,2.020710850099619675e+10,1.881362091356447220e+10,2.244220616983515930e+10,2.503462703558993912e+10,2.262387637350754929e+10,2.926502867945016479e+10,3.060883159104407883e+10,2.917900241571697998e+10,2.453538582141313553e+10,3.368333103850419998e+10,2.439238503071284103e+10,2.313375203878391266e+10,2.141729089224818802e+10,2.065390204236467743e+10,1.988623339632575226e+10,3.269892516681718063e+10,1.827681288292271042e+10,2.729220476256931686e+10,2.269969076028980255e+10,1.643091798272611427e+10,2.150342900051521301e+10,1.928901232799971390e+10,2.149056895501573181e+10,2.594010476171673203e+10,2.410557045595791245e+10,2.330517476850527191e+10,2.670659900984511948e+10,2.704356660144271851e+10,2.663809283981553268e+10,2.613472923999941254e+10,2.353775019337563324e+10,2.529450613682004547e+10,2.933304659184988022e+10,2.462614739611501694e+10,2.275623216170335388e+10,2.142236382038361359e+10,2.376180614293172455e+10,2.924299554464133835e+10,2.336377846526392746e+10,2.180160367128772736e+10,1.972266732270148468e+10,1.853043089738904190e+10,1.840033715281063080e+10,2.231080068224917221e+10,2.109328376051075363e+10,2.211166546159756851e+10,2.681751167025899124e+10,2.227627411977732849e+10,2.103888930736502838e+10,2.786523387220308685e+10,2.590456176465758896e+10,2.290143697901816940e+10,2.316344797151555252e+10,2.448861471496744156e+10,2.512202203689197540e+10,2.072400358117570877e+10,2.391878304283398438e+10,2.466711571066930389e+10,1.668628213034807777e+10,2.677385787203523254e+10
2.628633435104184723e+10,2.397049398468653870e+10,2.190204005295014954e+10,1.671381839146825790e+10,1.807589862991582870e+10,2.309276486367826843e+10,2.402387345168134689e+10,2.089364828089031982e+10,2.491891843082978821e+10,2.630588143798741531e+10,2.176610969112554169e+10,2.071805354117370224e+10,1.789756605401735687e+10,2.054881552087785339e+10,2.727854938213231277e+10,2.386202374349131012e+10,1.936524654488972855e+10,1.769708535047139359e+10,2.692003476724779129e+10,1.909606907028995132e+10,2.546083882719718933e+10,1.831440194977608109e+10,2.316380073395676804e+10,2.497039471792770767e+10,2.322174058753477097e+10,1.966663548746196365e+10,2.062366441988542557e+10,2.137467152133938217e+10,2.589726639666349792e+10,2.356222806217350769e+10,2.853673935469640350e+10,2.039415562776932907e+10,2.035679851974522018e+10,2.285791887405726624e+10,2.293498102183470535e+10,3.466887188499809265e+10,2.806716640222154236e+10,2.338146051845035172e+10,3.126951346480797577e+10,2.570946978091810226e+10,2.530874384290966797e+10,2.198779975961138535e+10,3.679154075584437561e+10,4.294090238220856476e+10,2.989323029542004013e+10,2.810824099545417404e+10,2.716919724112219238e+10,3.015399475825224686e+10,2.248640020893180084e+10,2.253257394075694656e+10,2.312561109250448227e+10,3.274986141550959015e+10,3.696876567933872986e+10,1.959116083232728195e+10,2.253903844199428558e+10,3.011760878124034882e+10,2.178183592823831177e+10,2.251360282607912064e+10,2.275228406306844330e+10,2.471020976120526505e+10,2.479286428065669632e+10,3.791765495186214447e+10,2.079382661394237518e+10,2.356480508616619873e+10,2.209851801016681290e+10,2.048176922352000046e+10,2.051229689717546082e+10,2.724146359488150787e+10,3.330684189147548294e+10,2.974638585365981674e+10,2.463096972134354401e+10,2.042070331287633514e+10,2.665445787722772598e+10,2.140772053034613037e+10,2.980389185784161377e+10,2.230354400536954498e+10,2.482992000605144882e+10,2.814461429654912567e+10,3.526235238268521118e+10,2.188025515711962891e+10,2.235360157218760300e+10,3.005336934295045090e+10,3.624270135195098877e+10,2.524717023356991196e+10,3.017316456910604095e+10,2.724288544346384811e+10,2.080585467278072357e+10,2.033255739598963928e+10,1.711953838022963333e+10,2.295070593386514664e+10,2.390047529126295853e+10,1.982094543044781113e+10,2.167846220760774231e+10,2.109496294517155457e+10,2.039746212923626328e+10,1.832858418048480225e+10,1.875093377423352051e+10,2.662280083115042496e+10,2.214127214230862427e+10,1.818586517303544235e+10
2.265533901859458160e+10,1.616957952075642014e+10,1.872787483997255707e+10,2.238309706217986298e+10,2.397414055550960922e+10,1.985599985117337036e+10,1.879690423791741943e+10,2.107994798990638351e+10,1.737030029134825897e+10,1.883604318109931564e+10,2.556538678409788895e+10,1.784339214100788116e+10,2.138080076879681778e+10,2.527844239027762604e+10,2.885796660914492798e+10,2.423598714464118195e+10,2.292027906685465622e+10,1.747400381021329117e+10,2.039059127689979553e+10,2.636355044862944031e+10,2.753765983686568069e+10,2.695590899993998337e+10,3.892383492109368896e+10,1.928365079571678925e+10,2.067156073253023529e+10,2.028945256261439514e+10,2.471427197841035461e+10,2.066748102421162415e+10,2.602990607833873367e+10,2.665345216161841202e+10,2.568539637709678268e+10,1.996671859927637100e+10,2.257127691622547913e+10,2.113228049954920197e+10,2.902024540559934235e+10,2.331766266767102051e+10,2.387560230634459305e+10,2.602842764693914032e+10,2.369445465512268829e+10,2.766280913300392532e+10,2.424317663814059067e+10,2.196166844830383682e+10,2.815883652699291611e+10,2.345446432241445541e+10,2.547134904158370590e+10,2.151744176692756271e+10,1.889203135155000687e+10,2.460306298077883148e+10,2.853075499117260742e+10,1.998101113242265701e+10,2.217230047814637375e+10,2.000142630648483658e+10,2.492872195479133606e+10,2.440142285170697784e+10,2.933238821397739029e+10,2.116005086129421616e+10,2.655187968843146515e+10,2.484873696724047470e+10,2.103667283571988297e+10,2.410970431426280975e+10,2.510126935424260712e+10,3.096836536739240646e+10,2.820895921716668320e+10,2.214186027396460342e+10,2.362577894688745880e+10,2.924230964571283722e+10,2.438615333772247696e+10,3.168962996941809464e+10,2.226832263893690872e+10,2.400134314802206802e+10,2.541091258930275726e+10,2.619118059015235901e+10,2.467224456542499924e+10,2.425652955255533600e+10,3.142405385387058640e+10,2.357231393380330276e+10,2.051824847713990021e+10,1.966232866574842453e+10,2.065779296474184036e+10,2.314396144643019104e+10,2.207365081193210602e+10,2.555247214191182327e+10,2.457392831188485718e+10,2.344192025239570618e+10,2.390727689511970520e+10,2.332234512461439514e+10,1.858193554459144592e+10,2.136200810362508774e+10,2.311920191042603683e+10,2.365315457859738922e+10,1.947577002008031082e+10,1.603801325350018692e+10,2.139849582806764221e+10,1.878055113670786285e+10,2.423767378075506973e+10,1.617793964098795128e+10,1.858942355045562744e+10,2.574273119676626587e+10,1.821303005569383240e+10,2.200387097853991699e+10
2.574675249347926712e+10,1.910867042547494888e+10,2.040065301028628540e+10,1.966272035058626556e+10,1.678350624967309761e+10,2.041111706695493698e+10,1.589336143873135948e+10,2.461064948128863907e+10,1.622784360878981590e+10,2.470786432945198822e+10,1.900548960795848083e+10,2.789834724047767258e+10,2.277638560606829834e+10,2.057875212364573669e+10,2.671972618820150375e+10,2.218481727242729950e+10,2.274964086737943268e+10,2.207945798488360977e+10,2.816934030353970337e+10,2.556352610461089325e+10,1.863892937044589233e+10,2.061730994600413132e+10,2.718905712840302277e+10,2.368381732484831619e+10,1.788763091244840622e+10,2.628061901394742966e+10,2.377402438703667450e+10,2.541145639472017288e+10,3.040163055557546997e+10,2.203332451045063400e+10,2.045775346576948547e+10,1.938688446766024780e+10,2.924013240315944672e+10,1.898414088542655182e+10,2.302976233862262344e+10,2.205907816642704391e+10,3.166856211892730331e+10,2.433114865955154800e+10,2.035955955007827377e+10,3.324950014601264954e+10,2.619311980790512466e+10,1.807485099056373215e+10,1.951636680095977402e+10,1.803404436693767166e+10,2.411825426996738815e+10,2.484592722860015488e+10,2.371015863665464401e+10,3.050197918251087570e+10,2.143960661326243973e+10,2.014933854897735596e+10,2.798438048993944550e+10,2.676617609867779160e+10,2.452531388413768768e+10,3.231065157482641220e+10,1.959206547872859573e+10,2.140538702141119003e+10,1.911958889982692719e+10,3.028079408904092026e+10,4.222030709226226807e+10,2.392445353663695526e+10,3.335751525250943375e+10,2.872052508123414993e+10,2.545742840202273560e+10,2.138391163019059372e+10,2.021999251434936905e+10,2.168533377447646332e+10,2.803159080433579636e+10,2.520422216446711349e+10,2.072294978518426132e+10,2.849077247308036423e+10,3.302189879192782593e+10,1.861453426807543945e+10,2.313765510655189514e+10,2.171043005101565170e+10,2.139871689658493805e+10,2.741603563057793045e+10,1.640371319712296486e+10,2.036209869094409561e+10,1.826582641762274551e+10,1.870661111758676147e+10,2.514470668476532364e+10,1.854867359058396912e+10,2.201171168296948242e+10,1.988523671063312912e+10,2.844619379965246964e+10,2.161497893950087738e+10,2.240214093507895660e+10,2.293444525439158249e+10,2.168173065498238754e+10,2.299093352373377991e+10,2.019045101180524445e+10,1.800057119263507462e+10,3.836163332271500397e+10,1.704416686086959457e+10,2.862150266298728943e+10,2.017678102098356247e+10,2.001323072491610336e+10,1.895577722591743088e+10,1.973864152126402283e+10,1.769831252576897049e+10
2.656689544073981094e+10,3.055415256756246567e+10,1.926127758326586151e+10,2.594354400110325623e+10,3.245718523808390427e+10,2.137045536160824585e+10,2.048253649050572968e+10,1.967111095159165573e+10,1.796823169822161865e+10,2.064753754684479141e+10,2.207229149775773621e+10,1.519293572543226242e+10,2.202030065103801727e+10,3.091218981717259598e+10,1.737250849655303192e+10,2.408313653472261047e+10,2.403741089572802734e+10,1.787419940943090439e+10,1.897317535058847046e+10,2.787586932697512436e+10,2.480299163567752457e+10,2.515731277321605682e+10,2.374090508803282547e+10,2.140460723591952515e+10,2.514283852350239563e+10,1.936671925399259949e+10,2.395650982258662796e+10,2.215424980007095337e+10,3.139515066665993500e+10,2.509760422337504196e+10,3.273299689618946838e+10,1.949518505461080933e+10,1.938590475747164154e+10,1.829999869095238113e+10,2.453145303138393784e+10,2.248863838478646851e+10,2.865339094155021286e+10,2.435367599525216293e+10,2.697798537599497986e+10,2.492811863099356079e+10,2.601899426198331070e+10,2.307978359153363037e+10,2.791999062525765228e+10,2.310258502415484238e+10,2.930493610366698837e+10,2.684971498475555038e+10,2.366026380180505371e+10,1.921543493035040283e+10,3.255751950605822754e+10,2.408317572217443848e+10,3.411070456834100723e+10,1.975516560230784607e+10,2.180483060859545517e+10,2.063225104494239426e+10,2.167283278007566452e+10,1.891795928933679962e+10,2.177532865276131058e+10,1.962518899484527969e+10,4.031477828548744202e+10,3.444005002292396545e+10,1.990244171566012955e+10,2.554576393916499329e+10,2.486431069094071960e+10,2.489427938074284744e+10,2.576282441004311752e+10,2.445949314264799118e+10,2.012639029217619705e+10,2.152606504630662918e+10,2.500141214670204163e+10,2.355284786705256653e+10,2.180861918810032654e+10,2.307596070016529846e+10,2.040106599513124466e+10,2.662546989987537003e+10,2.247602001723683548e+10,3.024479055564345932e+10,1.986839532571255875e+10,2.018969524910743332e+10,2.749962527107170105e+10,2.379725850794748306e+10,1.855227415498472977e+10,2.120618657643900681e+10,2.239054198963258362e+10,2.355041522790463638e+10,2.140731845202467346e+10,1.921561406083358383e+10,2.205169022547627258e+10,2.491269410727248764e+10,2.141080530862365341e+10,1.984572370853644562e+10,2.174220779570637894e+10,1.758483613003579330e+10,1.779045390460505295e+10,1.985334825052773285e+10,1.948820440870522690e+10,2.196937246784799957e+10,2.202022418429170990e+10,1.783207160351330948e+10,1.748975930821396637e+10,2.347010860896999359e+10
1.830785670603073502e+10,1.691224828985023880e+10,1.747017374914502716e+10,2.306164094291761780e+10,1.648284046921556854e+10,2.919581563927223206e+10,2.326745539937677383e+10,1.806319001219014740e+10,2.343655894650827026e+10,3.181685010519429016e+10,2.190000022904462814e+10,1.794923299019802094e+10,1.977217158896427155e+10,2.465498812051638794e+10,1.984326968502410507e+10,1.910332337127714920e+10,2.425365563733595657e+10,1.785722884601695251e+10,2.634122891917345810e+10,2.132137842287099838e+10,1.813626283909701538e+10,2.176584201222847366e+10,2.309498825041459656e+10,1.875864141682064438e+10,2.205011540634764099e+10,2.217509942781490326e+10,2.706525033668854141e+10,2.162550685262854767e+10,2.265849301259246445e+10,2.467299098774459076e+10,2.611618690696343994e+10,1.702486891210405922e+10,1.811668595078729248e+10,1.803020784606137848e+10,2.503380152695714188e+10,3.191204214919371033e+10,1.884267258547826767e+10,2.038993534832025528e+10,1.954924686164797974e+10,2.301747713561737061e+10,2.280389741902197647e+10,2.284026243385536194e+10,2.456375549156454468e+10,2.126512610404491043e+10,2.475584468379855728e+10,2.539129569358232498e+10,2.118928575080798340e+10,2.091972584835884476e+10,2.292507164089456940e+10,2.909774605765451431e+10,2.124494204903070068e+10,1.913397249672202301e+10,2.414579558143122482e+10,2.734702302189373016e+10,2.174530881658685303e+10,2.456063010769200134e+10,2.651531507714931107e+10,3.733353234093198395e+10,2.264815919017547989e+10,2.595125199389915085e+10,2.305629185957755280e+10,2.196386931455535507e+10,2.040626534758900070e+10,2.082064182522532654e+10,2.331030835016621017e+10,2.227566425055431747e+10,2.140678578291714478e+10,2.956123906395057678e+10,2.077145348514618683e+10,2.055874197319193268e+10,2.411520435812790680e+10,2.354312889031913376e+10,2.441955173115634155e+10,2.623051470615253067e+10,2.243663304637487793e+10,2.079432531609050369e+10,2.141274435010461807e+10,3.189930457069332123e+10,2.812548990201740646e+10,2.850241178717570496e+10,2.625646111314754105e+10,2.361689136356856537e+10,1.877159715974385452e+10,1.896365672513824844e+10,2.163146151340638351e+10,2.469616577539672852e+10,2.483955465954166412e+10,1.658744656757780457e+10,3.184701113973755264e+10,2.088729050571847534e+10,2.407165593554200363e+10,2.491814602805482483e+10,2.332866997230672836e+10,2.494345718242647552e+10,1.578103271871728134e+10,2.179648721743736649e+10,2.701164720736170959e+10,2.002814067352187729e+10,3.527086254091747284e+10,2.019411694013993835e+10
2.002155745186231613e+10,1.734358237776337051e+10,2.105327827992632675e+10,1.728583886566218948e+10,1.851112923841559219e+10,2.684299345866000366e+10,1.949371428953477097e+10,2.507315999559186172e+10,2.463161006024645233e+10,1.762591026581367874e+10,2.432734287059624100e+10,2.055302505765225983e+10,1.870021586278847122e+10,2.051708880678724670e+10,2.022384791887953949e+10,1.731359227505749512e+10,2.047266747598591232e+10,2.097996754265032959e+10,2.287279155852079010e+10,2.808500644359192657e+10,1.985775723219024658e+10,3.084306616270829773e+10,1.996325627971553802e+10,2.676734229607973480e+10,2.245905960644762039e+10,2.000831952832396317e+10,2.817140480096758652e+10,3.178951571881377029e+10,1.809838849208763123e+10,2.220212074747431564e+10,2.077891538163910675e+10,2.406304794018337631e+10,2.092647801280986404e+10,2.341008385829095840e+10,2.268837220727932739e+10,2.010671602699097443e+10,2.367560460203183365e+10,2.063972615843004608e+10,3.605501546988710022e+10,3.208802148453968048e+10,1.934885825396501541e+10,3.546878382542214203e+10,2.653141098733833313e+10,2.418423518131488419e+10,2.512396347978441238e+10,2.898831729213963318e+10,1.901212813502050018e+10,2.435898802608292770e+10,2.675281367839110184e+10,2.235981247561886978e+10,2.459329590770198822e+10,1.849560221068426895e+10,2.060599053680525970e+10,2.089751645965094757e+10,1.747935337028337860e+10,2.604582516009164047e+10,2.930059206753633499e+10,2.161741448936522293e+10,2.269994616965824509e+10,3.588928901416197968e+10,2.315347292700892258e+10,2.138423785605415344e+10,2.113491313076699829e+10,1.957332342839558411e+10,1.904646452132376480e+10,2.443985096223460388e+10,1.634049149396536255e+10,2.878040681102023315e+10,2.175340231977962875e+10,1.588455924733184624e+10,2.012352170369203186e+10,2.141551983570122910e+10,2.650876290977533722e+10,2.122867340165637207e+10,2.042110107529302979e+10,2.462364576739927673e+10,2.404582117375515747e+10,1.879493174539644241e+10,2.404459074796219635e+10,1.877873988465860367e+10,2.699103685305052948e+10,2.173717650051079178e+10,1.906889990295900726e+10,2.137159046388776779e+10,1.803536483181938553e+10,2.206353143312759399e+10,2.227408651877933121e+10,2.534468603480282211e+10,2.337641623037081909e+10,1.937644819425796509e+10,1.929972185222694397e+10,2.409272475824271393e+10,1.720265366484610367e+10,2.001048316738296509e+10,1.571707606170821953e+10,2.203175386562012863e+10,2.813001582705303955e+10,2.243417726319125748e+10,1.925416707897045135e+10,1.999356832235543823e+10
2.473954638525083923e+10,1.701860303077112007e+10,2.634504963884653091e+10,2.203345765631561279e+10,2.121490941355952454e+10,1.986181655949524689e+10,2.306490402109387207e+10,2.633515947222690201e+10,2.060443524120286560e+10,1.563792387622343445e+10,2.180509598616943741e+10,2.205474287918387604e+10,1.690753563498467064e+10,2.559440790967975616e+10,2.237228899614261246e+10,1.764588413808123016e+10,2.429387729836140442e+10,2.166765470765694427e+10,2.048348862021461105e+10,2.422040321517623520e+10,1.817256382639539337e+10,1.959500210880131912e+10,3.294322150197959900e+10,1.727990450591614532e+10,2.085774290461820984e+10,2.506800552896741104e+10,2.458209328879066467e+10,2.192899217776065826e+10,2.465217065894797134e+10,2.274695138588704681e+10,2.524436815275292969e+10,2.126597900876061249e+10,2.102020904098973846e+10,3.443724642006006622e+10,2.189322006794293213e+10,1.711904402311431503e+10,2.408620000279678726e+10,2.605215026697078705e+10,3.037611016123815155e+10,2.162097510064865112e+10,2.476074443924879074e+10,2.071619400690572357e+10,2.300976785532369232e+10,2.249981988872113800e+10,2.895479679790691376e+10,2.394965776663183212e+10,2.315957247575166321e+10,3.042743999531734085e+10,2.087985876067244720e+10,2.504551622205922318e+10,2.466357779499390411e+10,2.211452880829693985e+10,2.279718024245387650e+10,2.178359123801577759e+10,1.794808559802482605e+10,2.899893768668442535e+10,3.500240290309728241e+10,2.786977734133751678e+10,3.543227950057406616e+10,2.511630255044650650e+10,2.752090198669004822e+10,1.993317087285991287e+10,2.529598883631070709e+10,1.972191065018671036e+10,2.459625931912046814e+10,2.538543695403909683e+10,1.895871398638145065e+10,2.483578399357308960e+10,2.001941445336878586e+10,2.806853632632313156e+10,2.251059206105711365e+10,2.613129479871643066e+10,2.149647013233877563e+10,1.909055902222874832e+10,2.974102219916845703e+10,2.883493603091331100e+10,1.956301879048714447e+10,2.327635805802378464e+10,1.890499797164838028e+10,2.536748399561207199e+10,1.817804451671636963e+10,2.671082142647273636e+10,4.481861017138507843e+10,2.291458324912258530e+10,2.312336172685666275e+10,2.675890436883252716e+10,2.044778447004910660e+10,2.125498457033418274e+10,2.327412905497213364e+10,1.856398952099763107e+10,2.392618006154121780e+10,2.181367519757416916e+10,1.929485056977326202e+10,2.024147693063842392e+10,1.673927172607653999e+10,2.349472512206599426e+10,1.865431614972896194e+10,2.184829598282078552e+10,1.888449005719132614e+10,1.737650968085876083e+10
2.268951161282562256e+10,2.166348463226967239e+10,2.630305311476202393e+10,1.571716212107645226e+10,2.504143334995127106e+10,2.284781526045835876e+10,1.651940284972866821e+10,1.965858961487613678e+10,3.017741098784107208e+10,2.322893264112639999e+10,1.843144820043055344e+10,2.189857936540414047e+10,2.096780084154856110e+10,1.955521841507180786e+10,2.234320955283967590e+10,1.792861746447037506e+10,2.289375173517694473e+10,2.152080172810659790e+10,1.852848702759046936e+10,2.985293569898438644e+10,2.626593731628657913e+10,2.463233666044630051e+10,2.645168094313713455e+10,2.566509788668225479e+10,2.238412608386183548e+10,1.809437412821245575e+10,2.853981348897628403e+10,2.731183588158456039e+10,2.098489073532408524e+10,2.193022632730815125e+10,2.045452589902907562e+10,1.994685124580733490e+10,2.917778887701327133e+10,2.353920216010121918e+10,2.216349473409498978e+10,2.416113304965497971e+10,1.743597974286366653e+10,2.271148543372931671e+10,2.817221238835668945e+10,2.365315099187365723e+10,2.206645790023271942e+10,2.172586061614797592e+10,3.070470725445305252e+10,2.086658467527510452e+10,2.683957877743839264e+10,2.617421607493436813e+10,3.480273990974185944e+10,2.022955920182733154e+10,2.504972097710707474e+10,1.787110609318630600e+10,2.549326056938837051e+10,2.441114818743432236e+10,2.825822921962174606e+10,2.499174113573381042e+10,2.392992758984350586e+10,2.374194846872833252e+10,2.621800729444736481e+10,2.947783938175104141e+10,2.600982881161571884e+10,2.304982891286703873e+10,1.907135167720759201e+10,1.986848682373271942e+10,2.436113169199880600e+10,2.906820841754335022e+10,2.460647688292023468e+10,2.483586510107269669e+10,2.261660572553361893e+10,2.438073032468914032e+10,2.503697155499269104e+10,2.403188226907759094e+10,1.806609068377814102e+10,2.499515595804442596e+10,2.695569360263868713e+10,2.226257271388621140e+10,1.859286182375711823e+10,2.009650078049126053e+10,1.940391225646788788e+10,2.048028317213676071e+10,1.802577417367863846e+10,2.400100608460712814e+10,1.788884715982148743e+10,1.823609812970354462e+10,2.328929731884022903e+10,2.169164874647908783e+10,1.918607666321342468e+10,2.089772912544235229e+10,2.458384236658892822e+10,2.392276234855447006e+10,2.162215307743995285e+10,1.964799145178238297e+10,1.816360168298668289e+10,2.253358785681252670e+10,3.034694077380932999e+10,2.100665974052217102e+10,1.565673282321070480e+10,2.339710099960748672e+10,2.145021104470198441e+10,1.856324698545276642e+10,1.969128282568726730e+10,1.845238609731350327e+10
1.964055338276882935e+10,2.388182871422587204e+10,1.630100730574643135e+10,2.446411567247586823e+10,2.019167308998796844e+10,2.210625996741102982e+10,1.443417568902031326e+10,2.090774259921083450e+10,2.034571881820348740e+10,3.000669182741836166e+10,3.590322610556003571e+10,1.768139289886790085e+10,1.398050854781889915e+10,2.198615182449534988e+10,2.293760266895604324e+10,2.039674385337234497e+10,2.471087558459821701e+10,2.093359377614583588e+10,1.820707213355746078e+10,1.648157465215664101e+10,2.366106803271769714e+10,2.900590834079734039e+10,2.062639305446184158e+10,1.642353243639642906e+10,2.129798363765612793e+10,2.256867379965946579e+10,1.526149064782773018e+10,1.920903841816339111e+10,2.069930982416429520e+10,2.092622674719992447e+10,2.132457037556518173e+10,3.108040161272285461e+10,2.588260218443026352e+10,1.984674563558424759e+10,2.444607373417887115e+10,1.607801220979389000e+10,2.077877081708007812e+10,1.617665096289486694e+10,2.546134582207542419e+10,2.705184525309608459e+10,2.156972758995961380e+10,1.794950199408788681e+10,2.116390042646644211e+10,2.211743615559373474e+10,2.085282298686200714e+10,3.271045456006563568e+10,2.750742187249047089e+10,2.563603363227248383e+10,2.451901674799650574e+10,1.813940845551652908e+10,2.973482014057366562e+10,2.356935321815142441e+10,2.959879335713495636e+10,2.922810569660031128e+10,1.813922057756607819e+10,2.180952153457946014e+10,2.183593406336196518e+10,2.299922916104193497e+10,2.748275585827067566e+10,1.857132793379875183e+10,2.899166744911992645e+10,1.644754625523364449e+10,2.088147386761783218e+10,2.642655290367593384e+10,2.005993734196369553e+10,1.972612085039617538e+10,2.105874675068048477e+10,2.027646650737326813e+10,2.595252845006435776e+10,2.302582793861791611e+10,1.704184532383226395e+10,2.256337942390638351e+10,2.390721915440888214e+10,1.781502345648126221e+10,1.722153686766278839e+10,2.339272566104932785e+10,1.602942559487397385e+10,1.835043654597545242e+10,1.809555745743984985e+10,1.921953884332728577e+10,2.020807082074748230e+10,2.305421846943029404e+10,1.941302694868336868e+10,2.358220414365819168e+10,2.500861665356812286e+10,2.221250086210461807e+10,3.073082548519330978e+10,1.794031652545259094e+10,1.734080075427614212e+10,2.071808020847220230e+10,2.090195309952695084e+10,2.262276568313282013e+10,2.235915513072003555e+10,2.057924712049990845e+10,2.132698822621900940e+10,1.876937099560326767e+10,1.623435896935073090e+10,1.634189981510080910e+10,1.743539492365301132e+10,1.782829831964754105e+10
2.359382758802419281e+10,2.566196769854864883e+10,2.618367574727999496e+10,2.741170154749489212e+10,1.910613834404771042e+10,2.777023616250368881e+10,1.900575749209051132e+10,2.313179952657080078e+10,2.324766793587721252e+10,2.425391609787248993e+10,2.380208739156608582e+10,2.126815218346326447e+10,2.066478413741987610e+10,1.891230754668325806e+10,1.690134292660389900e+10,1.797458315884538651e+10,2.363992415262314606e+10,1.762295751082695389e+10,2.606903712431117630e+10,2.375865797589574814e+10,2.252161367216137314e+10,2.680153615731681824e+10,2.297535032108964157e+10,2.297935446154301834e+10,1.917645682182598495e+10,1.830386358498788452e+10,2.118444042075356293e+10,2.596421114345401382e+10,2.069452611041712189e+10,2.725891546542385483e+10,1.900831176522169113e+10,2.001985416472425842e+10,2.004522900358391190e+10,1.969150936257035828e+10,3.009099012378525925e+10,2.207307942080572891e+10,2.818960301064701843e+10,1.676857304261156464e+10,1.747392193062960815e+10,1.900835266110340500e+10,1.761921980529304886e+10,2.051285918891483688e+10,2.257284545572372818e+10,2.606548318184688568e+10,2.942057781556433868e+10,2.583557390890232849e+10,2.224185500392180252e+10,2.702882621308176422e+10,2.559538508815775681e+10,2.409876740637459564e+10,2.935850240559782410e+10,2.423102867617831039e+10,2.324809390892022705e+10,2.572580952511724854e+10,1.861227873698672867e+10,2.161923999096714020e+10,2.181160911305912781e+10,2.204181102825579071e+10,1.906941703999631119e+10,2.289087654781145477e+10,1.771503457588913345e+10,2.231765397623568726e+10,2.332986479362856674e+10,2.459165938024060440e+10,1.675259793629643059e+10,2.034433781149999619e+10,2.020663285391681290e+10,2.706437432990606689e+10,2.075079149581353378e+10,2.171564498699930954e+10,2.411688603848332977e+10,2.169622515989307022e+10,2.286198674672760010e+10,2.500692391588286972e+10,2.149494566031273651e+10,1.846307960799616241e+10,2.178547255326239777e+10,2.370235906460047150e+10,2.720388752603016663e+10,2.335991622560138321e+10,2.621566873573211670e+10,2.050550316053217697e+10,1.891805996450490952e+10,2.803603639457139969e+10,3.837939231378021240e+10,1.943722691806848907e+10,1.745106771286724472e+10,2.505216319452912140e+10,2.308318502872974396e+10,1.951792031329410553e+10,1.682283544647849274e+10,2.107106490551301193e+10,2.032738513996800995e+10,2.773692544384679031e+10,1.653288852454284668e+10,2.177465446720958710e+10,2.335785517971155167e+10,2.162842096271849060e+10,1.894721803285744095e+10,1.958165334781037903e+10
1.994117538358622742e+10,1.750534200674995804e+10,3.731279963755062866e+10,2.270455997487577057e+10,1.986964592120870590e+10,1.711404659898286438e+10,2.980489222050277710e+10,2.150969759172282791e+10,2.713247398127976227e+10,1.952830613383906174e+10,2.290285244633983612e+10,1.997375081589637375e+10,1.871285894505466461e+10,1.407329951379957962e+10,2.086370400398921967e+10,2.167552774841577148e+10,3.211941240358934021e+10,2.074844002264499664e+10,2.309442840423300171e+10,1.977949488632767487e+10,2.576590606362506866e+10,1.902784206820535278e+10,2.247163346033480453e+10,2.018556729292988968e+10,3.901945882661007690e+10,3.149735871309910583e+10,1.969472509094509125e+10,2.055713311008119583e+10,2.439504313820607376e+10,1.886716372025431442e+10,2.434674799543824768e+10,2.219778212674911880e+10,2.345066013148535919e+10,2.075675898435278320e+10,3.148750143518876266e+10,2.169509053464920425e+10,2.804898913359434128e+10,2.243572273794515228e+10,2.292474908694135284e+10,2.033052971534385300e+10,2.306442125405092239e+10,2.581240779776074982e+10,1.962366769459707642e+10,2.567390514178801727e+10,2.074800131296659851e+10,2.356543608896255112e+10,2.671917264254678726e+10,1.633695061231178856e+10,2.456675378953127670e+10,2.863053040265104675e+10,2.805315428630292511e+10,2.882480188965098953e+10,2.636096204000124741e+10,2.043102618988581085e+10,2.736268417536991119e+10,3.620004663839051056e+10,2.006099968117360306e+10,2.245339660216437149e+10,2.161272578383436203e+10,2.392233211150845337e+10,2.144100366969146347e+10,2.636399678537769699e+10,2.232526403650999069e+10,1.973608385010850525e+10,2.467508150896409225e+10,2.009900062406129456e+10,2.034146814576859283e+10,2.156862931128968048e+10,1.938205513640009308e+10,1.799975841994208527e+10,2.065905845605161285e+10,1.976259667369711685e+10,2.001195906397834015e+10,2.062828495182635880e+10,2.236222080839910507e+10,1.762165571328779221e+10,2.487206023415381241e+10,1.977271609683278275e+10,2.163390671295663834e+10,2.642297023032514572e+10,1.754011976891993713e+10,1.744217443304555511e+10,2.233253482319928741e+10,1.902346646329868317e+10,2.356926188373636627e+10,2.164946090611087799e+10,2.204001827282948685e+10,1.980239202175048447e+10,1.978667486109305573e+10,2.373305791839260101e+10,2.497002424453482056e+10,1.709717741780036163e+10,2.713010082647756195e+10,1.751602913152338409e+10,2.019423420415290833e+10,3.047420147719660568e+10,1.749430919021154785e+10,1.648822163379925346e+10,2.236063793889926147e+10,2.720995472498112488e+10
2.191224347696227264e+10,2.002115758899518204e+10,2.806626274587577820e+10,1.714569195472212982e+10,2.593839169036688232e+10,2.468927856554346466e+10,2.363612259365375137e+10,2.251020336930172729e+10,1.975745788258942795e+10,2.043606775087374878e+10,1.916412061054085159e+10,1.676126839966227341e+10,1.651343018949906349e+10,1.865652970852381516e+10,2.000703618184069443e+10,1.859835980608422852e+10,1.770725620795562363e+10,2.111781009215292358e+10,2.365008897915796661e+10,2.148502640515753937e+10,2.489793933686552811e+10,1.891464765192227936e+10,2.247885242989487076e+10,1.974856348757685089e+10,2.050631115229727554e+10,2.029246395927769089e+10,2.337123101222207260e+10,2.017058020313019943e+10,2.273843595830719757e+10,2.097949329889658356e+10,1.620735181863053703e+10,2.322382513230471802e+10,1.645753218052099419e+10,1.760022677870861435e+10,1.912578687173082352e+10,1.958343204908952332e+10,2.043681281028542328e+10,2.337286694319314194e+10,2.511235002671709442e+10,2.597859224888007355e+10,2.606294781485174561e+10,2.603999929221530914e+10,2.288143436886516953e+10,1.995695324903773880e+10,3.175834098588940811e+10,2.457301792770164490e+10,4.062581304236553192e+10,3.259639689602717590e+10,2.533438497688935089e+10,2.017258823981943130e+10,2.717571674495858383e+10,2.457001503338366318e+10,2.990745680851050186e+10,2.990463536953165054e+10,2.308799266538862228e+10,3.508796323601325989e+10,2.650720478896072006e+10,2.146361630190284729e+10,2.484273381741133499e+10,2.203754917213627625e+10,2.272801808092706680e+10,2.267179823671807861e+10,3.096372524888866043e+10,1.755717644485509491e+10,1.716181138831772804e+10,2.642312630228190231e+10,2.204202830274783707e+10,2.759658900099245071e+10,2.098627924493403244e+10,2.825465248212922668e+10,2.073707677736962509e+10,1.659673811065235519e+10,3.326168590173632050e+10,2.352041330638304901e+10,2.014102126932927322e+10,2.559122628161685181e+10,2.213593746721524429e+10,2.371018470284572601e+10,2.753599181049871445e+10,1.721268207636651230e+10,2.023423192686989212e+10,2.099305151641478729e+10,1.934076488209689331e+10,2.371050317627246475e+10,2.063042019529141617e+10,2.462175476126013565e+10,2.584801509565640640e+10,2.326939416807532120e+10,1.740285466269781494e+10,2.283868872367621613e+10,2.461980790385223389e+10,2.226296823933155823e+10,2.145579422887849045e+10,1.818372236787110901e+10,2.046715089339157104e+10,2.933700749482660675e+10,2.735307507148125458e+10,2.379785520109674072e+10,2.313772765540946198e+10,1.765174643650605774e+10
1.855110489613677216e+10,2.114788182077028656e+10,2.389448887556564713e+10,2.145275713907963181e+10,2.324779498651853943e+10,2.147222700992942810e+10,2.834509306153025436e+10,2.735769639507984161e+10,2.183383269399147034e+10,1.747418896727965164e+10,3.098416179995758057e+10,1.982533237255550003e+10,2.299698211283233261e+10,1.903231577609865952e+10,1.631260352789256096e+10,2.546893515002143097e+10,2.128465790923214340e+10,2.496261132420463181e+10,1.951407709087212372e+10,2.133583067552226257e+10,3.210522831593566895e+10,1.773354112701058960e+10,1.833227455678359222e+10,1.794527294789601517e+10,2.059301057470409012e+10,1.877449279945306015e+10,3.850083683775817108e+10,2.589096026244812393e+10,2.067387965888733292e+10,2.315427461756322098e+10,1.927739413637765121e+10,1.845915406830173492e+10,1.766867139950400925e+10,1.746126124024057770e+10,2.602158601597149277e+10,2.575475371126923752e+10,2.093463617071396255e+10,2.133389147015068054e+10,2.149244459700190353e+10,2.524403940340573502e+10,2.614094874235540009e+10,2.356188137319043350e+10,1.807582910337545013e+10,2.081080005573328781e+10,2.533395798816594696e+10,3.321873350957382202e+10,2.140036519585333252e+10,2.606861739124371338e+10,1.694593059470736504e+10,3.922659798428078461e+10,3.724881316147537994e+10,2.101852711207604980e+10,1.884976831023021698e+10,1.935980314260037613e+10,2.399606392572005463e+10,1.977532403211878586e+10,2.187537682682638550e+10,1.696363015476561928e+10,1.961051366299914932e+10,1.885227431325969315e+10,3.158501168048865509e+10,1.915965430282273483e+10,1.517080339918981934e+10,1.827436604012544250e+10,1.739643758479016495e+10,2.124849020824735260e+10,1.953475482632683182e+10,2.011414862308541870e+10,1.924329172937089539e+10,1.853686756810258865e+10,2.455255705050000000e+10,2.606095638590835953e+10,2.503955983288519669e+10,2.196209736464271164e+10,2.393042125486104202e+10,2.005945185495114517e+10,2.025012957141254044e+10,2.789565757222328186e+10,2.134267854496297455e+10,1.985724047600973892e+10,2.105022997401328659e+10,3.352602013359458542e+10,1.671547215372213745e+10,1.886068215623851776e+10,1.612275907928194046e+10,1.756367020708181763e+10,1.712898441790297127e+10,2.234793994624427795e+10,2.082069050721715164e+10,1.887551352059588242e+10,2.089383149188445282e+10,2.211599249482292557e+10,2.464322230498330688e+10,2.285305238558660126e+10,2.335226466736140823e+10,2.049050757518805695e+10,2.870547732072288132e+10,2.089908735813317871e+10,2.126630404360351562e+10,2.096843585887238693e+10
1.544751813312284660e+10,2.055240008917111969e+10,1.746191476004348373e+10,2.094253307298356628e+10,1.858440534878463364e+10,1.657968228906768417e+10,2.079908899480442047e+10,1.897808976222988510e+10,2.445860155897966003e+10,1.997880750884220505e+10,1.994291089790127563e+10,1.536394974541637421e+10,1.920524042969702530e+10,1.702630191689223862e+10,1.876282864795093155e+10,1.682235295003203773e+10,2.535644037478630447e+10,1.722802217712474823e+10,3.691391214589725494e+10,1.746420501727055740e+10,2.345744195429621124e+10,2.020164181421065903e+10,2.109995515248578644e+10,1.826633168380141830e+10,1.917995087020333481e+10,2.264286093073526764e+10,2.249980050959830475e+10,2.378719388126832962e+10,1.937996509232654572e+10,2.351424979271922302e+10,2.262253316939601135e+10,2.223959400395656204e+10,1.944623666560269928e+10,2.073924249900982666e+10,1.489509442479687500e+10,1.684113496353238869e+10,1.874951610629578018e+10,2.195070810995626068e+10,1.988799665813654327e+10,2.036959660363233948e+10,2.426488945429257584e+10,2.120225314634749985e+10,2.843834307461885834e+10,2.353461800742430115e+10,2.194858071470761490e+10,3.182266810652848053e+10,2.348004186537744522e+10,2.251166176860669327e+10,2.034766321688285065e+10,2.203211325229096222e+10,1.914395981280949402e+10,1.654270357026731491e+10,2.624541222622880936e+10,1.830973786115303421e+10,1.957146145688892746e+10,2.480306505516943741e+10,2.321327407068352509e+10,2.416064556023543930e+10,2.427854470321883774e+10,3.316414308657857132e+10,1.797311352307523727e+10,2.028634396141489410e+10,1.658058499938352203e+10,2.220554778579420853e+10,2.265595919126272964e+10,2.150685169536226654e+10,2.319148972635807800e+10,2.711556380911927032e+10,2.502080828530738831e+10,2.472750593243869400e+10,2.000123169476015854e+10,1.994556834220457077e+10,1.795735937308429337e+10,2.123888699321551514e+10,2.099824555177836990e+10,3.146713581922436142e+10,3.038772172375222778e+10,2.250321406908041000e+10,1.591097938754902267e+10,1.809871084409828568e+10,2.007066508997982407e+10,2.518929526224157333e+10,1.911609047203109360e+10,2.132931991890044403e+10,1.878916578857994461e+10,2.060663240540118790e+10,5.212240608000937653e+10,2.321324703674850845e+10,1.859439865604768753e+10,2.078900870288138199e+10,1.872346446517940521e+10,2.127836860555567169e+10,1.976646641668062210e+10,2.330208517684813309e+10,1.985074682667609024e+10,1.836327847509924698e+10,1.985557442460612106e+10,2.101794617940353775e+10,1.941581022130917740e+10,2.565684716644317627e+10
1.790913571676127243e+10,1.487987383747622108e+10,1.815279290093632507e+10,1.838291499813521576e+10,1.720882608106330872e+10,1.526993826739023209e+10,1.565679309380296135e+10,2.125041104930816650e+10,2.582745650101690292e+10,2.379168604998421860e+10,2.199531945024813461e+10,2.038355269292555618e+10,2.045409583136894608e+10,2.622062352061765671e+10,1.756122392594020081e+10,1.763180776543075943e+10,1.455446821468502426e+10,1.884596547694482422e+10,2.146770015295409393e+10,2.169688348408574677e+10,1.987574596462028885e+10,2.100414851643341064e+10,2.041863914198551178e+10,2.028074777389396667e+10,1.856313194442135620e+10,1.884719233603100967e+10,1.997372702214213943e+10,2.273852044509237671e+10,1.851199464155668640e+10,2.284389116165342712e+10,1.913879321902440262e+10,1.955252298111642456e+10,1.671210081007864952e+10,1.899683631295146561e+10,1.758300157134695435e+10,1.947608782513100433e+10,2.101644143768450928e+10,2.391633664334097672e+10,2.104124150451120758e+10,2.676959807328892136e+10,3.096098182427515411e+10,2.805339354645094681e+10,2.004179240501828384e+10,1.714951096032854652e+10,1.629833424285247993e+10,2.254303661272981262e+10,1.974538253001130295e+10,1.668907298828069687e+10,2.162466658980405426e+10,1.546510204591942024e+10,2.342897453757997513e+10,2.121160474830892944e+10,3.149503442988463211e+10,2.211198956587390518e+10,2.290331974700454330e+10,2.687162031222563553e+10,1.689120870917454910e+10,2.927683771336512375e+10,2.465401848138694000e+10,2.372013657490748215e+10,2.454494833215167999e+10,2.079832905158963013e+10,2.139706119901365662e+10,3.112736462325996399e+10,2.489256076777677917e+10,1.892511832042477417e+10,2.457409226656534958e+10,1.894100886769156265e+10,2.096902438676122665e+10,2.092228309836412048e+10,2.297713613317839432e+10,1.776418840332477188e+10,2.514423794143216705e+10,2.077646851852806473e+10,2.027471036865927124e+10,2.103286966061897659e+10,2.868889197625916290e+10,1.706330211117809868e+10,2.863433447789863586e+10,1.895029771886792755e+10,1.746082484544232178e+10,2.721017386994042969e+10,2.315572826982016373e+10,2.196161144480715179e+10,1.870921238958143997e+10,1.832268182458773422e+10,1.951613658544917679e+10,2.259049412502774429e+10,2.005059649305474472e+10,2.579426403956714630e+10,2.500546743367132568e+10,2.374040857142455673e+10,2.040858347191147232e+10,1.820470879451741028e+10,2.065968653475410461e+10,2.057019622778692245e+10,1.846750283419726181e+10,2.169519667671323776e+10,2.057198104104349518e+10,1.834769914043340302e+10
1.584423314527070999e+10,1.953945023094181061e+10,1.647186614624633789e+10,1.396913456942644691e+10,1.842111654347750854e+10,1.897450635916038895e+10,1.957162069551256180e+10,1.878963742847974777e+10,1.761951035518210602e+10,1.963696007273756409e+10,1.858378596192644119e+10,2.497746242209582520e+10,1.745948544723877716e+10,2.354606562044527054e+10,2.210592131959699249e+10,2.272260600425611115e+10,2.281816638346778870e+10,2.204518507092213058e+10,2.189263195269527817e+10,1.850881256096976471e+10,2.655413446904350281e+10,2.125363985230266190e+10,2.202511393703379440e+10,2.347684993296492767e+10,1.995464459196512604e+10,2.128267760848765945e+10,1.911446004630059052e+10,1.804652528141342545e+10,1.776271139721289062e+10,2.433354877618609238e+10,2.172749168692873383e+10,1.979706494603612900e+10,2.447123585327719498e+10,2.812897141785224533e+10,2.236090720993090057e+10,2.598616452387182236e+10,3.994072656217369080e+10,2.292882299374472046e+10,2.371399857601869583e+10,1.768201561981950378e+10,2.035318906293664169e+10,1.629413508103552818e+10,1.657749365327584267e+10,2.609125883809773254e+10,2.442589130717867279e+10,2.177488928204285049e+10,2.451758611093238831e+10,2.281547816622764969e+10,2.333204836476304626e+10,1.612343003647001648e+10,1.696136421926340866e+10,2.384521380736418915e+10,1.874732543847650528e+10,1.797480508028679276e+10,1.884070250683477783e+10,2.022608687524825668e+10,2.206361297275690842e+10,3.015390658896043396e+10,2.351929700475574493e+10,2.446419949547867203e+10,2.747956457463928223e+10,2.353099986797563553e+10,2.605716425783476639e+10,2.256619317385226440e+10,2.869538538112172699e+10,2.110784302860551453e+10,2.437333935639437103e+10,3.057376914430597305e+10,2.543459181845026016e+10,3.242549000899156570e+10,1.993900571702521896e+10,2.285714328103305054e+10,1.912055964280255508e+10,2.463277844559094238e+10,2.115494976494961548e+10,2.966183156364465714e+10,2.867417628352143097e+10,1.687076229424297333e+10,1.997912863066402054e+10,2.068222803716498566e+10,1.470187778351231384e+10,2.266657203522967148e+10,2.159703267294005203e+10,2.163882568999686050e+10,2.675270257072332001e+10,3.218988424459205627e+10,3.077818703435062790e+10,2.593136350999156189e+10,1.714157829223629379e+10,2.092808122427909470e+10,2.473740982268318939e+10,1.633359927925155830e+10,1.651696212923807335e+10,1.972779802455192947e+10,1.744378684750109482e+10,2.003009971864666367e+10,1.934297449408998871e+10,2.517545768860924530e+10,1.922839354093717957e+10,2.125150495239918137e+10
1.631436691522778130e+10,1.599257042113450813e+10,1.443978503958980560e+10,2.482023968172924042e+10,1.968233855520583725e+10,2.181776157138611221e+10,1.949231455874498749e+10,2.190861294234808350e+10,1.787186123502350235e+10,1.966344499933860016e+10,2.124586408341217041e+10,1.967052255555827713e+10,2.169838332690192795e+10,2.999728308483020020e+10,2.163626802266248703e+10,2.442682458753099823e+10,2.621765565891703415e+10,2.162318432905112457e+10,2.532057105811346054e+10,2.300415407878451538e+10,2.334481584427402878e+10,2.487901333341266632e+10,2.802548502948274994e+10,2.282841040616806793e+10,2.582790109479720688e+10,2.022894763728015518e+10,2.213759598189435196e+10,2.232356494250017929e+10,2.072520733646016693e+10,2.517785932937464142e+10,2.342144634853264999e+10,1.828874583048740387e+10,2.397712917153799820e+10,2.077071499279439926e+10,2.447000162522639084e+10,2.387701226966332626e+10,2.472195892319333267e+10,2.579498368927736282e+10,1.924288126237872696e+10,2.050020682354680634e+10,1.912240339893914795e+10,2.163105724478432083e+10,2.019505720136050415e+10,2.040805945905936432e+10,1.928649594714749527e+10,1.956620532023273849e+10,1.543781996215025139e+10,1.781541070181464005e+10,1.785700662476595688e+10,1.566241376090154457e+10,2.678824704406008911e+10,2.200939533315720367e+10,2.151521572618212128e+10,2.380006664863812256e+10,1.823883981100696182e+10,2.054737064533759308e+10,2.261597962762571335e+10,2.321904076022988129e+10,2.364293421999570847e+10,2.100292277021351242e+10,2.179266839711156082e+10,1.807789383952894592e+10,1.568686136901192093e+10,2.286018096432732773e+10,2.044804577466253662e+10,2.027451009735412216e+10,2.173312164437136459e+10,2.587659930775999069e+10,2.115628018285691071e+10,2.618526451571899414e+10,2.521981581074733734e+10,3.041704238695246124e+10,2.114517368332871246e+10,2.775300180622114563e+10,1.820418917661874008e+10,2.145495734031019211e+10,2.671373509754769516e+10,2.663612316186591721e+10,2.714373573961269379e+10,2.823504043456092834e+10,2.648780660198218918e+10,2.365539754766336060e+10,2.180402633081945419e+10,2.190853949596169281e+10,2.640803552203303528e+10,1.913789546504576111e+10,1.897317510853145599e+10,2.569370460120834351e+10,3.372686378270547104e+10,1.905339301064663315e+10,1.905786701340876389e+10,1.894931237567101288e+10,1.863052918010972214e+10,1.893178833651067352e+10,1.852725882909941864e+10,1.603025476972627449e+10,2.498353961624390030e+10,2.316274994154526520e+10,1.492072822654047585e+10,1.538739256958827400e+10
