1.396768505685059166e+10,1.672090866650168800e+10,1.337956957353204155e+10,2.036922611412573624e+10,1.663450821368120766e+10,1.348970582689177895e+10,2.416901808778344345e+10,2.158054746474024200e+10,1.466987046195571709e+10,3.734906244843794250e+10,1.864085285057540894e+10,1.485195189407417679e+10,1.331678056749825287e+10,1.819208552151475525e+10,2.182344104817708969e+10,5.306065621376296997e+10,1.524857891659957314e+10,2.475494358711023331e+10,1.920889749667541122e+10,1.549215082835330963e+10,1.494929750745138741e+10,1.704924552537196350e+10,3.668295007634830475e+10,1.575754752703946304e+10,1.809394839812101746e+10,1.421407658294126511e+10,2.133456223146485901e+10,5.751988377495877075e+10,1.782159851314734268e+10,1.488767111408603859e+10,2.013749334813969421e+10,2.748622695545695114e+10,1.654485296748778915e+10,2.405075845626053238e+10,1.702179287818927383e+10,2.387634295858436966e+10,1.494416123394808769e+10,1.465345096185524178e+10,2.061052793609952164e+10,1.874362170629687119e+10,2.777824742864742661e+10,2.695878961671501923e+10,1.312913308057807541e+10,1.974206196362351990e+10,1.773184771867427444e+10,1.301541115064621162e+10,1.856502919003334427e+10,1.871489672775695419e+10,2.697994969756068802e+10,2.084463795049339676e+10,2.001543795215520477e+10,2.472657209153689957e+10,1.258779856919540596e+10,1.597907189438048363e+10,1.330690475095090866e+10,1.162261391980644608e+10,1.429394421691508865e+10,2.468885200472605515e+10,1.883428902079882431e+10,2.410827259104112244e+10,2.251089599696953964e+10,2.997057400856489563e+10,2.182477205562399673e+10,1.752642225983607101e+10,1.406676480479112434e+10,1.855128391555321503e+10,1.927845706932675552e+10,1.395631248282020950e+10,2.487277966986911392e+10,2.192320011658929825e+10,1.740071210695523453e+10,2.577014854597103500e+10,1.793448821751521301e+10,3.078415403670643616e+10,2.234639751710498428e+10,1.925078508524386978e+10,1.436142074336175919e+10,1.454761003327581978e+10,1.909207213774073792e+10,1.617365797923037529e+10,1.726773518723390579e+10,2.825029713788727188e+10,2.903792365647159576e+10,1.729281611439016342e+10,1.508479905535651588e+10,1.577333772881458855e+10,1.370962294632839203e+10,1.802570415919987869e+10,1.603951424486905670e+10,2.325037685919610596e+10,2.079642784599336624e+10,1.595275465807877731e+10,1.959795805487845993e+10,2.690354659396392822e+10,1.590435373892118454e+10,1.847946591942827606e+10,1.660140762263615036e+10,1.346740262865321922e+10,1.087345460475859451e+10,1.418153085522996902e+10
1.300821309535571861e+10,1.690660587785511971e+10,2.299248228653478622e+10,1.315374777319887352e+10,2.786321000213129425e+10,3.448784470040890503e+10,1.247264382335903168e+10,1.688843393695704651e+10,2.481103452699873734e+10,2.138506781611461639e+10,3.347504153376721954e+10,1.423941617198042488e+10,2.845678511702224350e+10,2.223043507723494720e+10,2.073750476449061584e+10,2.699652340164365387e+10,1.668622625083580399e+10,1.284731493914773560e+10,1.467634327093043900e+10,1.697010903102598953e+10,1.754745942136449814e+10,2.025055039004169464e+10,1.917953374852109146e+10,2.522323366802983856e+10,1.554589352392677879e+10,1.901251001862799835e+10,1.692280003912531471e+10,1.852504884889819717e+10,1.964097696528200912e+10,4.634488580886861420e+10,2.640458927361540604e+10,1.674881053883641624e+10,5.276215166137226868e+10,1.640193654243873978e+10,2.175603132359194565e+10,2.337894182485765457e+10,2.269197872079233170e+10,2.973744224434304810e+10,1.635867836671553421e+10,4.981050102990897369e+10,4.384253524726995087e+10,2.431645032998156357e+10,1.879619959121828842e+10,2.270901769476546478e+10,2.309372669899685669e+10,2.678380666513314819e+10,1.730187366017794800e+10,2.956427093999158478e+10,1.942117596810357285e+10,1.519015224151073456e+10,1.604470074560196114e+10,3.550176481797030640e+10,1.964254693849390793e+10,3.557313253037105560e+10,2.488203003686690140e+10,2.589063354049446106e+10,1.614465766078451920e+10,2.419754797163110352e+10,1.507426600647866821e+10,3.104032598143786621e+10,1.542185268043403435e+10,2.135086650619567871e+10,1.781429962980313110e+10,9.991760150314559937e+09,3.705873636146363831e+10,2.255716102539210129e+10,1.899221639258292007e+10,2.029855760737648392e+10,1.819322686194570160e+10,2.612864928415905762e+10,2.451394338184999084e+10,1.826760152989158630e+10,1.360101003127816200e+10,2.226559959790969467e+10,1.559993190527718163e+10,3.874355380349385834e+10,3.290616505363641357e+10,1.060725115007016563e+10,1.491997786290385056e+10,1.657534476537575912e+10,3.286576765114967346e+10,1.523207624834183502e+10,4.864074464513862610e+10,2.134507550990843964e+10,2.777658744681610870e+10,1.762060931874825668e+10,2.205409990745520401e+10,2.608340980701122284e+10,2.639538154731936264e+10,1.117663784850438309e+10,1.375386124197372627e+10,1.174098326141032410e+10,2.496662828733665466e+10,1.564773632396365356e+10,1.994172310085177231e+10,1.842884397953237152e+10,1.280738569995219803e+10,1.617268770879226685e+10,2.125603204814197540e+10,2.715304040114120483e+10
1.773991714988883591e+10,1.950907387194172668e+10,1.797823799351199722e+10,2.543733665551645660e+10,2.831239024777673340e+10,1.615788658266647720e+10,1.882010927136201096e+10,2.022628677968634033e+10,1.297068749883581924e+10,2.091644683205319595e+10,6.587524211759983826e+10,2.094517852240729904e+10,2.085003154149925232e+10,1.965624238764705658e+10,2.981884321548625946e+10,1.636037345342674065e+10,3.047571018816826248e+10,1.438064368495159912e+10,1.896455636182610321e+10,1.718643583894961548e+10,1.689341701888119888e+10,1.020687047042872620e+10,1.326017772430743980e+10,2.830349789595920944e+10,1.443300598661037254e+10,1.670877659334778404e+10,1.822445892289607239e+10,2.293391663255346680e+10,4.234261675597594452e+10,4.217335153283719635e+10,2.803397014175375748e+10,2.448412111284278107e+10,2.195624209896933365e+10,2.142734517493439484e+10,1.496750852547194481e+10,2.799499928216098022e+10,2.014926715542975616e+10,1.812061420895267487e+10,2.392537133730534744e+10,1.899388078402080917e+10,1.738074581485399628e+10,2.146256238176922607e+10,2.075666702656774902e+10,1.578180228085845375e+10,1.577290719154894066e+10,2.463994153111487198e+10,1.103055156784596825e+10,3.422307914870918274e+10,2.407854146999691010e+10,2.108275764473875427e+10,2.686559543998221588e+10,1.643802509699157524e+10,2.266677526995539474e+10,1.723195906129598618e+10,2.727333880632804108e+10,2.650527077206230164e+10,1.967327030014817810e+10,1.624291885648233223e+10,2.963174710713430786e+10,3.004537374226812744e+10,2.931755000713779068e+10,1.712394403639574242e+10,1.740172193782261276e+10,2.254300670055054855e+10,1.775009818345659256e+10,1.636535636439827919e+10,1.828078244764840698e+10,2.004162921230870819e+10,3.246375862842186356e+10,4.181120550631729889e+10,1.665348149720856667e+10,2.070070355696199799e+10,3.041431145615226364e+10,1.811238311497341919e+10,1.713862925013275909e+10,1.946553492107910156e+10,1.356314988024230385e+10,1.461527332262211609e+10,6.052156752614899445e+10,2.849454342488294220e+10,2.670110363824629974e+10,1.719057275017190933e+10,1.181100513873492432e+10,1.868396808651174545e+10,2.143029703103206635e+10,2.322474873181377029e+10,2.098965067235229874e+10,2.276747621834304428e+10,1.297280326590513611e+10,1.707286997647175980e+10,2.481977675681915665e+10,2.127011570146060181e+10,1.216351242792214012e+10,1.478131957497177315e+10,3.001027217220502853e+10,2.112162040518575668e+10,1.936538655611574936e+10,2.078522509190831375e+10,1.190685686936730576e+10,1.686156472528162384e+10
1.527860861590298653e+10,3.188971872639255524e+10,2.125797494848585892e+10,1.629314143832449532e+10,2.274515791224012375e+10,1.729224511936780167e+10,1.248175131396432686e+10,2.762571176348798752e+10,3.032039774230399323e+10,1.957608464466924667e+10,3.488059418702076721e+10,1.859069004889543533e+10,1.539315881800712395e+10,3.538277455715381622e+10,1.790533870288944626e+10,2.733286383527672195e+10,2.086375262681339264e+10,1.660304974007650185e+10,2.178205082829593277e+10,1.848607010151926041e+10,2.258714548343697739e+10,2.318258200610604858e+10,1.371117296515316772e+10,2.066163913663042068e+10,1.674104856397845840e+10,1.588588543195215416e+10,1.893519867654900742e+10,1.334269480330373573e+10,1.614948298039816475e+10,3.024977765512677383e+10,3.416054907228733063e+10,2.250820079814917374e+10,1.945677128542912674e+10,1.395380290300865364e+10,1.751843261045549011e+10,1.310146509088440895e+10,1.581253999422983551e+10,2.773222804085815048e+10,1.821760783368598175e+10,4.247728262904370880e+10,2.966781898001891708e+10,1.784612087389982224e+10,1.715056679742562675e+10,1.971397271787632751e+10,1.179865603338861084e+10,4.361843410110090637e+10,1.895391357362622833e+10,1.711038132063573837e+10,1.633475388481522560e+10,1.554742023274417496e+10,1.993896339120644379e+10,2.039177529038582611e+10,2.145287760649957275e+10,1.626459616050386810e+10,1.403191413542442703e+10,2.146709752349619675e+10,1.933332033664161301e+10,1.705916556907268906e+10,2.724089388983046722e+10,2.347628105153339767e+10,2.837862637897826767e+10,1.842852496751090240e+10,3.270414448198575974e+10,2.066878623158166122e+10,1.115784349191391754e+10,1.367218743058162880e+10,2.674358772033631134e+10,1.772325317467620468e+10,2.293693668680221176e+10,1.408998849070279884e+10,1.961269239935923004e+10,1.929856750322883606e+10,2.607738768314441681e+10,2.013334139536111450e+10,1.865409684671244431e+10,2.023816335087337875e+10,1.870829156379363632e+10,2.281881593331786728e+10,1.468278804275498772e+10,1.854468836082807541e+10,1.209324734957892418e+10,2.978383769831006241e+10,1.327450816060456848e+10,1.643541889248882866e+10,4.425278993382918549e+10,2.386738538819347382e+10,1.589982390243117523e+10,1.526752316127038956e+10,2.591706885239856339e+10,2.193607573199156952e+10,2.160292143657070541e+10,1.280206860927609825e+10,1.834942174358664322e+10,3.412999020132707214e+10,1.986276696627252579e+10,3.870045115640995026e+10,2.602729254032255173e+10,2.275046462275360870e+10,1.694693630833453178e+10,1.411921570519869041e+10
2.569047816130274963e+10,1.251974811484911919e+10,2.501657715076472855e+10,1.634315585626536751e+10,1.026688753351789093e+10,1.813574288329693222e+10,1.697861965226658440e+10,1.450877850160446358e+10,2.027661864906542587e+10,1.438260852611974335e+10,2.626253856515806961e+10,1.436959094501343536e+10,3.073604089448581696e+10,2.076626845170388794e+10,3.741925599640468597e+10,2.167295340231592560e+10,1.511873945065224457e+10,1.164684533693913460e+10,2.082866766818558121e+10,1.776625616826364899e+10,1.941991044269863892e+10,2.436547456820486832e+10,2.443063008792195892e+10,1.957909505605934143e+10,1.831103700571110535e+10,1.940288454369680023e+10,2.021599989756995392e+10,2.164423833534390640e+10,2.175019364316607285e+10,5.199411687341086578e+10,4.522702820124163055e+10,2.246282098654905701e+10,2.810076840675876617e+10,2.969547979821661377e+10,1.877003365055529404e+10,2.117100022961540985e+10,3.449781006318560028e+10,2.352208938790975571e+10,3.347497161540530777e+10,1.880253635245247269e+10,1.357317299330046654e+10,1.359081273718541718e+10,3.144502633632302856e+10,2.707565814078954697e+10,2.305884634663266754e+10,1.371279300390875053e+10,1.682539329046092606e+10,3.294112154487506104e+10,2.344441219993800735e+10,2.478789975793772125e+10,5.506890158026620483e+10,1.726954187462200546e+10,2.918241613936938858e+10,1.436585984966462898e+10,2.367260490283055496e+10,1.740108321381512833e+10,3.043728321230368042e+10,2.228646278196536255e+10,1.764138867924193192e+10,1.987300465886211395e+10,2.917082928441798019e+10,2.063260289908709717e+10,1.509834435102681541e+10,2.122278460746521378e+10,1.270206559924338531e+10,1.748706522770986938e+10,2.336626404700645065e+10,2.936648763291104507e+10,2.438445057978986359e+10,2.951338214411733246e+10,2.176275160242077637e+10,1.366066841022258949e+10,1.677532335034918213e+10,1.982581977073366165e+10,2.508371968233468246e+10,1.411236011157839203e+10,1.327428950083956146e+10,1.781418453873675919e+10,1.950247977530896378e+10,2.248925922764765167e+10,1.890636941250863647e+10,1.829593291834346390e+10,1.507467507403212166e+10,2.133808319349730682e+10,1.936472268308562088e+10,2.371417980826300049e+10,1.978651757060511780e+10,1.868051037411477280e+10,2.317115454785839081e+10,1.831783791763871384e+10,2.241442192228818130e+10,2.001750727622902298e+10,1.521024370686794472e+10,1.733635018676480484e+10,1.954798022117261887e+10,2.043343502608452606e+10,2.516549258435977554e+10,1.454403510055051422e+10,1.473645186054826546e+10,1.889392907842300034e+10
5.268822486009695435e+10,1.949644208203641510e+10,2.290034854768170547e+10,2.607865782423739243e+10,1.291375475223248482e+10,1.571030058725502586e+10,2.359969941885842514e+10,3.143034589454932404e+10,4.702285415125728607e+10,3.235111350991111374e+10,2.830297032476876068e+10,1.517752147248557854e+10,3.765093257973487091e+10,1.936337588766210556e+10,1.273417148855289459e+10,1.566238327570071220e+10,1.857110761257844543e+10,2.151093665220639038e+10,2.506908616933283234e+10,1.353175344962961578e+10,3.613415518173604584e+10,2.243043095456495667e+10,1.269949183260525322e+10,2.077510954648273468e+10,1.519331497473145485e+10,2.166640181994981766e+10,1.598445479687572670e+10,1.602476600515006447e+10,1.671970894632140160e+10,3.745705506570458984e+10,1.878412654726015091e+10,1.383266868753913116e+10,1.459638658989188004e+10,2.219260531764172745e+10,1.944183755339431763e+10,1.733459220221876907e+10,1.785968047834430313e+10,1.833929543169401550e+10,3.009677318913918304e+10,3.770929713405635834e+10,2.141829706097082520e+10,2.676802332018824768e+10,1.675824538287390518e+10,1.631443443053797913e+10,1.807182638795632553e+10,1.876459055611613083e+10,1.727207618733489990e+10,3.285817033775553894e+10,2.578921426433387756e+10,2.199161856053075409e+10,1.636190994574260139e+10,2.576916103840036011e+10,1.656705107911799812e+10,4.031863437553810883e+10,2.138067869107552719e+10,1.677079540006532478e+10,1.932970073557249451e+10,2.670706672945482254e+10,1.384086583294752884e+10,2.001953231893592072e+10,1.611346327876870346e+10,1.765382053814477539e+10,2.012286751366972733e+10,1.415195431370540047e+10,2.551325487997513199e+10,2.245198504360913467e+10,1.190534281840607834e+10,1.863837139940012360e+10,1.836425956325637436e+10,8.328408416835514832e+10,2.189821551282986832e+10,1.360819058839461136e+10,1.194684714340947914e+10,2.012222523795647430e+10,2.093090222621261978e+10,1.476104216194818497e+10,2.681096974306428146e+10,4.726800504188263702e+10,3.930389166318735504e+10,2.134981201393308640e+10,1.932929070153606033e+10,2.263260811051708603e+10,4.258656613849514008e+10,2.310888104426677322e+10,1.830023069781530762e+10,1.782167238457052994e+10,1.574536025918570900e+10,1.848087043942113876e+10,1.991031328852352524e+10,1.773274093333039474e+10,2.514629685120177460e+10,1.826448428736236191e+10,2.075957299448568726e+10,2.676345162656455231e+10,2.836726118758213043e+10,2.018504783045879364e+10,4.129769842529817963e+10,1.898534906341387177e+10,2.023080569003088760e+10,1.977519022240903091e+10
1.398592040390660667e+10,3.022621050929129791e+10,1.847149079608341980e+10,1.385452282063241577e+10,1.653788642017361259e+10,1.699475684558796120e+10,2.375252742049148941e+10,2.046912399694390106e+10,1.804907238392325592e+10,1.492467663011270523e+10,3.345841776891093445e+10,1.278852690836469078e+10,1.364472309989241982e+10,1.989797688323401642e+10,2.694588318531762314e+10,2.296722528834347534e+10,2.288886185625128555e+10,1.295240601992918777e+10,2.022559242913779449e+10,1.934987024903733063e+10,1.699351635959929848e+10,1.371556690036977005e+10,1.801400407956716156e+10,1.526270211289832306e+10,1.627642590536164093e+10,1.428039508600445175e+10,2.572463012749505234e+10,2.204940755062273788e+10,6.790261090582666016e+10,4.124837616960776520e+10,1.960036042885293961e+10,1.587342366326183891e+10,2.833556789660565948e+10,1.597545030408841705e+10,2.204675935359695816e+10,3.057145564652335358e+10,1.816181504809433365e+10,2.278254592633881378e+10,2.092988905322230148e+10,1.883678958200016403e+10,3.402251512617591095e+10,1.934545978912037277e+10,2.686212183834659195e+10,2.026904250269071960e+10,2.336596196317580414e+10,2.161327863705741882e+10,1.728881329521325302e+10,1.823736622619923782e+10,1.666999713169485664e+10,2.332258785891045761e+10,2.001390622315860748e+10,2.988043294494192123e+10,4.491859568795819092e+10,2.681203559501440811e+10,2.575329767759113693e+10,1.689663661677964020e+10,1.386038144328557014e+10,2.438965359080877686e+10,1.842189685958979797e+10,1.871559269257372284e+10,2.045342897573361206e+10,1.376530972706696320e+10,2.247891124390097809e+10,2.156385639158660507e+10,1.315137566070293427e+10,3.160009989572496796e+10,2.540127539176017761e+10,2.449608993305355453e+10,1.741040898600285339e+10,1.611088736619349289e+10,2.339733038088948059e+10,2.519012609910264969e+10,2.073406417441836166e+10,1.786471699996961975e+10,1.963082044682288742e+10,1.577079510751729584e+10,1.844174974559304810e+10,2.078160436089155197e+10,2.112934510080309296e+10,2.347349167245069122e+10,6.080056211110095978e+10,2.306225778751344299e+10,1.927857321032772827e+10,1.792864361431188202e+10,1.761526418924393845e+10,1.522681643310469818e+10,2.452135901444881058e+10,3.199795361142248917e+10,1.579268283006389236e+10,1.707445977926444626e+10,2.543477776307874680e+10,1.897503604038663101e+10,1.909505662175922012e+10,1.544129615024602699e+10,2.451532278250067139e+10,2.955190943661474228e+10,1.860913797357655716e+10,2.098700305850099564e+10,1.511123146082885933e+10,1.686955402080074883e+10
1.710706127256805038e+10,1.664834678298808479e+10,1.890732936126243591e+10,2.939645983494209671e+10,1.292858376453536797e+10,1.073966249523838997e+10,1.397118635378784180e+10,2.478242236642508698e+10,1.964387923176995087e+10,1.784434257537892532e+10,4.237317120279615784e+10,1.560371832742417145e+10,1.868543674507390976e+10,1.899795729841147232e+10,1.506808875177398109e+10,2.091318713870028687e+10,1.374908607715013313e+10,1.939953300508666992e+10,1.435952204258776474e+10,2.687797161691506577e+10,2.040537318884618759e+10,1.271125331975175095e+10,1.971415150692103958e+10,1.920257839050030899e+10,1.692249037734554291e+10,2.119236940094076538e+10,1.202590813812100983e+10,4.685962601544804382e+10,2.224980450176443100e+10,7.348251821651765442e+10,2.818499557486085892e+10,2.296017583741387939e+10,3.418197287315212631e+10,2.466248552591956329e+10,1.799169805250252533e+10,1.739773012873105240e+10,2.281022523019159698e+10,2.712059171615915680e+10,3.061738895171320343e+10,2.102942153312088776e+10,3.192875223312758636e+10,3.558933966423567200e+10,2.450743257661514282e+10,1.546631995930229568e+10,1.728858840726706696e+10,1.534916663700192642e+10,1.236152019648622704e+10,1.542587216391964912e+10,1.880386205961058426e+10,1.610709940866037560e+10,1.640535490204517555e+10,1.897205775621155930e+10,1.210787020297771835e+10,1.977239164775805664e+10,1.662778529546397209e+10,2.414091147189790726e+10,1.298792731272539330e+10,3.009680874051354218e+10,2.089686975625556946e+10,1.730567308432423782e+10,2.953313457704778290e+10,1.563346916679861259e+10,3.453406803690007019e+10,3.006754417524906540e+10,1.510567797688942146e+10,2.491197141732796097e+10,1.394538783439757347e+10,2.447122942399340057e+10,1.685595086035466003e+10,1.734597663348011780e+10,1.855791053837937164e+10,1.579286812947051430e+10,1.515773532818289948e+10,3.258900773477336121e+10,2.197528072383251953e+10,1.518798860744373703e+10,3.092257038794297791e+10,3.165729940622359848e+10,1.766980183872314835e+10,1.218509729014965057e+10,2.196078935310343933e+10,2.768199977602756882e+10,2.369175496936107254e+10,1.774106559210041809e+10,2.368415953006833267e+10,2.338950448141319656e+10,1.368844294543251419e+10,2.772781134081301117e+10,1.777732785133821487e+10,1.042040323476867485e+10,1.951436182831500626e+10,3.524558549479729462e+10,1.876861257818312454e+10,1.402492641728818893e+10,1.897973095823855209e+10,1.682021131737553596e+10,1.965606234755375290e+10,1.695382681360197067e+10,1.636181103660759163e+10,1.594575252049761200e+10
1.826670265870776367e+10,4.364402923925269318e+10,2.454421046130722046e+10,1.865729296517832947e+10,1.944259512717904282e+10,1.606068117375793457e+10,1.966508487619757462e+10,2.226208658833332062e+10,2.791106395494210052e+10,2.058401350518336487e+10,1.794304935953271866e+10,1.500349030609306526e+10,1.608123895101830101e+10,2.994031730095808411e+10,1.578729426042112732e+10,1.856430642743015671e+10,2.069241978067536163e+10,1.913872052343035889e+10,1.795271930940026855e+10,2.508325237221213913e+10,2.271015086310853958e+10,1.492135829433419991e+10,2.646200799475482941e+10,2.917269250839144516e+10,2.233532505741463089e+10,3.105197001216900635e+10,1.985547886532851410e+10,1.739728224291144943e+10,2.252643318765296936e+10,2.793258706474122620e+10,1.446368426338538742e+10,2.125577038622805786e+10,1.700067477206779480e+10,2.472763015728779221e+10,1.343262912141859436e+10,1.881317582522884369e+10,2.410637830270882416e+10,3.413805217799647141e+10,1.264995620409806061e+10,2.387721306515476990e+10,2.364007363034659576e+10,2.081297749281394958e+10,3.201403406136343384e+10,2.539910801491868591e+10,3.584550502067551422e+10,2.376718575771902847e+10,2.444615733098617935e+10,5.216352456263665009e+10,2.550562712062307358e+10,3.542233013006835175e+10,1.514252966803757477e+10,4.188278446158428192e+10,2.135553044173183823e+10,1.827250243313683701e+10,1.889081859065430832e+10,1.795914126512225723e+10,2.414469539247525024e+10,2.023872523031239319e+10,2.314179950535274506e+10,1.421637328968044853e+10,4.750792476811470795e+10,2.034929662247496796e+10,2.273697364334159088e+10,2.471234177440337753e+10,5.204217125952907562e+10,1.653296737694137955e+10,2.121485956379101181e+10,2.310005821865125275e+10,2.481924801245178604e+10,2.260664903014151764e+10,2.289612296473082352e+10,1.513229054739175797e+10,2.209576034594947815e+10,2.866386806238217163e+10,1.790979276722639847e+10,1.874165812127748108e+10,2.620288253750217438e+10,2.062882216463207626e+10,2.762520156690154266e+10,2.830958055849664688e+10,3.379399818271614075e+10,2.679037890564014816e+10,2.009989897884885406e+10,2.166950390569833755e+10,1.544169177909040451e+10,1.573429048528117371e+10,1.995125659537775803e+10,1.642351031345232964e+10,1.977242151855473328e+10,2.473150271107797241e+10,2.426276826033530426e+10,4.530489451459821320e+10,1.605795774471743393e+10,2.297028946012461853e+10,1.588999775314838600e+10,2.886329522927778625e+10,1.854835095357281113e+10,1.673221165695842361e+10,2.829892308781963730e+10,1.963364148477582169e+10
1.815410584187696075e+10,1.762123377300402832e+10,1.527545638340703201e+10,2.599764125210342789e+10,1.673501835756596756e+10,2.876167600768831635e+10,3.838443590468808746e+10,4.110198427123813629e+10,1.552816555670553207e+10,1.683651929426738548e+10,2.035392223747453690e+10,1.815388688670055771e+10,1.536264123706553650e+10,2.079329261362935257e+10,1.527958500750300598e+10,2.051685727381966400e+10,1.711716113074609184e+10,1.884224074998952484e+10,1.780809934498314667e+10,1.744368518172876358e+10,1.548242830912929535e+10,1.536527645906313896e+10,3.065261982259832001e+10,1.825632369137181091e+10,1.456593970061916542e+10,2.844386171173691559e+10,1.935619033419673538e+10,4.546807212140025330e+10,1.680437909214002037e+10,2.463312486121745300e+10,1.985629770480555344e+10,2.668658817195285797e+10,1.769794739175957489e+10,1.285489803712326622e+10,2.052333476359294128e+10,1.730543355411572647e+10,1.596073601635040665e+10,1.871269414910790634e+10,1.676659706551245117e+10,1.669004597832911873e+10,1.578462445094432640e+10,2.192858133137589264e+10,2.537405727308284378e+10,3.091999809409713364e+10,2.124899355186581802e+10,3.226805436871328735e+10,7.392734040992098999e+10,2.414775619760209274e+10,3.351301845278648376e+10,2.517362739048936081e+10,1.944037061644041443e+10,1.810148089830823517e+10,1.868608184708430862e+10,1.757858464756527328e+10,4.063861640163257599e+10,1.808453004080049133e+10,1.581046023316103363e+10,3.653604783984495544e+10,1.750705633610789871e+10,2.703316929838757706e+10,1.913146662813143539e+10,3.037494910819348526e+10,2.831294234601388931e+10,1.373832335682312202e+10,3.291367513643901443e+10,1.918398926981281281e+10,2.054663829934576416e+10,4.067361538228354645e+10,2.534491522942385864e+10,1.878743335017631912e+10,1.586114185159783173e+10,2.265337884442448425e+10,2.809209229411640549e+10,2.404053985434365082e+10,1.983696848411216736e+10,1.528267568754386139e+10,1.440695902372237778e+10,1.492295210653418541e+10,6.040188178007617188e+10,2.329250835371075821e+10,1.433533199886630440e+10,1.567461614209011841e+10,1.836991095331670761e+10,1.379233997807816505e+10,2.622997195223820496e+10,2.643914784734667969e+10,2.021450215665205383e+10,3.199304634646811676e+10,2.240668312860404968e+10,2.688317029483867645e+10,2.023654164470919418e+10,1.581314811346186638e+10,2.143737959718065643e+10,2.367475870851859283e+10,1.118723232163626289e+10,1.672152309640489769e+10,2.723846008299924088e+10,1.885458983353856659e+10,2.545047309122259903e+10,1.833189582543167877e+10
3.674875836639064026e+10,2.216299022678468323e+10,2.440073492722451401e+10,2.203202445255758286e+10,2.830227786701168823e+10,2.073483595852331543e+10,1.499912506068456841e+10,2.108692580992821503e+10,2.014615891184812927e+10,1.847039270785002899e+10,2.072024443241420364e+10,1.557604809142481232e+10,2.125574365684896469e+10,2.545983586553107834e+10,1.331246824798495865e+10,2.360025689401573181e+10,3.151092702392673492e+10,3.164531578211873245e+10,1.700914013145369148e+10,1.645163460501768303e+10,1.771869569613852692e+10,1.263712564357764626e+10,1.872339904616123199e+10,1.572280273949411392e+10,1.747097794777526474e+10,3.577221005011415863e+10,2.087051564061384583e+10,2.051041395312588501e+10,2.993587445380466080e+10,1.545664383805615425e+10,8.182206618064398193e+10,1.341325222714566422e+10,1.431848050241853714e+10,2.483668564265100479e+10,1.396369720293720245e+10,2.453378688692740250e+10,1.934030074180970383e+10,2.306253506461683655e+10,1.388161608270380783e+10,2.278717339946932602e+10,4.503453148200192261e+10,2.738660666944836044e+10,1.635052659766215324e+10,5.890928073963264465e+10,2.080233333924457932e+10,1.954139728326951981e+10,1.616603127365998840e+10,3.132098539763132477e+10,5.019971947426036835e+10,2.838196396269201660e+10,1.439519638009805298e+10,1.678516616825208855e+10,2.143561289254125595e+10,2.419658857624539185e+10,1.812762386341225052e+10,1.789722722772193146e+10,1.791384144478282928e+10,2.007118548553973770e+10,3.042043261271711731e+10,2.649107171661958313e+10,2.359518500312533569e+10,2.238275211837124634e+10,2.218839305060480118e+10,3.341539709529922485e+10,2.413616004970586395e+10,2.433667657570244980e+10,2.677873348731576920e+10,3.300837223569544983e+10,1.293906214103276825e+10,1.461010670213225365e+10,2.407457428638178253e+10,2.809365591633867264e+10,1.744450539184041977e+10,1.433898119534841537e+10,2.453113225668141174e+10,2.524566350701287842e+10,2.301648678067555237e+10,2.217277302133425140e+10,1.887181821701359940e+10,2.380341045843631363e+10,2.217906022027670288e+10,1.706390434727938843e+10,1.792650565669212723e+10,1.796812495972426605e+10,2.211053020613512421e+10,1.385204100501178360e+10,4.647600731001707458e+10,3.342437518999105453e+10,2.351947157668787003e+10,3.142673206713430023e+10,1.509436204721012688e+10,3.098209213612915039e+10,1.352571081529139709e+10,1.532654755874254608e+10,1.591554797807875633e+10,1.513325778710087204e+10,2.140154899193072891e+10,1.595357583269782829e+10,2.291112058015045929e+10,1.782836250816380692e+10
2.131692451600778198e+10,2.043798684979352570e+10,1.903485300648287201e+10,2.132985427923380661e+10,2.905688606601221848e+10,4.063155331804197693e+10,2.907017504374582291e+10,2.150872013538659286e+10,4.061508269870223236e+10,2.030203311335893250e+10,2.023189395508589935e+10,2.147734965893751144e+10,2.110537784386461258e+10,2.089460884842451859e+10,1.509401213411690331e+10,2.891960070973783112e+10,1.481493828160909653e+10,2.245716541141266251e+10,1.552655718677755928e+10,2.108974880019795227e+10,2.063742789280784225e+10,2.722998855705887604e+10,1.918185429359950256e+10,1.785905347428354645e+10,2.595053681919848251e+10,2.379071298274035263e+10,1.810250693108152008e+10,5.092010960093549347e+10,2.029470433878333282e+10,1.661949854873109436e+10,1.339821094968467903e+10,3.094680236285337448e+10,1.698917897224782181e+10,2.419838266173954010e+10,2.185827377899765015e+10,2.404427805528883743e+10,2.540717120927298737e+10,1.693192474633586121e+10,2.206849536128532028e+10,1.348818488357951546e+10,1.871377418381324768e+10,2.057494696173866272e+10,1.954437719400466919e+10,3.288457799344905853e+10,1.799246863280378342e+10,2.369871246395878601e+10,1.542470121869693947e+10,2.673640262668754959e+10,1.336688537498893929e+10,2.007987066366794586e+10,3.024348733232690430e+10,3.188426141331422043e+10,2.368177335308365631e+10,1.961423708857297134e+10,1.748648018998218918e+10,2.165465428568791962e+10,2.922027986066679382e+10,1.719371410462259293e+10,2.097457811632842255e+10,2.466472669311202240e+10,2.494688499194658279e+10,2.139303219534889221e+10,2.441751559927564240e+10,1.890156714609548950e+10,1.927040132003120804e+10,1.674940615044866562e+10,2.579514332465904999e+10,2.154436978240423965e+10,1.869272599951340103e+10,1.749236967863598633e+10,2.010937383461855316e+10,1.720413425763068008e+10,2.664981745642176056e+10,2.787330390714605713e+10,2.216096999865299225e+10,2.602037740736820602e+10,2.491364322336471176e+10,2.768255400155651474e+10,2.234395814687619400e+10,1.945355747976976013e+10,1.979043112236568832e+10,3.714077402546699524e+10,3.052332776634986496e+10,1.673947701382043457e+10,1.765071801481254196e+10,2.669651558458723450e+10,1.672643660205260468e+10,1.771427958300374222e+10,2.570587561407149506e+10,2.266555295010709000e+10,1.953101818544441223e+10,1.957369732113103867e+10,2.536353928997802353e+10,2.465600368470490646e+10,3.584782304842496490e+10,1.449677176357815742e+10,2.438892055265376282e+10,2.352214766406423569e+10,1.575504697353046227e+10,1.559224710011827278e+10
2.591164487105149078e+10,1.071452774428292656e+10,1.586347352871671867e+10,2.056409009195807266e+10,2.288456507550585175e+10,3.039372402669523621e+10,1.255950336640356064e+10,2.416529369736278534e+10,2.200236124500226974e+10,2.466478300065430450e+10,1.435443072448917770e+10,2.966850247947212601e+10,2.845764969795037460e+10,3.723027418524029541e+10,2.750363536832662201e+10,1.836098758535577011e+10,2.703472833005216217e+10,1.928113166336285400e+10,2.520412783405928802e+10,1.930376152259553528e+10,2.044861861703171539e+10,1.488729968533180237e+10,2.020351277404807663e+10,4.541292912715464783e+10,1.921166014793331909e+10,1.670494920117884064e+10,1.615067270065424156e+10,1.597560301422959137e+10,1.633839226017512894e+10,3.189947288074614716e+10,2.054331862292090607e+10,2.255335145629064560e+10,1.355726401006166458e+10,1.672257339323878098e+10,2.520223627871916199e+10,2.089987246757146454e+10,2.528215380996348572e+10,1.735893338923268127e+10,1.705054195018726921e+10,2.696302031129980087e+10,2.108870543367469788e+10,1.914765828730289841e+10,3.905000676647769165e+10,2.176385356535385132e+10,2.134233671678832245e+10,2.213706791724904633e+10,2.049177434336371994e+10,1.750240601404963303e+10,2.183851069615470123e+10,2.234649824450832748e+10,2.823122864340763092e+10,5.472386249308766937e+10,1.508983939437877464e+10,5.522842898740260315e+10,8.397781038407353210e+10,2.438742577902529144e+10,1.801676424628152084e+10,2.082093373400294495e+10,1.794258001865939713e+10,2.125826801134246445e+10,2.559715671645718765e+10,2.768068016903585434e+10,3.817984232654464722e+10,2.569447654140983963e+10,2.767360055143228531e+10,1.752086680417042542e+10,1.667331368016142654e+10,2.105331791721318436e+10,1.732684966606134796e+10,4.081143631297535706e+10,1.685224276636852837e+10,2.129372646337275314e+10,2.768605687706530762e+10,2.945594621445606995e+10,4.618431755060495758e+10,2.371411470054257202e+10,1.663144279900967979e+10,1.642606467637915993e+10,2.224010739815778732e+10,4.571038803673188782e+10,1.916940526113441467e+10,4.640762229186901855e+10,2.104585641862881470e+10,1.497741253371902847e+10,1.396328073973992729e+10,2.578441643233208084e+10,2.857958136205732727e+10,1.287255993128932190e+10,1.931112668963567352e+10,2.141677900217581940e+10,2.913250954021365356e+10,3.037325904919119263e+10,2.094986490190827942e+10,1.911705148994420624e+10,1.645688705125187683e+10,2.135856704652205276e+10,1.524687821225773811e+10,2.500546981133825302e+10,1.715129440799889183e+10,2.319796528262757492e+10
2.626258110133408737e+10,1.388536621986129951e+10,2.105353001715393066e+10,1.711987605165155602e+10,1.823948881771346664e+10,2.066345509026636505e+10,2.564349506224308014e+10,3.174239468653878021e+10,1.591765239799136925e+10,2.844256244482175446e+10,1.201962447302768898e+10,1.958193564918270111e+10,2.118331896973244858e+10,2.310900909671479797e+10,2.048370427830926132e+10,3.508715861688171387e+10,2.832859756687079239e+10,2.410933347468401337e+10,1.698128454039053535e+10,4.613375499232519531e+10,2.169647802739699173e+10,1.913014634319517517e+10,2.834444999420618820e+10,2.029771594553149033e+10,2.308132821551560211e+10,2.291786538765494537e+10,2.684604400785168076e+10,1.736970797486388016e+10,1.799216231311808395e+10,1.865917788632886124e+10,1.773546018117113876e+10,2.172177420061822128e+10,3.443896192341730499e+10,1.684819355435959816e+10,3.212219766938579941e+10,2.186776782023944473e+10,1.635492568671753693e+10,2.387597799902065659e+10,1.973256218913805771e+10,1.474797814882777023e+10,2.282368385341960907e+10,1.676422360528168488e+10,2.346070365908908463e+10,1.560825033024105453e+10,2.083921462580099106e+10,2.176594223661305618e+10,2.104412073122914124e+10,1.791657846912862778e+10,2.393847383067494583e+10,2.014368677237500000e+10,1.241588821905974007e+10,3.409546608341440582e+10,2.256947675465929413e+10,4.237306742272771454e+10,3.883875803154981232e+10,3.159093655670471954e+10,1.814800324666715622e+10,1.717247958086933136e+10,2.369817153994577026e+10,1.981010278830850601e+10,4.090388883876782227e+10,2.508946488577046204e+10,5.469511646975932312e+10,6.580611383041191101e+10,8.642392151692274475e+10,2.245368686417118073e+10,1.562313826539171791e+10,3.368444877819101715e+10,1.835274806781698608e+10,2.312183890360663223e+10,1.666967848145551300e+10,2.515683757173932648e+10,2.889365539223339844e+10,1.977644002598233795e+10,2.661179643367745972e+10,1.921112432509511566e+10,4.099846635445715332e+10,3.595142591181265259e+10,3.299636428172630692e+10,3.313361594066305542e+10,1.833977010108765411e+10,2.187395728574587631e+10,2.579495848517622375e+10,2.301883706884911346e+10,2.335136853776996613e+10,1.684210626903878021e+10,2.208653225574663162e+10,4.977522636426155853e+10,1.854542750780230331e+10,2.994835542954533386e+10,1.974919327723686981e+10,1.769611322733308411e+10,2.939951860088091278e+10,1.563008098660284424e+10,1.638116450873504448e+10,1.496050258506746674e+10,1.727475069102541733e+10,2.547780676109954071e+10,2.714469392020333099e+10,1.642966091909797096e+10
2.296701243203919220e+10,1.547426683342052841e+10,1.895476995104912949e+10,1.689703056508168030e+10,2.262087704387633896e+10,1.870816127865390396e+10,1.585706561422015572e+10,1.578420156997306252e+10,2.056332369863857269e+10,3.381206922317500687e+10,2.138496764623636246e+10,2.189463167908158112e+10,3.550427605546694946e+10,2.160732811143338776e+10,2.816164063919721603e+10,1.907725777853284073e+10,2.157723488526490784e+10,1.505009928485974312e+10,2.112727690735486221e+10,2.847634864064517593e+10,1.783384134419507980e+10,1.543919822919309616e+10,4.598791461460913849e+10,2.542157768395493698e+10,1.665074225625635910e+10,2.580941229883419037e+10,1.486564297941528893e+10,4.733650203456446075e+10,1.699412700511856651e+10,1.830261782089603424e+10,2.071998787104606628e+10,2.242075131572214127e+10,2.513299894885018921e+10,5.329195965634513855e+10,2.625368814088418961e+10,4.135257959370851898e+10,2.532627741219747162e+10,3.220290119517922974e+10,2.058020789613891983e+10,2.305955760683160400e+10,1.603973286405577660e+10,4.406338216799304962e+10,4.037479789180342102e+10,2.718135116875064087e+10,4.296612332586334229e+10,2.337520239826097870e+10,7.512789141647964478e+10,2.465447181505891418e+10,1.697735330221642876e+10,1.915624886985225296e+10,2.235140544971787643e+10,1.571195883370081520e+10,1.543937535378155708e+10,2.214256396877153778e+10,4.661360161505916595e+10,1.660468556366954613e+10,2.362744735078729630e+10,2.018156302358195114e+10,1.999286511783346558e+10,2.762279141222422791e+10,1.836668586180849075e+10,2.513029343840046310e+10,2.392783018218394089e+10,1.721776223006325912e+10,2.700480966043021774e+10,2.061392076196432114e+10,2.415869731847032928e+10,1.666498005658858490e+10,1.548677226923175812e+10,3.313631389462712097e+10,3.147718695653654480e+10,1.569949522452412796e+10,1.746999218478496933e+10,3.661270666922914124e+10,1.751382852495604324e+10,1.675406820243212509e+10,2.231282532152673721e+10,1.894689983217628098e+10,2.865914566742639160e+10,1.257516068721912384e+10,1.762521501895962524e+10,1.655229238752556419e+10,2.370120650710715485e+10,3.436585466675090790e+10,1.484832625386072540e+10,2.959818034578796768e+10,2.129260624895504379e+10,2.508091440900857162e+10,1.991196869603081894e+10,2.567131970959886169e+10,1.825307536066960526e+10,2.404277232194067764e+10,1.899681381456869125e+10,1.987814748393513489e+10,3.029337925070781708e+10,1.742678993153933716e+10,1.707723522182121468e+10,2.984481013935482407e+10,1.608598471058516121e+10,1.354001791511574745e+10
6.158050007260551453e+10,2.626620330446266937e+10,1.625387383162954521e+10,2.364738324902604675e+10,2.714096888371663666e+10,2.248722241969034195e+10,2.646898495009187698e+10,1.887657197263747787e+10,1.692119008809697342e+10,5.038567276335614777e+10,2.018353106547487259e+10,3.373728947786527252e+10,4.371298213145976257e+10,3.931892551919831848e+10,1.958166806086867142e+10,2.160344924999528503e+10,2.471583984433920288e+10,2.350866062241941833e+10,1.600139110355072975e+10,2.436503560277889252e+10,1.899041126316722107e+10,1.976389296721743393e+10,1.615625370776355934e+10,2.380292272244640350e+10,3.487548241848616791e+10,1.613286497796417809e+10,1.988933816381228638e+10,2.719124950031425858e+10,2.003608609949752045e+10,1.741912101993591690e+10,3.822926882518576050e+10,1.915282135342464447e+10,3.371140509473003387e+10,1.751700117099776840e+10,2.006188206530384064e+10,2.231907140281012344e+10,1.738430355914318848e+10,4.881274741287549591e+10,2.444356338464614487e+10,2.105587463465183258e+10,3.385252293299090958e+10,1.847522333139865875e+10,2.140345040569990921e+10,1.956309430845518875e+10,2.663109636645278549e+10,2.094522944073614502e+10,2.562880444826426315e+10,3.055707962664340973e+10,2.064928236984214020e+10,2.048332806020289230e+10,2.500705917448648834e+10,2.081339789746804047e+10,2.016534892842642975e+10,2.624682541947281265e+10,1.837550354731719589e+10,2.324142968153744888e+10,3.514183567791308594e+10,2.424684232003562546e+10,3.251380789812184143e+10,2.196577909518910217e+10,1.800285174254806900e+10,2.815723039531085968e+10,1.635593603145490265e+10,2.426006103515443802e+10,1.821282674292706680e+10,2.685875207361431503e+10,4.746854784024591064e+10,2.476691677194485855e+10,2.319922682098178482e+10,2.769093970651980972e+10,1.940143405242879486e+10,4.136653837618907928e+10,2.355175986620237732e+10,1.774053279140270233e+10,1.713570138525586510e+10,3.960955678370594788e+10,2.710953971906678391e+10,3.182425769452999115e+10,2.423449244218075562e+10,1.458602799683681297e+10,1.890743988017900467e+10,2.319639999953846359e+10,4.586858176132263184e+10,3.848449530324160767e+10,3.590777463887694550e+10,1.983526420646979141e+10,1.613448584580533409e+10,2.685497841953739548e+10,4.086663008448159027e+10,1.579763263695580101e+10,2.917198731768482971e+10,2.182721935410644150e+10,1.988343099632582855e+10,1.695230996238990211e+10,1.893892415458406067e+10,3.344453756212571716e+10,2.328528532375764084e+10,1.523149490243635368e+10,2.786360192698997498e+10,2.893354430513414001e+10
3.030817643598871994e+10,2.110025062711587143e+10,3.494021178934176636e+10,2.376543148407439423e+10,1.402299880565512085e+10,1.981608740183256531e+10,2.542673948339376450e+10,1.463256921058919525e+10,2.555339648749417114e+10,2.286875725914501190e+10,3.971437808092609406e+10,2.493719766813016510e+10,1.768195418715312958e+10,2.560533106736795425e+10,3.310776014505110550e+10,2.581075552139628601e+10,4.664311089320841980e+10,1.824603239092877579e+10,1.946081157985693741e+10,1.866619352560527039e+10,1.816585957186719894e+10,2.239172712450614548e+10,1.810261395032315826e+10,3.380480723955879593e+10,2.213452544417716980e+10,5.742619225588500977e+10,2.825043096312559891e+10,1.757793578083673859e+10,2.778123609653923798e+10,2.275612873746775818e+10,2.780479757978997421e+10,2.236688666377472305e+10,2.297421852222126389e+10,2.215049507602674866e+10,2.183393099980826569e+10,3.763597137437452698e+10,1.725040399250222397e+10,2.840216864745603180e+10,3.233580622108771133e+10,3.255937280267877579e+10,2.319420773779955292e+10,2.700045246983592606e+10,2.686050016946363831e+10,1.204686411085279846e+10,1.787161661563180161e+10,1.761097860280660248e+10,2.736505532577025604e+10,1.829956598976371384e+10,2.145295252099330521e+10,1.885610895453614426e+10,2.597398237574389648e+10,1.917250775021199417e+10,1.294162966446537971e+10,1.796593700326928711e+10,1.585927685545009804e+10,2.719582173159569550e+10,1.852830188508030701e+10,3.666406892502270508e+10,2.804503028139728165e+10,3.399451496085725784e+10,4.704236234776078033e+10,1.739187651609799194e+10,2.067328317302952576e+10,2.163064735162047577e+10,1.897270790913212585e+10,2.209660899729610062e+10,2.021328278892631531e+10,1.971716782941970444e+10,2.257285872153291702e+10,2.707693851008668137e+10,2.487554713041944122e+10,2.108014216960155487e+10,2.279270687953221893e+10,2.966704396453913116e+10,2.469246760433431625e+10,1.815401863566567230e+10,2.399877670097523117e+10,3.012340635019050598e+10,3.565005392878244781e+10,2.483580669987493515e+10,1.859448875321856308e+10,3.536641008359750366e+10,1.958269025419223404e+10,2.366819244430927277e+10,2.741768196486751938e+10,2.044573483473100662e+10,1.904567071143584442e+10,1.945490282179506302e+10,1.862462214271520996e+10,3.022799553656478882e+10,3.062969547964588928e+10,3.205722130014667511e+10,2.177400550001968002e+10,2.671000716882409286e+10,2.028402858009859467e+10,2.793444549321091843e+10,3.960357701858105469e+10,2.988323217030567169e+10,2.111434763367282486e+10,1.785458224912788391e+10
3.569726887137804413e+10,1.500529937909282494e+10,3.174561879740000153e+10,1.884009464752162552e+10,1.916709077208040619e+10,2.346775716945432663e+10,2.064686167581150436e+10,2.030283969162688828e+10,2.973742666083679962e+10,1.810085444965127945e+10,2.980190183451060486e+10,2.703079647992636108e+10,1.869946532315301514e+10,2.105616867359899521e+10,1.595159638298236465e+10,1.389518620655270576e+10,2.061960835395140076e+10,2.790770077690715027e+10,2.166569767246017075e+10,2.135163711220886612e+10,2.163918436640377426e+10,4.273921172239813995e+10,2.235709971705868912e+10,2.606561750633580780e+10,3.521511038385761261e+10,2.803821654496749115e+10,2.072031340851995087e+10,1.866905844820738602e+10,3.054816615082973480e+10,1.934461374973098373e+10,2.378569835967417145e+10,2.209678419877084351e+10,3.255398448251334000e+10,2.722905189827709198e+10,2.063011587484948730e+10,2.039778789572628403e+10,3.029286191891679001e+10,3.510432709930168152e+10,2.264236633238047028e+10,3.024552275333644485e+10,1.868208110121543503e+10,2.926061703050933456e+10,4.059640726031288910e+10,1.576680856671405029e+10,2.133983904367804337e+10,1.742232047036878586e+10,3.165541288169350815e+10,2.692060520750683212e+10,1.777804630322148132e+10,2.441642009053974915e+10,2.707021095850293350e+10,4.375774806348149109e+10,2.068544601742761612e+10,2.802836246131621552e+10,1.795657785445353317e+10,2.012828028113606262e+10,3.158607808866012192e+10,2.608978190388127518e+10,2.674237637717552567e+10,2.044752625954274750e+10,2.575383330195542908e+10,2.777898552829188156e+10,4.041931079391371155e+10,3.230245747895893478e+10,2.386300016475971985e+10,1.822280078064795303e+10,3.650764950545236969e+10,4.631364826017702484e+10,2.982682833403551102e+10,2.146683475113238907e+10,1.703329485631520653e+10,2.874710519321221924e+10,2.989502212241212082e+10,3.208357246393723297e+10,2.252646136940027237e+10,1.706678803395823288e+10,2.544815776876023865e+10,2.524355286741807556e+10,1.338461296775353813e+10,2.135163471427378082e+10,2.201700808513861847e+10,2.457471798051448822e+10,3.201004662009689331e+10,2.140383629103597260e+10,3.559889515193562317e+10,2.172863207231366348e+10,1.813705781893985748e+10,2.332437406459233093e+10,1.880187467970137024e+10,2.433135783714308548e+10,2.032174372868441391e+10,1.226703216379022026e+10,2.556520759358794785e+10,1.989930244803241348e+10,1.949725670317259979e+10,1.746583167397900391e+10,2.261352286948450089e+10,2.691785650539741898e+10,2.187746033381791306e+10,2.286808578924924850e+10
2.574133345744666672e+10,3.234638824705388641e+10,3.049768185864568710e+10,1.653357894782077789e+10,2.310368947911778641e+10,2.100103152814565277e+10,2.916814089403747559e+10,2.241536325818696594e+10,2.530813387069825363e+10,3.659010734316395569e+10,4.339226402957339478e+10,4.546843493059252167e+10,2.592213949691450119e+10,2.453258520972969055e+10,2.931805323701929092e+10,2.544071737650314331e+10,2.706084919988058853e+10,1.911429417615228271e+10,3.417124527149375534e+10,1.945475219952256775e+10,2.578152740229932785e+10,2.650857454104356766e+10,2.673970060765090179e+10,1.899175241200483704e+10,2.715627671466346741e+10,2.255071985299670029e+10,2.552765361838833237e+10,2.167381693250852203e+10,1.885781033237565231e+10,2.446024599735684967e+10,1.996995086148808670e+10,3.436525397294966888e+10,2.042487273794086075e+10,2.452144801476484680e+10,1.187382995138865852e+10,2.575881031677383804e+10,4.791614334479781342e+10,3.202251759688637924e+10,2.618771983386515045e+10,2.205569725196596527e+10,1.576781031275451279e+10,2.682605970902639008e+10,2.459135662522022629e+10,1.948541634008036804e+10,1.800673228292755508e+10,1.604841959963645554e+10,1.784917743265379333e+10,4.939627235829036713e+10,2.528557365198213577e+10,1.722330351575627136e+10,2.086084532258763504e+10,1.822970772819397354e+10,2.676246992284594727e+10,2.398593109522644806e+10,1.999895955327450180e+10,1.781741996280335617e+10,1.849379710121107101e+10,2.501578401207007217e+10,4.676618530373686981e+10,4.411411413018821716e+10,2.392036236993067169e+10,2.018352492338321686e+10,2.107982990939318466e+10,4.210766423266465759e+10,3.167281178342185974e+10,2.229504310844754028e+10,1.782194173117623138e+10,4.839104332551317596e+10,2.235170759880242538e+10,1.747601606138954163e+10,1.989297655326878357e+10,2.673055345966047668e+10,2.588190414179772186e+10,5.150976663578495789e+10,3.503430668262858582e+10,3.097750791621605301e+10,2.353228761895474243e+10,4.274349508584584808e+10,2.146299761956010056e+10,1.854823972037834930e+10,4.365729827388395691e+10,2.015430685170137024e+10,1.983785403831021881e+10,2.714756776636879730e+10,2.268830238162216568e+10,1.680865706478590202e+10,3.224841457958213043e+10,2.940829175616342926e+10,2.342412391092658997e+10,1.865284691595178223e+10,2.455136077184083939e+10,1.398117991045240211e+10,2.319777562954477310e+10,4.062457708481115723e+10,3.191838270830309677e+10,4.878047512131936646e+10,2.141834043647971344e+10,1.986931462822154617e+10,2.001907037319570541e+10,2.201573975680119705e+10
2.025383933168558502e+10,2.568756534670365143e+10,2.619165304542298508e+10,2.771662941200248718e+10,2.980359007691316986e+10,1.806034662152423477e+10,2.985814666114244080e+10,2.043904343673873138e+10,1.790505456529449463e+10,1.708462689479966164e+10,2.316741475542742538e+10,1.905513715216252518e+10,3.295502440791360474e+10,2.097418807595387650e+10,4.648302624282400513e+10,2.027407247606275177e+10,1.621022080076723289e+10,2.175050569424660492e+10,2.824119773091500473e+10,4.272042994908248901e+10,2.106384368472082520e+10,3.314443268028288269e+10,3.616202141003668213e+10,2.627603559081690598e+10,5.502861948271575928e+10,4.190000718373558807e+10,3.051416447693128586e+10,2.705739868596717834e+10,1.655745189113009644e+10,3.496581100235498047e+10,1.588380691424198151e+10,1.745390758020298386e+10,2.568025239330476379e+10,2.364175899776883698e+10,2.359913744092147446e+10,2.261549915592923737e+10,1.909487510052185440e+10,4.023446333566387177e+10,2.222766239609152985e+10,1.551703465989194870e+10,2.532572664358267212e+10,2.660933702258782578e+10,2.349390361282363510e+10,2.408931072449799347e+10,2.655217182206069946e+10,2.949269012693711090e+10,2.853688628563454056e+10,8.586464482258688354e+10,4.842186148149011993e+10,2.290372491731391525e+10,2.197528965791209030e+10,1.542588121030005455e+10,3.098369965173210907e+10,3.083077055843475723e+10,2.402986055780091476e+10,3.670364141355226135e+10,2.251537266077673340e+10,2.175021238241650772e+10,3.394212881790787506e+10,2.865258937503464890e+10,6.172225640075511932e+10,2.986044421710299301e+10,2.473605590422259903e+10,4.343062393044842529e+10,1.699031651596885109e+10,1.884803215197481537e+10,3.552037103156831360e+10,4.292162886280712891e+10,3.415422572570661926e+10,3.627332957703619385e+10,3.613141258668043518e+10,2.303578743068611908e+10,2.487067100473090744e+10,2.765070229459927750e+10,6.756020717096359253e+10,2.380667991973050308e+10,1.680040401560763168e+10,4.171081197428233337e+10,2.954593792083179474e+10,1.915667011930563736e+10,2.800147775068635941e+10,1.837571556178153610e+10,1.790334107290560913e+10,3.133897865214749146e+10,1.950351099266091156e+10,2.526268473509114456e+10,2.545445577055651474e+10,2.514674953914584351e+10,3.241685109915356064e+10,2.096082345757282257e+10,1.975152539828242111e+10,2.306493553164273453e+10,2.379310425251800919e+10,2.821760028277886581e+10,2.219412756762836456e+10,3.209517352901201630e+10,3.307527258479946136e+10,3.099198405026558304e+10,2.611201626969371033e+10,2.591643362863234711e+10
2.766697012014622879e+10,2.516849787842567825e+10,2.719754853335689926e+10,1.940279237145532990e+10,2.172407653093318176e+10,4.383542806050307465e+10,2.225107604127728653e+10,1.659325365707439804e+10,1.856226477852114105e+10,1.841603797926013565e+10,1.811796346785461426e+10,1.948990560896744919e+10,1.364472921823823166e+10,2.311111053224482346e+10,2.140120617171268463e+10,2.599979444402979660e+10,2.385483994403533936e+10,2.162927852427110291e+10,2.310354374505183029e+10,3.016086393387519836e+10,1.866769019725344467e+10,4.494125828215652466e+10,2.996116059504867554e+10,2.220536039848075867e+10,1.992021953704080963e+10,2.409962292528697586e+10,2.152187130105760956e+10,1.679206026317321587e+10,1.787387342279642868e+10,1.719285347663611984e+10,2.638060123163022995e+10,3.982293440991663361e+10,5.426709622599202728e+10,2.079292759607345200e+10,1.923232845561080933e+10,2.082379347172598267e+10,2.518794912845726776e+10,5.140188916674028015e+10,5.471818800884175873e+10,2.244770453444174194e+10,2.290285391190081787e+10,2.994264571538974380e+10,2.118586339052167892e+10,3.287186269062762070e+10,2.376136462460155487e+10,1.877205488536529160e+10,4.335119712380768585e+10,2.192047406301126862e+10,1.867440440919491577e+10,2.577640986916109467e+10,3.155003659932918549e+10,2.432234238511220169e+10,2.090263096145038605e+10,2.841132378692201614e+10,1.537768413891729546e+10,2.393132731817030716e+10,2.550413077338103867e+10,3.865144334157195282e+10,2.564378950477218628e+10,2.080069467073073196e+10,2.473428008875568771e+10,4.495960811680148315e+10,1.971623505145772934e+10,2.206766879128864670e+10,2.161331187269153214e+10,2.157369765681455231e+10,2.180411577070661545e+10,4.168633774140360260e+10,2.240831186437974930e+10,2.618822337202395630e+10,3.011703238731777191e+10,6.722153129190981293e+10,3.584952013942144775e+10,2.434895387327793884e+10,1.776392092317629242e+10,1.842616840317947006e+10,2.392564885341894531e+10,1.771428437452929306e+10,2.905195946165758896e+10,2.449642762490970230e+10,3.935182192081553650e+10,4.834566405459186554e+10,2.652164617247694016e+10,2.123560384005895233e+10,1.924193811581571579e+10,1.603017612358791542e+10,2.044210941542044449e+10,2.256141927485091019e+10,1.908182727064489746e+10,2.047839040438491821e+10,3.257794449622187424e+10,2.381025498539759445e+10,2.693555857950508118e+10,1.678555601878398895e+10,3.147021270858541870e+10,4.165047000021096039e+10,1.552264374219265747e+10,2.026164856092980194e+10,2.149850968078047943e+10,2.094435385140174866e+10
1.944021409439925766e+10,1.917107855579118729e+10,3.345964595124047852e+10,1.692078905611604118e+10,2.964002803926381683e+10,1.965800322819934082e+10,2.289135792603030014e+10,2.884146296222584152e+10,1.756144526549315262e+10,1.658631080609340858e+10,1.890783968852001953e+10,3.478731485874485779e+10,2.759514306736400986e+10,2.435875300875072861e+10,1.890545236474448013e+10,2.172891504376180649e+10,2.977488246618008804e+10,2.559395633501365280e+10,2.318632836644757080e+10,2.814135182851925278e+10,4.379175164703131104e+10,2.314550665882086945e+10,2.649273801161897278e+10,4.625077273367726898e+10,2.260468775216150665e+10,3.042553342153854370e+10,3.757501985350608063e+10,3.864133966131288147e+10,2.882874214814073944e+10,6.200963088441749573e+10,1.810410607159045410e+10,2.600184249628058243e+10,2.946505674459048462e+10,5.055907584766104889e+10,2.837774905229960632e+10,2.957208828696954727e+10,2.473970149155545425e+10,1.934111416068723679e+10,5.756832471277919006e+10,3.334714657707547760e+10,2.211567683361346817e+10,3.146723794203238297e+10,4.685712693256631470e+10,8.497814090638687134e+10,3.328013674020133209e+10,6.153829898578971863e+10,5.727684907622422028e+10,2.236832113104945374e+10,2.367122820254370117e+10,1.688598053137117577e+10,2.806025031258238220e+10,4.338553685194914246e+10,3.451432264059334564e+10,1.848781030545114517e+10,4.448848027859175873e+10,4.102098664960652924e+10,2.804883823397904968e+10,2.402673275058547211e+10,4.131267033455528259e+10,2.643163643789281845e+10,3.008307589994746780e+10,3.317222676754431152e+10,2.500476813447797775e+10,3.301625264194001389e+10,3.053016979897914124e+10,2.360058145146929550e+10,2.591347802211702347e+10,2.013853806240986252e+10,2.694878176127731705e+10,3.309683045252033234e+10,1.596543636389184570e+10,5.935051753984204102e+10,3.813560131343183899e+10,2.021133964157014084e+10,3.622697226549832916e+10,1.923962640981571198e+10,1.869592028698621750e+10,3.027749829972476196e+10,6.145118543147061920e+10,3.558255430337120056e+10,3.646211915075051880e+10,2.866703691074610901e+10,4.656785600747239685e+10,2.450496292034869766e+10,1.876117924634218597e+10,1.382841240705290604e+10,2.363320987712065506e+10,2.072999423379527283e+10,2.324332497866344452e+10,2.418979711486128235e+10,3.480673676286632538e+10,1.962865447231945419e+10,2.257861416861496353e+10,1.278376930809365845e+10,3.125937720656798935e+10,2.111949274528538513e+10,2.829086744401922607e+10,1.316960720997507095e+10,1.662257742537162018e+10,1.457588847990772820e+10
3.365100633871775055e+10,3.658238300611425018e+10,3.863198988845576477e+10,3.686321174180195618e+10,3.771334540799449158e+10,3.524942758908863831e+10,2.335023623699289703e+10,3.111825184926977158e+10,2.392522297127664948e+10,1.884280965144625092e+10,1.520392653536892319e+10,1.426455959022487259e+10,2.392117983865266418e+10,1.940922693805580902e+10,2.472792753955565643e+10,2.127832018918815613e+10,3.077251496558526993e+10,3.081387582252310944e+10,2.394927612584318161e+10,2.184733261060280228e+10,2.910763990623560333e+10,2.460435904044907379e+10,4.777240904014301300e+10,4.168355863658679962e+10,9.140882286995065308e+10,3.207144759501222229e+10,1.803735167775755692e+10,5.568886849401306152e+10,2.196935267120438004e+10,2.163876298545895386e+10,1.940385346608499527e+10,2.540492526512656403e+10,3.196732384371112061e+10,2.597954387540680695e+10,3.539191194290306854e+10,4.402093439275337219e+10,3.647357426033866119e+10,3.048149334423503113e+10,2.627989874153363419e+10,2.402624534844085693e+10,2.587882444695892715e+10,2.984846078497256470e+10,2.500261398849119186e+10,2.627491899638185883e+10,2.620444683013121414e+10,3.586795898609418488e+10,3.733150113756510162e+10,3.492088866867208099e+10,3.447525818554029846e+10,3.669805248445703125e+10,2.286758281418102646e+10,3.626350958817233276e+10,2.218938746708150482e+10,2.011964218680122757e+10,2.513265113898934174e+10,1.980243666983142853e+10,3.135578839183650589e+10,2.853956220589118576e+10,3.132123872781765366e+10,3.316598849984295654e+10,3.425397069338172531e+10,3.170553982324369431e+10,4.839541213251004791e+10,2.509067333888951492e+10,3.785847441622528839e+10,5.304030072705813599e+10,2.430009722878605270e+10,2.465468780334826660e+10,2.538360436967608643e+10,3.095968759984628296e+10,2.960105277952366638e+10,3.093978188964414597e+10,4.531504314743024445e+10,6.035224328484407806e+10,2.156111417306872940e+10,3.707710706979982758e+10,3.223582074812330246e+10,3.199893900652378464e+10,3.596714698132971191e+10,2.665544751836396027e+10,2.810866032805022812e+10,2.274575518103108597e+10,2.631862718134119034e+10,1.797459530496104431e+10,2.417735160267016220e+10,2.647495220769790649e+10,2.712694847484498215e+10,2.297972997282233047e+10,1.856440320090030670e+10,2.960024634554802704e+10,2.651633452735855103e+10,2.106766895288513565e+10,2.338316740013447189e+10,2.506242212367870712e+10,2.266507112998000717e+10,2.719588637241007996e+10,2.704286940610264587e+10,6.016760532997169495e+10,1.876075342871520615e+10,5.668367658430596161e+10
3.288710635583235550e+10,2.703664529706360626e+10,2.208238916611298752e+10,3.380491236997764587e+10,3.032244453894723129e+10,2.701566396271302414e+10,1.644695728467770767e+10,2.743706750674111176e+10,2.123942099074478912e+10,3.007921540491540527e+10,2.013999568711717224e+10,3.078297387577543259e+10,2.654756348103763580e+10,4.234510918121128082e+10,2.364442835026623917e+10,3.426302267546004486e+10,6.756906582357534027e+10,3.587988157552485657e+10,3.291719952055015945e+10,2.683846707690407944e+10,1.917483808980505371e+10,2.872671368924774551e+10,3.775075881423146820e+10,2.972784667250168610e+10,2.259516381803509903e+10,3.040717782716881943e+10,2.526551737411632156e+10,2.354614604083416367e+10,3.697427320604257202e+10,3.464053879226221466e+10,6.171952360160623932e+10,4.970747450445151520e+10,2.185886356601413727e+10,2.025075897396114349e+10,2.173948430874301910e+10,1.752254374404049683e+10,8.226799311858790588e+10,2.958152020181265259e+10,2.620316736091318893e+10,4.849247004177579498e+10,2.461918597201510620e+10,2.338006006505081177e+10,2.114860814288550568e+10,2.901672977483887863e+10,2.335543566453601074e+10,1.939367837962185669e+10,2.470572812717721558e+10,2.395337118920418930e+10,2.265033351294643402e+10,3.747455768846365356e+10,1.713186102372073936e+10,3.217528843744214630e+10,2.782018992782882309e+10,2.804678507746480560e+10,2.825195498239395905e+10,4.173254396858081818e+10,1.989001882584843445e+10,3.787808497327916718e+10,5.390660904037946320e+10,3.958197151642294312e+10,2.393169082117250443e+10,2.464234858236380386e+10,4.083431684458016968e+10,3.152925044817864990e+10,3.314260729202297974e+10,3.108778971373283768e+10,2.713755715118510437e+10,3.034924726782692337e+10,2.743989526007248688e+10,2.717334140280038452e+10,4.167377070662062073e+10,2.762626753735911179e+10,2.385864785601283264e+10,2.143165676101532364e+10,5.191087764136029053e+10,6.293894370208911133e+10,3.732795986754887390e+10,1.865387043258274078e+10,5.044747414094468689e+10,2.872800129948838043e+10,1.949999287536442566e+10,3.141061010938883591e+10,2.005302935144904327e+10,2.961408759872518539e+10,2.624389299318853760e+10,2.016501779805693817e+10,2.388653911739577103e+10,2.318122891473363876e+10,3.468591934861666870e+10,2.720168774763912964e+10,2.791837531367441940e+10,3.784301584061790466e+10,2.591170950818195724e+10,1.749156011168986511e+10,2.172346692068360901e+10,2.471569946308798218e+10,2.596327418747484970e+10,2.916916417820341110e+10,2.266905386464963531e+10,2.430969191174575043e+10
2.128304988914618683e+10,2.466886865433705139e+10,2.117004551257145691e+10,2.871186673119649887e+10,2.202554925375231171e+10,4.345138770003322601e+10,4.487858919952502441e+10,2.024779574867004395e+10,2.931317648563681793e+10,2.804021312192053986e+10,2.010476075290722275e+10,3.085928443609459305e+10,2.972530476056021118e+10,3.345729049174712753e+10,2.750861916864677811e+10,2.415821968768553162e+10,6.188487112829032898e+10,3.064971367032503891e+10,1.851116553693003845e+10,2.102209084136708069e+10,2.021163940511896896e+10,1.962922852098491669e+10,3.897832376661732483e+10,2.846583195901704407e+10,2.090890538311347198e+10,2.874919704172120667e+10,2.321416123805612564e+10,2.902315551545830536e+10,2.914817077644027328e+10,2.614101785217666245e+10,3.272978383852578354e+10,3.552409560755381012e+10,2.987335125445167542e+10,2.345834022024212265e+10,3.776496015335900116e+10,2.802334608516784286e+10,2.193417460864086151e+10,2.078862504905853653e+10,1.954143090765156174e+10,1.956014653933398438e+10,3.049102949121596909e+10,2.687652748432765579e+10,2.002696150780074310e+10,2.163399460325950623e+10,3.704825857972281647e+10,2.318920555670909500e+10,2.179434409046224213e+10,4.655493047540208435e+10,2.660452780803989792e+10,3.582582021371693420e+10,2.168730494788664627e+10,3.125690987996900558e+10,2.952037210222285080e+10,5.459239067964105225e+10,2.926144581109804916e+10,2.454471428371763992e+10,2.800256790070153046e+10,2.024408113225031662e+10,2.479868553624868011e+10,2.844256164131278229e+10,3.554448069045443726e+10,3.883734176361168671e+10,2.905950514545837402e+10,3.312461980798474884e+10,4.494333616931829071e+10,2.877306023955987930e+10,2.851099675106894684e+10,2.673525315766162491e+10,3.487058518661711884e+10,2.719962166543373489e+10,2.928843521369546127e+10,2.909627403473843384e+10,2.549890046022340393e+10,4.602397882086460114e+10,2.885991855924911880e+10,3.013231592413998795e+10,1.777575919307808685e+10,3.282742705146703720e+10,2.859636543709380341e+10,2.244178198937092209e+10,2.727047039576639175e+10,2.325504674944942856e+10,2.827953720273053360e+10,2.866553184788639832e+10,2.030230556972153091e+10,1.884389851165983200e+10,2.636753249476222610e+10,1.741614648037837982e+10,2.073812295674604416e+10,3.834177003850575256e+10,2.702356797599432373e+10,2.627608573160053253e+10,2.204298239995679092e+10,1.874434474136973190e+10,2.698959996348094177e+10,3.209549710547696304e+10,2.909675676031962585e+10,3.302636374122423553e+10,2.825909801621650696e+10,2.430768155061944199e+10
2.928564964286784744e+10,3.151616931265934753e+10,2.419554652103669357e+10,2.147654683175071716e+10,3.376603996767910004e+10,4.215965390407966614e+10,3.235582955745861816e+10,1.971688142283959579e+10,1.567348695547574043e+10,3.127783656939332962e+10,2.840303472207106781e+10,3.507034816065953827e+10,2.257923697001545715e+10,3.453629484354771423e+10,3.172398268812448883e+10,3.846940689168351746e+10,2.896160200967713547e+10,2.385949736915059662e+10,2.942174778496022034e+10,3.299757083017240906e+10,3.506258022533654785e+10,3.274210011247138214e+10,1.729469631021495056e+10,2.352142867811262894e+10,3.231031359268677902e+10,4.126576421843668365e+10,2.484893575265047836e+10,2.353244196861406708e+10,2.631057183853763962e+10,2.334018799280918884e+10,3.564357282018688965e+10,3.034945399055912018e+10,2.933760041496183014e+10,3.947633542896985626e+10,1.934854143477907562e+10,2.789127791124372482e+10,3.705853061654518890e+10,2.734033710840864563e+10,3.101020895427355576e+10,3.327523934119169998e+10,1.800554240990089035e+10,3.225686241485559845e+10,3.652324919092665100e+10,2.485121045597376633e+10,6.150801209587038422e+10,3.996813187063017273e+10,3.164857946038508224e+10,3.251997109075770950e+10,2.863179526379608536e+10,3.484546931055562592e+10,2.245151942867763901e+10,2.972953588212495804e+10,3.160991386307324600e+10,2.663602079237305450e+10,4.438939273648806763e+10,3.576073721661125946e+10,1.849803624513496399e+10,4.579216038666828156e+10,2.364367399697701645e+10,3.150311962029727554e+10,3.148674901324896240e+10,3.469093708925759125e+10,3.470524533472330475e+10,3.422256703595148087e+10,1.936586604527650070e+10,3.780148036009056854e+10,2.328335218063026428e+10,7.904211197117774963e+10,2.233570045831900787e+10,2.243574039142208481e+10,5.691319149515048981e+10,2.909323666843986130e+10,2.050261440954459381e+10,3.295545312868066788e+10,2.061401501749392700e+10,2.127970208261822128e+10,3.867693696984414673e+10,2.666904166767047882e+10,4.626733402383349609e+10,2.814263335825776672e+10,2.623751333951703262e+10,4.738215606136302948e+10,2.927696241351457214e+10,3.796904394926126099e+10,4.774023484727613068e+10,3.312129187288803482e+10,2.908408026723235321e+10,2.505993814968420029e+10,1.810096067404426575e+10,2.130528481958774185e+10,3.292137514853070068e+10,2.805732726038835907e+10,3.682132278377493286e+10,2.412758978146405792e+10,4.493039868257160187e+10,2.599640042496524429e+10,2.478632496111369324e+10,2.873194378792562485e+10,1.406383622947354889e+10,3.023816364806650925e+10
2.257493728940421295e+10,2.191760315856328201e+10,1.858265685751050949e+10,2.434547756032326889e+10,4.016052625672156525e+10,1.849111849826610184e+10,2.005945067675025177e+10,2.291784256225309753e+10,4.140545710405527496e+10,3.449671231443325806e+10,3.536310407066129303e+10,2.960367246182844162e+10,3.144690486438818359e+10,2.594953157896495056e+10,2.782633403594537354e+10,4.947801178005664825e+10,4.939242443534151459e+10,3.865269847136804199e+10,3.359006844480839539e+10,4.381175464079844666e+10,2.064580456473314285e+10,2.806231124385756302e+10,2.219193252809974289e+10,4.878913779082323456e+10,2.609902112045056534e+10,1.803708822836371613e+10,3.565511009670310974e+10,3.950760853604460144e+10,2.469182896353697205e+10,4.502257442252113342e+10,2.865440186792832565e+10,3.327353263563301086e+10,3.439949237298302460e+10,1.959163739836809921e+10,6.947262847498411560e+10,3.761797126960766602e+10,4.567189190618475342e+10,2.497192550629138184e+10,2.607101820291159439e+10,2.512757502398860550e+10,2.843566743974008560e+10,2.444740469220573425e+10,3.989476031612747192e+10,1.929261686817720032e+10,3.155962905777006531e+10,7.126481440695428467e+10,4.302418989060632324e+10,3.137544832219831467e+10,2.338897332534517670e+10,2.191396039614890289e+10,3.837273323174925995e+10,3.924800844880937195e+10,3.551489753266487122e+10,2.792933772318282318e+10,1.986112365448224640e+10,4.783114760637230682e+10,2.490039450846940231e+10,4.022751686237547302e+10,2.455797874640296936e+10,3.038261121963081741e+10,2.435900075135346603e+10,3.287687316849706650e+10,4.067241242582231140e+10,2.781900167089778137e+10,3.596370228193846130e+10,3.390821167953492355e+10,2.977549099027417374e+10,2.616638969032526398e+10,2.886242721375192261e+10,5.285059957945697784e+10,2.850767312541740036e+10,3.090125073734269333e+10,3.768647588906895447e+10,5.365399936719678497e+10,2.405449693847312927e+10,2.735161998126336670e+10,2.577455592550127029e+10,2.873746496352526474e+10,2.625252377957185364e+10,2.020593004607282257e+10,2.343617513359657288e+10,2.258428424628758621e+10,2.189643036249374008e+10,2.793581517671013260e+10,2.252991642352960205e+10,2.482596481156183624e+10,4.784384467644477844e+10,3.255918970293665314e+10,2.927420506859721756e+10,2.267981231384782028e+10,2.292024426581160736e+10,3.860832383732505798e+10,3.038881679095460129e+10,2.559151961549285126e+10,2.629775991757206345e+10,2.373488410278900528e+10,3.146417836481031799e+10,2.806980913000348663e+10,3.162628049094240952e+10,2.571415928407130051e+10
2.292116545409183884e+10,2.618743779381553650e+10,2.486489610395890045e+10,2.466082602180020905e+10,2.362578210677899551e+10,2.131998010189385605e+10,1.872529296575134277e+10,2.742453712175429535e+10,2.827744423080870819e+10,3.352673423159175110e+10,3.859669818355850983e+10,2.679156904250979614e+10,3.678786457147392273e+10,2.953900918355888367e+10,2.681878175863285828e+10,2.786783552635372925e+10,2.760416095886439133e+10,3.200318090030952454e+10,2.052751802425529099e+10,2.861183082845178223e+10,4.141535611451055908e+10,2.132202477049728012e+10,3.492105249290507507e+10,3.219209651374640274e+10,4.508734184184088135e+10,3.513591643113053894e+10,3.150788952289896011e+10,6.211045991689570618e+10,2.623939507638568878e+10,2.995586046200012589e+10,3.337288276630136490e+10,3.617571612652915192e+10,4.723326121284831238e+10,5.608399826331738281e+10,2.555682891809969711e+10,2.788182310228151321e+10,2.545072177320220947e+10,3.426598516672314835e+10,3.127988056591041565e+10,2.532878359105887222e+10,2.440660287065236282e+10,2.328137026752679825e+10,3.075033184723582840e+10,2.460075396248540878e+10,2.430902875526603699e+10,3.077669639153273773e+10,5.397660507270430756e+10,3.396462776078764343e+10,4.990519143508608246e+10,2.855294613762439346e+10,2.160901102665217209e+10,2.378783564207978821e+10,3.977176414624446869e+10,3.527191503975663757e+10,4.050432411169657135e+10,3.482824578381201935e+10,3.406648850717698288e+10,3.390944410740456009e+10,1.163616006521082001e+11,2.892374062741731262e+10,2.465430600367847824e+10,3.149488556994211197e+10,2.408019396947287369e+10,6.186897651663008881e+10,3.479539928299801636e+10,4.249359793002857208e+10,3.138852981349487305e+10,3.105063096096053314e+10,3.851915426457871246e+10,1.021339119864302979e+11,3.308783451737096786e+10,3.231614637874693298e+10,2.159355898691616440e+10,3.173675920536828995e+10,3.227464005082083893e+10,3.481295099627061462e+10,3.000746381689250946e+10,3.138921290525691605e+10,2.766539482349429321e+10,5.632617162331536102e+10,2.904822030264603043e+10,2.631238306450661850e+10,2.184407561348367310e+10,7.699298027733778381e+10,2.368248447392836380e+10,3.660510248701498413e+10,2.023010429977408218e+10,2.883248063607773590e+10,3.638550297864071655e+10,2.163307147882597733e+10,3.519026170250404358e+10,3.596987362318173981e+10,3.510762905413353729e+10,3.156207885208314133e+10,2.656013695291633987e+10,3.822526629276286316e+10,1.950787849843751526e+10,4.058643639781898499e+10,3.058024788048416901e+10,3.562313566063777924e+10
1.879638172535905457e+10,1.638225005711444283e+10,3.037288850891985321e+10,2.375770828796437073e+10,2.860054327500638199e+10,4.121614242702554321e+10,2.522439491036831665e+10,2.575193910148676682e+10,3.315564573936313248e+10,3.437837345150247192e+10,2.442821983481052780e+10,3.589833709753075409e+10,2.440208612939897919e+10,4.826451649510392761e+10,4.042514493928987122e+10,3.292852733730569077e+10,2.805498957230259323e+10,2.795238237273189545e+10,2.900733420536071777e+10,2.985957792420204163e+10,3.127472159793667221e+10,2.425311686236200333e+10,3.597969911049864960e+10,3.039671007428441620e+10,6.934805249353619385e+10,3.435750967248594666e+10,2.681138624101931381e+10,2.248200917027763367e+10,2.624805229371181870e+10,2.464245752874359894e+10,2.690003975459297562e+10,2.899136898581821442e+10,2.405494378554593277e+10,2.453547109705105591e+10,3.165010295218874359e+10,2.731230890755308533e+10,4.729448216202162933e+10,2.982468377642853928e+10,5.447810481911606598e+10,4.340354580834478760e+10,4.207793538884125519e+10,3.158164695480009842e+10,1.997059194729548264e+10,2.930360987049389267e+10,4.978759495973326874e+10,3.321317755344321060e+10,2.971448201120224380e+10,3.530927482123351288e+10,3.953283545109063721e+10,2.578212129130179977e+10,3.674573648755084229e+10,2.943512756731858444e+10,5.728477464354537201e+10,2.151140312373635101e+10,2.357619521221229172e+10,3.986641313359458160e+10,2.622717169832227325e+10,2.724322492598920441e+10,3.243775958795820618e+10,2.476298302685713577e+10,3.128525864488114166e+10,4.077768471251879883e+10,3.463258406522191620e+10,5.135313753113107300e+10,3.689769214682308197e+10,2.404208017470363998e+10,4.058643113131073761e+10,2.889919489383506012e+10,4.900600170784090424e+10,4.188177860768474579e+10,3.278022194531652451e+10,3.370482323001676941e+10,3.110201101670965958e+10,4.514051835015342712e+10,3.022872931402111435e+10,3.761482251187905884e+10,3.480389997705270386e+10,4.150289868272475433e+10,1.772149124484266281e+10,2.869527610847809982e+10,5.883404798057257843e+10,2.523204193554613113e+10,3.784215013290560150e+10,4.892495608816315460e+10,2.278821982498040009e+10,3.854601766936306000e+10,4.080039008287960052e+10,2.969024606876208496e+10,4.148116619352678680e+10,5.925293233503157806e+10,3.258590495642863083e+10,2.089584040667136002e+10,3.087966677302660751e+10,2.573380273411978531e+10,2.245730125134079742e+10,3.647927410897718048e+10,2.707063626641316605e+10,2.269563557776943207e+10,3.202140596704749680e+10,3.187168521733043289e+10
3.348166341629382324e+10,2.403229872327471161e+10,2.100577338324784470e+10,2.671216211726930618e+10,2.285909622339867401e+10,3.064020568000045395e+10,2.152336958142576599e+10,3.154796499325754929e+10,3.142137656190652084e+10,2.015746456729890823e+10,2.638845627645360565e+10,7.427251287652854919e+10,2.439609626842404938e+10,3.009015298068336487e+10,2.839400770921947098e+10,5.819805853014017487e+10,2.772578138560214233e+10,3.129003772985604858e+10,4.162087150225706482e+10,4.735153250960233307e+10,4.403876353896394348e+10,4.268000248995037842e+10,4.298286344839650726e+10,3.102222323373736954e+10,3.853227412228469086e+10,3.126593730169355774e+10,3.169868451708528900e+10,3.071260911327333069e+10,2.468025604611364746e+10,4.078451474390331268e+10,3.519350535908709717e+10,2.392439820620267487e+10,3.636208967841996765e+10,4.405707219962725067e+10,2.566700088728512192e+10,3.586133346103588104e+10,4.875786152031846619e+10,2.322852296630097961e+10,3.822780296012778473e+10,3.020221374927707672e+10,4.687237721848774719e+10,3.721443001922703552e+10,2.585207742282424164e+10,2.867468017758250046e+10,3.839633451391881561e+10,2.590496519550366211e+10,3.273511345981391907e+10,4.008417304530184174e+10,3.190266472265802002e+10,3.583055562262194061e+10,3.179642170683779144e+10,3.066766859081980133e+10,2.817631087568755341e+10,3.673905388420953369e+10,1.998041949013282776e+10,3.002614951164573288e+10,2.877984429726823044e+10,4.215659471554021454e+10,3.551214350035069275e+10,1.985518084598171234e+10,3.966728597227691650e+10,6.513085161529935455e+10,3.964415536332192993e+10,2.100845898503057480e+10,4.658619703394860840e+10,3.014975944075679779e+10,6.217338232373038483e+10,2.998977207819873428e+10,2.751674995353554535e+10,2.773298186206872559e+10,3.307902414278490448e+10,2.571881464937042999e+10,2.743289949789832687e+10,6.693342432443864441e+10,3.092011509847055435e+10,3.617449887773850250e+10,2.667399529458483505e+10,3.853729740612955475e+10,4.116831496206133270e+10,4.367683931151334381e+10,4.049136651412397003e+10,3.491272551753541565e+10,3.244838856088927841e+10,2.497557984755834961e+10,2.176486036463547134e+10,3.849703973119943237e+10,2.435867441514726639e+10,3.591546559564762115e+10,3.752097863435495758e+10,2.737323729625532913e+10,3.649126984889908600e+10,4.432967057374893951e+10,2.424952749553480530e+10,3.039869952545100021e+10,3.731903982889427948e+10,2.165273211000124359e+10,2.213922924332289886e+10,3.140203453741670227e+10,3.942502467395124054e+10,4.618851076532220459e+10
3.383865314044989014e+10,2.214807472445655441e+10,3.136882428335787582e+10,2.043128755789859772e+10,2.176776942028220749e+10,2.210888715552267838e+10,2.001931013961412430e+10,2.174265248731715393e+10,4.643222608765523529e+10,7.184304885886659241e+10,3.473439959523377228e+10,3.354921658076891708e+10,2.541319443070489883e+10,2.863325566647564697e+10,3.969888142377966309e+10,1.845847046576354980e+10,3.545673246923742676e+10,2.695177717789440536e+10,4.868085051405384064e+10,3.404541273043474960e+10,3.145477139082243729e+10,3.078637347092197800e+10,2.851290638516793060e+10,4.392479637905029297e+10,2.661960382259988022e+10,2.522500537318400574e+10,3.965872871966532135e+10,3.298649873036729050e+10,4.932512771475658417e+10,4.166201156781373596e+10,3.376882371510446548e+10,5.130371441781112671e+10,2.769646699843928146e+10,3.335469378993494415e+10,4.722809488276143646e+10,2.473758232481555939e+10,4.968272093819876862e+10,3.131140171974554443e+10,4.907674940116246033e+10,3.585549105502008820e+10,2.242835257635446548e+10,3.561739352115315247e+10,1.973708164304080963e+10,1.955731883396007538e+10,2.168585464257421494e+10,4.689044094814528656e+10,2.951873710366387939e+10,3.086528608237607956e+10,2.881699413810617828e+10,2.072493559722238922e+10,4.138058422322101593e+10,3.713072082073786163e+10,3.445977219291336823e+10,2.698443612504544449e+10,2.531787800994849396e+10,2.336553274410184097e+10,2.581758048245328140e+10,3.400423104972067642e+10,3.800585661709261322e+10,2.984306754457315445e+10,3.866609631528910065e+10,3.959197022896559906e+10,5.932819974504804230e+10,3.501673029857836914e+10,2.983620030052855301e+10,3.759540791051087189e+10,4.630630419547676086e+10,4.042331365173918152e+10,4.906674082884564209e+10,3.611409426996469116e+10,2.974741996009678268e+10,4.056965992624356842e+10,2.891845211649495697e+10,2.754301784162419128e+10,5.351789183561642456e+10,3.255620491487786484e+10,2.936760195579446030e+10,5.105468370517906952e+10,4.062156901950110626e+10,2.174692994890295410e+10,4.552473612640783691e+10,2.231100336785146713e+10,4.262316011958585358e+10,3.309300126639518356e+10,2.526187959431472397e+10,2.894703671576646042e+10,5.169385836525630188e+10,3.043612913586508560e+10,3.392110704510807419e+10,2.125711172516907501e+10,2.117981608656085968e+10,7.261316937161497498e+10,3.498105508030930328e+10,3.263706585087752914e+10,3.209219046369441223e+10,5.510364710071797180e+10,1.866504578585459900e+10,1.554258780338020897e+10,3.370599935361441040e+10,1.750117661026389694e+10
3.177270137213044357e+10,3.011344366620581818e+10,1.965575267810071182e+10,3.059018493910768127e+10,2.520953695845555115e+10,1.944812133685544205e+10,2.435408077038933563e+10,2.021857299138760757e+10,3.352313279385784531e+10,3.422523480641712189e+10,3.806343483945853424e+10,2.355195543826349258e+10,3.006378941913442230e+10,2.584498832205972290e+10,2.958212977968669128e+10,2.943536450945646286e+10,4.344840352549439240e+10,3.467953889339060211e+10,5.205902672406655121e+10,3.676862370796127319e+10,3.928756935161236572e+10,4.258296787687636566e+10,4.030704131925460052e+10,2.773171905069587708e+10,2.235746308360127640e+10,4.774372483024376678e+10,3.005783553039666748e+10,4.771139559423357391e+10,3.322167854624518204e+10,4.943245754420017242e+10,4.461017720681657410e+10,2.523845986518972778e+10,3.004365020060963058e+10,3.183030736557227325e+10,5.754622316457418060e+10,2.515765967455813980e+10,2.814214292338608170e+10,4.296695462517377472e+10,4.615858517703282166e+10,1.776004524705263901e+10,6.236811822323148346e+10,2.470203939255786514e+10,4.691797721476905060e+10,4.088786764555133820e+10,3.028360303096892166e+10,4.666377584969468689e+10,2.632561416782552719e+10,3.863626155346654510e+10,4.929858753555415344e+10,3.199334051152906036e+10,2.743294364342098999e+10,3.558617956375026703e+10,3.087805692594323349e+10,2.776381895632527924e+10,2.954295073603891754e+10,5.905587423391359711e+10,3.999842194960280609e+10,5.162999574892527008e+10,2.608773073023633575e+10,3.130995269660445404e+10,2.398556522015542221e+10,2.707784891986752319e+10,4.194035490304660034e+10,3.112903248327658081e+10,4.895439302226978302e+10,3.174878862919742203e+10,3.083805951482674789e+10,3.739078933011310577e+10,5.358173169229048920e+10,3.107270629009174347e+10,3.264500634575341415e+10,4.545724548065972900e+10,3.684967697479646301e+10,3.838188064428156281e+10,6.778243082729680634e+10,3.050222275385822678e+10,1.234906737080030518e+11,6.316148843851937866e+10,2.692048078334594727e+10,2.690895435164493179e+10,5.483318399835457611e+10,1.052479589230465546e+11,6.572975731468096924e+10,2.435828997343616104e+10,2.380459310784025574e+10,3.755671639175020599e+10,4.038753037832068634e+10,3.418479917460017776e+10,3.636605149558231354e+10,2.733836711080185699e+10,2.095889684788322449e+10,4.026896203714539337e+10,3.357366270981999588e+10,2.716581866939087296e+10,2.157538086496683121e+10,6.128635172594060516e+10,3.429143851444920349e+10,5.756797235985837555e+10,2.567297345441068268e+10,2.246514486583016968e+10
3.845420146065796661e+10,2.072027531207925415e+10,2.424691470949293137e+10,1.936285038202922440e+10,3.429169155499857712e+10,2.320187553610342789e+10,1.960401463573159027e+10,2.899412134003286743e+10,4.056803366943598938e+10,2.157390393234531403e+10,3.273657832902378464e+10,3.085958385256455231e+10,3.095426850522963715e+10,3.233965339281734848e+10,6.496471741770382690e+10,4.394846208302056885e+10,3.387767870375904465e+10,4.237250737328620911e+10,3.039323344996255493e+10,3.489670564736597443e+10,5.541463496544660950e+10,3.615944281582296753e+10,4.153367903064204407e+10,4.222683828203151703e+10,2.875639396173985672e+10,4.827243026259066772e+10,6.133661081457765961e+10,3.506735914024771881e+10,4.122242904218566895e+10,4.596873548318489838e+10,6.409625842303672028e+10,5.598186285432233429e+10,4.406136604298636627e+10,3.639306464058091736e+10,1.022978114359216003e+11,2.548161346625625992e+10,3.483950367720299530e+10,3.206519393375057602e+10,2.178510303138256454e+10,3.960676847172975159e+10,4.719168672773184204e+10,2.757220984372267532e+10,3.018159121727515411e+10,3.204738468931506729e+10,2.948031825703232574e+10,3.328257985564604950e+10,1.952939913365027237e+10,3.459639350408782196e+10,2.637752211062422180e+10,2.886404164986184692e+10,3.639503970023200989e+10,2.872997954176982880e+10,3.665330171389767456e+10,3.136797701025968170e+10,3.353743104876755524e+10,2.806011254983467865e+10,3.319035603970603943e+10,2.481824353341602325e+10,3.296944085394229126e+10,4.305610138242214966e+10,2.622999512193016815e+10,2.858073272196985245e+10,2.843482109623234558e+10,4.676061945324667358e+10,4.003150473798925781e+10,6.674652814338379669e+10,3.597781680810107422e+10,3.466566338758324432e+10,3.255920769776319122e+10,3.675311992918346405e+10,3.170364296139081955e+10,3.271565290510005188e+10,2.652199003596738052e+10,3.205214544829757690e+10,2.832392825610084534e+10,2.963757240786402512e+10,4.413436354905314636e+10,5.495908420866750336e+10,3.047682850798431015e+10,4.284410074698758698e+10,4.075434859493907928e+10,3.069126768330861282e+10,3.873540369870589447e+10,2.589035146841554260e+10,4.455521168347938538e+10,3.798715266713961792e+10,4.064077316332675171e+10,3.243624681211642075e+10,2.729031536755802155e+10,2.851690755755941772e+10,5.889768938733303833e+10,4.757537940866998291e+10,2.614966252893333054e+10,3.502357206427182007e+10,2.514902087096134949e+10,2.638898258579220581e+10,3.624263139613865662e+10,2.618309968957783508e+10,2.106865711736462021e+10,3.663445461870130920e+10
1.967528747025128174e+10,3.370549775088608551e+10,2.946223219778631592e+10,2.563331640877173615e+10,2.662282484898215485e+10,3.209619736438132477e+10,3.172954524173219681e+10,3.147781336811648941e+10,4.679546813777700806e+10,4.111600137875868988e+10,5.440676659995911407e+10,3.187442392108475113e+10,3.143192635937939453e+10,4.339314950787923431e+10,3.398241268883288574e+10,2.971084343201576233e+10,5.980796943948330688e+10,3.703908813986127472e+10,3.496699871116199493e+10,5.191012625432924652e+10,3.968188656653103638e+10,3.369585420173637009e+10,5.701948275407742310e+10,3.690619100531597137e+10,3.643407293792983246e+10,3.901040107483122253e+10,4.764292349647353363e+10,2.868706305875474930e+10,4.972099475887593842e+10,9.019253306776342773e+10,3.548089125308822632e+10,5.293048233467498016e+10,3.850566436091078186e+10,3.380673002847689438e+10,4.596503796723054504e+10,5.264600224598198700e+10,6.018656544440580750e+10,4.822502119513106537e+10,5.083296403776671600e+10,3.763242486119242859e+10,6.132955623011322021e+10,3.015688718138311386e+10,4.069518488197061157e+10,3.059641826828712082e+10,4.599710881343001556e+10,4.314262443382009125e+10,4.288067266028939819e+10,3.696397097337149048e+10,3.109750805840959167e+10,2.819629918655522537e+10,2.913751371266712189e+10,2.563424302229070663e+10,2.904990501301716614e+10,3.872134069408393097e+10,3.255948322843200302e+10,5.468943349059850311e+10,2.699511434566665649e+10,3.139049520441272354e+10,3.322215259361587906e+10,2.876582329789353943e+10,3.601262592316007996e+10,4.349185929764872742e+10,3.670501978946524811e+10,3.186851716413557434e+10,3.869867510171840668e+10,2.980433842197426605e+10,3.432658141654996109e+10,8.743194875175929260e+10,3.684890080526844025e+10,2.828154537442003632e+10,3.214730918377495193e+10,3.969911841961752319e+10,5.191251595395222473e+10,3.595473435169550323e+10,3.463373906012047577e+10,3.574185025008688354e+10,3.155672691435688400e+10,4.931999813049600220e+10,5.078385808740637970e+10,3.197085934002640533e+10,3.397482118029249954e+10,3.715286470312557220e+10,5.466252925107852173e+10,3.477896162816782379e+10,3.778070641382514954e+10,3.952754512182820129e+10,4.270304957620192719e+10,3.390941666412411499e+10,3.328430050949387741e+10,3.064322203972613525e+10,3.936429828937321472e+10,3.667632477463881683e+10,9.821273755442774963e+10,2.410110694214244843e+10,2.305234719572657394e+10,2.546191704215198898e+10,2.249573681805354691e+10,3.959004536091792297e+10,2.304753516479803085e+10,7.818559777340653992e+10
2.286332577312416840e+10,2.569897321623826218e+10,4.721361989918423462e+10,2.429585160398807907e+10,3.020100286593943405e+10,4.072093444845185852e+10,4.119249465258100891e+10,2.265700393052221680e+10,5.637195981289884186e+10,4.928277359465657043e+10,2.632077136526883316e+10,4.092211071756574249e+10,3.363632133889622116e+10,3.187510269356222916e+10,3.838607478769551849e+10,3.942520113278576660e+10,3.686879993335771942e+10,3.890219595616297150e+10,3.789504813594845581e+10,4.443168806751055908e+10,5.890130247504788208e+10,7.974633187176892090e+10,3.226188022492541122e+10,3.604116676343118286e+10,4.087230308927490234e+10,5.538753718482088470e+10,3.441756369279848480e+10,2.623626719908138657e+10,6.260402946730196381e+10,3.843344956630703735e+10,4.677653736577509308e+10,6.465998449727333832e+10,4.538433768873149872e+10,4.575494250128697205e+10,3.925287472625757599e+10,4.320817230910842896e+10,3.455566527605889893e+10,9.193365640543484497e+10,4.682838324746106720e+10,2.306861221521146774e+10,2.890282588668032837e+10,4.813682064264678955e+10,5.312399652382456970e+10,4.572552362266348267e+10,3.317996791195526505e+10,4.213284615997115326e+10,4.889670017017309570e+10,2.482138889378472900e+10,3.094024323493944931e+10,2.803800938979373550e+10,4.632985257671264648e+10,3.734891669574329376e+10,5.433818402503800964e+10,3.851491048433928680e+10,4.227258788316941833e+10,4.867511909852120972e+10,2.800315250406676865e+10,3.469641963504274750e+10,4.216669055717869568e+10,3.634141493871252441e+10,3.922306768933524323e+10,2.919733669335747528e+10,4.042972700743196106e+10,4.396716978515325928e+10,7.342122153661482239e+10,4.817250028576633453e+10,6.830236685639432526e+10,5.420527149446539307e+10,4.970241187262326813e+10,4.374125921520519257e+10,5.447120244201802826e+10,4.306905640436722565e+10,3.785678113819477844e+10,6.613092263971477509e+10,8.188480945380911255e+10,3.624546787320674133e+10,4.056967016847799683e+10,5.407659436407193756e+10,4.680261949372321320e+10,5.201004956384758759e+10,5.606500660712970734e+10,3.698281233746538544e+10,5.600015172235594940e+10,3.924635156034632874e+10,3.860452469107722473e+10,3.708612876441486359e+10,2.397279191376550293e+10,2.909148593488440323e+10,3.477983107785198212e+10,2.976270681434325409e+10,4.189474433535842133e+10,4.500155858236138153e+10,4.349893120122583771e+10,2.663547714988392258e+10,4.535292588536003876e+10,3.267576215581864548e+10,1.239373401749255829e+11,3.501139467303445435e+10,3.818212565025724030e+10,2.461864941076766586e+10
5.864201608647573853e+10,3.719357908075789642e+10,3.634567780446331787e+10,3.941762931951167297e+10,2.864359137490970230e+10,3.656008262071997070e+10,4.044515039084710693e+10,4.305290081894518280e+10,3.580890872757880402e+10,1.075490243771116638e+11,4.201396080952143860e+10,4.337763656050104523e+10,4.381567212557714844e+10,4.060142302338305664e+10,3.969928652135536194e+10,4.276001365640112305e+10,3.359173214642538071e+10,4.878995951267012787e+10,4.520047437286560822e+10,5.136307386998615265e+10,4.035512756536814880e+10,4.849838658789535522e+10,5.327274596734901428e+10,3.787829269349478149e+10,3.642050905722454071e+10,5.614191604901441956e+10,3.947293776121208954e+10,4.450159242295537567e+10,4.923334086452674103e+10,6.825478814148651886e+10,4.941147597116749573e+10,6.533864061195131683e+10,6.168126987300910187e+10,2.985810213401025009e+10,3.508478873817657471e+10,6.759028783787908936e+10,5.678524637787515259e+10,5.014203673041311646e+10,4.982858590025888062e+10,4.903665304861360931e+10,3.258414526111875153e+10,5.234697856107540131e+10,3.100186385848321915e+10,3.047470482975218582e+10,3.053379715340513992e+10,6.240534466500534058e+10,4.659444579301954651e+10,5.110964501013137054e+10,4.086653607779356384e+10,2.712388779393481827e+10,3.200879520246281815e+10,5.313910117027945709e+10,6.301118944447415161e+10,2.853831111783391571e+10,4.871853655300735474e+10,2.498878570638531494e+10,3.132179273571157074e+10,6.853214287349033356e+10,4.240014998800979614e+10,3.818794473455099487e+10,3.639900274393887329e+10,4.282960908434756470e+10,4.760207160247881317e+10,4.173644107454299927e+10,5.692664129816551971e+10,4.995357096812355804e+10,4.416676997259842682e+10,4.236811881697314453e+10,3.140354640341128922e+10,3.619902436828984833e+10,4.454166201360218048e+10,4.143043022541569519e+10,5.187685928125568390e+10,3.996130019949224091e+10,8.257680521498393250e+10,5.044945154236074829e+10,6.539513338404232788e+10,2.780090587097818756e+10,5.497800887613533020e+10,3.569830440386756897e+10,6.280200981934364319e+10,5.777485355965070343e+10,4.772082085307644653e+10,5.803142475567324066e+10,6.482861504059913635e+10,3.403085994098059082e+10,3.988746590228795624e+10,6.099939806249813843e+10,3.105296520603922272e+10,1.994824329557015991e+10,3.505506532368811798e+10,3.861006607599281311e+10,3.500824449622721100e+10,3.688388254127857971e+10,3.504157797127787781e+10,2.028651467860387421e+10,2.994134604607556152e+10,3.702219786003707123e+10,2.821770649107407761e+10,4.469180651578192902e+10
3.130548435044204330e+10,4.143005447017583466e+10,2.868771441845312119e+10,7.670188622307113647e+10,2.256077188447631454e+10,2.972079060687930679e+10,5.372632373627014923e+10,2.881717034491090393e+10,4.187651616140824890e+10,2.148222377039899445e+10,3.457587921233032990e+10,4.439189710073976135e+10,4.087848019982150269e+10,4.422586253445567322e+10,3.339107814581545639e+10,4.193645402894280243e+10,8.622793102778277588e+10,3.872345548206306458e+10,6.074658906090925598e+10,4.128359525774862671e+10,4.705114207112075043e+10,4.391490436985736847e+10,5.612571276693968964e+10,5.278718099937129211e+10,4.177780592144635010e+10,5.962869464451016235e+10,8.420285407473829651e+10,3.241887606800699234e+10,8.415467152052874756e+10,4.311972678277330780e+10,7.395446840542053223e+10,4.688503997469088745e+10,4.785017825566359711e+10,4.670615787705989075e+10,6.893458385749304199e+10,5.408059655371533966e+10,4.636250039670823669e+10,5.378654396369348145e+10,6.875489494631295776e+10,4.647260298470666504e+10,5.065817444718131256e+10,3.966584614174546814e+10,6.280136334246031952e+10,4.398094780262618256e+10,3.996489857231838226e+10,5.164922247986131287e+10,4.017952121454147339e+10,2.429058880515205765e+10,3.121515030139749908e+10,5.633915337297220612e+10,2.357616096380150223e+10,3.534855021615960693e+10,2.674934707922988892e+10,3.715961337373391724e+10,3.045907899831943893e+10,5.026104942368857574e+10,5.363383173085382080e+10,8.503237524429919434e+10,4.889377728554209900e+10,6.835121446175761414e+10,4.766237703648950958e+10,3.091279314521620178e+10,5.181663022738250732e+10,5.855405206258513641e+10,5.684854181405170441e+10,4.408025419003353119e+10,4.936702561666274261e+10,3.345691388189167023e+10,5.757391973408045959e+10,3.806502056702259827e+10,5.892443096239076233e+10,4.317560616233586884e+10,7.360489285684344482e+10,4.534366271633711243e+10,5.184005364222258759e+10,4.705190889320246124e+10,4.570815265418622589e+10,5.693063308729518890e+10,7.315969188515202332e+10,3.968821532987355042e+10,5.139497352026466370e+10,5.204205662324278259e+10,3.420880068761016083e+10,4.110264593434898376e+10,4.307366310294664764e+10,4.682809257196971893e+10,5.047212177697717285e+10,2.783595709833517075e+10,3.914030663575434113e+10,3.904295488768656158e+10,3.088823306071359253e+10,3.558150167985653687e+10,4.242026069079524231e+10,3.370582145877805710e+10,2.291055176740427399e+10,3.862857175371974945e+10,3.351366542292031097e+10,3.859794453748565674e+10,3.026036097969107437e+10,3.274554910143296432e+10
3.236735101863034439e+10,3.207350573939287949e+10,3.387878888175674057e+10,2.488693084586339951e+10,2.816992718427463531e+10,4.717708223015007019e+10,3.817230547538138580e+10,4.670848950260763550e+10,2.624948143396022797e+10,2.756592712193225479e+10,5.451451626276313782e+10,5.033757856449584961e+10,4.793872238327374268e+10,3.997140334316867828e+10,4.926815674096501923e+10,5.511498176022676086e+10,4.703366785534083557e+10,4.576851026864859009e+10,4.910607378990475464e+10,8.666381268946568298e+10,6.330369423903895569e+10,5.425313273931668091e+10,5.422379547159873962e+10,5.868385939087796783e+10,5.031425033995817566e+10,5.855526370789703369e+10,3.919408883947605896e+10,5.138042840879582977e+10,5.930543783079972839e+10,4.139908426657234192e+10,4.466764369247483826e+10,4.553280859389504242e+10,5.784788296235021210e+10,7.949388503573864746e+10,3.359291621333190536e+10,4.636114422210794830e+10,5.851263955134374237e+10,6.613141239370813751e+10,3.793695609704994965e+10,4.489664158167562103e+10,2.610527017613923645e+10,5.080284034794770813e+10,4.165236874882253265e+10,3.808767245619654083e+10,6.093406107067327881e+10,3.527161027903161621e+10,3.600658393931785583e+10,5.602449567291693878e+10,4.234889443041345215e+10,3.782850075761416626e+10,4.014276901823600769e+10,5.637203053892347717e+10,2.591826742993535614e+10,3.657982517114170074e+10,4.263062613668288422e+10,2.954679768892658615e+10,5.353985359255411530e+10,5.129240263124489594e+10,4.852823929423040009e+10,2.753600026785551453e+10,3.635885015256732178e+10,3.022514284714874649e+10,4.717716347936299896e+10,3.694412447860990143e+10,3.815286399871978760e+10,5.731799301143077087e+10,4.450072537263856506e+10,5.927603286411061096e+10,5.163284387311057281e+10,5.071626587355861664e+10,4.995830917783822632e+10,5.956039043826292419e+10,4.114723012646770477e+10,5.453795397681023407e+10,5.026359313646916962e+10,4.713570042129226685e+10,4.613432348559532928e+10,4.720959031340018463e+10,5.087471616775634003e+10,4.343855128662641907e+10,6.037668002039427185e+10,5.245330283095282745e+10,3.283038249896827316e+10,6.372757021088813782e+10,4.595181346899737549e+10,2.846794942040266037e+10,4.468185136892372894e+10,4.610169743295764160e+10,4.317346319596791840e+10,3.955214850549977112e+10,5.039686136211492157e+10,2.853970232390250015e+10,5.920478744703536224e+10,3.521958709151690674e+10,2.887205764897404861e+10,3.846301489388494110e+10,3.636835233169076538e+10,3.442164820816100311e+10,3.447897444986985779e+10,3.018143064090983963e+10
3.907025865984787750e+10,4.573724555209117889e+10,3.154265280846843719e+10,4.874281653559194183e+10,3.057915770509694290e+10,5.558116990713294983e+10,3.898513457608538055e+10,3.996169668911704254e+10,3.034492813231060410e+10,6.659034742792699432e+10,4.471179377180435944e+10,3.712691197268269348e+10,4.008901601038989258e+10,7.361562129570806885e+10,5.595089990818775940e+10,3.696592869913310242e+10,6.229848807727989197e+10,3.870469841613502502e+10,7.283900911376631165e+10,9.916067958003096008e+10,9.607568139565811157e+10,7.054420822914776611e+10,5.280117236529353333e+10,7.381472905677352905e+10,4.085890449886632538e+10,3.883796663490813446e+10,5.603188551351734924e+10,5.613200174726454163e+10,6.774459430148799896e+10,4.272015218565240479e+10,6.672047785086761475e+10,1.216782436716020050e+11,3.801559105962703705e+10,5.293485044055803680e+10,8.137333451984815979e+10,4.057963177096414185e+10,6.258943418155651093e+10,3.403728743451859283e+10,4.752969585694470215e+10,6.111012533389598083e+10,4.507687593096021271e+10,5.012013531726961517e+10,5.780257717294044495e+10,5.760120959762187195e+10,5.340130352203108215e+10,5.784079780262748718e+10,4.214949296903998566e+10,4.163162920947936249e+10,3.514842193974408722e+10,3.277865014801285553e+10,3.210002143739677429e+10,3.579923056366353607e+10,4.913268837789998627e+10,3.489787065105168152e+10,5.320677657371102905e+10,5.128442048775051880e+10,4.584750460068199158e+10,4.807512252794532776e+10,4.256426972791422272e+10,5.595415804009366608e+10,4.568668085433898163e+10,5.132503401734433746e+10,4.078846569904762268e+10,4.876846214075434113e+10,8.540242029085870361e+10,6.475751542938642883e+10,4.316817264160833740e+10,5.679033255321793365e+10,3.715001440101670837e+10,6.847233884959990692e+10,8.370779712176301575e+10,7.941973727826237488e+10,1.022457238977242126e+11,4.606455139838621521e+10,7.142426012739466858e+10,4.450131477735634613e+10,4.585975754266864777e+10,4.733288419471745300e+10,4.886338326090816498e+10,6.955917968779428101e+10,7.919091694817536926e+10,5.766760591984596252e+10,4.527082650521820831e+10,8.363630678491491699e+10,5.678345506790847015e+10,4.601304905365355682e+10,4.023940806556564331e+10,8.378526042491662598e+10,5.361422147260693359e+10,3.968983919877953339e+10,4.780195067717134094e+10,7.629623579578927612e+10,4.121336511286288452e+10,5.792946743247439575e+10,4.886077211100170135e+10,4.725662062636564636e+10,3.029672395857929611e+10,2.955925159517263794e+10,5.247014524639373779e+10,3.043034526297591400e+10
4.021381085748840332e+10,3.768635769691400146e+10,3.734745951854472351e+10,3.854803468599095917e+10,3.201443443322245789e+10,5.913091046094821167e+10,4.902892373338628387e+10,3.649787356479087067e+10,6.292641335414631653e+10,5.466113383350750732e+10,4.699549245946662903e+10,4.104894293419333649e+10,7.523409974952404785e+10,4.441199636088079071e+10,6.763206900335208130e+10,6.537421251660873413e+10,5.593995590130053711e+10,1.112472385984409943e+11,5.076607233260218048e+10,5.849013881530817413e+10,5.383331449323023224e+10,4.567720686045209503e+10,5.949748624189163971e+10,6.241120333636510468e+10,5.717455817912138367e+10,5.113538331424242401e+10,7.340242926023623657e+10,7.659579334777160645e+10,5.827387734929714203e+10,7.228628315329231262e+10,4.720185985157264709e+10,9.741280174994848633e+10,5.293464431943134308e+10,4.968642418614579773e+10,5.228240554901853180e+10,6.684005279246838379e+10,6.172941453004719543e+10,1.095262167732589722e+11,5.414260547016991425e+10,6.500468165478330231e+10,5.476537235781710815e+10,3.935174954791898346e+10,5.227059806894228363e+10,3.962177001428578949e+10,3.573801502067252350e+10,4.502461505835036469e+10,3.953889899404978180e+10,3.871915032018117523e+10,5.010998597450506592e+10,5.241336051588392639e+10,4.472247221826668549e+10,3.508016477267928314e+10,5.382965628879551697e+10,3.817276289934573364e+10,3.494030433247326660e+10,5.430594009253605652e+10,4.533902188865666199e+10,4.242909168934193420e+10,7.899745876841638184e+10,6.356543913285933685e+10,5.789987737270247650e+10,7.468065395518862915e+10,3.900658951733778381e+10,4.820178657933803558e+10,5.132862092525447845e+10,4.342234505123945618e+10,4.861156083965345764e+10,5.002559413563121033e+10,6.653450529516600037e+10,4.595516032436766052e+10,6.372388587992091370e+10,7.293150630629580688e+10,4.556064950489969635e+10,4.907087258915292358e+10,6.775179468074754333e+10,6.324556528083390045e+10,4.775718362713944244e+10,6.992453631412884521e+10,7.862454397436669922e+10,5.777519913319470978e+10,4.692136419216062164e+10,5.877134639418334198e+10,7.131505703761766052e+10,4.290398241028879547e+10,6.971000136274221802e+10,3.403135301065878677e+10,4.289606285857775879e+10,5.242746879856264496e+10,3.124526196156088638e+10,7.506922226513714600e+10,5.105457442418059540e+10,5.027446783663301849e+10,5.854549072282150269e+10,4.197679052140652466e+10,3.880748638646164703e+10,4.255052022548040009e+10,5.488627610214541626e+10,2.445833260002182388e+10,3.211554927565079498e+10,3.451610252721315765e+10
3.721397644181581116e+10,2.893193664774130249e+10,3.566708487769388580e+10,4.165659017609368134e+10,6.661118645655854797e+10,4.994414996514337158e+10,3.654737264930290222e+10,8.794765829988027954e+10,3.790676054704637146e+10,7.147554977470530701e+10,5.476523365687775421e+10,4.515097932428343201e+10,4.944298425963415527e+10,4.238597321693739319e+10,4.339934177524144745e+10,4.730975864366183472e+10,4.362887694422854614e+10,5.111134059231612396e+10,7.218372986279414368e+10,6.906726375678514099e+10,7.772609124179225159e+10,5.229621592071699524e+10,7.357203142077870178e+10,1.048409606090019684e+11,6.264748221362432098e+10,6.544248623819811249e+10,9.434139400870161438e+10,5.517026609570497131e+10,6.534981002205535126e+10,1.016513246424435883e+11,6.346099184498995209e+10,5.998829362674595642e+10,1.017428894803942413e+11,4.738809619261045837e+10,7.711911503205770874e+10,1.102342330282165680e+11,5.817419464013480377e+10,5.369160908212057495e+10,4.105246238970424652e+10,6.138172432024533081e+10,7.605370624061521912e+10,4.548861148791259766e+10,3.263222859118400192e+10,4.539401013634394073e+10,4.648867728358743286e+10,5.700306141761338043e+10,6.309089165643880463e+10,6.245837214740813446e+10,3.668630824695392609e+10,7.687652598121162415e+10,3.107364503956675339e+10,5.747493440107666016e+10,4.780503183784400177e+10,5.211639491373775482e+10,4.031683692106114197e+10,5.645579590540688324e+10,4.392655273073664856e+10,4.985726802605379486e+10,3.585491104753667450e+10,5.560139749766941071e+10,4.951896362461365509e+10,5.105529045495941162e+10,5.122489189210831451e+10,3.901168722658283234e+10,9.119069457993649292e+10,6.377865835120769501e+10,6.662388061401771545e+10,4.623956284892990875e+10,1.214425103585891724e+11,8.490024201611712646e+10,6.376609392126865387e+10,8.062028752437225342e+10,1.046914576839594269e+11,6.135840067060388184e+10,4.706045675821875000e+10,6.567730005658771515e+10,5.312558632842530823e+10,8.214376588532458496e+10,6.027289656766443634e+10,6.649470422546089172e+10,9.027528357095985413e+10,6.487987143455276489e+10,6.654891491285435486e+10,5.689177063187443542e+10,4.386937607925921631e+10,7.559435282026342773e+10,1.290909691611674347e+11,3.941551568150397491e+10,5.837194518774497986e+10,4.957441553072924042e+10,4.875998485036054230e+10,4.578312070691837311e+10,5.041940758923408508e+10,3.783386784090476990e+10,3.877342681675321960e+10,4.390101873456778717e+10,4.096212676706347656e+10,3.786839404390790558e+10,2.830687005595565033e+10,3.671708919251177216e+10
3.134791570132939529e+10,3.700669744967101288e+10,3.152401146997004700e+10,3.945338356979516602e+10,3.947870200024977112e+10,4.598444373896919250e+10,5.091604733750413513e+10,5.892776897460802460e+10,4.117551652338603973e+10,3.576175690260651398e+10,5.796854435884576416e+10,5.131408501517899323e+10,4.186970975734040833e+10,4.920108014840853882e+10,4.546425507706748962e+10,9.135551059327235413e+10,1.344032411842681885e+11,7.934169994563442993e+10,7.555329960001394653e+10,7.768320106979565430e+10,8.318944280889048767e+10,9.666327821555334473e+10,7.067478135674667358e+10,6.847990741615649414e+10,8.381861577816189575e+10,5.673269300484780121e+10,1.002161224488170166e+11,9.314908082486430359e+10,6.947201100572142029e+10,8.146237151185549927e+10,6.271756529261289215e+10,6.594314255408589172e+10,1.117359480142510376e+11,5.852368545531229401e+10,5.603841199919264984e+10,8.326871071298150635e+10,7.788121386528091431e+10,9.773292013737574768e+10,4.841185313149904633e+10,5.585488572666889954e+10,5.836811212207336426e+10,4.457970460109640503e+10,7.884748128503735352e+10,4.746762434279335785e+10,4.746518326089350128e+10,5.528506202604294586e+10,5.258825876936581421e+10,4.869690499510965729e+10,1.127341878453976898e+11,3.586353334191172028e+10,5.004264034259685516e+10,3.377152349916312408e+10,4.777185509627253723e+10,4.549344117593066406e+10,4.686558100032514191e+10,5.848314948367546082e+10,4.297981837045413208e+10,4.587965026717370605e+10,3.495616802664946747e+10,8.722369196798695374e+10,5.201949557989073944e+10,7.031177505621934509e+10,7.173504582173966980e+10,5.485759221300077057e+10,5.357877996091277313e+10,5.168710354323607635e+10,6.964476993856877136e+10,8.397431310467039490e+10,8.360521107331781006e+10,7.983782549007882690e+10,6.223020165259495544e+10,6.892292913410795593e+10,8.159089185312583923e+10,7.053588171987361145e+10,6.911246478821868896e+10,7.644646324858303833e+10,7.260200527037985229e+10,6.754225618475750732e+10,7.546785295888323975e+10,6.247690911940318298e+10,7.407771501522241211e+10,6.370044676621463776e+10,5.810093691254171753e+10,7.783614590678250122e+10,6.373324230681261444e+10,1.066619878880458221e+11,3.706586581753920746e+10,7.379878318243484497e+10,4.658050144804247284e+10,4.463224145558709717e+10,3.588188689866227722e+10,4.139787755300734711e+10,5.934492997663101196e+10,4.412906821048733521e+10,4.547445387466272736e+10,3.291567966504438019e+10,4.960400877553073120e+10,2.492979853625768661e+10,3.054307728108670807e+10,3.344016624691469193e+10
2.573608242892149734e+10,4.778229245541667175e+10,3.131182275065259171e+10,4.984225242636940002e+10,4.829069165429453278e+10,4.827495828892070770e+10,5.687053708046710205e+10,3.645035010432033539e+10,4.851194926233568573e+10,4.470111281184513092e+10,4.604001636911996460e+10,4.422849708576500702e+10,5.694876033576219940e+10,6.022502569171137238e+10,5.381615721766846466e+10,7.840755457653845215e+10,5.133890902060664368e+10,6.011602242525620270e+10,6.516269185723930359e+10,5.662549524733903503e+10,1.190018107713384399e+11,7.611385521752232361e+10,8.513537510419560242e+10,1.172718171079733734e+11,7.460212815464904785e+10,7.429061746566917419e+10,8.081722429430793762e+10,8.134515822306439209e+10,7.784677598430204773e+10,6.590921286108631134e+10,9.646790363269920349e+10,8.743696506503979492e+10,7.661459868718620300e+10,7.524388540819317627e+10,7.759013743689990234e+10,9.106062108206163025e+10,5.957002137952921295e+10,6.072394971611610413e+10,5.563061358046720886e+10,6.813084870280698395e+10,5.396495784528555298e+10,7.948210923379473877e+10,5.121386965809195709e+10,7.634020256535388184e+10,5.840243284983024597e+10,6.045894654686920166e+10,4.365805087982998657e+10,4.030382219425216675e+10,5.688515272061412048e+10,4.480938563374670410e+10,4.626605179729629517e+10,9.613172163176130676e+10,7.087612631358834839e+10,6.368738687092406464e+10,4.802817766828437042e+10,6.009428964995841980e+10,5.784864710302756500e+10,8.797464207374563599e+10,5.867009315450032806e+10,5.976619094194384003e+10,5.972987790431026459e+10,5.474633175603863525e+10,4.407321938866822815e+10,7.706018119086579895e+10,6.643608693090959167e+10,9.231111201850099182e+10,6.038600868464744568e+10,7.812893304286763000e+10,8.464310137197099304e+10,9.070254765610853577e+10,7.620790253091368103e+10,6.977623633807278442e+10,7.885027445134539795e+10,1.088683528422494507e+11,7.549140953130718994e+10,6.648749192209629059e+10,7.025070899094949341e+10,7.771792786595237732e+10,9.319025631829309082e+10,9.041787453516748047e+10,7.023504156892022705e+10,5.639864454471987152e+10,6.717999284043739319e+10,8.146632045228698730e+10,6.459806947606563568e+10,5.681872984059205627e+10,6.677744497709535217e+10,7.253678301237170410e+10,5.297604237354259491e+10,9.049822693961677551e+10,5.270333391122294617e+10,4.222765513051188660e+10,4.867073300232258606e+10,4.506174363852863312e+10,4.185640780667431641e+10,7.962976905307040405e+10,3.609736732694662476e+10,3.777390265961376953e+10,3.782212419938157654e+10,3.742483519334861755e+10
2.886479544043819427e+10,3.486465584282952118e+10,2.914474028238143158e+10,3.670262160639431000e+10,3.672713576698110962e+10,5.126996306308122253e+10,3.348682784454735184e+10,4.466377481297109222e+10,4.869897667406737518e+10,6.287906223022755432e+10,5.976984939642591095e+10,4.595628412752870178e+10,4.320416700387951660e+10,6.226004523369606018e+10,6.184039726796755981e+10,8.048043731953083801e+10,6.229907461958251953e+10,8.371371401803561401e+10,6.565312078357355499e+10,8.913201323008894348e+10,8.757989406003210449e+10,7.437590374006460571e+10,1.007678205337215271e+11,1.036698804325812378e+11,1.187752090426089478e+11,7.196256010983630371e+10,8.423474661054618835e+10,9.704335961394502258e+10,1.025296995604570923e+11,9.641291400648565674e+10,8.694948143179142761e+10,1.134350948224955292e+11,6.721990707831177521e+10,6.462878115282751465e+10,6.143418529403227234e+10,7.303721709408055115e+10,8.366582033462181091e+10,5.208771968510921478e+10,5.942250249908390045e+10,7.902589427290754700e+10,7.390122043717141724e+10,7.393311320338719177e+10,8.325923137270451355e+10,5.201254529439199829e+10,4.610432621906670380e+10,7.981706715838925171e+10,4.928621397518087769e+10,5.578476577092930603e+10,5.681957515857043457e+10,5.336418582879055786e+10,4.780764537216090393e+10,3.921629136489691925e+10,6.366373396047112274e+10,4.963886298182836914e+10,5.185404149711455536e+10,6.497423153241888428e+10,5.747482808070900726e+10,8.806796814384173584e+10,6.460132934336498260e+10,4.833487692102300262e+10,7.105423026057301331e+10,7.171221957888214111e+10,1.374399252371792297e+11,7.520150423785501099e+10,8.081862327300813293e+10,6.317465029559396362e+10,8.917469764368084717e+10,1.165208451563168335e+11,7.516474744142489624e+10,8.891928438050173950e+10,1.090287775369419098e+11,1.492415645339852295e+11,8.950639948024024963e+10,7.367211597644892883e+10,9.214150996638853455e+10,1.437126025266230469e+11,1.205671266164208221e+11,8.869798281740975952e+10,1.498359984582126465e+11,1.002876937136437225e+11,1.004881741964324799e+11,8.233440723826885986e+10,5.551154367131733704e+10,6.780707346794839478e+10,1.144251718039239197e+11,9.422424926808924866e+10,6.059411017624740601e+10,7.904718637869570923e+10,3.506468633245501709e+10,5.090059635484764099e+10,6.694569856511114502e+10,5.234111910715469360e+10,5.302179301832735443e+10,3.976442695982990265e+10,3.010605702547100067e+10,5.232440208017155457e+10,2.801920166095529556e+10,4.848162869703000641e+10,4.969239230906384277e+10,4.352504023837065125e+10
2.645811327129852676e+10,3.814314405112216949e+10,3.745358248112900543e+10,4.437751205692414093e+10,3.919912482244458008e+10,3.616708049226102448e+10,5.361877545869414520e+10,6.605846694553330231e+10,4.635713462614102173e+10,5.047250093183613586e+10,8.402356354747444153e+10,4.788180362806682587e+10,7.723164371428906250e+10,1.090715230750181274e+11,7.717052665007171631e+10,6.655098556733187103e+10,7.023272687564154053e+10,1.034581346551981964e+11,9.959375322998425293e+10,1.354334220312497864e+11,7.672030215229295349e+10,1.109522053571632233e+11,1.271335345007378998e+11,1.037438214368938141e+11,1.080083388218903961e+11,1.276576575837933197e+11,1.071992372212921906e+11,1.072084118326719208e+11,7.840663927202090454e+10,1.446966916424146118e+11,8.704884198147131348e+10,1.386763300033847046e+11,8.336714322833621216e+10,8.751483074436860657e+10,9.441085364349162292e+10,1.194055137685437775e+11,6.978082405655751038e+10,6.572461257927304840e+10,8.288829546003063965e+10,6.951690959053059387e+10,9.201977673966752625e+10,5.911451029754527283e+10,4.518144125651142120e+10,6.193746995708189392e+10,6.373861868685813904e+10,6.303965362845918274e+10,6.197039388971485138e+10,7.310780487129914856e+10,5.507759851195977783e+10,5.125446358176024628e+10,6.228882274304595947e+10,1.000487233672950439e+11,6.228372394675660706e+10,5.176296300335230255e+10,6.014097594527397156e+10,5.073700838530287933e+10,9.226985260805187988e+10,6.205260714875304413e+10,6.288829431187889862e+10,6.438903527980296326e+10,7.223454945214459229e+10,5.101648959417548370e+10,7.910775835531976318e+10,5.133297521234685516e+10,1.169796266410898895e+11,9.684955784778887939e+10,8.152859688275730896e+10,8.740023325494689941e+10,1.190036067265367126e+11,1.096906123183780212e+11,8.843614288075044250e+10,1.041690466420316925e+11,1.477108140906069641e+11,1.091191391983919678e+11,1.080464985895691986e+11,9.737440204724729919e+10,1.114273459782858887e+11,1.141588987690648804e+11,1.296595817040896912e+11,8.737350458480171204e+10,9.284691695798037720e+10,1.012565540961020355e+11,6.961557967078871155e+10,8.782736960139109802e+10,5.850785944501441956e+10,7.595343789624940491e+10,9.243645086050077820e+10,8.000459795029330444e+10,8.946109859121334839e+10,7.068723020095455933e+10,3.945174215852307892e+10,3.192523552366101456e+10,6.154251120458225250e+10,3.833403380187919617e+10,4.600474367339247894e+10,4.365654179428742218e+10,2.956417019175195312e+10,2.917880924037517548e+10,3.378886705092013550e+10,5.730616340604131317e+10
2.948686795773022461e+10,5.277440358966861725e+10,5.164663624760131073e+10,5.730394505089035034e+10,4.172968037848011780e+10,5.785374636384409332e+10,3.899980640464177704e+10,5.789910811547330475e+10,8.672699063813716125e+10,4.065631004300068665e+10,5.896073740327744293e+10,8.374680958946701050e+10,5.951672023434058380e+10,8.286608859485911560e+10,9.216855938839404297e+10,7.154414925293763733e+10,1.565227962348666382e+11,9.235813081504405212e+10,1.101180018549425964e+11,9.340515785853825378e+10,1.242761313289768066e+11,1.628710056428215942e+11,1.283826209060315857e+11,1.145929769627975006e+11,1.204953150849027863e+11,1.197954240853130341e+11,1.227443652546907501e+11,1.157353776637714691e+11,1.186587599960808868e+11,1.101700250544953613e+11,1.189660335502019958e+11,1.318046793824998779e+11,1.095655578375530701e+11,9.840558827938017273e+10,8.219018218490734863e+10,9.598784778742086792e+10,6.645514858204518890e+10,8.015568943727156067e+10,9.498571871749324036e+10,6.320992463261983490e+10,1.173800525586746521e+11,7.908708852177458191e+10,1.142266739391507263e+11,6.312365321999942780e+10,6.744346806937208557e+10,4.815699128080555725e+10,4.317478602322076416e+10,5.464837534231103516e+10,7.392804361870828247e+10,6.748328559534856415e+10,5.614251687689895630e+10,4.059215347067249298e+10,5.004303333461833191e+10,5.662167683913742828e+10,6.551006405373485565e+10,7.866703816368804932e+10,7.549697922909622192e+10,6.490100730628656006e+10,1.195117417910626984e+11,1.067493754645338287e+11,9.251007623500543213e+10,8.846081485424151611e+10,6.072687089155919647e+10,8.168192146061268616e+10,9.637588298897839355e+10,8.978416653597131348e+10,1.054192701383602295e+11,1.090648449107707825e+11,1.241708071109013824e+11,1.455073599688303528e+11,1.352550707863967438e+11,1.837073511772608948e+11,1.062400806388089600e+11,1.310627345573279724e+11,1.272490999865462952e+11,1.783372266493821106e+11,9.910554078210072327e+10,1.386364390521266174e+11,1.451978130141205444e+11,1.289120919020510406e+11,9.611153197893666077e+10,8.680561293498741150e+10,1.076618068702847900e+11,1.460413502014594116e+11,6.962180641384474182e+10,7.245165449565641785e+10,7.175594306818820190e+10,8.403381155087588501e+10,6.320082904958332825e+10,6.184160530893214417e+10,4.471358209847521973e+10,8.181575058777700806e+10,6.162962033635410309e+10,4.681900171151396179e+10,5.268027344109404755e+10,5.002427121264529419e+10,4.610954793347353363e+10,3.096727248562820435e+10,3.921022561555115509e+10,4.668311323934904480e+10
3.358570176983565903e+10,4.169099777842507935e+10,6.130849522702600861e+10,5.072114842941703033e+10,4.638769277724822998e+10,9.994149371023957825e+10,8.706779512078884888e+10,7.347930352993135071e+10,3.080260778034996033e+10,5.249070215502224731e+10,5.094018934687599182e+10,1.066724543105207367e+11,7.082610105947001648e+10,7.597231074544683838e+10,7.924532315672302246e+10,9.855054673283909607e+10,1.072785918880982208e+11,8.470431801052070618e+10,1.100848974949606323e+11,9.219925644426535034e+10,1.487183956399562683e+11,1.236063170237919617e+11,1.687385282018757019e+11,1.055367290796599121e+11,1.208559402485606079e+11,1.110654760894391327e+11,1.238210251131027527e+11,1.728697392062857361e+11,1.619388622148240051e+11,1.299393837184317322e+11,1.585121322702555237e+11,1.941713252502820129e+11,1.122496636436740570e+11,1.171178066446925354e+11,1.332759929947635498e+11,9.286044397821658325e+10,8.682199166067694092e+10,7.675588292119688416e+10,1.229480720061560516e+11,7.761153111220909119e+10,6.173489023481584930e+10,9.921895603524761963e+10,6.406985096766249847e+10,1.011078335728525696e+11,8.114645128140585327e+10,6.982333567352526855e+10,5.574604444094715118e+10,5.457899646992195892e+10,8.065962562221134949e+10,4.546625868354559326e+10,6.085176719347647858e+10,4.397254344302696228e+10,6.232102154077216339e+10,6.340614793560649109e+10,8.006095645072303772e+10,7.755255343199667358e+10,5.132381460091472626e+10,6.060513111981308746e+10,4.073509819264369202e+10,6.933447198519515991e+10,9.435450701955010986e+10,7.295683906816142273e+10,8.891876685009757996e+10,8.967125870209877014e+10,9.796526284266319275e+10,1.411888757273092957e+11,9.748470610597518921e+10,1.034216404774385223e+11,2.048527441023949585e+11,1.606309406925134277e+11,1.345056445954639130e+11,1.531041480124805908e+11,1.396161906695525818e+11,1.338887640427017365e+11,1.306435260249828491e+11,1.216545874165927887e+11,1.213890143201355743e+11,1.588912597221454163e+11,1.411948370077619324e+11,1.494110733624405212e+11,9.119529416529002380e+10,9.897204645253190613e+10,1.258476123241793976e+11,9.371886719817257690e+10,9.112734984995401001e+10,6.718258389217826843e+10,5.211785521885487366e+10,6.544083086396549988e+10,7.978043604668446350e+10,7.858801192746939087e+10,5.964227647881661224e+10,6.462185393063500977e+10,4.113942094195151520e+10,9.989005112115057373e+10,7.090591633372296143e+10,4.360290487631057739e+10,3.719414343986837769e+10,3.960999277922448730e+10,3.969567405726162720e+10,3.414019110344136810e+10
3.361197160396728134e+10,3.663091552805264282e+10,3.855955997404193115e+10,3.355721183943523788e+10,3.043594849984938049e+10,5.749751663460720062e+10,8.459411101928695679e+10,7.146720726038655090e+10,4.938918705517845154e+10,7.487890957156234741e+10,8.291802812813148499e+10,6.783821004389131165e+10,5.839860641004615784e+10,6.801206860897199249e+10,1.038667962494799347e+11,9.318572822786505127e+10,1.025550765749120636e+11,1.305295682041691742e+11,1.070963536664235840e+11,1.360494835702242126e+11,1.233411711497858276e+11,1.506632822558740540e+11,1.210551690364148712e+11,1.220633431993112183e+11,8.118920768777281189e+10,1.121435657469718018e+11,1.193578940349171753e+11,1.347954902876189117e+11,1.936590351190914307e+11,1.791369920173190613e+11,2.244191757224263000e+11,1.470060870093502808e+11,1.173819578666004639e+11,1.171287719531339417e+11,1.540774369785326233e+11,7.373268626696774292e+10,9.708401684373327637e+10,9.207024053236991882e+10,1.105542901294110718e+11,1.191902988501540222e+11,1.046329793781708069e+11,5.519367691465213013e+10,9.723896709275619507e+10,6.656557361555418396e+10,6.403583748908166504e+10,5.783277919271494293e+10,5.468132668544329834e+10,5.273921833246758270e+10,1.529174737110812683e+11,9.349919938583869934e+10,1.055307338585551147e+11,6.054791370929343414e+10,7.488575037210459900e+10,1.073057020135270996e+11,6.176734709438116455e+10,7.343420089969528198e+10,6.070702752177919006e+10,8.612191431838087463e+10,6.988190968567172241e+10,8.499128660265344238e+10,7.992445215684767151e+10,9.902591476879890442e+10,6.886426750919296265e+10,7.053235015858483887e+10,1.392985786853320618e+11,1.224532266151958313e+11,1.094363247277894440e+11,1.283665730899466400e+11,1.006558721939540558e+11,1.680562772127305908e+11,1.763731221252508240e+11,1.319239966127779541e+11,1.462617528571987610e+11,1.151209847016586151e+11,8.401425433614335632e+10,1.196847365472050171e+11,1.169154159418892059e+11,1.214382225856381226e+11,1.352390064806868286e+11,1.626224988567592773e+11,1.377642012336124573e+11,1.245381976263483276e+11,1.559417045525446167e+11,7.450742220976065063e+10,1.041129009435802460e+11,9.370142572842549133e+10,8.318652105376219177e+10,6.331606230319081879e+10,5.657277099206833649e+10,6.691567689706593323e+10,5.974481787057337952e+10,9.545164752678302002e+10,5.635756504010939789e+10,4.787729213492626953e+10,3.918750357703860474e+10,4.340831600894735718e+10,3.602626837481407928e+10,2.391652312874540329e+10,3.344359293649034119e+10,2.507616169723633957e+10
3.716109952912430573e+10,5.463922937216811371e+10,5.221499420134259033e+10,2.985536118324362564e+10,3.227969720248042297e+10,3.176618877750304031e+10,4.632194586430339813e+10,5.726213916637857819e+10,4.548900485054542542e+10,3.666755567970158386e+10,5.943158800963169861e+10,4.300117688349431610e+10,1.012982231939160767e+11,7.788696859387918091e+10,1.217008689200743866e+11,1.089092421998594360e+11,1.165348118766780243e+11,1.294214685250827789e+11,1.442507545328315430e+11,2.132207976789811096e+11,1.850999780386856995e+11,1.241039266832307281e+11,1.521227891569029846e+11,1.044450727334670105e+11,1.094806231222569275e+11,9.071486333892207336e+10,6.357874359069944763e+10,1.365415864875376587e+11,2.180062637697651062e+11,1.341717548362541809e+11,1.569532188907550354e+11,1.699945433423913269e+11,1.371884073120124817e+11,1.196042079998537140e+11,1.029127088486314850e+11,8.605653236078176880e+10,9.685712631364584351e+10,8.272201013088977051e+10,7.394317480703057861e+10,7.455201927476684570e+10,5.547312088773568726e+10,5.173428635395443726e+10,1.063262271314911041e+11,5.095909666936735535e+10,6.654453187587856293e+10,5.039444865976423645e+10,5.355853935391810608e+10,6.826940192408469391e+10,5.186069881226034546e+10,6.759755322114151001e+10,8.746745324556961060e+10,6.820449992074675751e+10,4.928818165616447449e+10,5.432361543909234619e+10,8.690947439225469971e+10,5.981990518766123962e+10,1.160579695963460541e+11,6.920180575966641235e+10,8.379130089613015747e+10,1.212903212751812134e+11,8.063492801701969910e+10,7.118511856157659912e+10,9.076689048786871338e+10,1.032638442686326904e+11,9.902207391469648743e+10,9.394069088907986450e+10,1.045251590848912811e+11,1.042242670179261780e+11,1.813479223803297424e+11,1.632583827245434570e+11,1.584285852209354858e+11,1.865888413191028748e+11,1.133971145130506439e+11,9.671676602590127563e+10,9.416509996599992371e+10,7.263989569936772156e+10,7.986830227220845032e+10,1.522653431573129883e+11,1.570545509943855286e+11,1.615981705806165466e+11,1.970008875136934204e+11,1.883530140147186584e+11,1.295049920934753265e+11,9.036193575538017273e+10,1.108383846601338806e+11,1.013741096827602234e+11,7.681209051667721558e+10,6.239959966017565155e+10,6.353173033346591187e+10,7.046125851846121216e+10,7.625648000490771484e+10,5.503965475714368439e+10,4.285496803377969360e+10,4.179789893059928894e+10,3.986753752057601929e+10,4.487288331849446106e+10,5.516484394991484833e+10,5.826586797186086273e+10,4.086327767603298950e+10,3.490547979633782196e+10
6.233961799005356598e+10,4.673729541736251068e+10,3.859057319840190125e+10,4.408458699237339020e+10,5.239100973938665009e+10,5.073986504638670349e+10,2.985509479416713715e+10,6.280042657145673370e+10,5.521401606455249786e+10,5.248548534042308044e+10,6.469194521218784332e+10,6.827471391495227051e+10,8.068975218688168335e+10,7.739368165392091370e+10,6.679269941771218109e+10,8.354777746864442444e+10,1.237925147248884735e+11,1.627991293262478027e+11,1.764924949563807678e+11,1.900261823920699768e+11,1.932053413294147339e+11,1.766203451387759705e+11,1.075894721844562073e+11,1.020890976382004242e+11,9.136601433741006470e+10,6.164103115048390961e+10,8.213144212576652527e+10,1.028945114989896545e+11,1.817818132501042175e+11,1.829672619006975098e+11,1.379768376894978638e+11,1.541388600797089844e+11,1.195134665711353149e+11,1.194219291870072174e+11,8.677489104078741455e+10,1.040533593666873169e+11,1.019326193862470245e+11,7.701900424158259583e+10,9.354511767603459167e+10,9.749341770058610535e+10,7.452405371660627747e+10,9.190303773077558899e+10,7.898424669931687927e+10,1.044748096186180573e+11,7.451114762972625732e+10,1.008213280349519501e+11,1.005343427020071106e+11,6.372512779528646088e+10,5.956578734283489990e+10,6.756902769953926849e+10,5.490993729259496307e+10,5.062988689269333649e+10,6.004580437275417328e+10,8.215291890166882324e+10,8.694085378989245605e+10,7.381554809528196716e+10,9.687095902896313477e+10,6.834774002859372711e+10,8.355806097346788025e+10,6.689908032177161407e+10,1.003411445110492859e+11,8.217164251759005737e+10,1.083286862058217468e+11,1.223488310388810577e+11,9.902160467192883301e+10,8.773155640359197998e+10,1.158598486086227264e+11,1.938840152711228943e+11,1.272239163227627411e+11,1.687837715081324768e+11,1.710171343056931152e+11,1.415821553326078491e+11,1.376528368246383972e+11,6.312481445854786682e+10,7.241933582248419189e+10,6.492553610138291168e+10,6.282792348751022339e+10,1.122900921957297668e+11,1.790455287101902161e+11,1.229503225896729736e+11,1.809460756299963074e+11,1.038197675654422302e+11,1.363379474553155060e+11,1.098888263283656311e+11,8.954635708623164368e+10,9.837355589811950684e+10,8.425011661540681458e+10,7.890627168837094116e+10,5.726986339911330414e+10,4.977270228684197235e+10,6.520665760634020996e+10,6.314253673302453613e+10,1.049851851471189423e+11,4.364969361393165588e+10,4.559790725806464386e+10,6.377622493677951813e+10,4.727189774797943878e+10,5.111219304325520325e+10,4.529904470785512543e+10,5.453731575619070435e+10
5.363080231931129456e+10,3.200838290928827286e+10,4.300690607011380005e+10,4.244587976826728058e+10,6.975322309163171387e+10,7.206328884188247681e+10,4.367538220519570923e+10,3.672442812718747711e+10,5.938609695600199890e+10,4.846925272773983765e+10,5.569729497268516541e+10,8.127383289255561829e+10,9.351659180285896301e+10,1.092555911476880646e+11,1.305726319162379456e+11,1.113104290091077576e+11,1.334026815253063049e+11,1.042668305552304688e+11,1.355432074758634338e+11,2.317992160732093201e+11,1.911573857580448914e+11,1.770968997710270081e+11,1.175604415668309631e+11,7.581243940778488159e+10,6.615853718755123901e+10,4.937286422778471375e+10,7.162742363506338501e+10,1.031051667771475067e+11,1.771852273420682678e+11,1.546161431393254700e+11,1.602632062084709473e+11,1.571150325755181885e+11,1.306464213930641327e+11,1.148651358193591614e+11,1.256070667467224731e+11,1.123338495370953979e+11,9.544672518608648682e+10,9.860273626279957581e+10,7.879684692259951782e+10,7.065260803917837524e+10,1.148872839098956909e+11,6.466623472000411987e+10,9.905906796648912048e+10,6.174859025574864960e+10,6.023046453568683624e+10,9.336288086606405640e+10,9.264386708070619202e+10,9.197721196961381531e+10,7.127343206698086548e+10,7.017514721127909851e+10,6.417164062631758118e+10,6.589248303808320618e+10,5.706847421665702820e+10,6.138039942089469910e+10,5.479449985012693787e+10,5.858474845426936340e+10,5.363656613100586700e+10,8.872852116859184265e+10,7.252839098437664795e+10,8.455576425686233521e+10,6.773009688116207886e+10,8.900403401965864563e+10,8.714319463487161255e+10,8.938664117837413025e+10,1.404711352420191956e+11,1.300705603865501862e+11,1.239214017641458130e+11,1.335997841964475861e+11,1.248553137401240082e+11,2.089264753637376404e+11,2.458177738770383911e+11,1.615098891849591064e+11,1.268633792426542969e+11,7.829472702703300476e+10,6.219083798660074615e+10,5.904757347723289490e+10,5.882298128764072418e+10,1.043981842389572296e+11,1.650299311160132446e+11,1.683375439949281006e+11,1.760817189406521606e+11,1.569380513367906799e+11,1.496561326473905334e+11,1.688366096843282776e+11,1.011987668355675354e+11,7.227668185026399231e+10,7.129759470019277954e+10,1.118854501168803864e+11,9.661587823493360901e+10,5.637459467684117126e+10,7.540888896447369385e+10,5.975539066358065796e+10,4.974075271064645386e+10,5.308101919332408905e+10,4.607129092884854126e+10,5.831293488554151154e+10,4.602422161130199432e+10,3.083892570291950989e+10,3.710329646609677887e+10,3.485346136119618988e+10
4.903209087647480011e+10,4.547897673751762390e+10,6.755017019863866425e+10,4.796384627877625275e+10,4.233530455879278564e+10,4.345169577530677032e+10,4.719443455779015350e+10,5.520017081392352295e+10,6.711368782115031433e+10,6.484379572284821320e+10,6.307017877970168304e+10,8.596114464483987427e+10,7.065207841614808655e+10,8.876192356785041809e+10,9.678176674513742065e+10,1.248949842012140350e+11,1.053429399231630554e+11,1.501063897993060303e+11,1.557593506891188354e+11,1.356234147559998322e+11,1.786974898906408081e+11,1.449791533694691467e+11,1.217677212620691223e+11,1.097025593977198486e+11,8.399232892186688232e+10,7.973041834132670593e+10,1.306414176438354950e+11,1.405557104442223816e+11,1.668707862378276062e+11,1.239345295956035309e+11,1.943754634161569824e+11,1.460699769247687378e+11,1.461595299472204285e+11,1.221727491031318665e+11,9.363809455643531799e+10,8.875168253438072205e+10,1.627384680742389221e+11,6.901336967807635498e+10,8.460828693558023071e+10,8.056707594840199280e+10,7.446479149775498962e+10,7.245539025063957214e+10,7.753210688491958618e+10,7.909298256720109558e+10,6.713126760727526093e+10,8.446483668014465332e+10,5.969997148224664307e+10,6.318762197402677917e+10,7.407646197505683899e+10,5.027121351784871674e+10,8.822218841736616516e+10,1.204882685494040375e+11,9.195042987477024841e+10,1.472431700962947388e+11,7.375663272820962524e+10,9.949825610711195374e+10,7.349243477122070312e+10,4.789322575371622467e+10,8.377838793555201721e+10,6.083091700621933746e+10,7.299680426098690796e+10,7.392280480405014038e+10,1.107339017552795105e+11,8.357770541571681213e+10,1.232762220014745789e+11,1.060642844224532166e+11,1.080980380866708221e+11,1.286601937624092865e+11,1.255952704664824982e+11,1.538234452520874634e+11,1.851432672207019348e+11,1.697340316215795593e+11,1.323023317066679077e+11,9.165433898562675476e+10,7.199412780897720337e+10,9.351806254815000916e+10,8.992123758997657776e+10,1.325639364175344543e+11,1.678722267122050781e+11,1.786130530469822388e+11,1.701015652450382690e+11,9.531877029676081848e+10,1.005670049309487305e+11,1.012872607691757812e+11,1.237668843089965363e+11,8.923998003377870178e+10,7.273114289263655090e+10,5.300334990133662415e+10,5.024376117226921844e+10,6.442090280729642487e+10,7.258937317220365906e+10,3.806800774010974121e+10,5.749944089999559021e+10,4.346404800310428619e+10,3.463928784991093445e+10,4.241495011217658997e+10,4.584249988015900421e+10,3.351793984644824219e+10,3.561100091159044647e+10,3.711739631885886383e+10
2.598982969672907257e+10,2.676548642109706497e+10,4.031226401787271881e+10,3.842393939860998535e+10,6.362509872731990814e+10,3.525758722188931274e+10,6.480245273215469360e+10,5.788730072748902893e+10,7.319655382588406372e+10,5.067522950110192871e+10,6.602813214716327667e+10,7.590840945479202271e+10,8.328608071665487671e+10,8.398068578454090881e+10,8.925027320781773376e+10,8.612659934462261963e+10,1.937188488389899292e+11,1.009539156927566376e+11,1.275042134588267517e+11,1.527581089453525085e+11,1.759189388344652405e+11,1.285898399503600616e+11,1.214222480664259033e+11,1.026946817045504913e+11,1.136155877671781158e+11,1.695788850754336243e+11,1.150656728571268616e+11,1.384132159589480896e+11,1.516712511933752441e+11,1.336730521527472839e+11,1.578582530283777771e+11,1.452593178704970093e+11,1.274534775496361694e+11,1.261710679377815552e+11,1.109067434672839050e+11,1.205181552667973328e+11,9.629927187930464172e+10,1.085214438092370911e+11,8.087137667807034302e+10,1.014747027770975952e+11,9.761587933192054749e+10,1.139194174098888245e+11,8.507496131035478210e+10,6.848673484372133636e+10,8.719543374028700256e+10,8.709026785207882690e+10,5.384118287524228668e+10,8.631355605507772827e+10,6.220318561212169647e+10,8.991560817123081970e+10,6.650464005641875458e+10,7.746522781583561707e+10,6.563567643137162018e+10,5.508679604375374603e+10,4.479411464000632477e+10,8.236196719489627075e+10,5.972894876022545624e+10,7.341573803720196533e+10,7.299222838496383667e+10,6.544838535005623627e+10,9.100466053384928894e+10,5.613638611767102051e+10,7.000796013930804443e+10,9.104117617454463196e+10,1.119650655385294952e+11,1.061684243193778992e+11,1.059948639300632019e+11,2.687509530284851379e+11,1.410180780042904358e+11,1.235953706494216614e+11,1.410894194847232056e+11,1.232118069832035217e+11,1.709193967410784607e+11,1.095829895126694489e+11,1.243400957687712402e+11,8.695937704004011536e+10,1.318503390536502228e+11,1.404757341949890747e+11,1.646632772861940918e+11,1.770064448688937073e+11,1.210979637041643677e+11,1.302436900536135254e+11,1.220784720341904755e+11,1.224759377423816071e+11,1.132720614424636993e+11,7.746707102063310242e+10,7.928741181543724060e+10,5.110074054882870483e+10,6.626345272693059540e+10,6.013572080087223816e+10,7.016529362676603699e+10,4.527099543844539642e+10,4.375289732657569122e+10,4.988456504770315552e+10,4.816797514508247375e+10,3.588109167533840942e+10,3.955866719514655304e+10,3.105651831605074692e+10,3.284080960297001648e+10,2.998053607960814285e+10
4.001473062578977966e+10,3.585356491252769470e+10,3.640392805867164612e+10,5.011737875054013062e+10,8.880824841359463501e+10,4.609909153666067505e+10,6.812254409354250336e+10,6.747406073325508118e+10,7.602205571769493103e+10,7.667770687717178345e+10,6.789970114110660553e+10,6.112216909796708679e+10,6.290958042986863708e+10,6.218046448098484039e+10,8.339296790651518250e+10,7.356504475904040527e+10,1.172040737786561890e+11,8.374319263784034729e+10,1.107287282610541992e+11,1.969794836426875610e+11,1.350779277668188629e+11,1.675482676835112000e+11,1.062219114080096130e+11,1.461625615806680298e+11,1.146760595507875671e+11,1.200316630753347931e+11,1.422922178770708008e+11,1.576495612269795532e+11,1.119164165824342499e+11,1.431670401321221924e+11,8.444313923582841492e+10,1.453076513601233215e+11,1.118871455181110229e+11,1.000881489715329590e+11,8.846890843365429688e+10,8.250886301493038940e+10,9.887520957527261353e+10,1.135887193539741821e+11,1.112524415978386993e+11,5.759941188372987366e+10,9.636125406125221252e+10,9.074202225895396423e+10,6.458931798228664398e+10,8.031342286500320435e+10,4.603481271211894226e+10,1.151161496770050507e+11,4.784800358390315247e+10,5.592320287957939911e+10,5.006621165603247833e+10,5.217739144297911835e+10,7.708555520519305420e+10,1.269212706787949829e+11,4.922450545939169312e+10,6.729505716523735046e+10,9.122466274410006714e+10,1.143232821243504791e+11,6.864360081545345306e+10,7.428776767414430237e+10,1.210768929100762939e+11,8.161620174123094177e+10,6.812733248019528961e+10,6.799468025884825134e+10,9.436115809590252686e+10,9.146501060298413086e+10,7.604733213344635010e+10,1.317921758815540924e+11,9.224409775504057312e+10,1.136737266235639496e+11,1.392303768874101257e+11,1.456391135023323059e+11,1.525287410964214783e+11,1.641081710897852173e+11,1.745924460982068481e+11,1.394142008843476257e+11,1.231791056109453888e+11,1.006326665191310425e+11,1.171367213909398499e+11,1.655741131279423828e+11,1.366763560462451630e+11,1.218101022715049744e+11,1.697376261191954651e+11,9.558439673742694092e+10,7.696891976974632263e+10,8.004896694457481384e+10,8.325915341130493164e+10,6.407053009542716980e+10,8.222748347732113647e+10,6.746090257379991913e+10,7.468348442324584961e+10,7.129212407988969421e+10,4.609766481820148468e+10,5.068189762944870758e+10,1.030949139333443909e+11,4.933137268883682251e+10,3.845919097312992096e+10,7.122034694763420105e+10,3.436690468634973907e+10,3.370350117974784088e+10,4.052937100667784882e+10,2.543592033658361435e+10
4.284121911201251984e+10,4.994287358646061707e+10,3.575004135041941833e+10,3.548342570809635925e+10,3.563880141387640381e+10,5.764651614763509369e+10,5.400400374196112061e+10,4.442081798062714386e+10,8.677657148125547791e+10,4.628956056863343048e+10,1.009077836596524200e+11,7.095551433441598511e+10,7.951336399300436401e+10,7.991089698121899414e+10,7.600185728544277954e+10,1.280217560112473145e+11,1.075541823732486572e+11,1.078416914509559937e+11,1.267455227826080322e+11,1.447069857150004272e+11,1.142701535762515869e+11,1.280542000168363342e+11,1.813916282785706177e+11,1.297204912462626495e+11,1.092157245546209717e+11,1.426805506065676270e+11,1.490468612947262268e+11,2.073976034029574890e+11,1.319041373913696747e+11,1.099827687587838440e+11,1.230971828193453522e+11,1.017931845854566803e+11,1.027935464892350006e+11,8.503849685924752808e+10,8.128227023094273376e+10,6.948997900892823792e+10,6.466999513905398560e+10,1.223343557473094940e+11,6.745150803537465668e+10,6.331009409198461914e+10,6.965852688755210876e+10,7.074163017437403870e+10,5.812570517996446228e+10,7.015786642605307007e+10,5.335422896776728058e+10,7.271835043407992554e+10,8.788669343151345825e+10,3.923268616958642578e+10,3.701802630244979858e+10,5.364700832944992065e+10,7.448113763776828003e+10,6.270158068275068665e+10,6.716793573979621124e+10,5.445917595470578766e+10,5.695361996176548004e+10,8.713590032276158142e+10,7.099784868592883301e+10,5.948615777359323120e+10,7.392841990669552612e+10,7.197295611823623657e+10,6.691005252402561951e+10,8.284015232648089600e+10,5.468502739703584290e+10,1.402277121642306213e+11,9.381888044143237305e+10,7.525849168342343140e+10,8.475576260476516724e+10,8.979323310564320374e+10,1.085182885839418182e+11,1.179456107856935730e+11,9.882057304213522339e+10,1.211353858800697937e+11,1.636839259301598816e+11,1.552103490919261780e+11,1.074633282415256500e+11,1.029436866212339783e+11,1.972962728734163818e+11,1.223755529750469971e+11,1.239721531640992584e+11,8.647640853547940063e+10,1.231946370521575623e+11,1.177182453009178162e+11,9.072042498026861572e+10,9.176278897597407532e+10,1.103893042451507874e+11,1.173764502082368774e+11,4.891824437135243225e+10,5.632217768538954926e+10,5.780656962009496307e+10,6.705974934593399811e+10,4.931903118681977081e+10,4.256997597636100006e+10,4.207525572906025696e+10,5.740900966809131622e+10,4.832003029893863678e+10,6.150907255022087097e+10,3.170231861230369568e+10,3.163275268854569626e+10,4.393378228570279694e+10,3.633492437616812897e+10
5.636305162126675415e+10,3.316085252673630905e+10,2.912926134565920258e+10,3.033188200186481857e+10,4.960438719681748199e+10,5.515601574273654175e+10,7.780360985825923157e+10,7.247986940074147034e+10,4.999385322923354340e+10,8.092605376744485474e+10,5.351472037535282898e+10,7.561350836908073425e+10,6.231936739454436493e+10,5.237421755166262054e+10,5.699065011467860413e+10,6.319903447217204285e+10,1.116523488382439270e+11,9.477593326567234802e+10,1.207579735695287170e+11,1.137007790129944611e+11,1.342239203511743774e+11,1.083120993294245453e+11,1.147998775279176636e+11,9.402333516920753479e+10,1.333786691110839233e+11,1.500868756890707397e+11,1.720707018436443481e+11,1.341824422973230743e+11,1.429671338198598022e+11,1.236955333221497345e+11,1.041024444775486450e+11,1.134067538895769806e+11,1.517285688991925659e+11,7.398754871248443604e+10,6.661981284615126038e+10,8.218305811990745544e+10,6.807675202000325775e+10,7.228440150711480713e+10,5.981613441713123322e+10,6.439048499126528168e+10,7.306594026937307739e+10,5.649327768494744873e+10,5.975142334083124542e+10,7.685566708357621765e+10,7.796146753082759094e+10,6.413102215651045227e+10,4.893521092495108032e+10,7.454259765824281311e+10,8.088986591909704590e+10,6.164928009097033691e+10,6.543208590264308167e+10,6.174415878961971283e+10,6.392130697493787384e+10,6.277931118244615936e+10,5.324598129467951202e+10,6.264742968885231018e+10,5.871287465260653687e+10,5.385739932083761597e+10,5.181907959106105042e+10,4.233887227378626251e+10,6.233781548106537628e+10,7.054814091986236572e+10,7.880802264547514343e+10,1.177562350997293091e+11,7.312571442778182983e+10,8.171025790668772888e+10,7.416748118091711426e+10,9.728302568486459351e+10,7.517710975369903564e+10,8.640641782004052734e+10,1.543306867311784058e+11,1.167262999835665436e+11,1.145110254513583679e+11,1.264317530027038879e+11,1.056597783309413757e+11,1.241031954324055328e+11,1.114743857847642059e+11,8.403613702146232605e+10,1.157297127687062683e+11,1.175565818505372620e+11,8.220400873662504578e+10,1.151125999178883057e+11,1.119512281727037506e+11,7.647790750923278809e+10,9.690912493413026428e+10,7.605042773875773621e+10,6.174732499921531677e+10,4.931960957764382935e+10,6.315426042524131012e+10,5.524282277143808746e+10,6.689561904614172363e+10,6.048690502021089172e+10,6.273644527032724762e+10,4.196790111414244843e+10,4.774784020648751068e+10,6.251555089471380615e+10,2.630866417526869202e+10,2.963731420226718521e+10,4.184094707618464661e+10,5.019491899088862610e+10
2.965830598381689835e+10,3.002420175599916840e+10,5.155155124396730804e+10,5.364707821521173096e+10,4.476515605042227936e+10,7.902761177651792908e+10,4.114192079198111725e+10,4.835770295796539307e+10,3.965664662029079437e+10,6.890265188109823608e+10,4.713219913640591431e+10,5.028150914824441528e+10,6.071475637406730652e+10,5.080696306917897797e+10,6.716286506439131165e+10,7.274787863082792664e+10,7.167073667751818848e+10,6.322578705188642120e+10,8.551366864617976379e+10,9.769800533181430054e+10,1.218204609187769775e+11,1.353248115975505219e+11,1.513768085494455872e+11,8.537731693642697144e+10,9.905956659463653564e+10,1.196057950157368011e+11,1.127937418455721741e+11,1.130045156472872925e+11,9.161213720410351562e+10,8.544198629642732239e+10,1.242440764862902222e+11,8.386644621152145386e+10,9.225424990410708618e+10,7.521681681975459290e+10,8.282765962243827820e+10,8.353350413132141113e+10,5.042899671667794800e+10,7.140101951669725037e+10,7.917491945883982849e+10,4.492643113569262695e+10,5.610619598448869324e+10,8.097679491271939087e+10,6.273703254127701569e+10,6.532983310766294861e+10,7.628196724959059143e+10,5.086171701199136353e+10,6.092608149121228027e+10,6.867226653994937134e+10,5.981639534240193939e+10,6.317056558167366028e+10,5.271050526882872009e+10,4.743080863911611938e+10,6.039632265122377777e+10,5.078683835256266785e+10,6.238659929484073639e+10,4.365206812621868896e+10,6.299679203406516266e+10,7.080528939163986206e+10,5.875205915700534058e+10,7.723088009304811096e+10,5.560741533367839050e+10,7.356014427350848389e+10,6.284370937388731384e+10,1.078180216530807037e+11,5.696243344012971497e+10,1.003122441769819794e+11,6.972195407178640747e+10,7.068409174213940430e+10,8.214968650259695435e+10,7.522537077450248718e+10,9.119522905156065369e+10,9.397330801783554077e+10,8.568713631581065369e+10,1.056983821161944580e+11,7.256341224420051575e+10,8.884869893269126892e+10,8.913033154432063293e+10,1.049182815850054169e+11,9.720610225269599915e+10,1.135839815269744110e+11,8.033723022662852478e+10,8.492672723457315063e+10,7.710004081731185913e+10,7.417555568906193542e+10,5.716055763038168335e+10,9.089881487167691040e+10,6.087949858058605194e+10,6.081131020298889923e+10,4.149412523745790100e+10,5.142884168451414490e+10,6.752587040179744720e+10,3.886802988816842651e+10,3.813291780585516357e+10,5.769277155161671448e+10,4.168503214591516113e+10,6.173052614667956543e+10,2.695140032146143341e+10,3.215295552244203568e+10,3.076763698882251740e+10,3.135761949852353668e+10
3.812862686061522675e+10,3.037607810975694275e+10,3.526858570697074127e+10,5.131151270542643738e+10,5.159086779002780914e+10,5.235897956058795166e+10,6.754014096642911530e+10,3.577735326952658081e+10,4.420910741608737183e+10,3.135722841373202133e+10,4.085222142436219788e+10,3.123343763089616776e+10,4.945735075732808685e+10,5.540662953412030029e+10,8.034807674069409180e+10,6.589769765709674835e+10,6.224567321213166046e+10,9.162637549533233643e+10,5.556001911326028442e+10,7.072138458808395386e+10,8.036945804522233582e+10,1.221389939156930237e+11,9.215669579388534546e+10,1.348243937900974884e+11,9.995923075907127380e+10,8.349180812322880554e+10,9.698688043813130188e+10,9.464877452060984802e+10,8.963264676876713562e+10,6.409582837216586304e+10,1.040638167960566559e+11,1.238157184708975372e+11,5.633075955605013275e+10,8.459571834350637817e+10,1.019505946804179382e+11,8.755957189311462402e+10,5.565515168540856171e+10,5.725620155149329376e+10,8.284895356411099243e+10,4.598430832383524323e+10,5.099436815214988708e+10,6.133784384200395966e+10,7.553885564346478271e+10,4.533980262565858459e+10,4.320904164203794098e+10,8.180189691172908020e+10,8.499836861763049316e+10,9.571279096644317627e+10,5.432385441087432861e+10,5.513428379749960327e+10,6.018131522934829712e+10,3.768968913890104675e+10,5.356401691878401184e+10,4.139376851033818817e+10,4.894579571608557892e+10,4.991424248927680969e+10,4.640407747344695282e+10,6.744805199630604553e+10,6.262806154032214355e+10,5.154543673511683655e+10,6.180497232862961578e+10,7.954962925039161682e+10,7.399444838604254150e+10,7.067540929553251648e+10,8.448918843692126465e+10,7.548941681555798340e+10,8.093206690784596252e+10,7.316951975037870789e+10,1.102286504768843842e+11,8.891196867808966064e+10,2.004353005460575256e+11,7.517987750046343994e+10,8.659453687642982483e+10,6.998622276876878357e+10,6.821471878503058624e+10,2.079747767936069031e+11,1.205670744610243225e+11,6.417509008503836823e+10,1.248650339563004608e+11,1.089309863650569458e+11,7.457662746059677124e+10,1.525266896737151489e+11,8.868832682351737976e+10,7.566009648137719727e+10,6.516095246816798401e+10,8.619930345613662720e+10,5.715215256943678284e+10,6.183554952019972992e+10,3.370258781724021912e+10,4.721914796858747101e+10,8.314328756620887756e+10,4.744549689069361115e+10,4.216211932973040771e+10,3.962604894299584961e+10,4.331241398614582825e+10,4.257825094187801361e+10,4.088803631977873230e+10,3.228236518497593307e+10,3.494275442110705566e+10,2.755695307072386169e+10
2.725045888438310623e+10,3.346751192182357025e+10,2.427011447049090576e+10,6.385739191975172424e+10,3.186248794991713715e+10,5.322661473699706268e+10,3.385525252165222549e+10,4.190024856153163910e+10,4.035887857929576874e+10,4.643043393707371521e+10,3.785897227421932983e+10,5.045086605577224731e+10,5.978229846829452515e+10,6.755075385180744934e+10,5.095892576493760681e+10,6.022427137682527924e+10,9.251417212091186523e+10,8.367112400550253296e+10,5.816743834007289124e+10,4.675853918589121246e+10,8.352186491765113831e+10,6.350495631255663300e+10,6.625791762633905029e+10,1.007724286038639221e+11,7.386903144328666687e+10,1.041871024348454590e+11,7.325721737376356506e+10,1.380562975573522949e+11,1.301372094199657440e+11,6.658143200634023285e+10,1.118722571793723450e+11,5.540163162328701782e+10,5.757346754884751129e+10,7.126783312608811951e+10,1.451898966333952637e+11,5.596306707410162354e+10,5.747991699453693390e+10,6.269750673098735046e+10,6.306785386726218414e+10,6.338924936677828217e+10,5.848432382063318634e+10,3.504052635171665192e+10,3.313910623543498230e+10,7.462252381761538696e+10,4.799139754501406860e+10,4.213487667322276306e+10,5.173500128760005951e+10,5.228892724079957581e+10,3.637969605142760468e+10,3.822593638450682068e+10,5.613126649452342987e+10,5.386201357099494934e+10,1.035292680564252167e+11,4.762991681293247986e+10,5.025059703935749054e+10,5.891656329689629364e+10,5.305632206050538635e+10,5.465792446999399567e+10,6.415506647939387512e+10,5.297164238288394928e+10,6.099673885213648224e+10,5.731263575915617371e+10,7.013478718115010071e+10,7.600578091512187195e+10,4.766431589788226318e+10,5.153329618420454407e+10,6.345142869359248352e+10,7.213042275630981445e+10,1.067089191394158020e+11,7.525015533856678772e+10,7.546541508387988281e+10,6.543482188287053680e+10,9.832431149000939941e+10,7.740970710523228455e+10,6.590066335179219055e+10,6.099995664085656738e+10,6.974115717684216309e+10,7.055175854385397339e+10,6.987530522788841248e+10,1.307153636384802551e+11,5.168731647414387512e+10,8.965686028514801025e+10,6.444699795598667908e+10,7.593135529501451111e+10,5.749767834910285950e+10,5.869432727936902618e+10,5.511947150407557678e+10,4.959644916059462738e+10,5.183818830185237885e+10,5.917717527029428864e+10,6.067907685850543213e+10,3.282511259166806412e+10,1.315013381627194977e+11,3.656597897162690735e+10,3.885450623570309448e+10,3.980840865997162628e+10,3.217948124251960754e+10,3.200461661030322647e+10,2.765137091377074432e+10,2.267286789180072784e+10
3.085880003783948898e+10,3.556308481725382233e+10,3.202108436384658432e+10,6.156633530153278351e+10,7.208308846743136597e+10,2.890592330423247528e+10,3.595885030142437744e+10,5.132754526828096771e+10,5.532588267882632446e+10,4.495128302847848511e+10,5.389613932624765015e+10,4.497332960389562988e+10,4.179987392319165039e+10,5.744563100720145416e+10,5.454884266426116943e+10,4.132018494946527863e+10,5.307078641389995575e+10,5.505410146006665802e+10,5.031721571971580505e+10,1.077502689241489868e+11,6.306796807019535065e+10,7.232364860289945984e+10,7.699697358550354004e+10,5.201890589697531891e+10,7.262431946565985107e+10,6.686781812760751343e+10,5.286448294496607971e+10,7.192922676795147705e+10,8.262151443021116638e+10,8.904225382870297241e+10,6.523627203151670837e+10,9.439932747477517700e+10,6.339131806086808014e+10,4.542538234792826080e+10,4.926591828759543610e+10,1.716372893844511414e+11,5.759941112783254242e+10,4.950460962670086670e+10,4.254475834989941406e+10,7.129027872842396545e+10,5.108189977929556274e+10,4.119307230742926788e+10,4.742242134101398468e+10,6.188624757962899017e+10,5.140278780343235016e+10,5.410105264253075409e+10,5.353783270237762451e+10,3.331108782361884308e+10,6.013308863687351990e+10,4.700058279888719940e+10,4.003979316682172394e+10,4.720899853428507996e+10,3.460879804400115967e+10,6.493611211935633850e+10,5.545671517684916687e+10,5.521055566049782562e+10,5.035917785269724274e+10,4.589408314958541107e+10,4.943792810714590454e+10,5.910762631386241150e+10,4.567488196971939087e+10,5.731786828990211487e+10,5.435990228954373169e+10,4.617552239218324280e+10,6.589363841649662018e+10,7.786760420806887817e+10,6.900344307583898926e+10,7.081826425015968323e+10,6.059887139809165955e+10,6.880849156343080139e+10,7.823348349780372620e+10,8.399816115501538086e+10,5.806451127906380463e+10,6.198560201345261383e+10,7.833895186236015320e+10,6.482914213230367279e+10,7.947690065912132263e+10,1.056770200798367310e+11,7.723324490581761169e+10,9.230392710914320374e+10,6.321808217365688324e+10,5.435326882180781555e+10,5.889915717632164001e+10,5.413811901547721100e+10,4.918435227049074554e+10,5.867256300823217010e+10,3.959596018654621124e+10,4.680840156997144318e+10,5.647597638732569122e+10,4.017471569683255768e+10,3.608843706291233826e+10,4.303871961245771027e+10,3.854198762315058899e+10,2.766409573083033752e+10,2.931736128993593597e+10,3.974638309916909027e+10,4.877579991247109222e+10,3.034249146608721161e+10,2.433979257132322693e+10,3.771556775858914185e+10
3.350742119731121826e+10,4.405888511853651428e+10,3.122600905662453079e+10,5.006008526188006592e+10,3.573958618024396515e+10,3.342266710825584412e+10,4.061943611220457458e+10,5.911204992662670135e+10,3.775247675837335968e+10,3.855060215888198090e+10,3.667337147950877380e+10,3.905127098730278015e+10,5.246500128214026642e+10,3.622778940156160736e+10,5.375623886300677490e+10,6.613458735690009308e+10,7.132474397268702698e+10,6.966413547097671509e+10,6.016255097304513550e+10,6.302954717587963867e+10,8.431710052572232056e+10,4.220727306501247406e+10,6.817125847393164062e+10,6.051806886982260132e+10,5.521142411795124054e+10,4.525635129786495972e+10,6.972602504067205811e+10,7.329878784414869690e+10,5.322508502010804749e+10,8.851341926166198730e+10,8.850806852175372314e+10,4.811036961463635254e+10,7.016536451558151245e+10,9.606300145290509033e+10,6.361420587329360199e+10,2.990042465119989395e+10,4.205648385512207031e+10,5.177823179479367828e+10,5.837568327758527374e+10,4.170151228045879364e+10,5.136533059799676514e+10,5.508124901086540222e+10,3.352296306288517761e+10,5.291273672071811676e+10,4.605795717998155975e+10,7.322346735309355164e+10,4.703531733510225677e+10,6.012260957298621368e+10,8.002227816100750732e+10,5.436627159357534790e+10,7.470128826828675842e+10,4.439578967053081512e+10,3.193668578517863083e+10,2.921055653754786301e+10,5.010533824094873810e+10,6.064857555188585663e+10,5.591176751445719910e+10,5.727926094753093719e+10,4.973246979915649414e+10,4.944126961322208405e+10,4.251906816385755157e+10,4.611561159321539307e+10,5.760644067943503571e+10,6.244447073281645966e+10,5.865267805837047577e+10,6.578874362493889618e+10,7.696716961140554810e+10,4.212048836611255646e+10,1.407626653930224609e+11,1.486172937628913574e+11,6.063252890694170380e+10,7.414730892823869324e+10,5.411196086819783020e+10,7.334896672722871399e+10,7.204810637696134949e+10,4.805119055908236694e+10,7.326933365540403748e+10,5.927968308760743713e+10,6.252529825999301147e+10,8.768153809364923096e+10,4.853342321651696014e+10,7.509860444870228577e+10,5.097714951178089905e+10,4.125641528096067047e+10,9.918748945404850769e+10,5.113705499301512909e+10,4.666376122371186066e+10,6.057100792248108673e+10,4.404302102868383789e+10,8.701529021635952759e+10,3.037290930034768677e+10,4.248959493897000885e+10,3.504587299881726074e+10,6.637367625143824768e+10,4.626184366266833496e+10,5.460426947804697418e+10,3.108723788001555252e+10,2.840183584155280304e+10,2.775768767045365143e+10,3.235738738356723404e+10
2.717410643323179245e+10,1.906546887209615707e+10,2.906225391409141922e+10,3.789763913316883087e+10,4.721852235295604706e+10,3.863542682394746399e+10,3.343882802106752777e+10,4.932851799014069366e+10,4.406861462302036285e+10,3.345596201102123260e+10,6.171867055066220093e+10,5.514469008364805603e+10,3.989766990809234619e+10,3.680396618807703400e+10,4.114749766904453278e+10,5.139959206222933960e+10,4.310849244228414917e+10,4.027331514111416626e+10,5.328467591443065643e+10,4.467708720528581238e+10,7.338741722476788330e+10,6.849284155426927948e+10,6.232403270964302063e+10,5.026294546780594635e+10,5.245446056440163422e+10,8.820678237392988586e+10,4.969033318298459625e+10,5.009650019865197754e+10,3.726587388898029327e+10,5.498274897825026703e+10,8.542006444285372925e+10,5.566016966476795959e+10,9.751631278715267944e+10,6.274473088760980225e+10,5.567809303743868256e+10,9.557231247729893494e+10,4.358833002570131683e+10,3.557028726092187500e+10,3.834331168127612305e+10,4.908957815588852692e+10,8.807773018145686340e+10,5.865143955524929047e+10,8.072457684806715393e+10,4.315248380591627502e+10,4.338309880592192078e+10,4.440171634407753754e+10,5.689586505097147369e+10,3.066878991375904465e+10,3.909558599306086731e+10,4.097106020223983765e+10,4.797831811292897797e+10,4.269154606876722717e+10,6.504183383933461761e+10,5.390449982298346710e+10,4.770742809794412994e+10,4.146262083171399689e+10,2.611808084103081894e+10,4.962879853185417938e+10,6.206373671294515228e+10,4.689886560000003052e+10,5.575759898009590149e+10,4.160998962078796387e+10,4.796971680390925598e+10,5.670754522975162506e+10,4.869210745647188568e+10,4.417822578106720734e+10,5.582986871427894592e+10,3.767028546772126007e+10,8.413195215428591919e+10,8.217486345497050476e+10,3.975861541585484314e+10,6.048014005476338196e+10,7.020444430841712952e+10,7.474027326384161377e+10,6.090248583479905701e+10,6.347109107095502472e+10,7.529290990813894653e+10,7.807391407474450684e+10,6.059778967698748016e+10,5.309614671044836426e+10,4.125736697990126038e+10,7.117141746066004944e+10,4.431653117837390137e+10,6.348335273194821930e+10,5.476181398367482758e+10,3.736373336778725433e+10,3.918200870807424927e+10,4.042867096345941925e+10,3.952277846987134552e+10,4.568661888162181091e+10,2.804855618210942459e+10,3.105264769070746613e+10,3.545547666674867249e+10,4.331127046607859039e+10,3.673067294818158722e+10,3.092658426480904388e+10,4.857405536742950439e+10,5.033689748572284698e+10,4.380896704013641357e+10,2.345795280356027603e+10
2.728803152402844620e+10,2.967489404600885391e+10,5.288184547608140564e+10,5.203187476262229156e+10,3.005646680701938248e+10,3.754674769902047729e+10,3.195933887755921936e+10,2.338555382551432419e+10,4.430260836689456177e+10,3.971774347178054047e+10,3.319199232670896530e+10,5.098433160418553162e+10,4.308232079316320801e+10,9.203236706021536255e+10,3.607616947747514343e+10,4.189315057743863678e+10,5.792754582675411987e+10,4.377546807104619598e+10,4.787207566752153015e+10,7.024264555700585938e+10,7.677278413932167053e+10,3.784995832410090637e+10,5.286193090947865295e+10,4.982900318267381287e+10,3.900998739874154663e+10,7.424046057257135010e+10,4.972810180784015656e+10,5.648200719407597351e+10,7.264588810618730164e+10,6.708152156364562225e+10,4.550228620198320007e+10,6.248936894462406921e+10,4.135870731954756927e+10,4.969832106666020203e+10,4.374243937468760681e+10,5.372819858168435669e+10,3.076028528256549835e+10,3.907459039165887451e+10,4.006582525354935455e+10,2.638397325689313889e+10,5.838629229979051971e+10,3.883524770029848480e+10,4.153367733409822083e+10,5.375845040995543671e+10,4.904812976547159576e+10,3.388108559385336304e+10,5.861665680417150116e+10,8.251929457828787231e+10,7.708272097414421082e+10,3.683983594772726440e+10,7.985766683825018311e+10,6.513470079988668060e+10,2.965012619216167068e+10,3.830556987717754364e+10,5.851832957185100555e+10,3.040793052017728424e+10,3.668353866341458893e+10,3.580859071562087250e+10,9.469903079809870911e+10,3.510893594438172150e+10,2.677407906172546005e+10,4.152936954536505890e+10,4.014783272343537903e+10,5.697037629846718597e+10,4.776732577872376251e+10,6.818595185672043610e+10,5.453622509487843323e+10,6.539082181233214569e+10,3.625529039782713318e+10,4.896017142766568756e+10,7.813708632665168762e+10,7.552077681844342041e+10,6.714154188893056488e+10,5.339977135394596100e+10,6.332060236169789886e+10,9.978622701090667725e+10,5.336823867081648254e+10,5.103808901420429230e+10,5.088129718572940063e+10,7.115339014874708557e+10,6.434644232530890656e+10,4.332773384176843262e+10,5.751598659350709534e+10,6.748946326440569305e+10,3.719435803336794281e+10,6.345122637173711395e+10,4.049385779141035461e+10,7.336742164876448059e+10,5.910631802299742889e+10,3.607338086227268219e+10,4.048733640828501892e+10,3.894374338489888763e+10,3.024070761991527939e+10,3.511111510519426727e+10,4.651712046703244019e+10,5.250844459882036591e+10,3.444714700621994019e+10,3.455189901060972595e+10,3.654172155871900177e+10,3.566246151843312073e+10
2.971940949965784454e+10,3.524069000945703888e+10,2.840790597322452164e+10,6.824259387339961243e+10,1.972383667380095291e+10,3.404002949992088318e+10,3.411889819000629807e+10,4.186479145071645355e+10,3.061130889149840927e+10,4.213920554903490448e+10,7.020420508572645569e+10,3.919861251593387604e+10,3.730792575075173187e+10,3.326446894722409821e+10,2.951644215286162949e+10,3.193106920206000137e+10,4.793303395165028381e+10,4.333604231192546082e+10,4.250089484380910492e+10,4.301938247212412262e+10,4.934919017935564423e+10,4.576340719327574921e+10,6.141038787457034302e+10,4.457899917919084930e+10,5.842809081760594177e+10,4.893215661892105865e+10,5.885899379402783203e+10,5.895231691875445557e+10,5.121576173451239777e+10,5.803485327017218018e+10,3.826595237145047760e+10,5.094236197656719208e+10,7.631089881191952515e+10,6.133822870464749146e+10,3.646589447928725433e+10,3.528993399492784882e+10,4.750414770879201508e+10,5.015733386766249084e+10,8.068472425454437256e+10,3.791148739963310242e+10,2.534359869351509476e+10,4.598681987878840637e+10,4.162087756920340729e+10,2.997046517075457001e+10,2.994828424171000671e+10,2.556668858553348923e+10,6.379792973395602417e+10,5.869353727357581329e+10,4.053804929971847534e+10,3.415749628922801971e+10,3.483464329640512848e+10,5.097366622406519318e+10,3.699084531518352509e+10,4.952518069705116272e+10,4.471414444993262482e+10,3.634768043323661804e+10,3.461407544491600037e+10,4.078921726389898682e+10,3.715891541743762207e+10,4.888932943799019623e+10,3.188844869977763748e+10,3.131905358496995926e+10,4.733494410558936310e+10,6.329138810505690765e+10,3.110806378211230850e+10,4.705903825501973724e+10,3.260404708018361282e+10,4.088128559482597351e+10,6.790935419532482910e+10,8.077699423185375977e+10,6.952455324291213989e+10,6.950005509503387451e+10,4.562726311142727661e+10,5.894776932683199310e+10,6.774117312218087769e+10,3.201586976098371124e+10,4.622395102075918579e+10,9.036901844397381592e+10,6.102458892545934296e+10,4.375452192084870148e+10,5.294896337729090881e+10,4.466333916723995209e+10,4.290051004625402832e+10,4.379539994898628235e+10,4.920681756573284149e+10,4.050549451458132935e+10,6.250515430935588074e+10,2.895264069338408279e+10,2.738350050614343643e+10,1.296078406123507233e+11,2.975979133800891495e+10,5.078851611175672150e+10,3.161432644302531433e+10,4.085336982723223114e+10,3.334278947197179413e+10,4.360671953122022247e+10,2.911682200477533340e+10,5.300391051137134552e+10,3.438481651361589050e+10,3.319859341580992508e+10
3.775334410115386963e+10,4.453137055794342041e+10,2.619818676940073013e+10,3.250271743715024567e+10,2.775529120117618942e+10,5.134990167398475647e+10,4.613418155592835999e+10,2.549708710879535675e+10,3.448923179808894348e+10,3.972738711692198944e+10,5.376419178592904663e+10,3.569323876851270294e+10,2.860695715009002686e+10,5.256589131591191101e+10,3.101351765580783463e+10,6.251967696540924072e+10,5.453762565137365723e+10,4.833275915158950043e+10,3.689326737986732483e+10,8.678252186460900879e+10,5.675854688729144287e+10,3.326851605858397293e+10,4.348919167311771393e+10,5.602832857140373993e+10,4.212061121907366180e+10,3.639565844120767975e+10,3.759940654525721741e+10,4.866772989917697144e+10,4.344498745898545837e+10,4.286281296602359009e+10,3.506841553236855316e+10,8.853928005059698486e+10,6.631460002779735565e+10,5.034147756694025421e+10,3.368504669570320892e+10,4.639001128524394226e+10,3.930848319729450989e+10,7.357209146644264221e+10,3.571606592510462952e+10,6.752608349000637817e+10,5.325433283540407562e+10,4.606960303864476776e+10,4.054640949135390472e+10,5.577926079058930969e+10,3.222891511455141068e+10,2.911300857445567703e+10,3.896829268423703003e+10,5.617624414219048309e+10,2.247713726682991028e+10,3.627802263425392151e+10,5.818810563540527344e+10,4.277262337408032990e+10,7.255404851521472168e+10,3.943009355592388153e+10,3.038638345556171799e+10,3.085615669942748260e+10,8.700766605535702515e+10,3.511473017588862610e+10,5.613395338356771851e+10,4.248043973983952332e+10,4.880461921077825165e+10,5.049200403654234314e+10,1.063293621248163147e+11,3.896617530953516388e+10,5.603101828272218323e+10,4.258058131590489960e+10,8.115416224941485596e+10,3.471712063509397125e+10,3.773397634025665283e+10,9.152779741911013794e+10,7.192759531009820557e+10,4.696639657961453247e+10,5.142997206747959137e+10,3.493591765455771637e+10,4.942149646138218689e+10,8.975681734730369568e+10,5.274972727979647064e+10,3.953250624617596436e+10,5.742302259787302399e+10,3.848609865936448669e+10,4.795070503740941620e+10,4.386072639229825592e+10,3.008880458713345718e+10,2.850921417350231171e+10,2.956644811681882858e+10,4.682967772709398651e+10,3.875063787571463013e+10,3.145158845679768372e+10,3.349087867407134247e+10,3.136682439805340195e+10,4.905260070967582703e+10,4.322105015962759399e+10,2.317919029357831192e+10,2.347708336614926147e+10,5.165259944270471191e+10,3.226417676754420471e+10,3.740840376460421753e+10,3.180284030516340637e+10,6.112028102054364014e+10,1.989186494461844635e+10
3.691648723764058685e+10,3.642580570451430511e+10,2.680570190466033173e+10,3.709753581335068512e+10,2.504511629721335602e+10,3.813657724647371674e+10,3.782319128976850891e+10,3.289350171082698059e+10,3.883000057360230255e+10,2.398508620932442856e+10,4.610702976983557892e+10,3.426615816741258621e+10,3.883054226978475189e+10,2.776305888021745300e+10,3.482097406891207123e+10,4.044913567883973694e+10,3.783422770981665802e+10,2.260871973531140900e+10,6.895030767343717957e+10,4.208851844725045013e+10,6.277704699653589630e+10,5.934623651676114655e+10,5.067322802271285248e+10,3.727435348437905884e+10,4.823919297111010742e+10,4.823675032655783081e+10,4.543951321718516541e+10,5.974817735286849213e+10,8.834111220561734009e+10,3.166278422914451981e+10,3.039478978225575638e+10,5.333929481099520111e+10,4.084257886819314575e+10,5.433577956358970642e+10,3.062632890205623627e+10,2.685443168651621628e+10,4.345590397613020325e+10,3.837900940336901855e+10,3.572734769592334747e+10,3.075705393770257187e+10,2.920169881148183823e+10,4.598208990644274902e+10,3.650125475466166687e+10,3.359025520388179779e+10,4.899225797591901398e+10,7.634104945446595764e+10,4.140523700628546906e+10,4.250770870744123077e+10,3.609342018499884796e+10,4.260298628428746033e+10,3.707788981514278412e+10,4.824133619403200531e+10,4.334064653634532166e+10,6.188179140709884644e+10,4.926064838305113220e+10,4.207877205676533508e+10,4.132749069462092590e+10,3.674816245094873810e+10,2.296447465266688538e+10,5.533728888024727631e+10,3.117690726333366776e+10,3.454666766722979736e+10,3.695322935274852753e+10,3.949679598576554871e+10,1.627562147046520386e+11,3.234084902522434235e+10,3.768385595607938385e+10,4.702780586106709290e+10,3.965105460471331787e+10,3.475770715341129303e+10,3.994968201740859222e+10,4.065069777194633484e+10,4.392873083961523438e+10,6.438722939289128876e+10,5.014729870156772614e+10,5.589042282236947632e+10,3.422934569148814011e+10,5.282878620401303101e+10,3.563737790780134583e+10,1.214116677061249237e+11,5.096408420319204712e+10,2.982508406769349670e+10,4.126505476543574524e+10,4.226913991904699707e+10,3.321320170131674194e+10,3.576234499285955811e+10,3.462406769689686584e+10,4.343639564466645813e+10,4.382970402143736267e+10,3.726573576976235199e+10,3.914454976120858002e+10,5.942975341559231567e+10,5.683432544808360291e+10,3.372533921071119308e+10,2.113124949403501129e+10,3.212259980028456116e+10,3.779907099136705780e+10,2.978801350798944855e+10,2.618229266600479889e+10,2.823531628514967728e+10
2.816167818829167557e+10,2.612751626568016815e+10,3.650665441090672302e+10,2.200082465642568207e+10,2.102968805302023315e+10,3.252700407168496704e+10,3.026145820260570526e+10,2.656888457392665482e+10,3.419461370531554413e+10,3.832232125248376465e+10,5.171955434459293365e+10,3.442802466885706329e+10,3.565093074190469360e+10,4.838183977036492157e+10,4.653700230204404449e+10,4.574052654252421570e+10,2.639560738259484482e+10,6.017778654339617920e+10,4.446454567898049927e+10,3.540725934295005798e+10,7.031373211988961792e+10,5.345792384234557343e+10,4.287548758790627289e+10,5.187220744972830963e+10,4.999589969153163910e+10,3.367648901278881836e+10,3.084104198329417419e+10,3.649300905370140839e+10,3.438127547544949341e+10,1.114128030331549835e+11,3.989040804145721436e+10,4.166643185551141357e+10,4.223167018725392914e+10,4.976096553766558075e+10,4.878491182700848389e+10,5.121049532431758118e+10,3.592950029789640808e+10,4.596884181565740967e+10,2.883831468003566360e+10,3.471707531541510010e+10,3.491170966963470459e+10,2.969779597054169083e+10,4.532176096299903107e+10,3.280506034969824219e+10,2.611498587129936600e+10,4.930023838337556458e+10,4.403136509141629791e+10,3.071198266253665924e+10,4.513862517888127899e+10,3.625577468176196289e+10,2.818800957525047302e+10,6.323630506472299194e+10,4.221260826462158966e+10,4.645163783221756744e+10,3.784431163651074982e+10,2.751953835251494217e+10,2.827453037064517212e+10,2.306699871005667496e+10,4.578071423472772217e+10,4.937648939843533325e+10,4.744265724631292725e+10,3.468279912300247955e+10,3.857609473866817474e+10,2.507573512065316010e+10,3.853630084068667603e+10,5.438957669950627136e+10,4.212973672575980377e+10,5.371166714090836334e+10,4.275937391896615601e+10,4.771014105106269836e+10,4.210641507625083923e+10,3.305406812806528091e+10,5.634630476689460754e+10,5.114983070809442902e+10,3.366160216764410400e+10,2.685056184658714676e+10,3.742153794373895264e+10,6.034235130668324280e+10,4.037437694450715637e+10,4.172520636689116669e+10,3.920382938870297241e+10,5.251107979315139771e+10,4.621796990463995361e+10,4.040850896352683258e+10,4.241776514898320770e+10,4.456070060252460480e+10,2.760173763235682678e+10,2.721313704177624512e+10,2.818697574597255707e+10,9.748641734700370789e+10,2.869556360363426590e+10,3.554944140921824646e+10,3.476585047638700867e+10,2.176903170225737762e+10,2.508852535164662552e+10,3.500098720319564819e+10,4.254012912090104675e+10,2.485896824882293701e+10,2.903082906624968338e+10,2.069237685098159790e+10
1.975676685165544510e+10,3.374455758725800323e+10,3.381195553993927002e+10,3.703960185916639709e+10,2.349579658210522461e+10,4.440768348725701904e+10,2.704267926137020111e+10,2.374064999057965851e+10,2.240196581443869781e+10,2.987942403517712021e+10,2.646328174765869141e+10,7.825599345324005127e+10,6.784801707699805450e+10,4.284319834736856842e+10,4.887076640246992493e+10,3.552447274683427429e+10,5.185097413379656982e+10,5.546052573132440186e+10,4.382009906707497406e+10,3.598656762503313446e+10,2.668061712618482971e+10,3.041520185565978622e+10,4.066083683327822113e+10,3.864952855550970459e+10,4.196408457893073273e+10,3.832359793475354767e+10,3.017532319001073074e+10,5.428430961725102234e+10,3.185193351238505554e+10,3.800681459430448151e+10,3.718466136745366669e+10,2.815027589458374786e+10,5.254533404586189270e+10,2.432874750366307068e+10,5.689932454908556366e+10,3.185426842433248520e+10,5.061362139060991669e+10,6.903906294281942749e+10,5.099788183330601501e+10,5.929218020399311829e+10,3.996342266015974426e+10,2.670572883684638596e+10,3.157886884204228973e+10,6.793399780103614807e+10,3.503839129287879944e+10,3.986217159893325043e+10,3.545293757893303680e+10,2.913172204347129059e+10,3.331689987091158295e+10,5.613574437338578033e+10,2.209083086729101944e+10,3.915835695470453644e+10,3.598405941658068848e+10,3.059163786521207428e+10,3.124989094477379227e+10,3.289626177717824554e+10,2.849504709939793777e+10,4.157196712628041077e+10,3.576520921711913300e+10,3.727039439612649536e+10,3.513249391182666016e+10,5.010622504657644653e+10,3.868336686386187744e+10,3.973514636962622833e+10,4.911269721295784760e+10,4.885803142867499542e+10,3.899899225116087341e+10,4.090727069261808014e+10,3.587151206129079437e+10,3.103201447347335052e+10,3.118500831070514679e+10,3.822018236916407013e+10,3.579856709944747925e+10,3.007802342706832123e+10,5.027422935286993408e+10,2.890605109736865616e+10,3.464456765502747345e+10,3.030328940749566269e+10,3.752768860976609039e+10,3.794137881302913666e+10,2.464832238587088776e+10,2.907741105748809052e+10,1.064234348376721802e+11,3.775173677218110657e+10,3.770579898802897644e+10,2.521307547645057297e+10,3.143141560129775238e+10,2.301946026682406616e+10,4.922270405724999237e+10,4.184745202577616119e+10,4.297041387317977142e+10,4.146342504499984741e+10,2.825809769043817902e+10,4.942611734294776154e+10,4.265551713671427917e+10,2.475856339849811935e+10,2.808957966777088928e+10,3.080098095621838760e+10,2.072325303508483887e+10,3.414410198570394516e+10
2.244517237857936096e+10,3.483188601041908264e+10,3.405461058014856720e+10,2.636579362927896500e+10,3.995863874564823914e+10,3.448725546420642853e+10,2.040772181419849014e+10,3.186725269530577469e+10,4.053683553561455536e+10,2.099793917711083221e+10,2.762847758535211563e+10,3.087253708989655685e+10,4.431619217079103851e+10,2.436295224603173447e+10,3.023577324529803848e+10,4.216005656060952759e+10,3.714305540615119171e+10,3.627726473629554749e+10,2.644690965795012283e+10,2.708461413248907089e+10,4.661415613738980865e+10,6.957940703054063416e+10,3.742799959987533569e+10,5.003855779693999481e+10,4.803948168787343597e+10,4.926886912847341919e+10,3.401214199927904892e+10,4.152483377703242493e+10,3.789829955757760620e+10,3.826743711523287964e+10,4.215647514955935669e+10,3.547380452340305328e+10,3.860065574008499908e+10,3.037920744130216599e+10,5.950997958313217163e+10,8.866237124524829102e+10,3.237571840827182388e+10,4.155672685986034393e+10,2.555445091537303925e+10,6.161214966880506134e+10,4.848389330564667511e+10,4.327463767790252686e+10,3.753717779419233704e+10,4.490065015370783234e+10,3.100683671909315491e+10,3.068644290062564468e+10,3.130844229054585266e+10,3.346959428726366425e+10,2.810839319203398895e+10,4.573051687333802032e+10,4.291601473333158875e+10,5.468747771262601471e+10,3.943893772723203278e+10,3.778093869800338745e+10,2.628172008031403351e+10,4.115263522344374084e+10,2.474576081782279968e+10,2.485384751936928940e+10,2.879054747757298660e+10,5.053993080437009430e+10,3.580645427757556152e+10,4.020054305281916809e+10,5.184139698122909546e+10,2.977102127603104019e+10,4.104165395177674866e+10,5.691446069701665497e+10,6.427132656318999481e+10,3.187376578036531830e+10,2.479489848670260239e+10,3.580286035980690765e+10,3.570337940717488098e+10,3.705194794645667267e+10,4.362227928867905426e+10,5.252978566583413696e+10,1.151987540128415070e+11,2.778732552401200485e+10,4.049263422088963318e+10,2.788854449948183060e+10,3.796984261473201752e+10,3.758860105112816620e+10,3.323643826825259781e+10,4.158714374040093231e+10,3.673519036572313690e+10,3.721468820446472168e+10,3.962131155025056458e+10,3.085878433226284790e+10,2.221481498330867386e+10,3.068544818476940155e+10,2.551591132944989395e+10,2.583057432623617935e+10,3.399935719454686356e+10,3.320799890199589157e+10,2.498297351011737061e+10,3.347042593233031845e+10,3.423544004203614426e+10,3.991780578389023590e+10,2.051470733452130127e+10,3.625074053033118439e+10,2.487090777899988937e+10,3.958704381266111755e+10
2.679068130470456314e+10,2.839824671282693481e+10,4.303847515174806213e+10,4.033583826687274933e+10,2.362347903693597412e+10,2.693391338540361786e+10,2.870333635205074310e+10,3.952301750076036072e+10,2.428775583806086731e+10,7.604886602467840576e+10,2.756135853948440933e+10,3.124689191073874283e+10,3.086608879999670410e+10,3.651504402026082611e+10,3.764766937198818207e+10,3.417585446016112900e+10,4.100930820265162659e+10,2.820838102436235046e+10,2.904679250300784683e+10,3.178429779069791031e+10,3.892190082410231018e+10,3.979174923070221710e+10,2.862002896124162292e+10,2.704751300682078171e+10,4.800600358161819458e+10,3.003418218511951828e+10,3.003473529389955139e+10,3.486592913474418640e+10,3.370265674475617981e+10,2.666454331716335678e+10,4.500917266576738739e+10,2.169616311042399216e+10,2.939892425083480835e+10,4.574459777628982544e+10,2.829593470512818909e+10,2.931032752305351257e+10,2.995372694644327164e+10,3.162580704219610596e+10,2.522561801536886978e+10,4.078154342218625641e+10,3.561590460951092529e+10,5.781341916458862305e+10,4.554786804825092316e+10,3.670757322208499908e+10,3.551164991003132629e+10,3.435933044614874268e+10,6.603366363402540588e+10,5.423546533674688721e+10,4.784721863100087738e+10,2.748555140363463593e+10,4.381882839975053406e+10,5.461923206498707581e+10,1.294449516870713959e+11,9.911431500876976013e+10,3.037836135589752579e+10,2.365809373549959183e+10,3.553658854621262360e+10,3.025305459460776901e+10,2.838561884785585403e+10,3.255571364654443741e+10,2.608940312938505936e+10,3.216741941871314240e+10,5.001896507397140503e+10,3.923524892491062927e+10,3.311138797103605270e+10,2.442748557332474136e+10,2.484755060625004196e+10,2.539890429110972214e+10,2.802609080448441315e+10,2.984527829766976547e+10,4.771142373567063141e+10,7.834117677752485657e+10,4.709733342134797668e+10,3.058365094003963089e+10,3.267409043950495148e+10,8.315315429431207275e+10,4.890937808612910461e+10,2.902815413015743256e+10,3.291816998593777084e+10,3.546614539487368011e+10,3.302282500935707092e+10,2.603197332830895996e+10,3.962110940131181335e+10,4.613281016505663300e+10,3.060663335915735626e+10,3.660845949249979401e+10,3.940460202490033722e+10,3.745565258716441345e+10,2.406710727338569641e+10,5.753330660809331512e+10,3.925540464568051147e+10,2.610441343778570175e+10,2.212823642761628342e+10,2.111479954345471191e+10,2.454450793844218063e+10,2.891974897264822769e+10,1.652027506505911064e+10,3.078764004869422150e+10,3.502811171358103943e+10,2.159964832236016846e+10
1.918987922364358521e+10,2.872676437168312073e+10,2.698328162672664261e+10,3.636422303483469391e+10,3.495432381153799438e+10,2.876758686154215240e+10,2.501196054086205292e+10,3.124223296600089264e+10,3.760133852300401306e+10,3.458501977246880341e+10,2.325068576883393860e+10,4.038357900626195526e+10,2.837978376581839752e+10,2.021358970590005875e+10,4.991588936614101410e+10,2.889298786847164536e+10,4.704661282686212158e+10,3.465816260889913177e+10,2.824404110787718964e+10,4.096543422767375183e+10,2.400230435164935303e+10,4.991423680682389069e+10,5.553077311165675354e+10,4.317707828242781830e+10,2.315291197574655533e+10,3.290161974365267563e+10,4.869160215335594940e+10,2.777007971173519135e+10,2.429408067140947723e+10,3.604886098323091888e+10,2.942794481487541199e+10,2.416644802980212784e+10,3.629340527240325928e+10,3.268257821941765213e+10,2.472932174136880875e+10,2.852420551189766693e+10,7.253032606524697876e+10,3.331858672698609161e+10,2.786992832935699463e+10,3.557201558848936462e+10,4.810392582792055511e+10,5.746909752225096130e+10,2.714985536849752808e+10,3.695032756770494843e+10,2.958737536471732330e+10,3.110603421386545563e+10,3.289386640388823318e+10,3.477920840986192322e+10,3.648300541051129150e+10,5.069442188095869446e+10,2.696916442436070633e+10,4.247937394898216248e+10,3.028628115043857574e+10,2.852386612534595871e+10,2.423163413033988953e+10,2.332279207263657379e+10,3.448226004722512054e+10,3.030399174982425690e+10,1.936259265908670425e+10,4.858069364584963226e+10,2.545385286157121658e+10,2.774082913761776352e+10,2.503572321788160324e+10,2.372864080048719788e+10,2.714624758781676865e+10,2.203559106198122025e+10,2.023597741156427765e+10,2.010890806311835098e+10,2.497954177700748062e+10,9.281607150050798035e+10,6.826652707071308136e+10,3.827179113493429565e+10,2.381841663562361526e+10,3.112756901556054306e+10,4.016870885960180664e+10,2.447012290386701202e+10,3.554185322155604553e+10,3.704317531804306030e+10,3.397069145232607651e+10,4.890041646764112854e+10,3.553255271299730682e+10,4.030157273503791809e+10,2.878805707663474655e+10,3.345713839663992691e+10,3.847156588657181549e+10,2.401725951661919022e+10,4.066755556248603821e+10,2.618309014896554565e+10,3.668403504317655182e+10,3.404569357072100830e+10,3.221678388124002838e+10,2.836236023602457047e+10,7.343440724972286987e+10,1.795741547633183670e+10,2.347151174151011276e+10,2.499884884372159576e+10,4.008642343812785339e+10,2.138309486763280487e+10,1.521622973205425644e+10,2.071388617991280746e+10
3.357855624952129364e+10,2.710915230765636826e+10,2.249478465395079422e+10,3.016411785474519348e+10,3.567689648639106750e+10,2.510192472763389969e+10,2.353159317575772095e+10,2.249927371482217026e+10,2.009870146156022263e+10,4.026933580526609802e+10,3.286822086569472504e+10,3.114608939264470673e+10,4.255088459572087860e+10,3.196821936565758133e+10,3.393160188265006638e+10,2.688952575084632492e+10,3.354329016899624252e+10,3.230408257734272385e+10,2.251397551150761032e+10,2.908502103422684479e+10,2.979930951510205078e+10,2.619956466971538544e+10,3.148821820385948563e+10,6.158328746747515106e+10,2.943491226374398804e+10,2.743959844877172852e+10,3.776198461552245331e+10,2.950657237840972900e+10,5.617424550502189636e+10,2.830574069847577667e+10,2.902766504557862854e+10,2.467036946849761963e+10,3.339982395452724838e+10,3.151936845422240067e+10,2.913291759499632263e+10,3.139239096423514938e+10,3.489775278109909058e+10,5.907668393829931641e+10,2.814331012576848602e+10,4.064015977677603149e+10,2.862803884619458389e+10,3.133365876669295120e+10,2.697715505931593323e+10,3.741025286144295502e+10,2.040461665479449844e+10,4.082517033827774048e+10,2.881800695608155060e+10,3.536748580519381714e+10,2.297779789860736847e+10,6.088130316894364166e+10,2.416580620712545776e+10,3.924667173935733032e+10,4.187058726372009277e+10,1.778640859382286072e+10,2.833203977533143234e+10,6.321757943461912537e+10,2.381154056492411804e+10,2.942507556284068298e+10,2.165853998201639175e+10,2.389214609449817276e+10,4.543964763064734650e+10,2.439037457469108963e+10,2.729666808926640701e+10,2.316149296991968155e+10,2.965586864847366714e+10,3.057938558461725998e+10,3.417255710027645111e+10,2.534493881423254013e+10,5.006203137302976227e+10,3.664798639820522308e+10,2.398075348291483307e+10,2.828410465259812546e+10,4.302771012224974823e+10,2.086191696954122162e+10,3.296058826958989716e+10,3.129060670522417450e+10,2.609237983929186630e+10,3.582980228845285034e+10,2.957243784575662994e+10,3.793735528957343292e+10,4.463974592202313232e+10,2.679645190707019424e+10,4.460148958156870270e+10,2.667748934599201584e+10,4.188674731635335541e+10,3.947708013622411346e+10,3.517597278990911865e+10,2.002300398991015244e+10,2.511274997449334335e+10,2.253009421983610916e+10,3.161763265231994629e+10,3.950099523642021942e+10,3.830153032045055389e+10,3.121755923926163483e+10,1.983469860035038757e+10,2.190074250007167435e+10,3.523238945092300415e+10,2.244506561649666977e+10,1.947901944828768921e+10,2.367361380894678497e+10
1.596959996766551208e+10,3.019384697692298889e+10,2.109431820521931458e+10,2.372301326624171066e+10,2.733350285180229950e+10,3.489139823987300110e+10,2.629608062426418304e+10,3.453213550086270142e+10,2.676085575655891800e+10,4.272763546601280975e+10,2.143016345548095703e+10,2.319278116217237091e+10,1.641104129793111610e+10,4.154850571833723450e+10,2.244382004873007965e+10,4.443773909953857422e+10,2.428467621115580368e+10,3.387703595642560959e+10,3.047391753575352859e+10,2.534980610986601639e+10,2.839515058122469711e+10,3.425324835330547333e+10,2.436713806776665115e+10,2.635088074427336502e+10,4.109539292469643402e+10,3.849202076743746185e+10,2.355107173569844437e+10,2.448989967329940414e+10,3.589833616001612091e+10,2.736750019669741821e+10,3.381803505597126389e+10,3.155677843300290298e+10,2.870341106730850220e+10,3.565320905573889160e+10,3.078138756075910187e+10,3.088000555440133667e+10,3.387545299877424240e+10,2.894935143063969040e+10,2.675769281363228607e+10,2.452917884545618820e+10,2.166017512250402069e+10,2.823037529459428024e+10,2.432233265536123276e+10,2.860180566368505478e+10,3.387594676247156906e+10,3.590444274165627289e+10,3.988871759394499207e+10,2.810892448194638824e+10,2.317677580121926498e+10,1.803763036285864258e+10,2.757777507225332642e+10,3.165201656760128403e+10,3.527280326006032562e+10,1.971819429516921616e+10,3.214638179356336594e+10,5.163309869677887726e+10,2.377634651784299850e+10,3.283593012380778885e+10,5.126232766239992523e+10,3.067330351695298004e+10,1.996255157247766495e+10,2.607252970996059418e+10,3.376022680313315964e+10,2.073321262468556595e+10,2.755812782721760178e+10,7.472740328114979553e+10,3.404413190573757172e+10,2.575493494578050995e+10,2.917855583459942245e+10,3.017753537500591660e+10,2.714171915860447693e+10,3.429258698210592270e+10,3.084233374399283218e+10,3.657015130890621185e+10,5.936399166300070953e+10,2.956971918266352463e+10,2.699717042213396454e+10,3.012652539189360809e+10,3.089947831067710876e+10,2.759985881005665207e+10,2.664956916933732605e+10,2.669038393332910538e+10,2.812774813988637543e+10,4.942588735628627014e+10,3.569288937632136536e+10,2.848505119959785080e+10,4.125461030613632965e+10,2.947255199864990997e+10,2.309511503568807220e+10,2.567715044069100571e+10,1.680723155955911636e+10,1.541450642592131805e+10,2.215003400607820511e+10,2.000850314797616959e+10,4.601885064156179810e+10,3.632984572465269470e+10,2.983061349903497696e+10,2.362379182426063156e+10,3.306309778857013702e+10,2.202664186193695450e+10
2.681369321112443161e+10,2.781181730468651962e+10,8.674362197472540283e+10,3.447924310271916199e+10,3.518169812050585938e+10,4.438621835583903503e+10,3.214411562936988068e+10,2.747860711162088394e+10,2.610008867731995010e+10,1.846275589271618271e+10,2.676537099485359573e+10,4.100332323759064484e+10,3.110870593582560730e+10,2.121922448148143005e+10,2.635784808929062271e+10,2.321828584254027939e+10,3.139668677337094879e+10,3.104718032952344131e+10,3.241993189178540802e+10,3.998576328942324066e+10,2.476847116800104141e+10,3.622712221957132721e+10,3.225278904095634460e+10,1.893174761720991135e+10,5.642074107332244110e+10,3.574089246787262726e+10,3.967307003228143311e+10,2.489112288954485321e+10,2.846379329826873016e+10,2.357044718286066818e+10,2.247644694466500854e+10,1.814064075291224289e+10,4.287500849661847687e+10,3.328867651737783432e+10,1.988225417853868484e+10,2.410232958544513321e+10,2.564577064982093430e+10,3.934249318421841431e+10,2.428118179266803741e+10,2.795947270198157883e+10,5.993403638259499359e+10,4.338708101026383972e+10,2.232338348912369537e+10,4.329024451053324890e+10,6.352451316432971954e+10,3.166449113128519821e+10,2.876625037494395065e+10,2.576913916133268356e+10,3.117385347769199753e+10,2.363247891989335251e+10,1.899406823757270813e+10,2.516790301809766769e+10,3.208546508778355026e+10,2.260106240097465515e+10,2.372596040516706085e+10,3.560205595418118286e+10,5.842856158053191376e+10,3.716172408773681641e+10,5.465023354723443604e+10,2.511744373709684372e+10,4.109876574846932983e+10,3.949291602970487976e+10,3.291849288515325546e+10,2.645876053274517059e+10,2.659055043376926804e+10,2.390620428460417557e+10,2.696012116686553192e+10,2.775235319802933502e+10,4.198051211781285858e+10,3.161461865340190125e+10,3.699457935564402771e+10,2.374408617839540863e+10,3.643778551435056305e+10,2.123478745614725113e+10,3.038173931080186462e+10,2.888871394791908646e+10,2.616836072402717590e+10,2.938166036364528275e+10,2.900919075015143204e+10,2.410286103708033371e+10,2.196588948786757278e+10,3.125420639520066833e+10,6.498644265068764496e+10,2.199320573961702347e+10,2.667875231992340851e+10,2.337704653989291763e+10,2.181336609616576385e+10,2.811331595673074341e+10,2.424374901979035950e+10,1.865158179865181732e+10,3.027374461641282654e+10,2.841236312546207047e+10,3.973166605634419250e+10,2.714260872018898773e+10,2.506533238165888596e+10,2.830024565549221039e+10,2.271718670104261017e+10,3.012807064895641327e+10,3.644132787212120056e+10,2.331083255042405319e+10
1.764672906280763245e+10,2.672254844423269653e+10,1.989878084696982193e+10,1.661187901167223358e+10,2.501461658423367310e+10,3.012697535367298889e+10,1.936892682943321228e+10,3.440086878945973206e+10,5.784899849116404724e+10,3.691402750143602753e+10,2.570393078559875870e+10,2.405937427031053543e+10,2.259883872623212051e+10,4.528430442374033356e+10,5.243222126523480225e+10,2.978716743405101013e+10,3.295551658803854752e+10,3.002502755307889175e+10,3.162223291900732422e+10,2.868051805995617676e+10,2.027890437677547073e+10,2.039176899641828537e+10,2.335597594764127731e+10,2.199450481681565857e+10,1.901111458359647369e+10,2.781028929493994522e+10,2.776273684749227142e+10,1.699993909881575012e+10,2.296929319394192505e+10,2.000032496872380829e+10,3.130783160899429321e+10,3.677264789526548767e+10,4.524159647119763184e+10,3.127743701869950867e+10,2.835177905667236328e+10,3.814065633697161865e+10,3.457601343386592102e+10,3.783550865054830933e+10,5.783494444707015991e+10,2.134700733451280212e+10,2.805180460090745544e+10,2.651726923539269257e+10,4.395879699227748108e+10,4.975809970654373932e+10,7.427623665480255127e+10,3.702945225024604797e+10,5.798929872986037445e+10,2.892130942568302155e+10,2.814692994043542862e+10,1.936995373888543320e+10,3.210994718548616409e+10,4.206797614269409943e+10,2.725621680017734146e+10,4.023259432348319244e+10,3.937617013740116119e+10,3.851925859018243408e+10,2.247443262368733597e+10,2.251031692434278488e+10,3.378745411679713821e+10,4.505611342541722107e+10,4.235667131263059235e+10,3.777817621294397736e+10,4.205651244949751282e+10,1.952640686806535339e+10,2.566433538443740082e+10,2.591141146439784241e+10,1.866742718361583328e+10,4.089245197422560120e+10,4.297929132512585449e+10,4.106018827276291656e+10,3.738113507399098206e+10,8.737280304373571777e+10,2.474181081271250916e+10,3.003303025669024277e+10,4.448618891132370758e+10,2.999507108364247894e+10,2.599250269477118683e+10,2.805582894821968079e+10,2.481391487759908676e+10,3.930404050387101746e+10,3.266727698895000076e+10,2.755572407603808594e+10,2.807202071526634216e+10,2.863675391538797379e+10,4.030859232362131500e+10,1.942136350992698669e+10,2.696072697903974152e+10,2.256799983495494461e+10,3.692667097329144287e+10,3.061598362158268738e+10,1.989503655427566910e+10,2.292286397174843979e+10,2.064606152062039566e+10,6.152733515420294189e+10,2.922388189349603653e+10,2.642397792239249802e+10,2.176291397848175049e+10,1.975874605439476776e+10,2.388186852676113892e+10,2.000241832695068359e+10
2.418840969093941498e+10,1.849429466251692581e+10,2.182528600713388443e+10,2.822641146435549164e+10,2.682270204743439865e+10,2.024879838878841019e+10,2.800942779963452530e+10,2.923101763660283661e+10,3.799455862754126740e+10,4.508292773245780182e+10,3.813108890692168427e+10,4.276596492025605011e+10,2.666326447994645691e+10,3.445993160464375305e+10,3.337611235203366089e+10,2.662527001134030151e+10,3.243352444169721603e+10,2.131410129875931931e+10,2.614458566148765564e+10,2.995343711736468506e+10,2.596317752691952133e+10,3.032095538547850037e+10,2.407218977790076065e+10,2.219019897051500320e+10,2.998473439513790512e+10,2.402946208677685928e+10,2.424083177781743240e+10,1.961736122406546783e+10,3.689932427022821045e+10,2.667508609332627869e+10,2.244036214644956207e+10,2.577877029148896027e+10,2.720858606857888794e+10,3.517625118839736938e+10,3.055176525336107254e+10,2.927565437723274612e+10,1.951808087275657272e+10,2.065034652568157196e+10,2.346277009008171082e+10,2.155115821783758545e+10,4.488200345430483246e+10,3.218576438191080093e+10,4.091436826002095032e+10,3.089779309420240402e+10,2.235725264908433914e+10,2.676619147538111877e+10,1.998233830674688721e+10,3.565939280774015808e+10,3.709235179757260132e+10,2.499345219755398941e+10,3.284974152876988983e+10,2.197623853790226364e+10,3.340181941675504303e+10,2.620406624405718231e+10,2.352664747712010193e+10,2.623990277192832184e+10,2.034386396834524155e+10,2.750198387421009827e+10,5.222075492433905029e+10,2.103068001948952484e+10,2.930052369209256363e+10,3.163817323063715363e+10,3.439949978892503357e+10,4.824893991874555206e+10,2.454067787835539627e+10,1.722846576674398422e+10,1.791128739567400360e+10,4.113014082144328308e+10,3.138474104688451385e+10,3.640049520079679871e+10,2.163637025686993790e+10,2.125846608034177399e+10,2.621230576660062408e+10,2.781529920582193375e+10,2.636495026457348251e+10,2.603251561725528717e+10,2.989308343138782120e+10,2.363404163250428391e+10,4.429816720463934326e+10,4.042068946490211487e+10,3.896724744993054199e+10,1.977432769928305054e+10,4.795643621043698120e+10,2.070640820237344360e+10,1.898868304644213867e+10,2.609485743457059097e+10,2.132846236858584976e+10,2.005272690143112183e+10,3.274936854554845047e+10,2.652814677205258179e+10,3.556422974237010193e+10,2.485793152979552841e+10,2.792019220971373367e+10,6.717190186366864014e+10,1.900132553220931244e+10,2.824025922805009842e+10,1.793433872696917725e+10,2.765976643055411148e+10,3.096578348197897339e+10,2.251432148397022629e+10
2.330793150149321365e+10,1.977539852748555374e+10,1.924798705678384781e+10,2.172920096668302536e+10,3.834291375455554199e+10,3.064141875305465698e+10,2.325681227614767075e+10,4.124090094836413574e+10,4.346988797253540039e+10,3.135961413890834808e+10,2.395919625194254684e+10,2.244950785724557495e+10,5.812080786748314667e+10,2.414414883994095993e+10,3.778235420590179443e+10,3.045245925399934387e+10,3.372935831662912750e+10,2.404839181504608917e+10,3.189575450810562134e+10,2.835960916745030212e+10,2.289717861611863708e+10,2.950013439459193039e+10,2.378030784606626892e+10,1.930657799898547363e+10,3.688825578372570801e+10,3.286058731770391083e+10,3.722403696740664673e+10,2.105140009764300919e+10,2.460300567272338486e+10,3.813806547108325195e+10,2.391931224993558121e+10,5.902560562370529938e+10,2.852979503260667801e+10,2.581437002060723114e+10,3.776849186618409729e+10,1.660631932635193634e+10,2.046966983973314285e+10,2.387720114846595383e+10,4.225185742169028473e+10,2.365281738033154678e+10,2.831496887443835068e+10,2.297999618193489456e+10,3.915463101635298920e+10,2.766633217530614853e+10,2.129526880382582092e+10,3.286767697784165192e+10,3.050517909786116028e+10,2.202782637008958817e+10,1.941748945077966309e+10,3.196745402421926498e+10,2.377689837896316910e+10,3.863642369998754120e+10,2.600273274910326385e+10,2.424867771748976135e+10,3.206776468714876175e+10,2.978230993695623016e+10,3.090209117367581177e+10,2.394939933732313156e+10,2.168209537059101486e+10,4.111546535141697693e+10,2.619332138273809433e+10,2.605091160642551422e+10,2.398505026691344452e+10,2.413134117551018524e+10,3.969116837987507629e+10,2.463031042020444870e+10,3.085790936527501678e+10,4.915716930921324158e+10,3.129205040845840454e+10,3.081381395139249802e+10,4.640194465995851898e+10,3.807921994278799438e+10,2.732302233059473419e+10,3.388940379943422699e+10,2.586585864438753510e+10,3.290364582352829361e+10,1.843361769889543533e+10,2.725165211177972794e+10,2.829532825603356934e+10,3.893627451021796417e+10,2.910534749859923553e+10,2.200233808716608810e+10,2.214128192380666733e+10,4.111594039902212524e+10,2.952965850719948196e+10,2.784918727983242798e+10,2.136576174622551346e+10,5.686462323897840881e+10,3.184007397575825882e+10,2.798151092960789490e+10,2.557269268478816986e+10,2.412317316338802719e+10,3.216394528855348969e+10,3.778252484704780579e+10,2.556744605100262451e+10,2.153601410896855164e+10,9.183244169560995483e+10,1.562097093730213356e+10,1.553184512420607948e+10,2.520521998229565048e+10
2.475898738210752487e+10,2.031195743726768494e+10,2.064056785245758057e+10,2.509662574349338150e+10,2.852751833256794739e+10,1.828199957567945480e+10,2.210927056366758728e+10,4.247263089038204193e+10,3.838508791357843781e+10,2.305354934128453827e+10,2.596520648166979980e+10,2.307021968794141006e+10,3.017823592803510284e+10,2.702256684111247635e+10,3.867590700165265656e+10,3.222453225310786819e+10,3.138103384355524445e+10,2.161584488861424637e+10,1.849675109035630798e+10,2.592229506733811569e+10,2.170888672761041260e+10,2.191481978268593597e+10,2.319432311160006332e+10,3.670551895530324554e+10,2.737982445394672012e+10,2.631697842055041885e+10,2.526419047059050369e+10,3.693445027554032135e+10,3.376433099284916687e+10,2.365579795998914719e+10,4.458380932534008026e+10,2.823153671896516418e+10,3.279657443002500153e+10,2.155464566592119217e+10,3.021085088302009583e+10,2.354899577953251266e+10,3.256353226909210205e+10,1.937815474540164566e+10,2.496923410201427841e+10,4.304190951908635712e+10,3.106187542106425095e+10,3.151443626346879196e+10,2.753033746220391083e+10,3.505288953038191986e+10,2.416964299838114929e+10,3.071181892253687668e+10,2.925629350413436890e+10,2.519563981389984512e+10,2.551853467521363068e+10,1.591440000551587486e+10,4.021154746063399506e+10,2.423921394723349380e+10,2.782519377133256912e+10,2.916932486094599915e+10,2.609303104467742538e+10,3.151232731154734421e+10,3.060252421623940659e+10,3.797659585141897583e+10,2.585498289805745697e+10,2.839442870341138840e+10,3.050217215978502274e+10,3.009236762837940598e+10,2.487251938834280014e+10,2.034950042585386276e+10,1.922886173486595535e+10,2.543145457650745010e+10,2.696156078309076691e+10,2.493452997593173599e+10,2.002631292585538864e+10,2.025919635407358551e+10,2.435075984077319336e+10,2.812483631432833481e+10,2.446710974260263824e+10,2.016710580339724350e+10,1.620407653778961754e+10,2.611450355993046188e+10,2.332882871676255035e+10,3.178038663020901489e+10,2.782224604259219742e+10,2.370608108138887405e+10,2.511225555753508759e+10,1.863836313234617233e+10,2.216903586687500381e+10,2.893253604946726227e+10,2.264916928307841110e+10,3.177139893261492920e+10,4.435822107576073456e+10,4.845741254043066406e+10,2.470810251337440109e+10,3.640698211646192932e+10,2.438342326133961868e+10,3.213181676788170624e+10,2.649104276823408127e+10,1.812450539580271912e+10,1.764260136333540344e+10,3.510664687545175171e+10,2.555130212126218033e+10,2.633093891055519104e+10,2.849785836701658630e+10,2.332405594855986023e+10
4.900228571702892303e+10,2.902608917355900574e+10,1.813154654679293442e+10,2.218370506848803711e+10,2.034353131114871216e+10,2.109221977821148682e+10,2.057632762700124359e+10,3.464824429016797638e+10,3.054076775781080627e+10,2.490171118600909424e+10,2.549674884790656662e+10,2.158726575652951813e+10,2.961367792341113281e+10,1.650169901446139717e+10,1.669928434204331017e+10,3.890772160471083069e+10,7.453985577677073669e+10,4.964078067271643829e+10,2.630836338579899216e+10,1.573905392883868790e+10,2.737546251380503082e+10,2.495099601763984680e+10,2.911817080773647308e+10,2.004760285734563828e+10,3.451810759779846191e+10,1.852667015434347534e+10,2.468911819986766815e+10,2.084512263346047592e+10,2.054014472441604233e+10,3.385315148464545059e+10,2.182892590647756577e+10,4.135183881041763306e+10,3.855724373069417572e+10,2.915793614223092651e+10,2.995798157348041153e+10,2.090000834014265060e+10,3.450641877734436035e+10,5.403373027889717102e+10,2.444790602390482712e+10,2.588556024687639618e+10,3.122603481414712906e+10,3.165642585470933914e+10,3.242160639765892410e+10,1.899193486881693649e+10,2.325023129208903122e+10,2.245913117890469742e+10,3.122117789367585373e+10,2.170257310552381134e+10,2.681032423272049713e+10,3.077227252734634018e+10,2.615650054286030960e+10,2.776919300708177185e+10,2.787347195464301300e+10,6.084685895462065887e+10,3.363743110286804581e+10,1.637612095575164795e+10,3.288805383097401047e+10,2.765923218976853943e+10,2.908613921438080597e+10,1.860959182150942612e+10,2.547467889758709335e+10,2.208122653682150650e+10,2.404214370351870728e+10,5.517958630093344879e+10,2.463123344957830429e+10,2.717247586593148422e+10,2.117501795059555054e+10,2.304786611007386398e+10,2.661396628405065536e+10,3.675781767350736237e+10,2.514337530863285065e+10,3.620212819382166290e+10,1.904387122142312241e+10,3.196833304936680984e+10,3.788451245736856079e+10,5.963148972532979584e+10,2.777181546140054703e+10,4.056609918590246582e+10,3.811029073336170197e+10,2.732915729754011154e+10,3.322008146894454575e+10,2.493736577998513412e+10,3.046181943524905014e+10,3.980568172162022400e+10,2.664840962225086594e+10,1.891535713416768646e+10,1.707333044266331863e+10,5.036701233305783081e+10,2.683990434940499496e+10,2.320311755010590744e+10,4.140017548112528229e+10,3.260195923125928497e+10,2.684955201143943024e+10,3.704831184313507080e+10,2.470495505746268082e+10,3.324294982885119629e+10,1.956869094550283432e+10,3.233500214940858459e+10,3.803641447381278229e+10,3.540269921751612854e+10
1.797973570096035004e+10,2.681291098738058853e+10,2.226603837626211166e+10,2.718172588849242020e+10,3.462180629092626190e+10,2.021714489577906799e+10,2.631678388782772064e+10,2.712565599617081070e+10,2.015678115970249557e+10,2.997641337150940323e+10,1.873900054041288376e+10,2.135298437873490143e+10,2.655653626962211609e+10,2.836082935065295410e+10,2.158122429290446472e+10,2.990077508689337921e+10,3.948513543509526825e+10,2.409697471914032745e+10,4.180509888033092499e+10,3.430848759508540344e+10,1.422510221963414001e+10,2.497262077433306503e+10,1.998544573466354370e+10,2.102078674008745575e+10,2.193487264789461517e+10,2.028772783809784698e+10,2.444753409171157837e+10,2.553144413542711639e+10,2.458408278423085785e+10,2.325174477828426743e+10,3.915116764080247498e+10,4.026778219708118439e+10,2.354008834078022385e+10,2.428820490838930893e+10,2.686206465659950256e+10,1.911095494336653519e+10,2.482340320051044846e+10,2.590579747233516693e+10,2.060091859333931732e+10,2.796777489799404144e+10,3.188481835741208267e+10,2.918693800132631683e+10,2.489423641018413544e+10,2.007004421322332001e+10,2.247519708932523727e+10,2.532764311336282730e+10,2.524091162774793625e+10,2.188864000088364792e+10,4.452815044057859039e+10,2.590863434641680908e+10,2.414252352988591003e+10,2.901787433331674957e+10,7.490827675279887390e+10,2.938642511135944748e+10,3.439084070860379028e+10,3.652137503755912781e+10,6.012451380014118958e+10,2.603512126191660690e+10,3.721444323238687134e+10,1.806416616324889755e+10,2.937451744840526581e+10,2.042163090333990479e+10,2.628493791439075851e+10,4.070169379889413452e+10,2.669392876554369354e+10,3.728946258556121063e+10,2.423279927444707108e+10,1.924553880211553574e+10,2.839805864213558960e+10,3.181815878449950027e+10,2.891144876800453186e+10,2.163529545385723877e+10,2.405381742870119858e+10,2.413991385327734756e+10,2.543070012165367508e+10,2.020060512346417618e+10,3.691627784421585846e+10,3.345416021214746857e+10,3.913481367904029846e+10,2.050243727038270950e+10,2.440739619388164902e+10,3.350878431346445847e+10,4.198795454652658844e+10,3.328126051495077515e+10,4.382922313106401062e+10,2.804111663037201691e+10,3.913439944121939087e+10,3.244853663307968521e+10,2.705300814038644028e+10,2.716878531320938492e+10,3.813981975159809113e+10,2.377709147560183716e+10,2.764858065359715271e+10,2.954481478351809311e+10,3.196120859963967514e+10,2.528256052192379761e+10,3.176105105902868652e+10,2.383478466120801544e+10,1.868331837121131134e+10,2.847042988323680115e+10
2.051959711069960022e+10,1.562966881455610466e+10,2.416767914720415115e+10,2.446820396660578537e+10,2.277731386704423141e+10,2.101594774038153458e+10,4.537954306596367645e+10,1.893899624641946411e+10,3.417116015518446350e+10,2.766191919564757156e+10,2.232469361462007904e+10,2.550398414227545166e+10,4.205457781130227661e+10,1.698553767402952576e+10,1.875704692837300110e+10,6.153869530047766113e+10,2.134804446521726227e+10,2.396935590694468689e+10,2.337604428906018066e+10,2.427214059581833267e+10,2.503152770111852646e+10,5.027365762785188293e+10,3.385222527531880951e+10,2.909283015358032608e+10,2.294413778343088150e+10,3.684647175999575806e+10,2.608996602654901505e+10,2.501901351250470352e+10,3.131124360048339462e+10,1.743955449733148575e+10,1.713282977085219574e+10,1.851537054522127533e+10,3.427590984880145264e+10,1.752431608397789001e+10,3.053859230296345520e+10,3.338490217167852783e+10,2.750143371728892899e+10,2.454920034970596695e+10,1.686879888321814537e+10,2.417319039663880920e+10,3.533539974867513275e+10,2.743404873385502625e+10,2.303886759126695251e+10,2.446202297199842453e+10,2.289274477006676102e+10,2.989235968952214432e+10,2.873366122317152023e+10,2.958138791953102493e+10,2.680378314997086334e+10,2.283602342577039719e+10,1.966691320573487854e+10,3.289716766101039505e+10,3.951351768641846466e+10,1.735097111538904190e+10,6.956807334557333374e+10,3.823456559021482849e+10,2.009859138343615341e+10,1.604658502152569771e+10,3.201523086011142349e+10,2.146899981771011353e+10,3.432995111162036896e+10,2.010423926537767029e+10,2.071049774983872986e+10,4.445477297954817963e+10,1.644411052905973816e+10,2.420650427691346359e+10,3.339912446626885223e+10,2.630835470733909988e+10,2.285435473191085815e+10,3.521067965059475708e+10,2.487828501934751129e+10,3.031336328304419327e+10,2.677876598324245071e+10,1.758135196656685638e+10,1.925983664428446960e+10,2.303124567880998230e+10,2.301917175045013046e+10,2.594027453808840179e+10,2.396298940844356537e+10,2.126295347357633591e+10,1.957185940648351288e+10,2.287429397819871521e+10,1.667535147616536522e+10,2.161059714134325409e+10,4.202344075136486053e+10,1.750699549733445740e+10,2.515584796440349960e+10,2.330804038467984009e+10,2.871057702781288910e+10,4.290097965405930328e+10,3.519138292335762024e+10,4.150498454827262115e+10,2.109725107959840012e+10,2.401581005173504639e+10,2.152270401235559082e+10,4.566164377583579254e+10,3.017355937385263824e+10,2.297513211167871475e+10,1.566315213917362213e+10,2.512716152340264893e+10
2.197695339417413712e+10,3.214746025297896957e+10,2.423204122478203583e+10,1.876841473202480316e+10,1.621576360098182106e+10,2.274919663091505051e+10,2.321398398503672791e+10,2.093830183324133682e+10,2.476832083831760406e+10,2.318153397058431244e+10,1.902246532107880783e+10,2.130264813718078232e+10,1.928579205319385910e+10,2.452604679308112717e+10,2.747426048335618591e+10,1.930148027016450119e+10,1.911190597837882996e+10,3.091754635131216049e+10,2.119519985939677811e+10,2.237324337765757370e+10,2.243686809354782867e+10,3.952667016039645386e+10,4.287045185816650391e+10,1.831647031898591995e+10,6.308396855687632751e+10,2.498026983126922607e+10,2.228545537930962753e+10,2.535376828728845215e+10,2.732132406889347076e+10,2.271253576983590317e+10,5.032548249231877136e+10,2.570403547058150482e+10,2.023715255379172134e+10,1.853499044229170609e+10,2.850254164061129761e+10,2.132157398364148331e+10,3.243508668080434418e+10,2.045460953309764099e+10,2.255992556142140961e+10,2.737567244906195831e+10,2.352339359575465012e+10,2.642250595070546722e+10,1.657372311342966843e+10,3.690343153239362335e+10,2.531512557728201294e+10,3.200793305838286591e+10,2.266024635390584183e+10,2.566583549151936340e+10,1.842333092651988602e+10,1.724981814370640182e+10,1.994603060140129852e+10,4.459389439844716644e+10,2.761283635025309372e+10,3.370300266770181656e+10,1.631178214136079979e+10,3.422847631063784790e+10,2.270518839263212204e+10,3.487344030264339447e+10,3.110063905451099396e+10,1.774620773964427567e+10,3.841330135857051086e+10,1.692182664161392593e+10,2.145173244182305527e+10,2.908738259574610901e+10,2.587785636452008438e+10,4.411970959295607758e+10,1.974271108578839493e+10,3.524613308827007294e+10,2.248896989848534393e+10,2.718085792739547729e+10,2.714794893262773895e+10,3.687592272828034210e+10,2.256533102473871994e+10,1.750926217323364258e+10,2.168413593060344696e+10,2.403974746657783508e+10,2.373197356985669327e+10,3.059922797592686462e+10,3.187806136934387970e+10,4.287040326673605347e+10,2.880955961398539352e+10,1.975279764576046753e+10,2.656104732175563049e+10,2.137760645695805359e+10,3.317386545661451340e+10,2.129602875560165787e+10,2.351788158762896347e+10,2.537030211595564651e+10,2.600963796936193848e+10,1.915863279174305344e+10,3.679653962767469788e+10,3.110960639480606079e+10,3.094786158348348236e+10,1.866845083791126633e+10,2.214868438986328125e+10,2.864439491584800720e+10,1.446069959417792702e+10,2.461983865101748657e+10,2.515831153369867706e+10,2.451669389415772629e+10
1.609861291321728516e+10,1.843366043695064163e+10,1.825368437741702652e+10,2.520666493078377533e+10,2.148919544370819092e+10,1.855933686963026810e+10,2.157263959312294388e+10,2.998967373590164948e+10,2.184158690887781906e+10,1.789037563129164505e+10,3.630641305333388519e+10,3.573203133193399811e+10,1.949734952533479309e+10,2.141402524091393661e+10,2.401526136478949356e+10,2.966672382176632309e+10,3.381448826618869400e+10,4.358408612678697968e+10,2.206864960309716034e+10,1.868119713755834198e+10,2.627671124469369507e+10,3.696369222936654663e+10,2.861975614659869385e+10,2.120995994115554428e+10,2.845047798760398483e+10,1.895945735526326370e+10,1.197294336754293633e+10,2.361779749347055435e+10,2.595109287275979996e+10,2.051705560499213791e+10,1.901175323527706528e+10,2.730094372219131851e+10,2.428410063189771271e+10,3.819477492175433350e+10,2.314979708441829681e+10,1.681053646034189034e+10,2.781679578631434250e+10,2.305178201638447571e+10,2.100660913969396210e+10,2.270205460594542313e+10,2.559190016430548477e+10,2.366771546656452179e+10,3.134549735941300583e+10,1.647459469033427811e+10,1.822241026668640900e+10,4.774339048514002228e+10,2.248927322885596085e+10,2.593533065196176910e+10,3.161084274632560730e+10,3.371874898747419739e+10,3.896101597867097473e+10,2.447210082055147171e+10,2.017408134082800674e+10,2.144829001478807068e+10,3.279916852568812561e+10,7.007833549349848938e+10,1.834712184307653046e+10,2.832780665876514435e+10,1.716754012450392723e+10,4.553952479740108490e+10,2.621442027311982346e+10,1.684700406744820404e+10,3.667748375618920898e+10,2.478999778207847977e+10,2.121859598966039658e+10,2.491560904416526413e+10,2.357508683849251938e+10,2.760700199747565842e+10,2.489360592055636215e+10,2.847154373229314423e+10,3.788948835448278809e+10,2.967869569907659149e+10,1.738820134224866486e+10,2.352354198425232697e+10,2.973327503980811310e+10,1.766664405632859421e+10,2.453428334300628662e+10,2.286823826844166565e+10,3.459495440148587799e+10,2.475908075862800980e+10,2.272009965262251663e+10,1.508405829359673500e+10,1.717518358178904343e+10,2.944218301399872589e+10,2.142143259250133133e+10,3.064775981551819229e+10,2.920934950369167328e+10,3.060479845165199280e+10,2.621008119562281036e+10,2.464997494585541153e+10,2.390227296672827911e+10,1.461652815584440994e+10,1.609809490945884132e+10,1.607073414191380882e+10,2.486976201751894379e+10,2.062717550496921539e+10,3.914080895857630920e+10,2.651137717404929352e+10,5.485520346923193359e+10,3.575749861672512054e+10
2.313403934388105392e+10,3.634868643271849823e+10,1.968093660093521500e+10,2.329522461174644089e+10,2.194243011682551956e+10,2.154354522632332993e+10,1.247168041759823418e+10,2.384988742422433090e+10,2.105525380244850159e+10,1.472456217450383377e+10,1.656899351487448120e+10,2.844788934381362152e+10,1.805245585905774689e+10,1.882967270111099625e+10,2.656529685503888321e+10,2.231813060355665588e+10,2.111765256620410156e+10,3.701808389025949860e+10,2.729106437728150177e+10,2.034577182606151581e+10,2.172893869444539261e+10,1.621768517114006042e+10,2.199616190341250229e+10,2.409032931104455185e+10,1.976135556103300095e+10,2.136320988930382156e+10,2.303966495008819962e+10,2.399408689091977692e+10,2.666968601084519577e+10,3.722387269405553436e+10,2.178215622804812241e+10,2.603285384415610123e+10,1.950066863648090744e+10,3.732298642841719818e+10,2.936153112932522583e+10,2.317945325882877731e+10,1.517168631910652733e+10,1.729459574707196808e+10,2.605746361781768799e+10,2.336263624256184387e+10,1.313547560570656586e+10,2.072169859291099548e+10,2.127296446939374542e+10,2.585838380554605865e+10,2.550764619995862198e+10,3.007166569718269730e+10,3.282961366135073853e+10,2.121877978720509720e+10,1.676563024576721382e+10,2.823307769242272186e+10,2.464400237413613510e+10,3.347713127359355545e+10,2.829840420906309509e+10,3.301258034030437469e+10,2.009823312277194977e+10,2.029191461641122818e+10,1.656955250982095337e+10,1.871893742735111237e+10,2.635174773154852676e+10,1.735620371998714828e+10,1.686609857628348732e+10,2.488985002610185242e+10,2.562712463015934753e+10,1.994790762268227768e+10,2.220975829121966171e+10,2.549276044088325882e+10,3.695099988090725708e+10,2.803045023779738617e+10,1.798861282292617416e+10,3.244045532149770737e+10,4.270421723628859711e+10,1.909844877627081680e+10,3.288553039759600067e+10,2.333727561672446823e+10,3.015071310240244293e+10,2.491065682560033035e+10,3.623827241337923431e+10,1.885415975085686874e+10,1.924617704017521667e+10,3.026677680057395172e+10,4.186155192578164673e+10,2.833094969624308777e+10,3.106135540703546524e+10,3.167286307529030228e+10,2.058011321124838257e+10,2.445868983776252747e+10,2.151669117443955994e+10,1.475041701726058769e+10,2.037912142916708755e+10,2.157087432740825653e+10,2.117179426488882828e+10,2.413829391921941376e+10,2.731858467993041229e+10,2.682031996664804459e+10,1.780632034737298203e+10,1.696369896031342125e+10,1.879476098606241989e+10,1.956384476662231445e+10,1.888072732233621597e+10,3.436659909370547485e+10
1.606721466515725327e+10,2.376518867896386719e+10,1.994230875080236435e+10,1.819526914988361359e+10,1.946993482686078644e+10,1.501357696389832306e+10,1.372693923446136093e+10,2.351910361234326935e+10,3.379035595962531662e+10,2.148075144039737320e+10,2.421859221181395721e+10,1.882484751949737167e+10,2.669471204246226883e+10,1.996350999386031342e+10,1.700104735429268456e+10,2.494564662781383514e+10,3.100424142777313614e+10,2.608493990467401505e+10,2.202780953809766769e+10,2.444923885249439240e+10,1.392739480350399971e+10,1.777769885841016388e+10,1.951674172236578369e+10,1.986678100929832840e+10,1.564406664282938004e+10,1.563833201151011658e+10,2.570579264426898575e+10,2.192645559982680893e+10,1.945627170006649780e+10,2.404195019240235138e+10,2.901770986854252625e+10,1.752253708127058411e+10,3.720501894650627136e+10,3.147076174677418518e+10,2.551359288254035187e+10,1.809525400663860321e+10,1.426205463576820374e+10,2.537470069213182831e+10,1.940716402869202805e+10,2.383276099504309845e+10,2.177203833871651459e+10,3.463796029751975250e+10,2.144525126512768555e+10,2.777647659621452332e+10,2.503771299125931549e+10,2.593059502871082306e+10,2.407437532672264481e+10,3.413667671150768661e+10,1.891324124578853226e+10,2.310266335230150223e+10,2.773391844838180542e+10,1.729280453405690765e+10,3.294929847086495590e+10,1.373587063645352173e+10,2.010388748600800323e+10,1.753476926771678162e+10,2.500366517923907089e+10,2.584112063375010300e+10,3.350820121880614853e+10,1.384254286838861084e+10,5.457669469487928772e+10,2.753118355465943527e+10,2.359909870802801895e+10,1.979774166565196609e+10,3.478980322484912872e+10,2.028366923981467438e+10,2.262730941376071167e+10,2.429632449441893768e+10,2.355311101990855789e+10,2.013052511345613098e+10,2.523972378660644150e+10,2.414740590250567627e+10,2.002024758699839783e+10,3.635164259511955261e+10,2.642277424996318436e+10,1.496623272840559578e+10,2.010446246500905228e+10,2.631660927985755920e+10,3.695277763416950226e+10,3.045004929188790512e+10,2.475223919323120880e+10,2.234878436185969162e+10,1.867906214333043671e+10,2.445044255878717041e+10,3.115240031998308182e+10,1.499305968779300117e+10,2.699124607044379425e+10,2.405855414629973221e+10,2.876504404187038803e+10,2.291722766725518799e+10,3.497005616555326843e+10,2.121089118026100159e+10,2.098832964499117279e+10,1.923037995203311539e+10,2.668453151227781296e+10,1.947415869247443771e+10,3.543433189066675568e+10,1.846050732422188950e+10,1.880210296702659988e+10,1.306600425758113480e+10
1.671971419129427147e+10,2.975529060251457596e+10,1.978570940889609146e+10,4.355191361722497559e+10,2.668837021766349792e+10,5.520475087592292786e+10,2.387547466821424866e+10,5.735532925434279633e+10,1.699944681414984894e+10,1.538397854872378731e+10,1.950341248067647552e+10,2.210046954347760391e+10,2.048741557778873062e+10,2.727334681751755905e+10,2.190368062862544250e+10,1.895669505632028961e+10,3.760784138649904633e+10,1.551176609796562958e+10,2.770876486849834442e+10,2.280721439715717697e+10,1.581788202450814629e+10,3.285494387610280228e+10,1.964973817285413361e+10,2.321423361977349091e+10,1.908167401561414337e+10,2.010554101123170471e+10,2.925632342158365250e+10,2.409929796914518738e+10,1.952322864113205719e+10,1.711074077238709259e+10,1.888817468294816589e+10,2.386350063097354507e+10,1.964622334533695984e+10,2.333893302071105576e+10,3.430784290877178192e+10,1.725265022025617599e+10,3.120496976071430206e+10,2.433733516613965988e+10,1.745881305142419434e+10,3.935167416663347626e+10,1.981052555100877380e+10,3.494537469075157166e+10,1.844930081705644989e+10,2.746882512241340637e+10,1.494182821383513641e+10,2.133016282778617096e+10,4.906433652587306976e+10,1.733085904320023346e+10,3.642333448689180756e+10,1.670352468902715302e+10,2.015951776350717163e+10,2.193841574885573578e+10,2.018662947646272278e+10,2.101290592303840256e+10,2.591692822845385361e+10,2.033980547472649765e+10,3.101336152772657776e+10,2.795044802593175507e+10,1.579872411143686104e+10,2.160075746347722626e+10,1.468742192700237465e+10,3.452736611204718781e+10,2.491388463423056793e+10,1.878205690964781570e+10,3.275377713927706909e+10,3.189408444609733963e+10,1.965895819335668945e+10,2.892795349063599396e+10,3.023273624264156723e+10,2.075610236765486908e+10,2.111987333949633408e+10,2.433621502926781845e+10,2.094369135754138565e+10,1.976722189886454773e+10,2.365594442724231339e+10,2.459111203626761246e+10,4.724245625645144653e+10,2.765657219259345627e+10,3.059740550646980286e+10,1.763052359321195602e+10,1.572816576104890060e+10,1.559721808738191795e+10,2.851677058990760803e+10,1.669290469794743538e+10,3.141523034051589966e+10,2.210013809319927979e+10,2.165507620799087906e+10,2.618718236505610657e+10,1.704692305868667221e+10,3.255574391321765518e+10,2.179224359930779648e+10,1.327278992217811775e+10,2.168408227478185272e+10,1.519980393136466408e+10,1.741641500738824081e+10,3.012398453635648346e+10,1.443649406551885033e+10,1.330506544979882431e+10,1.544254557286745644e+10,1.799114239076117325e+10
1.388965759302112579e+10,2.113272988621818924e+10,2.186435731541033554e+10,1.804616507160425949e+10,1.834688829403166199e+10,1.673082856724668503e+10,1.900720821227540970e+10,2.332976666361352921e+10,2.826146632995286560e+10,3.191927201251125717e+10,3.371254567498796844e+10,2.236295754358006287e+10,2.265835608045096970e+10,2.246663509288838959e+10,3.155094556315689468e+10,2.222510348111394882e+10,2.679031337298690414e+10,1.726890603179290771e+10,4.274934712577803040e+10,2.547303362538405991e+10,1.863983055394221115e+10,2.194224940501450348e+10,2.851120632189232254e+10,2.263171266148701096e+10,2.740798784480847931e+10,2.363756412895109558e+10,2.144728656991177750e+10,2.184742984183677292e+10,2.315345404597251129e+10,1.997084789347597885e+10,2.140059031342024612e+10,2.084916794606763077e+10,4.566698607480654907e+10,3.513058772909210968e+10,2.108279439325859451e+10,2.149401835591505432e+10,1.586678118337333298e+10,4.231796238385578156e+10,3.124923873440702057e+10,2.055087145094036102e+10,1.814388677430409241e+10,2.066088909251036453e+10,2.355770471573996735e+10,1.883471360663658905e+10,2.069382002693944931e+10,2.454557645152444839e+10,1.927352254129887009e+10,2.211236651729877090e+10,4.763980163062042999e+10,2.712459582362341690e+10,2.117773624440248871e+10,2.012125576146018982e+10,2.427520281540003586e+10,2.376700524148087311e+10,1.776223470389533615e+10,1.851865254499654007e+10,2.973415703857231140e+10,3.025897006452499771e+10,1.989359300594480896e+10,1.753824772630777740e+10,4.386631807587790680e+10,3.233653060210829544e+10,1.759622069183158112e+10,1.772104555892309952e+10,2.072543203722436523e+10,1.673493387775719452e+10,1.812914963645328140e+10,2.370262468212088013e+10,2.323277799165140915e+10,2.212814808933408356e+10,2.014097959952966309e+10,3.787466104211740875e+10,2.668075632345586777e+10,1.698876301196574211e+10,2.046938265393044662e+10,2.436904684874356842e+10,3.250895395671825409e+10,3.488123668301801300e+10,2.672040301197341156e+10,2.603993859079105759e+10,2.128936136967869568e+10,1.912848449543105316e+10,2.710599269504595566e+10,2.053424171213742447e+10,2.173323180469993210e+10,2.041138474866162491e+10,1.523448711799412918e+10,1.580732088725481987e+10,1.465773710538529778e+10,3.514474026325602722e+10,1.436548911247039032e+10,1.432801686700097656e+10,2.814260814918358994e+10,2.789001127807865143e+10,1.743732294935556793e+10,2.164769153067628860e+10,1.724994441083457565e+10,2.181388426310526657e+10,1.706821030869957352e+10,1.818709735433478165e+10
1.533042333163776970e+10,1.810947081994100952e+10,3.167159801195101166e+10,1.530348731216914940e+10,1.680047123174890709e+10,1.875581320706660080e+10,1.764045387384182739e+10,1.863389763834849548e+10,2.717358043859070969e+10,2.412479778158782959e+10,2.345699692319047546e+10,2.227568704711143875e+10,1.657715602478648376e+10,1.733393535205654907e+10,2.384893408594766235e+10,1.487733249644543839e+10,1.534234733380087662e+10,1.403712941233284760e+10,2.540061986298009109e+10,1.478550486747577858e+10,2.578252014493058777e+10,1.707589913777187538e+10,3.792743447655437469e+10,2.127508313803126907e+10,1.746152029462354279e+10,2.140734492063735962e+10,2.530380396713000870e+10,2.013444337373204422e+10,7.727472728607196045e+10,3.288135231182393265e+10,2.680784847081414032e+10,2.128904244221740341e+10,4.235460247288449860e+10,1.837171177087399673e+10,1.617198446330842590e+10,2.438104709038795471e+10,2.157997144130041885e+10,2.372357115005822372e+10,2.311026358931290817e+10,5.384489971086936188e+10,2.930202125615973663e+10,2.398610801022737503e+10,2.539686779283731079e+10,1.870192074909375763e+10,2.314915084496795654e+10,2.060322210762471390e+10,2.112111472785279465e+10,4.951160514034679413e+10,1.680829947081974792e+10,2.110311114202077866e+10,1.798872411204023361e+10,2.192995288766442490e+10,1.568521091992493057e+10,2.075131698115892029e+10,3.266718595229999924e+10,2.777954143159907150e+10,1.675906338234873390e+10,1.953242252154604340e+10,2.201587156845994949e+10,2.442235410305395508e+10,2.881378277689207458e+10,1.722978586592907333e+10,2.366220681526336288e+10,3.555192238071332550e+10,3.076663917153610992e+10,3.421975470163571930e+10,3.760841744904054260e+10,1.872338494540049744e+10,1.974681411443109131e+10,2.424638486927821732e+10,1.839518698457616425e+10,3.073957253328284836e+10,2.317938064661886978e+10,1.888395640212052917e+10,2.196823459551536179e+10,1.763495921907255554e+10,3.703670677635110474e+10,1.784616397896270752e+10,1.702480221158648109e+10,1.929748008950591660e+10,1.352524925619377136e+10,4.954049533966463470e+10,2.032828067116191864e+10,2.091348403156290436e+10,3.228191634884114456e+10,1.831068244768510437e+10,2.242116058524451065e+10,2.413706275039813232e+10,1.949657061377836609e+10,2.216698514919044495e+10,1.692478327839883232e+10,1.614200283467398834e+10,1.609345763597338104e+10,2.425253967632210159e+10,2.201827486326176453e+10,1.923698404207617188e+10,1.714958200658202171e+10,1.898477844920756912e+10,1.633525771516683960e+10,3.515505147139366913e+10
2.062476988467007065e+10,2.018004549078820801e+10,1.452603489237117004e+10,1.980610862095939255e+10,1.684924386499495888e+10,2.100792273261800003e+10,1.705866244642450523e+10,2.263548092271605301e+10,3.712275150319746399e+10,2.153775125880157089e+10,1.955393869400647736e+10,2.229817483849629974e+10,2.237210322060144043e+10,1.953412472879600525e+10,1.729567195397719574e+10,2.817673648239412308e+10,1.819400593098303604e+10,2.676760187808644867e+10,2.377341233554412842e+10,1.862135098321203232e+10,2.595038041905963135e+10,2.761324898349142075e+10,2.234214992729756546e+10,2.029411216289604950e+10,2.175931845541119766e+10,2.506675369898393250e+10,4.339627397350760651e+10,2.357311945676343918e+10,2.915106930905818176e+10,2.459783371102717209e+10,3.432970677068196487e+10,4.705072434173015594e+10,1.508961192055994606e+10,1.783874279880086517e+10,2.537722307218838501e+10,1.487476215666102409e+10,2.716434594770019913e+10,1.726664783089172363e+10,2.121124451126858139e+10,2.144331417733887863e+10,1.766817918493168640e+10,1.485729426029341316e+10,2.288903287586258698e+10,3.129611512648295212e+10,2.515983780994680023e+10,2.113370734230505753e+10,2.709627222467927551e+10,2.002812270127001190e+10,1.202537799445476151e+10,1.404312364041618729e+10,1.802037288475500107e+10,1.857794902069776535e+10,1.633643318988486099e+10,1.739882214943207550e+10,3.295169760165760040e+10,4.591788433550931549e+10,3.102433802154088593e+10,1.646802245354210854e+10,2.477222307895660400e+10,1.637178072750484467e+10,2.168886842994900513e+10,2.511987312026407242e+10,2.539315038509350204e+10,2.726290559258386993e+10,3.257563912507782364e+10,2.310923138579484558e+10,1.561247548300195312e+10,1.321657514465337944e+10,1.931359600639445877e+10,1.960914911763091660e+10,3.250956501629172516e+10,1.851854450319017029e+10,2.214061230586562729e+10,1.974870961966904831e+10,1.594826784512434387e+10,1.603414939487779617e+10,2.064173220717740631e+10,1.713355268535696411e+10,2.547464369336495209e+10,2.937802445303673172e+10,3.163240292158820343e+10,2.635191570345001984e+10,2.345405518878784943e+10,5.239316290360464478e+10,1.755096399822244263e+10,2.186306307776352310e+10,2.445634691445289612e+10,2.061974652940566635e+10,1.944277625702156067e+10,3.122877943718719101e+10,3.791522097856531525e+10,2.398089373391149902e+10,1.926160499660542297e+10,3.115552724416822433e+10,1.589476348371601486e+10,1.619931728223426247e+10,3.066907448975044250e+10,1.670125730265117264e+10,1.782251532873326874e+10,2.409319451059708023e+10
1.863740318010300827e+10,1.870513311768626404e+10,1.421814373728440666e+10,1.478345590352543640e+10,2.618332532563985443e+10,3.034179951353356934e+10,1.895449938800748444e+10,2.988688168043945694e+10,1.691948598671860886e+10,1.427436624099318886e+10,2.172799143450017929e+10,2.876393929230205917e+10,1.351449267617120743e+10,3.528121840356858063e+10,2.442304803302060318e+10,1.748830389994100189e+10,2.084914093101034164e+10,2.869634704284560776e+10,2.268440982818838120e+10,2.834670909996030045e+10,1.578827306670801926e+10,1.597794967711004829e+10,1.939665888557136154e+10,1.589341733427244949e+10,2.547727916511531830e+10,1.809525630527336502e+10,2.002072955305863953e+10,2.172445305354931259e+10,2.424064709755194092e+10,2.207647511593901825e+10,3.062287232864797211e+10,2.301267221326444244e+10,2.018465911215696716e+10,1.809530590321009445e+10,1.614784952708227348e+10,1.968762630140791702e+10,2.816802165856906891e+10,1.766399163317900467e+10,2.012870579674680328e+10,2.895564270422303009e+10,1.153348905974721527e+10,2.561948978773102951e+10,2.307647828920586777e+10,2.063425270912373352e+10,2.236685020739909744e+10,1.659786043884828377e+10,1.839686551060531998e+10,1.868182044055302048e+10,2.026146469363534927e+10,2.244910759703197098e+10,4.172506162137560272e+10,2.681464541477700806e+10,4.376800825187357330e+10,1.593217764303691673e+10,1.938768883237116241e+10,4.069367575790033722e+10,2.571044670097085953e+10,2.223960390433280182e+10,3.012772072563703156e+10,1.300008264746450043e+10,2.694373725142985535e+10,3.224892585038872147e+10,2.359665781793008041e+10,2.385444610323384094e+10,2.134169259148659515e+10,1.971986914275603867e+10,2.161743399857080078e+10,2.823145456512561035e+10,1.543019970993406868e+10,1.896986350146689987e+10,2.403024182889074326e+10,1.558898786077948189e+10,1.328900086641273117e+10,3.818647906073398590e+10,3.071851601104658890e+10,2.874352780319475174e+10,3.935153586738155365e+10,3.074175339036344528e+10,2.244728550913795853e+10,2.731960343393417740e+10,2.200678533477085114e+10,1.171576966914460373e+10,2.647755113009284973e+10,2.108820249205865479e+10,1.890366982638898087e+10,1.545659666745591354e+10,2.126264583999092484e+10,1.670577424440915680e+10,2.049990787570864487e+10,1.483049639528322983e+10,1.575040162590613365e+10,1.910498823685443878e+10,3.075111527191623306e+10,4.084108518817035675e+10,3.967477835637298584e+10,2.927488253871057510e+10,1.817789399601481628e+10,1.382380207265185738e+10,1.590781059948671913e+10,1.572895015868023300e+10
1.727475375205799103e+10,2.064589896291989136e+10,2.266216477507518768e+10,4.016356519254199982e+10,1.997271661081250381e+10,1.638046105668719482e+10,2.041711944144548798e+10,2.997227795891426849e+10,1.653407552651112175e+10,2.233585633140826797e+10,1.562249686061445808e+10,1.520185481975998306e+10,1.984556140699354935e+10,2.435142795982364273e+10,1.526311123317287636e+10,2.564447302863139725e+10,2.084039964549926376e+10,1.747484707987583160e+10,2.042384700277851486e+10,1.916203899063282776e+10,1.616928615817218971e+10,3.722860468378050995e+10,3.340583812091768265e+10,1.710253150685909271e+10,1.658441139990954781e+10,2.265676074139260864e+10,3.435674378271671295e+10,1.761522329249864960e+10,2.612389191284996033e+10,2.817552508399271011e+10,3.494049113435578918e+10,2.292826913776007843e+10,4.458711956527570343e+10,1.835995958422389984e+10,2.981848183103309250e+10,1.895161237831352234e+10,1.477637935854273605e+10,2.102688702795795441e+10,2.341473387784580231e+10,1.623794273098294067e+10,2.531507956378300476e+10,1.868193822874190903e+10,1.660266349718138123e+10,1.392085582322252083e+10,1.655626876119137383e+10,1.664032920933812332e+10,1.825022149098810577e+10,1.775999427241621017e+10,5.175291135036770630e+10,2.756392272848997498e+10,3.180194010217089844e+10,4.150828507530707550e+10,1.616643867030937767e+10,1.803800174411841583e+10,2.739676979275653076e+10,2.240050121950949097e+10,1.804496515175200272e+10,1.828656998441030502e+10,2.352280245196722031e+10,3.817182189403682709e+10,1.709005129194098091e+10,1.846009791111723709e+10,2.180857955911339569e+10,3.096854963943104935e+10,2.688354607857878876e+10,1.719436983686296844e+10,1.354640935302390099e+10,1.879162918533501434e+10,1.780910855280982971e+10,2.187085852205928040e+10,2.001158695185917282e+10,2.166287945801433182e+10,1.876344066522575760e+10,2.408122714554668427e+10,1.614831486529561043e+10,2.332416650163837814e+10,2.070449992034605026e+10,2.249460480944890213e+10,1.894362698456047821e+10,2.786609176893852997e+10,1.921116104035690689e+10,2.279623104811727142e+10,3.345045819319163513e+10,3.142631343747307968e+10,2.211702744435468674e+10,1.395151724092943764e+10,2.091061589402520370e+10,1.898161406943433762e+10,2.025094195450388718e+10,2.506039581696579742e+10,2.858435231129123306e+10,1.319510680338578415e+10,2.133058765334231186e+10,2.023501061475632858e+10,1.468823548718347359e+10,2.530410306469047546e+10,2.200188559145311356e+10,2.781524671874996185e+10,1.851779940275009537e+10,1.428909085885733223e+10
1.699993945199709129e+10,1.655524543244195747e+10,2.423644461292953491e+10,3.183632843683049393e+10,1.467498060140958595e+10,2.210533069395004654e+10,1.592516327275758171e+10,1.752492225263484192e+10,1.813509368466881180e+10,1.603960412115561485e+10,2.206299537045891571e+10,3.054659507466657639e+10,2.136175842287635040e+10,3.805701587574508667e+10,1.926495937532339859e+10,2.767277637348226166e+10,2.959126032134472275e+10,1.455889632425251007e+10,2.061234715174108887e+10,2.757726032112061310e+10,1.374950520889124298e+10,3.023950044959648132e+10,3.788771001490585327e+10,2.283235200259355545e+10,1.833717108011731339e+10,1.702555142295891380e+10,1.779049701011185074e+10,1.837689929508799744e+10,1.887997064675987244e+10,1.771253984339601898e+10,1.627349810214299583e+10,2.157404688706633759e+10,2.335399960433863831e+10,3.195454157354914474e+10,1.635639480717352486e+10,1.454348646748656464e+10,1.627584757266900635e+10,2.007984438123022842e+10,2.191597377860154724e+10,2.380435787363736725e+10,1.604025643608259964e+10,1.697736071434821510e+10,2.742169879145525742e+10,1.873160261949765396e+10,4.497192571501065826e+10,3.109291735069875336e+10,1.150371223157866669e+10,1.909228381231826782e+10,2.052978306338196564e+10,2.162714728542440033e+10,1.883102766107007980e+10,1.773333331739254379e+10,2.884735458706821442e+10,3.049017980784715652e+10,6.844617250921918488e+10,2.113520684395463181e+10,2.892842168276900864e+10,3.335593464953034592e+10,2.072257318979713821e+10,1.314355970475781822e+10,1.516891109374342918e+10,2.501153908685211563e+10,3.235491044708209991e+10,2.029885855050655365e+10,1.539526340811852837e+10,2.200641433569642639e+10,3.376400127350901413e+10,2.510387523536221313e+10,2.278648725575703812e+10,3.126070161717483139e+10,1.576874790238880348e+10,2.304128737363095093e+10,1.424408458286387825e+10,1.918524026423588562e+10,1.511211645217578888e+10,4.066273616932081604e+10,2.669578686114307022e+10,2.601258850535094452e+10,2.200183011970029068e+10,2.048915684808866882e+10,1.434995004848853874e+10,3.035251590922570419e+10,3.440346689962689972e+10,3.670338216645122528e+10,2.100940056633842468e+10,1.255247605595400047e+10,2.318772784102200699e+10,2.636044615783905792e+10,2.231369456245479965e+10,1.320751213194971657e+10,2.451696445765072250e+10,4.223684276768045807e+10,2.498090345238052368e+10,2.862050992751248550e+10,2.346427624042186356e+10,2.028178656174311447e+10,3.379590297468666077e+10,1.903121154802880096e+10,3.185429679464203644e+10,1.431911476333706474e+10
2.730795976917804337e+10,4.216783120896740723e+10,2.059994729044206238e+10,2.018469903852845383e+10,2.122279944647373581e+10,1.531927299386247444e+10,1.512454741492000389e+10,2.369127259517821503e+10,2.653627849811230087e+10,1.744646782428028870e+10,1.400759154978419876e+10,2.747518253354214096e+10,2.028665762849986649e+10,1.935831843910906982e+10,4.083521567322293854e+10,2.989968490841438675e+10,3.014682571552023315e+10,1.658604902119453621e+10,2.235575469272929382e+10,3.048237487538803482e+10,2.185321099770494843e+10,1.624892186137794113e+10,2.274963679301247787e+10,2.555351260804100418e+10,2.829678933752825546e+10,2.436422291712121964e+10,2.067195455297972488e+10,2.069258515058923721e+10,2.397106381182125092e+10,2.838010351709991074e+10,1.641918609371672821e+10,3.335519179227522659e+10,1.690544458849391556e+10,2.925016228596155548e+10,1.767316541366704941e+10,1.677701535496556854e+10,2.334291954525728226e+10,2.013430782844786835e+10,2.173394452879903793e+10,1.776134037144640350e+10,2.306278069005594254e+10,1.866789403041469955e+10,3.083810327702630234e+10,2.273657221243003845e+10,3.640397195084159088e+10,1.517490742102120781e+10,1.588866709462250519e+10,3.069287863773729706e+10,1.692891114672428894e+10,3.484313337255072021e+10,3.304100706492344284e+10,2.337878519807509232e+10,2.641960365723121643e+10,2.225003175653041077e+10,1.898533950173239899e+10,2.767486567182228088e+10,2.177762466042959595e+10,4.092952011100130463e+10,1.419988361382182693e+10,1.846980066855562592e+10,2.092943282052499771e+10,2.848601164999295044e+10,1.998107409473575211e+10,1.835089056522628021e+10,2.663259409377660370e+10,1.608366432063875008e+10,2.879018054166773224e+10,3.234595949015217972e+10,2.221782321640016937e+10,1.967094453449272537e+10,2.461963435170381546e+10,2.376024054639672470e+10,2.946924853123040390e+10,2.250344119771360779e+10,1.661765497209692383e+10,1.662430256035686684e+10,1.757452651620079422e+10,3.332230561775997162e+10,3.055904176691629791e+10,1.428579784689222145e+10,1.990941033902669144e+10,2.691395808047866440e+10,2.101771042411856461e+10,1.891050050437120438e+10,1.598772881915192223e+10,1.396264852456391335e+10,1.855840094345968246e+10,1.639422122198508263e+10,1.329052713039641953e+10,2.248569676028354645e+10,2.771353541555009079e+10,1.410292842762960815e+10,2.329182355043024445e+10,3.090978230286333084e+10,2.333889832521570969e+10,2.360389090580914688e+10,3.134970812500415039e+10,1.733286238516237640e+10,1.764406980419226456e+10,1.438645609615734673e+10
4.816699222744612885e+10,2.093338958214907837e+10,2.047353800068369293e+10,1.981992304003835678e+10,1.944351341588667297e+10,1.896712393922355652e+10,2.628672490548329926e+10,1.560785373790481567e+10,1.298302046310993767e+10,1.749920086822235489e+10,1.612015264271998787e+10,2.065441061507561493e+10,2.266644492877220535e+10,1.988241294992403030e+10,2.194677653064125824e+10,2.423114513017895508e+10,1.725324695471266174e+10,3.242220384449961472e+10,1.730114243528820419e+10,2.685219220998568726e+10,2.947291996716193390e+10,1.726823428276460648e+10,1.828511427977944946e+10,1.823160096567628860e+10,2.525302614125268936e+10,1.502197033801161385e+10,1.355723198118438721e+10,1.865082623967809677e+10,1.208190021670797348e+10,2.195727264356179047e+10,2.158673921626165390e+10,2.112096929734843826e+10,2.241158093418471909e+10,8.237349040358906555e+10,2.165885213376567459e+10,1.302398272082877541e+10,2.194229104607563400e+10,1.401146022767695999e+10,3.530775889714110565e+10,2.183658954733919144e+10,2.021290748854716110e+10,2.917041932272969055e+10,2.072688580928661346e+10,1.424225356209775925e+10,2.470243809214838409e+10,2.707378834017346191e+10,1.912578629925717926e+10,1.746499880882880020e+10,3.102903400511750793e+10,2.282690479895116043e+10,1.694481606756784058e+10,1.888276690385106659e+10,1.840555284135168076e+10,1.613805939132060242e+10,2.399209306462245560e+10,1.687410527240596390e+10,1.647308360508008385e+10,2.286893012864524841e+10,1.737712363483954239e+10,4.138580237934136200e+10,1.911287515672206879e+10,2.912073508020803452e+10,2.424690535695182419e+10,1.516605139455334091e+10,2.654058884952396393e+10,1.513175571835422325e+10,3.096058842241373825e+10,1.614406354545814133e+10,1.430968875072906876e+10,2.497353292823406982e+10,2.110011600483166885e+10,1.497132989036540222e+10,1.646958317627053642e+10,1.852734727010030746e+10,1.556424064503112030e+10,1.940211419482490158e+10,4.375321524984426880e+10,1.361324247032382584e+10,2.385884947019537735e+10,2.302181263585049057e+10,1.396860622569104958e+10,1.981948132470542145e+10,2.131272332851420593e+10,1.824793790804867935e+10,1.663813142634964561e+10,2.611435688612005997e+10,1.704464996358430672e+10,1.824315045892724609e+10,1.347632074594382477e+10,1.143615433609818077e+10,3.440729117772676086e+10,1.725198542834395599e+10,1.661643068693655777e+10,1.829542698469896698e+10,2.472669393942194748e+10,2.446976822687875748e+10,2.396940851723106766e+10,4.011247812846160126e+10,1.700438024039414597e+10,1.877354447089400101e+10
1.470327574346043205e+10,1.639136962402091599e+10,1.011789833395863914e+10,1.558557121977172279e+10,1.992040766184241867e+10,4.478644393578192902e+10,2.251602174130608368e+10,2.462211470222003555e+10,1.876178305782880020e+10,2.872327609567955780e+10,1.633697713355182838e+10,1.651856690392032242e+10,1.734359602304170990e+10,1.826451281732896042e+10,3.546398093485049438e+10,1.373898934228345299e+10,1.555274272335167694e+10,2.261169954100931549e+10,2.227179281656518936e+10,1.938408128209381485e+10,1.330265991090112686e+10,2.684853602670200348e+10,1.765895353557530975e+10,1.984353805274111557e+10,1.734732304947563934e+10,1.594369593951667213e+10,1.881223757294229889e+10,1.645397951384631157e+10,1.302753744984661674e+10,1.310442603131480980e+10,1.792449466412461472e+10,2.323701932552975845e+10,2.012628888587395477e+10,1.649886013743483353e+10,3.950818038162265015e+10,1.434215355418096733e+10,2.547290000492596817e+10,1.494482642300307846e+10,1.978197474468817139e+10,1.576320045296272469e+10,1.840608884108613968e+10,1.742776641657442856e+10,1.818697657453004837e+10,2.239710906948719788e+10,1.396220133289698982e+10,1.567542777995452690e+10,1.957254477251713181e+10,1.209301701341329575e+10,2.811162207510346985e+10,2.028454058489412308e+10,1.577030929107909393e+10,1.995036396949047470e+10,1.625273594419195366e+10,2.500174702362327576e+10,2.246492995480966187e+10,2.122591248177610016e+10,3.387846815987434006e+10,2.672968566537044144e+10,1.422520740108825493e+10,1.864968519035583496e+10,2.276589941476314926e+10,1.614094459863561058e+10,2.194056900908010864e+10,1.877472426514340591e+10,3.400669370428586960e+10,1.757642778361875534e+10,1.341414273789359665e+10,1.951537757279148483e+10,1.794673454188435364e+10,2.277592907234658432e+10,1.590595984503134155e+10,2.886903601250477600e+10,2.016719961574020767e+10,2.209653700129712677e+10,1.762072072296719742e+10,2.766532608420521545e+10,2.018136669863458252e+10,1.814000011000072861e+10,1.639558725359454346e+10,2.266221976901814651e+10,1.506556333851761818e+10,1.661194357694132614e+10,2.429741272260109711e+10,1.544640464077782822e+10,3.839359439734688568e+10,2.923507700928502274e+10,1.640309154524372292e+10,2.180766612258042145e+10,2.140113706785704422e+10,1.374875639522234535e+10,2.281852914130440140e+10,1.789071766147477341e+10,2.022503877613887787e+10,3.288543601821886826e+10,2.650886053887617874e+10,2.310211300428385925e+10,3.696413949801422119e+10,1.505374095755639839e+10,2.186966518904784775e+10,2.416553525772367096e+10
2.393477182959464264e+10,1.942539950103458405e+10,2.679190594947164536e+10,1.634651218506152916e+10,2.668097229483059692e+10,1.581402740095775795e+10,1.684632342862979698e+10,3.417438163813336563e+10,1.549867189792651939e+10,3.418966810815851593e+10,1.773251054703689957e+10,6.183344341331082916e+10,1.316885441252058220e+10,1.853538669102334213e+10,2.527047821809949875e+10,1.732617696596320343e+10,1.465431259182783890e+10,3.266043473157662582e+10,2.042494882696645737e+10,2.530134373166441345e+10,1.822375156836867142e+10,1.882082020802229691e+10,2.264719402621071625e+10,1.759798036951520920e+10,1.609066916153813744e+10,2.898759332341803360e+10,1.698199763353873634e+10,3.324104042198155212e+10,2.322610429397527313e+10,2.178934255755181122e+10,2.300932975321113586e+10,1.181163421201862335e+10,2.361002904556535721e+10,2.242434925642753601e+10,2.602432745190390015e+10,1.735881683687911224e+10,2.127122915613565063e+10,2.051006577415563202e+10,1.816056300190801620e+10,1.978708451576029587e+10,1.654452498682061577e+10,1.969074043739276505e+10,1.960112281047478104e+10,2.533922497295995712e+10,1.527862655402657509e+10,1.983842720425109863e+10,1.596914475760917473e+10,1.571683585893987465e+10,1.471531291114304161e+10,3.525155388833963776e+10,3.720570356960536194e+10,3.336247345819015121e+10,1.633846110189247131e+10,1.533459654926103783e+10,2.482463565584631348e+10,2.219277381684856415e+10,1.776234616554827881e+10,2.587467846347938538e+10,1.392752590171359062e+10,2.820541895837986755e+10,1.919822260566666031e+10,2.119764859625020599e+10,2.734100529741376877e+10,2.420096554646772385e+10,1.593522836134763718e+10,1.641991520216337204e+10,1.623858122548080635e+10,1.922081752104152679e+10,1.567153091269126129e+10,4.252310263319609833e+10,1.425042640406322670e+10,3.466416921217740631e+10,1.903888787960347366e+10,4.300035165502198029e+10,2.541493557688002777e+10,1.681165197143617630e+10,1.827390314217602539e+10,2.345064142466547012e+10,1.639713625390180016e+10,1.689385266499843979e+10,1.644765557777494240e+10,2.380156665243099213e+10,5.454570452904596710e+10,2.287630537098577118e+10,1.599468933975276947e+10,1.474043936540810585e+10,1.632501052934206009e+10,2.132865499542303467e+10,1.182009530759309769e+10,2.119560877223875809e+10,6.409739994258321381e+10,1.706792218992132568e+10,3.178396397150984955e+10,1.975004440187480164e+10,1.589316662829058456e+10,1.860226652188434219e+10,2.644118990588013840e+10,3.907406797182919312e+10,1.918925692448395157e+10,3.128908605717838287e+10
3.458484148743146515e+10,1.850652108288269424e+10,2.492714585551415253e+10,2.969399472572167587e+10,1.636786713947387123e+10,2.182549094066611099e+10,1.479877175318319321e+10,1.736738712122302246e+10,3.325401182730131531e+10,3.432520993717476273e+10,1.122660677620061874e+10,1.732335208673995209e+10,2.955280171629724503e+10,2.983875635812660599e+10,1.165225647082846260e+10,1.483265431093284225e+10,1.355765382281278801e+10,1.749106223310073853e+10,2.537182299070192719e+10,2.484725621068147278e+10,1.847143007013485718e+10,2.276251830361724854e+10,1.863874932017501068e+10,1.697093739103242302e+10,1.676684861247760773e+10,1.974643532467818069e+10,2.460632158447822189e+10,2.034788657483136749e+10,1.661054913019850540e+10,1.971243238388888550e+10,3.358814469153774261e+10,1.739628033087796402e+10,5.127286219803840637e+10,2.516145138081453705e+10,2.196690745664831924e+10,2.115753310447430801e+10,1.248701945732026100e+10,2.181738642570373154e+10,1.491847828149764633e+10,1.698779556047266579e+10,2.217024276323138428e+10,1.722901138741956329e+10,1.785025978890509415e+10,2.280527570456577682e+10,1.725180598101443863e+10,1.971465981191215897e+10,1.962468218957679749e+10,3.116299146084138870e+10,2.071103945143728638e+10,2.098051353312228775e+10,2.251730016036602783e+10,2.578029786179662323e+10,1.975083450554333115e+10,2.495053963370297623e+10,2.262995254138447189e+10,2.346737951931038666e+10,1.755826499920394516e+10,1.654277412967928505e+10,1.379658101020586395e+10,2.199411607447646332e+10,2.005735210113772202e+10,1.171363592423716545e+10,2.957592585168546295e+10,2.209095283318614197e+10,1.470990677128324318e+10,1.913336365564103317e+10,1.779007481168204880e+10,1.816359805088118744e+10,1.669922625345546150e+10,1.532951540674181938e+10,1.853902749889915848e+10,1.267762998448431015e+10,1.383373744350609207e+10,3.266340598203196335e+10,1.752606945750998688e+10,1.627510241703270531e+10,2.525188046202951431e+10,2.060808323511019516e+10,2.194169202663329315e+10,1.647085324707139206e+10,3.635116117440302277e+10,1.677701278791395760e+10,1.816783814386125183e+10,1.741662825847652435e+10,2.096850863720192719e+10,2.035021578257375336e+10,2.657954965067277527e+10,1.363531238605895996e+10,2.274802850198195267e+10,1.856968269831742096e+10,2.086318257753090286e+10,1.925310706922286224e+10,2.137353010481553650e+10,2.085183305628681183e+10,2.513893131771189499e+10,2.486660386855581665e+10,1.984537693621658325e+10,2.273668100729900742e+10,1.665413484073364067e+10,2.336796248811734009e+10
1.353533442551570320e+10,1.884123647705956650e+10,2.625579607881218338e+10,1.751468915083536911e+10,1.525104230606076050e+10,1.525504384953039360e+10,2.089930080147348785e+10,2.782208186403856277e+10,1.531616597776208305e+10,1.050669723817044830e+10,3.899778671474375153e+10,2.254589242038107300e+10,1.495765731444798088e+10,1.236841790231624985e+10,2.380434263547172546e+10,3.463427422461893463e+10,2.431707587152218246e+10,1.777322553686796570e+10,2.429762354836033249e+10,1.098483645914719009e+10,2.468210099552378082e+10,1.998574557014440536e+10,2.128644338593532562e+10,1.588635124842556000e+10,2.764566773475570679e+10,1.790675401953716278e+10,2.673083643017026138e+10,1.685049354153358269e+10,1.851060462580354309e+10,2.094031728060346603e+10,2.823673577030646133e+10,1.383551619892994499e+10,2.308397349468861389e+10,1.729267142251124191e+10,2.664372940066603088e+10,1.303056808528879356e+10,1.680095359289196777e+10,2.048667159606372070e+10,4.082169576265180969e+10,1.798971147276397324e+10,1.921989913529004669e+10,1.220455105511030197e+10,1.960734774323590469e+10,1.720959176063194656e+10,2.205671134405447388e+10,1.579175836298857498e+10,1.907035069348502350e+10,4.254222841442252350e+10,1.603524330850913239e+10,2.120411888150391769e+10,2.048486223877915192e+10,2.025817324821955872e+10,1.821720155127006912e+10,2.152292232426513672e+10,1.387201777049088860e+10,3.959755514823480225e+10,2.097984079742012024e+10,2.742096456085511398e+10,1.923237177271953583e+10,1.575629752416839981e+10,2.482675184755567551e+10,1.582216687125005341e+10,2.353522729743338394e+10,1.930679383107230759e+10,3.561604953051867676e+10,1.660673527893106270e+10,1.743091912339024734e+10,2.192563201398282623e+10,1.796523113150617599e+10,1.894647765673956680e+10,2.252709131124541473e+10,1.225507618971584702e+10,1.682556984397704124e+10,1.761167349163250732e+10,2.831983347922382355e+10,1.634865493470940208e+10,1.461805309575617790e+10,3.668686356269056702e+10,2.037844718347829437e+10,2.162896144448398209e+10,2.175134951149810791e+10,1.703028866472104836e+10,2.107150010084476852e+10,2.027078980192619324e+10,2.374889559888218689e+10,1.405808637456158257e+10,1.712471862009433556e+10,3.339055339355642319e+10,2.671684767545706177e+10,1.839078224828868866e+10,2.591606427287308884e+10,1.608681785262448502e+10,1.564862917427899742e+10,1.502995673240863037e+10,3.180815428997742462e+10,1.129332720218793869e+10,2.217757869034318924e+10,2.510748395476286316e+10,2.007972151135168457e+10,1.504581761077785301e+10
3.804792770549575043e+10,1.745234840887012100e+10,2.066287033438533020e+10,2.535327441137865067e+10,2.472855968725145340e+10,3.552860813558649445e+10,1.612489653931995773e+10,1.579173907120563507e+10,1.550013025885084724e+10,1.888886841771723175e+10,1.527495640940150642e+10,1.993064347862321091e+10,1.897268085790410233e+10,1.011325125499230385e+10,1.653515849671419144e+10,1.679129225429901505e+10,1.778797402251435471e+10,2.091315360561000061e+10,1.379884218720698166e+10,2.595474857054711533e+10,3.410475386029441071e+10,2.157938680597899246e+10,1.484007028589390945e+10,1.739370244528832626e+10,2.187062054786266327e+10,1.498015275007989502e+10,1.783538565343350983e+10,2.297348806146892166e+10,3.722282960286313629e+10,1.817571807635830307e+10,2.356312425956723785e+10,2.299838506652359390e+10,3.256696060488136673e+10,1.665070701424164391e+10,2.202039751984959030e+10,1.329204494115180779e+10,2.458618318534779739e+10,2.357491438481410217e+10,2.530429295828361893e+10,1.902742117008571243e+10,2.897206100795939636e+10,1.611013846217629433e+10,1.827046753604537964e+10,2.038570938118862534e+10,1.715636846030014801e+10,1.843851026506442642e+10,4.080753673060762787e+10,3.179457202324402618e+10,2.711040548885174179e+10,1.628612999785248184e+10,2.002836564335770798e+10,2.015289836388421249e+10,2.902728283541739655e+10,1.955308615237936783e+10,1.470023949515340424e+10,2.033266628094458389e+10,4.314303316140739441e+10,3.495563998509652710e+10,1.604021749493062019e+10,2.717007597852182007e+10,2.002648103664741135e+10,1.502300308436912918e+10,1.565797684443329620e+10,1.369070234711432266e+10,3.032206703293302155e+10,1.891125138220390320e+10,1.355915612526526642e+10,2.854448809542449188e+10,2.136356470507117081e+10,1.967396489409213638e+10,1.180703800910759354e+10,2.555623344656711960e+10,1.853634351170360565e+10,2.197282382206776428e+10,1.714176347685323524e+10,2.543125258775512695e+10,1.427178906255746269e+10,1.604613317081150055e+10,2.121447867382862473e+10,2.108719967323801422e+10,3.160072569732942581e+10,1.686747315344333649e+10,3.339834085803675079e+10,2.190994073972985840e+10,1.695693554800537491e+10,1.811440954508445740e+10,1.841067973895294189e+10,1.485388956319341278e+10,1.152014441272369766e+10,2.079971234819106293e+10,1.679073437400379181e+10,2.562188336459734726e+10,1.581089862093598366e+10,2.368988431604837036e+10,1.862211251198310852e+10,1.995006544222763824e+10,3.101859926797364426e+10,1.543042839746818924e+10,2.373045724254838181e+10,3.283741951583374023e+10
3.371240670260062790e+10,2.101551564090977097e+10,1.621288237685451698e+10,1.600088846236106682e+10,1.200007553458523941e+10,1.315166327428640175e+10,1.351160769996738243e+10,1.482694504031841469e+10,1.864938283431584549e+10,1.971814129193119049e+10,1.208999718011757660e+10,2.242058955409802628e+10,1.752977582501895905e+10,2.963682915053770065e+10,2.733410961229065704e+10,4.755808396982219696e+10,1.781348330576004028e+10,2.597365642279391861e+10,1.340736970888171577e+10,2.384199499259535980e+10,1.639392098046919823e+10,2.228233514040895081e+10,1.899306547620153809e+10,1.420373004008332634e+10,1.675114993902749062e+10,1.743008654382518387e+10,1.598767080621941566e+10,2.156687138597253036e+10,1.842723235060905838e+10,3.087376154117041016e+10,2.829358552159661484e+10,1.896083513073384476e+10,1.512473481293428421e+10,2.623713457399965286e+10,1.945611601763508606e+10,2.231040111767695236e+10,3.052321200189129257e+10,4.246456530032830811e+10,1.547632446891557884e+10,1.822327458345425415e+10,2.381401237544208145e+10,1.541429781271678543e+10,1.828754659254870224e+10,1.851725854885022736e+10,1.694764557256970406e+10,2.002066532111728668e+10,2.351287225676057434e+10,3.011460280457335281e+10,1.560898014667910576e+10,3.346391218367229462e+10,2.184659020543807983e+10,1.634376437904092407e+10,1.638169809632006264e+10,4.086545104031613922e+10,1.798193376789181137e+10,2.248863888157085419e+10,1.579844651516204834e+10,1.371703556904046440e+10,1.841619910249973297e+10,2.356046735977084351e+10,1.645935824597370148e+10,1.717316394521336937e+10,2.836294952537097931e+10,2.756991661692368698e+10,2.997890895348468781e+10,2.050568349453034592e+10,1.593074043342061996e+10,2.697196615313441849e+10,4.465737720905539703e+10,2.270053520109197235e+10,1.131867833901817513e+10,1.682984984127314758e+10,4.004992591552489471e+10,1.358001469041408920e+10,1.262171781933552933e+10,1.535932435471166992e+10,2.096082538755447388e+10,3.511264174125966644e+10,1.854329425921936035e+10,2.203016338057501602e+10,2.299676852460563278e+10,1.974071353911574554e+10,1.839573518395250702e+10,3.916444031089445496e+10,1.991910065174753189e+10,2.301648103326749802e+10,1.636193437276955223e+10,1.159534411439692116e+10,1.693451879202644157e+10,1.785341944185027695e+10,1.912246424936655045e+10,1.801545582756671524e+10,1.691766121698897743e+10,1.142662710606989670e+10,3.230119358805464935e+10,2.138167470478044128e+10,2.017684443277171707e+10,9.506707040555320740e+09,2.146121394463643265e+10,2.127939687745874405e+10
